✅ Bot connected!
❌ Disconnected, reconnecting...
✅ Bot connected!
❌ Disconnected, reconnecting...
✅ Bot connected!
❌ Disconnected, reconnecting...
✅ Bot connected!
❌ Disconnected, reconnecting...
✅ Bot connected!
Starting Mr Wisdom Bot...
❌ Disconnected, reconnecting...
✅ Bot connected!
❌ Disconnected, reconnecting...
✅ Bot connected!
❌ Disconnected, reconnecting...
✅ Bot connected!
❌ Disconnected, reconnecting...
✅ Bot connected!
❌ Disconnected, reconnecting...
✅ Bot connected!
❌ Disconnected, reconnecting...
✅ Bot connected!
❌ Disconnected, reconnecting...
✅ Bot connected!
❌ Disconnected, reconnecting...
✅ Bot connected!
❌ Disconnected, reconnecting...
✅ Bot connected!
❌ Disconnected, reconnecting...
✅ Bot connected!
❌ Disconnected, reconnecting...
✅ Bot connected!
❌ Disconnected, reconnecting...
✅ Bot connected!
❌ Disconnected, reconnecting...
✅ Bot connected!
❌ Disconnected, reconnecting...
❌ Disconnected, reconnecting...
✅ Bot connected!
❌ Disconnected, reconnecting...
✅ Bot connected!
❌ Disconnected, reconnecting...
✅ Bot connected!
❌ Disconnected, reconnecting...
✅ Bot connected!
❌ Disconnected, reconnecting...
✅ Bot connected!
❌ Disconnected, reconnecting...
✅ Bot connected!
❌ Disconnected, reconnecting...
❌ Disconnected, reconnecting...
✅ Bot connected!
❌ Disconnected, reconnecting...
❌ Disconnected, reconnecting...
✅ Bot connected!
❌ Disconnected, reconnecting...
✅ Bot connected!
❌ Disconnected, reconnecting...
✅ Bot connected!
❌ Disconnected, reconnecting...
✅ Bot connected!
❌ Disconnected, reconnecting...
✅ Bot connected!
❌ Disconnected, reconnecting...
✅ Bot connected!
❌ Disconnected, reconnecting...
✅ Bot connected!
❌ Disconnected, reconnecting...
✅ Bot connected!
❌ Disconnected, reconnecting...
✅ Bot connected!
❌ Disconnected, reconnecting...
✅ Bot connected!
❌ Disconnected, reconnecting...
✅ Bot connected!
❌ Disconnected, reconnecting...
✅ Bot connected!
❌ Disconnected, reconnecting...
Failed to decrypt message with any known session...
Session error:MessageCounterError: Key used already or never filled MessageCounterError: Key used already or never filled
    at SessionCipher.doDecryptWhisperMessage (/data/data/com.termux/files/home/wa-bot/wa-bot/node_modules/libsignal/src/session_cipher.js:236:19)
    at SessionCipher.decryptWithSessions (/data/data/com.termux/files/home/wa-bot/wa-bot/node_modules/libsignal/src/session_cipher.js:147:40)
    at 197684661063687_1.0 [as awaitable] (/data/data/com.termux/files/home/wa-bot/wa-bot/node_modules/libsignal/src/session_cipher.js:171:39)
    at async _asyncQueueExecutor (/data/data/com.termux/files/home/wa-bot/wa-bot/node_modules/libsignal/src/queue_job.js:20:29)
✅ Bot connected!
❌ Disconnected, reconnecting...
Failed to decrypt message with any known session...
Session error:MessageCounterError: Key used already or never filled MessageCounterError: Key used already or never filled
    at SessionCipher.doDecryptWhisperMessage (/data/data/com.termux/files/home/wa-bot/wa-bot/node_modules/libsignal/src/session_cipher.js:236:19)
    at SessionCipher.decryptWithSessions (/data/data/com.termux/files/home/wa-bot/wa-bot/node_modules/libsignal/src/session_cipher.js:147:40)
    at 197684661063687_1.0 [as awaitable] (/data/data/com.termux/files/home/wa-bot/wa-bot/node_modules/libsignal/src/session_cipher.js:171:39)
    at async _asyncQueueExecutor (/data/data/com.termux/files/home/wa-bot/wa-bot/node_modules/libsignal/src/queue_job.js:20:29)
✅ Bot connected!
❌ Disconnected, reconnecting...
✅ Bot connected!
❌ Disconnected, reconnecting...
✅ Bot connected!
❌ Disconnected, reconnecting...
✅ Bot connected!
❌ Disconnected, reconnecting...
✅ Bot connected!
❌ Disconnected, reconnecting...
✅ Bot connected!
❌ Disconnected, reconnecting...
✅ Bot connected!
❌ Disconnected, reconnecting...
✅ Bot connected!
❌ Disconnected, reconnecting...
✅ Bot connected!
❌ Disconnected, reconnecting...
✅ Bot connected!
❌ Disconnected, reconnecting...
✅ Bot connected!
❌ Disconnected, reconnecting...
✅ Bot connected!
❌ Disconnected, reconnecting...
✅ Bot connected!
❌ Disconnected, reconnecting...
✅ Bot connected!
❌ Disconnected, reconnecting...
✅ Bot connected!
❌ Disconnected, reconnecting...
✅ Bot connected!
❌ Disconnected, reconnecting...
✅ Bot connected!
❌ Disconnected, reconnecting...
✅ Bot connected!
❌ Disconnected, reconnecting...
✅ Bot connected!
❌ Disconnected, reconnecting...
✅ Bot connected!
❌ Disconnected, reconnecting...
✅ Bot connected!
❌ Disconnected, reconnecting...
✅ Bot connected!
❌ Disconnected, reconnecting...
✅ Bot connected!
❌ Disconnected, reconnecting...
✅ Bot connected!
❌ Disconnected, reconnecting...
✅ Bot connected!
❌ Disconnected, reconnecting...
✅ Bot connected!
❌ Disconnected, reconnecting...
✅ Bot connected!
❌ Disconnected, reconnecting...
✅ Bot connected!
❌ Disconnected, reconnecting...
✅ Bot connected!
❌ Disconnected, reconnecting...
✅ Bot connected!
❌ Disconnected, reconnecting...
✅ Bot connected!
❌ Disconnected, reconnecting...
✅ Bot connected!
❌ Disconnected, reconnecting...
✅ Bot connected!
❌ Disconnected, reconnecting...
✅ Bot connected!
❌ Disconnected, reconnecting...
✅ Bot connected!
❌ Disconnected, reconnecting...
✅ Bot connected!
❌ Disconnected, reconnecting...
✅ Bot connected!
❌ Disconnected, reconnecting...
✅ Bot connected!
❌ Disconnected, reconnecting...
✅ Bot connected!
❌ Disconnected, reconnecting...
✅ Bot connected!
❌ Disconnected, reconnecting...
✅ Bot connected!
❌ Disconnected, reconnecting...
✅ Bot connected!
❌ Disconnected, reconnecting...
✅ Bot connected!
❌ Disconnected, reconnecting...
✅ Bot connected!
❌ Disconnected, reconnecting...
✅ Bot connected!
❌ Disconnected, reconnecting...
✅ Bot connected!
❌ Disconnected, reconnecting...
✅ Bot connected!
❌ Disconnected, reconnecting...
file:///data/data/com.termux/files/home/wa-bot/wa-bot/node_modules/@whiskeysockets/baileys/lib/Socket/groups.js:286
    const groupId = group.attrs.id.includes('@') ? group.attrs.id : jidEncode(group.attrs.id, 'g.us');
                          ^

TypeError: Cannot read properties of undefined (reading 'attrs')
    at extractGroupMetadata (file:///data/data/com.termux/files/home/wa-bot/wa-bot/node_modules/@whiskeysockets/baileys/lib/Socket/groups.js:286:27)
    at Object.groupMetadata (file:///data/data/com.termux/files/home/wa-bot/wa-bot/node_modules/@whiskeysockets/baileys/lib/Socket/groups.js:20:16)
    at async EventEmitter.<anonymous> (file:///data/data/com.termux/files/home/wa-bot/wa-bot/bot.js:73:35)

Node.js v25.3.0
Bot crashed or stopped, restarting in 5 seconds...
file:///data/data/com.termux/files/home/wa-bot/wa-bot/node_modules/@whiskeysockets/baileys/lib/Socket/groups.js:286
    const groupId = group.attrs.id.includes('@') ? group.attrs.id : jidEncode(group.attrs.id, 'g.us');
                          ^

TypeError: Cannot read properties of undefined (reading 'attrs')
    at extractGroupMetadata (file:///data/data/com.termux/files/home/wa-bot/wa-bot/node_modules/@whiskeysockets/baileys/lib/Socket/groups.js:286:27)
    at Object.groupMetadata (file:///data/data/com.termux/files/home/wa-bot/wa-bot/node_modules/@whiskeysockets/baileys/lib/Socket/groups.js:20:16)
    at async EventEmitter.<anonymous> (file:///data/data/com.termux/files/home/wa-bot/wa-bot/bot.js:73:35)

Node.js v25.3.0
Starting Mr Wisdom Bot...
✅ Bot connected!
❌ Disconnected, reconnecting...
✅ Bot connected!
❌ Disconnected, reconnecting...
node:internal/process/promises:330
      new UnhandledPromiseRejection(reason);
      ^

UnhandledPromiseRejection: This error originated either by throwing inside of an async function without a catch block, or by rejecting a promise which was not handled with .catch(). The promise rejected with the reason "1006".
    at throwUnhandledRejectionsMode (node:internal/process/promises:330:7)
    at processPromiseRejections (node:internal/process/promises:413:17)
    at process.processTicksAndRejections (node:internal/process/task_queues:104:32) {
  code: 'ERR_UNHANDLED_REJECTION'
}

Node.js v25.3.0
Bot crashed or stopped, restarting in 5 seconds...
Starting Mr Wisdom Bot...
✅ Bot connected!
❌ Disconnected, reconnecting...
✅ Bot connected!
❌ Disconnected, reconnecting...
✅ Bot connected!
❌ Disconnected, reconnecting...
✅ Bot connected!
❌ Disconnected, reconnecting...
✅ Bot connected!
❌ Disconnected, reconnecting...
✅ Bot connected!
❌ Disconnected, reconnecting...
✅ Bot connected!
❌ Disconnected, reconnecting...
✅ Bot connected!
❌ Disconnected, reconnecting...
✅ Bot connected!
❌ Disconnected, reconnecting...
✅ Bot connected!
❌ Disconnected, reconnecting...
✅ Bot connected!
❌ Disconnected, reconnecting...
✅ Bot connected!
❌ Disconnected, reconnecting...
✅ Bot connected!
❌ Disconnected, reconnecting...
✅ Bot connected!
❌ Disconnected, reconnecting...
❌ Disconnected, reconnecting...
✅ Bot connected!
❌ Disconnected, reconnecting...
✅ Bot connected!
❌ Disconnected, reconnecting...
✅ Bot connected!
❌ Disconnected, reconnecting...
✅ Bot connected!
❌ Disconnected, reconnecting...
✅ Bot connected!
❌ Disconnected, reconnecting...
✅ Bot connected!
❌ Disconnected, reconnecting...
✅ Bot connected!
❌ Disconnected, reconnecting...
✅ Bot connected!
❌ Disconnected, reconnecting...
✅ Bot connected!
❌ Disconnected, reconnecting...
✅ Bot connected!
❌ Disconnected, reconnecting...
✅ Bot connected!
❌ Disconnected, reconnecting...
✅ Bot connected!
❌ Disconnected, reconnecting...
✅ Bot connected!
❌ Disconnected, reconnecting...
✅ Bot connected!
❌ Disconnected, reconnecting...
✅ Bot connected!
❌ Disconnected, reconnecting...
✅ Bot connected!
❌ Disconnected, reconnecting...
✅ Bot connected!
❌ Disconnected, reconnecting...
✅ Bot connected!
❌ Disconnected, reconnecting...
✅ Bot connected!
❌ Disconnected, reconnecting...
✅ Bot connected!
❌ Disconnected, reconnecting...
✅ Bot connected!
❌ Disconnected, reconnecting...
✅ Bot connected!
❌ Disconnected, reconnecting...
✅ Bot connected!
❌ Disconnected, reconnecting...
✅ Bot connected!
❌ Disconnected, reconnecting...
✅ Bot connected!
❌ Disconnected, reconnecting...
✅ Bot connected!
❌ Disconnected, reconnecting...
✅ Bot connected!
❌ Disconnected, reconnecting...
✅ Bot connected!
❌ Disconnected, reconnecting...
✅ Bot connected!
❌ Disconnected, reconnecting...
✅ Bot connected!
❌ Disconnected, reconnecting...
✅ Bot connected!
❌ Disconnected, reconnecting...
✅ Bot connected!
❌ Disconnected, reconnecting...
✅ Bot connected!
❌ Disconnected, reconnecting...
✅ Bot connected!
❌ Disconnected, reconnecting...
✅ Bot connected!
❌ Disconnected, reconnecting...
✅ Bot connected!
❌ Disconnected, reconnecting...
✅ Bot connected!
❌ Disconnected, reconnecting...
✅ Bot connected!
❌ Disconnected, reconnecting...
✅ Bot connected!
❌ Disconnected, reconnecting...
✅ Bot connected!
❌ Disconnected, reconnecting...
✅ Bot connected!
❌ Disconnected, reconnecting...
✅ Bot connected!
❌ Disconnected, reconnecting...
✅ Bot connected!
❌ Disconnected, reconnecting...
✅ Bot connected!
❌ Disconnected, reconnecting...
✅ Bot connected!
❌ Disconnected, reconnecting...
✅ Bot connected!
❌ Disconnected, reconnecting...
✅ Bot connected!
❌ Disconnected, reconnecting...
✅ Bot connected!
❌ Disconnected, reconnecting...
✅ Bot connected!
❌ Disconnected, reconnecting...
✅ Bot connected!
❌ Disconnected, reconnecting...
✅ Bot connected!
❌ Disconnected, reconnecting...
✅ Bot connected!
❌ Disconnected, reconnecting...
✅ Bot connected!
❌ Disconnected, reconnecting...
✅ Bot connected!
❌ Disconnected, reconnecting...
✅ Bot connected!
❌ Disconnected, reconnecting...
✅ Bot connected!
❌ Disconnected, reconnecting...
✅ Bot connected!
❌ Disconnected, reconnecting...
✅ Bot connected!
❌ Disconnected, reconnecting...
✅ Bot connected!
❌ Disconnected, reconnecting...
✅ Bot connected!
❌ Disconnected, reconnecting...
❌ Disconnected, reconnecting...
✅ Bot connected!
❌ Disconnected, reconnecting...
✅ Bot connected!
❌ Disconnected, reconnecting...
✅ Bot connected!
❌ Disconnected, reconnecting...
✅ Bot connected!
❌ Disconnected, reconnecting...
✅ Bot connected!
❌ Disconnected, reconnecting...
✅ Bot connected!
❌ Disconnected, reconnecting...
✅ Bot connected!
❌ Disconnected, reconnecting...
✅ Bot connected!
❌ Disconnected, reconnecting...
✅ Bot connected!
❌ Disconnected, reconnecting...
✅ Bot connected!
❌ Disconnected, reconnecting...
✅ Bot connected!
❌ Disconnected, reconnecting...
✅ Bot connected!
❌ Disconnected, reconnecting...
✅ Bot connected!
❌ Disconnected, reconnecting...
✅ Bot connected!
❌ Disconnected, reconnecting...
✅ Bot connected!
❌ Disconnected, reconnecting...
✅ Bot connected!
❌ Disconnected, reconnecting...
✅ Bot connected!
❌ Disconnected, reconnecting...
✅ Bot connected!
❌ Disconnected, reconnecting...
✅ Bot connected!
❌ Disconnected, reconnecting...
✅ Bot connected!
❌ Disconnected, reconnecting...
✅ Bot connected!
❌ Disconnected, reconnecting...
✅ Bot connected!
❌ Disconnected, reconnecting...
✅ Bot connected!
❌ Disconnected, reconnecting...
✅ Bot connected!
❌ Disconnected, reconnecting...
❌ Disconnected, reconnecting...
✅ Bot connected!
❌ Disconnected, reconnecting...
✅ Bot connected!
❌ Disconnected, reconnecting...
❌ Disconnected, reconnecting...
❌ Disconnected, reconnecting...
❌ Disconnected, reconnecting...
✅ Bot connected!
❌ Disconnected, reconnecting...
✅ Bot connected!
❌ Disconnected, reconnecting...
❌ Disconnected, reconnecting...
✅ Bot connected!
❌ Disconnected, reconnecting...
✅ Bot connected!
❌ Disconnected, reconnecting...
✅ Bot connected!
❌ Disconnected, reconnecting...
✅ Bot connected!
❌ Disconnected, reconnecting...
✅ Bot connected!
❌ Disconnected, reconnecting...
✅ Bot connected!
❌ Disconnected, reconnecting...
✅ Bot connected!
❌ Disconnected, reconnecting...
✅ Bot connected!
❌ Disconnected, reconnecting...
❌ Disconnected, reconnecting...
❌ Disconnected, reconnecting...
❌ Disconnected, reconnecting...
❌ Disconnected, reconnecting...
❌ Disconnected, reconnecting...
❌ Disconnected, reconnecting...
❌ Disconnected, reconnecting...
❌ Disconnected, reconnecting...
❌ Disconnected, reconnecting...
❌ Disconnected, reconnecting...
❌ Disconnected, reconnecting...
❌ Disconnected, reconnecting...
❌ Disconnected, reconnecting...
✅ Bot connected!
❌ Disconnected, reconnecting...
✅ Bot connected!
❌ Disconnected, reconnecting...
❌ Disconnected, reconnecting...
❌ Disconnected, reconnecting...
❌ Disconnected, reconnecting...
❌ Disconnected, reconnecting...
✅ Bot connected!
❌ Disconnected, reconnecting...
✅ Bot connected!
❌ Disconnected, reconnecting...
❌ Disconnected, reconnecting...
❌ Disconnected, reconnecting...
✅ Bot connected!
❌ Disconnected, reconnecting...
❌ Disconnected, reconnecting...
❌ Disconnected, reconnecting...
✅ Bot connected!
❌ Disconnected, reconnecting...
✅ Bot connected!
❌ Disconnected, reconnecting...
❌ Disconnected, reconnecting...
❌ Disconnected, reconnecting...
❌ Disconnected, reconnecting...
❌ Disconnected, reconnecting...
✅ Bot connected!
❌ Disconnected, reconnecting...
❌ Disconnected, reconnecting...
❌ Disconnected, reconnecting...
❌ Disconnected, reconnecting...
✅ Bot connected!
❌ Disconnected, reconnecting...
✅ Bot connected!
❌ Disconnected, reconnecting...
✅ Bot connected!
❌ Disconnected, reconnecting...
✅ Bot connected!
❌ Disconnected, reconnecting...
❌ Disconnected, reconnecting...
✅ Bot connected!
❌ Disconnected, reconnecting...
✅ Bot connected!
❌ Disconnected, reconnecting...
✅ Bot connected!
❌ Disconnected, reconnecting...
✅ Bot connected!
❌ Disconnected, reconnecting...
✅ Bot connected!
❌ Disconnected, reconnecting...
✅ Bot connected!
❌ Disconnected, reconnecting...
✅ Bot connected!
❌ Disconnected, reconnecting...
✅ Bot connected!
❌ Disconnected, reconnecting...
✅ Bot connected!
❌ Disconnected, reconnecting...
✅ Bot connected!
❌ Disconnected, reconnecting...
✅ Bot connected!
❌ Disconnected, reconnecting...
✅ Bot connected!
❌ Disconnected, reconnecting...
❌ Disconnected, reconnecting...
✅ Bot connected!
❌ Disconnected, reconnecting...
✅ Bot connected!
❌ Disconnected, reconnecting...
✅ Bot connected!
❌ Disconnected, reconnecting...
✅ Bot connected!
❌ Disconnected, reconnecting...
✅ Bot connected!
❌ Disconnected, reconnecting...
✅ Bot connected!
❌ Disconnected, reconnecting...
✅ Bot connected!
❌ Disconnected, reconnecting...
❌ Disconnected, reconnecting...
✅ Bot connected!
❌ Disconnected, reconnecting...
✅ Bot connected!
❌ Disconnected, reconnecting...
✅ Bot connected!
❌ Disconnected, reconnecting...
✅ Bot connected!
❌ Disconnected, reconnecting...
❌ Disconnected, reconnecting...
✅ Bot connected!
❌ Disconnected, reconnecting...
✅ Bot connected!
❌ Disconnected, reconnecting...
✅ Bot connected!
❌ Disconnected, reconnecting...
✅ Bot connected!
❌ Disconnected, reconnecting...
✅ Bot connected!
❌ Disconnected, reconnecting...
✅ Bot connected!
❌ Disconnected, reconnecting...
✅ Bot connected!
❌ Disconnected, reconnecting...
✅ Bot connected!
❌ Disconnected, reconnecting...
✅ Bot connected!
❌ Disconnected, reconnecting...
✅ Bot connected!
❌ Disconnected, reconnecting...
✅ Bot connected!
❌ Disconnected, reconnecting...
❌ Disconnected, reconnecting...
✅ Bot connected!
❌ Disconnected, reconnecting...
✅ Bot connected!
❌ Disconnected, reconnecting...
✅ Bot connected!
❌ Disconnected, reconnecting...
✅ Bot connected!
❌ Disconnected, reconnecting...
✅ Bot connected!
❌ Disconnected, reconnecting...
✅ Bot connected!
❌ Disconnected, reconnecting...
✅ Bot connected!
❌ Disconnected, reconnecting...
✅ Bot connected!
❌ Disconnected, reconnecting...
✅ Bot connected!
❌ Disconnected, reconnecting...
✅ Bot connected!
❌ Disconnected, reconnecting...
✅ Bot connected!
❌ Disconnected, reconnecting...
✅ Bot connected!
❌ Disconnected, reconnecting...
✅ Bot connected!
❌ Disconnected, reconnecting...
✅ Bot connected!
❌ Disconnected, reconnecting...
✅ Bot connected!
❌ Disconnected, reconnecting...
✅ Bot connected!
❌ Disconnected, reconnecting...
✅ Bot connected!
❌ Disconnected, reconnecting...
✅ Bot connected!
❌ Disconnected, reconnecting...
✅ Bot connected!
❌ Disconnected, reconnecting...
✅ Bot connected!
❌ Disconnected, reconnecting...
✅ Bot connected!
❌ Disconnected, reconnecting...
✅ Bot connected!
❌ Disconnected, reconnecting...
✅ Bot connected!
❌ Disconnected, reconnecting...
✅ Bot connected!
❌ Disconnected, reconnecting...
✅ Bot connected!
❌ Disconnected, reconnecting...
✅ Bot connected!
❌ Disconnected, reconnecting...
❌ Disconnected, reconnecting...
✅ Bot connected!
❌ Disconnected, reconnecting...
✅ Bot connected!
❌ Disconnected, reconnecting...
✅ Bot connected!
❌ Disconnected, reconnecting...
✅ Bot connected!
❌ Disconnected, reconnecting...
❌ Disconnected, reconnecting...
✅ Bot connected!
❌ Disconnected, reconnecting...
✅ Bot connected!
❌ Disconnected, reconnecting...
✅ Bot connected!
❌ Disconnected, reconnecting...
❌ Disconnected, reconnecting...
✅ Bot connected!
❌ Disconnected, reconnecting...
❌ Disconnected, reconnecting...
❌ Disconnected, reconnecting...
❌ Disconnected, reconnecting...
❌ Disconnected, reconnecting...
✅ Bot connected!
❌ Disconnected, reconnecting...
❌ Disconnected, reconnecting...
❌ Disconnected, reconnecting...
❌ Disconnected, reconnecting...
❌ Disconnected, reconnecting...
❌ Disconnected, reconnecting...
❌ Disconnected, reconnecting...
❌ Disconnected, reconnecting...
✅ Bot connected!
❌ Disconnected, reconnecting...
❌ Disconnected, reconnecting...
❌ Disconnected, reconnecting...
❌ Disconnected, reconnecting...
❌ Disconnected, reconnecting...
✅ Bot connected!
❌ Disconnected, reconnecting...
❌ Disconnected, reconnecting...
❌ Disconnected, reconnecting...
❌ Disconnected, reconnecting...
✅ Bot connected!
❌ Disconnected, reconnecting...
❌ Disconnected, reconnecting...
✅ Bot connected!
❌ Disconnected, reconnecting...
❌ Disconnected, reconnecting...
✅ Bot connected!
❌ Disconnected, reconnecting...
✅ Bot connected!
❌ Disconnected, reconnecting...
❌ Disconnected, reconnecting...
✅ Bot connected!
❌ Disconnected, reconnecting...
❌ Disconnected, reconnecting...
✅ Bot connected!
❌ Disconnected, reconnecting...
❌ Disconnected, reconnecting...
✅ Bot connected!
❌ Disconnected, reconnecting...
❌ Disconnected, reconnecting...
✅ Bot connected!
❌ Disconnected, reconnecting...
❌ Disconnected, reconnecting...
❌ Disconnected, reconnecting...
❌ Disconnected, reconnecting...
✅ Bot connected!
❌ Disconnected, reconnecting...
❌ Disconnected, reconnecting...
❌ Disconnected, reconnecting...
❌ Disconnected, reconnecting...
✅ Bot connected!
❌ Disconnected, reconnecting...
❌ Disconnected, reconnecting...
✅ Bot connected!
❌ Disconnected, reconnecting...
❌ Disconnected, reconnecting...
✅ Bot connected!
❌ Disconnected, reconnecting...
❌ Disconnected, reconnecting...
✅ Bot connected!
❌ Disconnected, reconnecting...
❌ Disconnected, reconnecting...
❌ Disconnected, reconnecting...
❌ Disconnected, reconnecting...
❌ Disconnected, reconnecting...
❌ Disconnected, reconnecting...
❌ Disconnected, reconnecting...
❌ Disconnected, reconnecting...
❌ Disconnected, reconnecting...
❌ Disconnected, reconnecting...
❌ Disconnected, reconnecting...
❌ Disconnected, reconnecting...
❌ Disconnected, reconnecting...
❌ Disconnected, reconnecting...
❌ Disconnected, reconnecting...
❌ Disconnected, reconnecting...
❌ Disconnected, reconnecting...
✅ Bot connected!
❌ Disconnected, reconnecting...
❌ Disconnected, reconnecting...
✅ Bot connected!
❌ Disconnected, reconnecting...
❌ Disconnected, reconnecting...
✅ Bot connected!
❌ Disconnected, reconnecting...
❌ Disconnected, reconnecting...
✅ Bot connected!
❌ Disconnected, reconnecting...
❌ Disconnected, reconnecting...
❌ Disconnected, reconnecting...
❌ Disconnected, reconnecting...
❌ Disconnected, reconnecting...
❌ Disconnected, reconnecting...
❌ Disconnected, reconnecting...
✅ Bot connected!
❌ Disconnected, reconnecting...
✅ Bot connected!
❌ Disconnected, reconnecting...
❌ Disconnected, reconnecting...
✅ Bot connected!
❌ Disconnected, reconnecting...
❌ Disconnected, reconnecting...
❌ Disconnected, reconnecting...
❌ Disconnected, reconnecting...
❌ Disconnected, reconnecting...
❌ Disconnected, reconnecting...
❌ Disconnected, reconnecting...
❌ Disconnected, reconnecting...
❌ Disconnected, reconnecting...
❌ Disconnected, reconnecting...
✅ Bot connected!
❌ Disconnected, reconnecting...
✅ Bot connected!
❌ Disconnected, reconnecting...
❌ Disconnected, reconnecting...
❌ Disconnected, reconnecting...
❌ Disconnected, reconnecting...
❌ Disconnected, reconnecting...
✅ Bot connected!
❌ Disconnected, reconnecting...
✅ Bot connected!
❌ Disconnected, reconnecting...
❌ Disconnected, reconnecting...
✅ Bot connected!
❌ Disconnected, reconnecting...
❌ Disconnected, reconnecting...
❌ Disconnected, reconnecting...
❌ Disconnected, reconnecting...
❌ Disconnected, reconnecting...
❌ Disconnected, reconnecting...
❌ Disconnected, reconnecting...
❌ Disconnected, reconnecting...
❌ Disconnected, reconnecting...
✅ Bot connected!
❌ Disconnected, reconnecting...
✅ Bot connected!
❌ Disconnected, reconnecting...
❌ Disconnected, reconnecting...
❌ Disconnected, reconnecting...
❌ Disconnected, reconnecting...
❌ Disconnected, reconnecting...
❌ Disconnected, reconnecting...
❌ Disconnected, reconnecting...
❌ Disconnected, reconnecting...
❌ Disconnected, reconnecting...
❌ Disconnected, reconnecting...
❌ Disconnected, reconnecting...
❌ Disconnected, reconnecting...
❌ Disconnected, reconnecting...
✅ Bot connected!
❌ Disconnected, reconnecting...
❌ Disconnected, reconnecting...
❌ Disconnected, reconnecting...
❌ Disconnected, reconnecting...
❌ Disconnected, reconnecting...
❌ Disconnected, reconnecting...
❌ Disconnected, reconnecting...
❌ Disconnected, reconnecting...
❌ Disconnected, reconnecting...
✅ Bot connected!
❌ Disconnected, reconnecting...
❌ Disconnected, reconnecting...
✅ Bot connected!
❌ Disconnected, reconnecting...
❌ Disconnected, reconnecting...
✅ Bot connected!
❌ Disconnected, reconnecting...
✅ Bot connected!
❌ Disconnected, reconnecting...
❌ Disconnected, reconnecting...
❌ Disconnected, reconnecting...
❌ Disconnected, reconnecting...
❌ Disconnected, reconnecting...
❌ Disconnected, reconnecting...
❌ Disconnected, reconnecting...
❌ Disconnected, reconnecting...
❌ Disconnected, reconnecting...
❌ Disconnected, reconnecting...
❌ Disconnected, reconnecting...
❌ Disconnected, reconnecting...
❌ Disconnected, reconnecting...
❌ Disconnected, reconnecting...
❌ Disconnected, reconnecting...
❌ Disconnected, reconnecting...
❌ Disconnected, reconnecting...
❌ Disconnected, reconnecting...
❌ Disconnected, reconnecting...
❌ Disconnected, reconnecting...
❌ Disconnected, reconnecting...
❌ Disconnected, reconnecting...
❌ Disconnected, reconnecting...
❌ Disconnected, reconnecting...
❌ Disconnected, reconnecting...
❌ Disconnected, reconnecting...
❌ Disconnected, reconnecting...
❌ Disconnected, reconnecting...
❌ Disconnected, reconnecting...
❌ Disconnected, reconnecting...
❌ Disconnected, reconnecting...
❌ Disconnected, reconnecting...
❌ Disconnected, reconnecting...
❌ Disconnected, reconnecting...
❌ Disconnected, reconnecting...
❌ Disconnected, reconnecting...
❌ Disconnected, reconnecting...
✅ Bot connected!
❌ Disconnected, reconnecting...
❌ Disconnected, reconnecting...
❌ Disconnected, reconnecting...
❌ Disconnected, reconnecting...
❌ Disconnected, reconnecting...
❌ Disconnected, reconnecting...
❌ Disconnected, reconnecting...
❌ Disconnected, reconnecting...
❌ Disconnected, reconnecting...
❌ Disconnected, reconnecting...
❌ Disconnected, reconnecting...
❌ Disconnected, reconnecting...
❌ Disconnected, reconnecting...
❌ Disconnected, reconnecting...
✅ Bot connected!
Closing session: SessionEntry {
  _chains: {
    'BTZ76NTd/di7oFDaINmIxZqFCti7FMHUUEgA+/+6OHkT': { chainKey: [Object], chainType: 1, messageKeys: {} }
  },
  registrationId: 234728849,
  currentRatchet: {
    ephemeralKeyPair: {
      pubKey: <Buffer 05 36 7b e8 d4 dd fd d8 bb a0 50 da 20 d9 88 c5 9a 85 0a d8 bb 14 c1 d4 50 48 00 fb ff ba 38 79 13>,
      privKey: <Buffer c8 cc a4 22 0a 73 5c ba b7 c2 f4 b2 b3 20 47 0f 2d b8 90 49 b3 28 cc da 8c 59 10 bd a7 3a 1f 52>
    },
    lastRemoteEphemeralKey: <Buffer 05 c6 b7 a4 94 ef 3b 68 56 0f 9d 1e 10 55 8f f2 08 63 b7 51 5e 66 a6 6a b8 f6 a4 37 fb 36 fc 85 42>,
    previousCounter: 0,
    rootKey: <Buffer db 06 95 7f d0 5c 81 9e 4f 85 6a d6 f7 35 2a 0c 95 e4 d4 5e 25 c4 8f 75 90 1f 9d 24 35 09 8c 89>
  },
  indexInfo: {
    baseKey: <Buffer 05 6d af 71 fe e0 5e 00 9c a1 bf 5e e5 99 03 7e c4 ce fb 08 16 b3 83 a3 b7 26 a1 3d fb 55 25 6c 31>,
    baseKeyType: 1,
    closed: -1,
    used: 1770077114836,
    created: 1770077114836,
    remoteIdentityKey: <Buffer 05 e3 77 48 8c 8a eb a9 e4 73 d2 9f 7e 16 92 d8 cb 17 81 f4 96 94 10 1c 86 bf ef 74 d9 88 a4 73 0e>
  },
  pendingPreKey: {
    signedKeyId: 14615217,
    baseKey: <Buffer 05 6d af 71 fe e0 5e 00 9c a1 bf 5e e5 99 03 7e c4 ce fb 08 16 b3 83 a3 b7 26 a1 3d fb 55 25 6c 31>
  }
}
❌ Disconnected, reconnecting...
❌ Disconnected, reconnecting...
❌ Disconnected, reconnecting...
❌ Disconnected, reconnecting...
❌ Disconnected, reconnecting...
❌ Disconnected, reconnecting...
❌ Disconnected, reconnecting...
❌ Disconnected, reconnecting...
❌ Disconnected, reconnecting...
❌ Disconnected, reconnecting...
✅ Bot connected!
❌ Disconnected, reconnecting...
❌ Disconnected, reconnecting...
❌ Disconnected, reconnecting...
❌ Disconnected, reconnecting...
❌ Disconnected, reconnecting...
❌ Disconnected, reconnecting...
❌ Disconnected, reconnecting...
❌ Disconnected, reconnecting...
❌ Disconnected, reconnecting...
❌ Disconnected, reconnecting...
❌ Disconnected, reconnecting...
❌ Disconnected, reconnecting...
❌ Disconnected, reconnecting...
❌ Disconnected, reconnecting...
❌ Disconnected, reconnecting...
❌ Disconnected, reconnecting...
❌ Disconnected, reconnecting...
❌ Disconnected, reconnecting...
❌ Disconnected, reconnecting...
❌ Disconnected, reconnecting...
❌ Disconnected, reconnecting...
❌ Disconnected, reconnecting...
❌ Disconnected, reconnecting...
✅ Bot connected!
❌ Disconnected, reconnecting...
❌ Disconnected, reconnecting...
❌ Disconnected, reconnecting...
❌ Disconnected, reconnecting...
❌ Disconnected, reconnecting...
✅ Bot connected!
❌ Disconnected, reconnecting...
❌ Disconnected, reconnecting...
❌ Disconnected, reconnecting...
❌ Disconnected, reconnecting...
❌ Disconnected, reconnecting...
❌ Disconnected, reconnecting...
❌ Disconnected, reconnecting...
❌ Disconnected, reconnecting...
❌ Disconnected, reconnecting...
❌ Disconnected, reconnecting...
❌ Disconnected, reconnecting...
❌ Disconnected, reconnecting...
❌ Disconnected, reconnecting...
❌ Disconnected, reconnecting...
❌ Disconnected, reconnecting...
❌ Disconnected, reconnecting...
❌ Disconnected, reconnecting...
❌ Disconnected, reconnecting...
❌ Disconnected, reconnecting...
❌ Disconnected, reconnecting...
❌ Disconnected, reconnecting...
❌ Disconnected, reconnecting...
❌ Disconnected, reconnecting...
❌ Disconnected, reconnecting...
❌ Disconnected, reconnecting...
❌ Disconnected, reconnecting...
❌ Disconnected, reconnecting...
❌ Disconnected, reconnecting...
❌ Disconnected, reconnecting...
❌ Disconnected, reconnecting...
❌ Disconnected, reconnecting...
❌ Disconnected, reconnecting...
❌ Disconnected, reconnecting...
❌ Disconnected, reconnecting...
✅ Bot connected!
❌ Disconnected, reconnecting...
❌ Disconnected, reconnecting...
❌ Disconnected, reconnecting...
❌ Disconnected, reconnecting...
❌ Disconnected, reconnecting...
❌ Disconnected, reconnecting...
❌ Disconnected, reconnecting...
❌ Disconnected, reconnecting...
❌ Disconnected, reconnecting...
❌ Disconnected, reconnecting...
❌ Disconnected, reconnecting...
❌ Disconnected, reconnecting...
❌ Disconnected, reconnecting...
❌ Disconnected, reconnecting...
❌ Disconnected, reconnecting...
❌ Disconnected, reconnecting...
❌ Disconnected, reconnecting...
❌ Disconnected, reconnecting...
❌ Disconnected, reconnecting...
❌ Disconnected, reconnecting...
❌ Disconnected, reconnecting...
❌ Disconnected, reconnecting...
❌ Disconnected, reconnecting...
❌ Disconnected, reconnecting...
❌ Disconnected, reconnecting...
❌ Disconnected, reconnecting...
✅ Bot connected!
❌ Disconnected, reconnecting...
❌ Disconnected, reconnecting...
❌ Disconnected, reconnecting...
❌ Disconnected, reconnecting...
❌ Disconnected, reconnecting...
❌ Disconnected, reconnecting...
✅ Bot connected!
❌ Disconnected, reconnecting...
❌ Disconnected, reconnecting...
❌ Disconnected, reconnecting...
❌ Disconnected, reconnecting...
❌ Disconnected, reconnecting...
❌ Disconnected, reconnecting...
❌ Disconnected, reconnecting...
❌ Disconnected, reconnecting...
❌ Disconnected, reconnecting...
❌ Disconnected, reconnecting...
❌ Disconnected, reconnecting...
❌ Disconnected, reconnecting...
❌ Disconnected, reconnecting...
❌ Disconnected, reconnecting...
❌ Disconnected, reconnecting...
❌ Disconnected, reconnecting...
❌ Disconnected, reconnecting...
❌ Disconnected, reconnecting...
❌ Disconnected, reconnecting...
❌ Disconnected, reconnecting...
❌ Disconnected, reconnecting...
❌ Disconnected, reconnecting...
❌ Disconnected, reconnecting...
❌ Disconnected, reconnecting...
❌ Disconnected, reconnecting...
❌ Disconnected, reconnecting...
❌ Disconnected, reconnecting...
❌ Disconnected, reconnecting...
❌ Disconnected, reconnecting...
✅ Bot connected!
❌ Disconnected, reconnecting...
❌ Disconnected, reconnecting...
✅ Bot connected!
❌ Disconnected, reconnecting...
❌ Disconnected, reconnecting...
❌ Disconnected, reconnecting...
❌ Disconnected, reconnecting...
❌ Disconnected, reconnecting...
❌ Disconnected, reconnecting...
❌ Disconnected, reconnecting...
✅ Bot connected!
❌ Disconnected, reconnecting...
❌ Disconnected, reconnecting...
❌ Disconnected, reconnecting...
❌ Disconnected, reconnecting...
❌ Disconnected, reconnecting...
❌ Disconnected, reconnecting...
✅ Bot connected!
❌ Disconnected, reconnecting...
❌ Disconnected, reconnecting...
❌ Disconnected, reconnecting...
❌ Disconnected, reconnecting...
❌ Disconnected, reconnecting...
❌ Disconnected, reconnecting...
❌ Disconnected, reconnecting...
❌ Disconnected, reconnecting...
❌ Disconnected, reconnecting...
❌ Disconnected, reconnecting...
❌ Disconnected, reconnecting...
❌ Disconnected, reconnecting...
✅ Bot connected!
❌ Disconnected, reconnecting...
❌ Disconnected, reconnecting...
❌ Disconnected, reconnecting...
❌ Disconnected, reconnecting...
❌ Disconnected, reconnecting...
❌ Disconnected, reconnecting...
❌ Disconnected, reconnecting...
❌ Disconnected, reconnecting...
❌ Disconnected, reconnecting...
❌ Disconnected, reconnecting...
❌ Disconnected, reconnecting...
❌ Disconnected, reconnecting...
❌ Disconnected, reconnecting...
❌ Disconnected, reconnecting...
❌ Disconnected, reconnecting...
❌ Disconnected, reconnecting...
❌ Disconnected, reconnecting...
❌ Disconnected, reconnecting...
❌ Disconnected, reconnecting...
❌ Disconnected, reconnecting...
❌ Disconnected, reconnecting...
❌ Disconnected, reconnecting...
❌ Disconnected, reconnecting...
❌ Disconnected, reconnecting...
❌ Disconnected, reconnecting...
❌ Disconnected, reconnecting...
✅ Bot connected!
❌ Disconnected, reconnecting...
❌ Disconnected, reconnecting...
❌ Disconnected, reconnecting...
✅ Bot connected!
❌ Disconnected, reconnecting...
❌ Disconnected, reconnecting...
❌ Disconnected, reconnecting...
❌ Disconnected, reconnecting...
❌ Disconnected, reconnecting...
❌ Disconnected, reconnecting...
❌ Disconnected, reconnecting...
❌ Disconnected, reconnecting...
❌ Disconnected, reconnecting...
❌ Disconnected, reconnecting...
❌ Disconnected, reconnecting...
❌ Disconnected, reconnecting...
❌ Disconnected, reconnecting...
❌ Disconnected, reconnecting...
✅ Bot connected!
❌ Disconnected, reconnecting...
✅ Bot connected!
❌ Disconnected, reconnecting...
❌ Disconnected, reconnecting...
❌ Disconnected, reconnecting...
❌ Disconnected, reconnecting...
❌ Disconnected, reconnecting...
❌ Disconnected, reconnecting...
❌ Disconnected, reconnecting...
❌ Disconnected, reconnecting...
❌ Disconnected, reconnecting...
❌ Disconnected, reconnecting...
❌ Disconnected, reconnecting...
❌ Disconnected, reconnecting...
❌ Disconnected, reconnecting...
❌ Disconnected, reconnecting...
❌ Disconnected, reconnecting...
❌ Disconnected, reconnecting...
❌ Disconnected, reconnecting...
❌ Disconnected, reconnecting...
❌ Disconnected, reconnecting...
❌ Disconnected, reconnecting...
❌ Disconnected, reconnecting...
❌ Disconnected, reconnecting...
❌ Disconnected, reconnecting...
❌ Disconnected, reconnecting...
❌ Disconnected, reconnecting...
❌ Disconnected, reconnecting...
❌ Disconnected, reconnecting...
❌ Disconnected, reconnecting...
❌ Disconnected, reconnecting...
❌ Disconnected, reconnecting...
❌ Disconnected, reconnecting...
❌ Disconnected, reconnecting...
❌ Disconnected, reconnecting...
❌ Disconnected, reconnecting...
❌ Disconnected, reconnecting...
❌ Disconnected, reconnecting...
❌ Disconnected, reconnecting...
❌ Disconnected, reconnecting...
❌ Disconnected, reconnecting...
✅ Bot connected!
❌ Disconnected, reconnecting...
✅ Bot connected!
❌ Disconnected, reconnecting...
❌ Disconnected, reconnecting...
❌ Disconnected, reconnecting...
❌ Disconnected, reconnecting...
❌ Disconnected, reconnecting...
❌ Disconnected, reconnecting...
✅ Bot connected!
❌ Disconnected, reconnecting...
✅ Bot connected!
❌ Disconnected, reconnecting...
❌ Disconnected, reconnecting...
❌ Disconnected, reconnecting...
❌ Disconnected, reconnecting...
✅ Bot connected!
❌ Disconnected, reconnecting...
❌ Disconnected, reconnecting...
❌ Disconnected, reconnecting...
❌ Disconnected, reconnecting...
❌ Disconnected, reconnecting...
❌ Disconnected, reconnecting...
❌ Disconnected, reconnecting...
❌ Disconnected, reconnecting...
❌ Disconnected, reconnecting...
❌ Disconnected, reconnecting...
❌ Disconnected, reconnecting...
❌ Disconnected, reconnecting...
❌ Disconnected, reconnecting...
❌ Disconnected, reconnecting...
❌ Disconnected, reconnecting...
❌ Disconnected, reconnecting...
❌ Disconnected, reconnecting...
❌ Disconnected, reconnecting...
❌ Disconnected, reconnecting...
❌ Disconnected, reconnecting...
❌ Disconnected, reconnecting...
❌ Disconnected, reconnecting...
❌ Disconnected, reconnecting...
❌ Disconnected, reconnecting...
❌ Disconnected, reconnecting...
❌ Disconnected, reconnecting...
❌ Disconnected, reconnecting...
✅ Bot connected!
❌ Disconnected, reconnecting...
❌ Disconnected, reconnecting...
❌ Disconnected, reconnecting...
❌ Disconnected, reconnecting...
❌ Disconnected, reconnecting...
❌ Disconnected, reconnecting...
❌ Disconnected, reconnecting...
❌ Disconnected, reconnecting...
❌ Disconnected, reconnecting...
❌ Disconnected, reconnecting...
❌ Disconnected, reconnecting...
❌ Disconnected, reconnecting...
❌ Disconnected, reconnecting...
❌ Disconnected, reconnecting...
❌ Disconnected, reconnecting...
❌ Disconnected, reconnecting...
❌ Disconnected, reconnecting...
❌ Disconnected, reconnecting...
❌ Disconnected, reconnecting...
❌ Disconnected, reconnecting...
❌ Disconnected, reconnecting...
❌ Disconnected, reconnecting...
❌ Disconnected, reconnecting...
❌ Disconnected, reconnecting...
❌ Disconnected, reconnecting...
❌ Disconnected, reconnecting...
❌ Disconnected, reconnecting...
❌ Disconnected, reconnecting...
❌ Disconnected, reconnecting...
❌ Disconnected, reconnecting...
❌ Disconnected, reconnecting...
❌ Disconnected, reconnecting...
❌ Disconnected, reconnecting...
❌ Disconnected, reconnecting...
❌ Disconnected, reconnecting...
❌ Disconnected, reconnecting...
❌ Disconnected, reconnecting...
❌ Disconnected, reconnecting...
❌ Disconnected, reconnecting...
❌ Disconnected, reconnecting...
❌ Disconnected, reconnecting...
❌ Disconnected, reconnecting...
❌ Disconnected, reconnecting...
❌ Disconnected, reconnecting...
❌ Disconnected, reconnecting...
❌ Disconnected, reconnecting...
❌ Disconnected, reconnecting...
✅ Bot connected!
❌ Disconnected, reconnecting...
❌ Disconnected, reconnecting...
❌ Disconnected, reconnecting...
❌ Disconnected, reconnecting...
❌ Disconnected, reconnecting...
❌ Disconnected, reconnecting...
❌ Disconnected, reconnecting...
❌ Disconnected, reconnecting...
✅ Bot connected!
❌ Disconnected, reconnecting...
❌ Disconnected, reconnecting...
✅ Bot connected!
❌ Disconnected, reconnecting...
❌ Disconnected, reconnecting...
❌ Disconnected, reconnecting...
❌ Disconnected, reconnecting...
❌ Disconnected, reconnecting...
❌ Disconnected, reconnecting...
❌ Disconnected, reconnecting...
❌ Disconnected, reconnecting...
❌ Disconnected, reconnecting...
❌ Disconnected, reconnecting...
✅ Bot connected!
❌ Disconnected, reconnecting...
✅ Bot connected!
❌ Disconnected, reconnecting...
❌ Disconnected, reconnecting...
❌ Disconnected, reconnecting...
❌ Disconnected, reconnecting...
✅ Bot connected!
❌ Disconnected, reconnecting...
❌ Disconnected, reconnecting...
❌ Disconnected, reconnecting...
❌ Disconnected, reconnecting...
✅ Bot connected!
❌ Disconnected, reconnecting...
❌ Disconnected, reconnecting...
❌ Disconnected, reconnecting...
❌ Disconnected, reconnecting...
❌ Disconnected, reconnecting...
❌ Disconnected, reconnecting...
❌ Disconnected, reconnecting...
❌ Disconnected, reconnecting...
❌ Disconnected, reconnecting...
❌ Disconnected, reconnecting...
❌ Disconnected, reconnecting...
❌ Disconnected, reconnecting...
❌ Disconnected, reconnecting...
❌ Disconnected, reconnecting...
❌ Disconnected, reconnecting...
❌ Disconnected, reconnecting...
✅ Bot connected!
❌ Disconnected, reconnecting...
❌ Disconnected, reconnecting...
❌ Disconnected, reconnecting...
❌ Disconnected, reconnecting...
❌ Disconnected, reconnecting...
❌ Disconnected, reconnecting...
❌ Disconnected, reconnecting...
❌ Disconnected, reconnecting...
❌ Disconnected, reconnecting...
❌ Disconnected, reconnecting...
❌ Disconnected, reconnecting...
❌ Disconnected, reconnecting...
✅ Bot connected!
❌ Disconnected, reconnecting...
❌ Disconnected, reconnecting...
✅ Bot connected!
❌ Disconnected, reconnecting...
❌ Disconnected, reconnecting...
❌ Disconnected, reconnecting...
❌ Disconnected, reconnecting...
✅ Bot connected!
❌ Disconnected, reconnecting...
❌ Disconnected, reconnecting...
❌ Disconnected, reconnecting...
❌ Disconnected, reconnecting...
❌ Disconnected, reconnecting...
❌ Disconnected, reconnecting...
❌ Disconnected, reconnecting...
❌ Disconnected, reconnecting...
❌ Disconnected, reconnecting...
❌ Disconnected, reconnecting...
❌ Disconnected, reconnecting...
❌ Disconnected, reconnecting...
❌ Disconnected, reconnecting...
❌ Disconnected, reconnecting...
❌ Disconnected, reconnecting...
❌ Disconnected, reconnecting...
❌ Disconnected, reconnecting...
❌ Disconnected, reconnecting...
❌ Disconnected, reconnecting...
❌ Disconnected, reconnecting...
❌ Disconnected, reconnecting...
❌ Disconnected, reconnecting...
❌ Disconnected, reconnecting...
❌ Disconnected, reconnecting...
❌ Disconnected, reconnecting...
❌ Disconnected, reconnecting...
❌ Disconnected, reconnecting...
❌ Disconnected, reconnecting...
❌ Disconnected, reconnecting...
❌ Disconnected, reconnecting...
❌ Disconnected, reconnecting...
❌ Disconnected, reconnecting...
❌ Disconnected, reconnecting...
❌ Disconnected, reconnecting...
❌ Disconnected, reconnecting...
❌ Disconnected, reconnecting...
❌ Disconnected, reconnecting...
❌ Disconnected, reconnecting...
❌ Disconnected, reconnecting...
❌ Disconnected, reconnecting...
❌ Disconnected, reconnecting...
❌ Disconnected, reconnecting...
✅ Bot connected!
❌ Disconnected, reconnecting...
❌ Disconnected, reconnecting...
❌ Disconnected, reconnecting...
✅ Bot connected!
❌ Disconnected, reconnecting...
❌ Disconnected, reconnecting...
❌ Disconnected, reconnecting...
❌ Disconnected, reconnecting...
✅ Bot connected!
❌ Disconnected, reconnecting...
❌ Disconnected, reconnecting...
❌ Disconnected, reconnecting...
❌ Disconnected, reconnecting...
❌ Disconnected, reconnecting...
❌ Disconnected, reconnecting...
❌ Disconnected, reconnecting...
❌ Disconnected, reconnecting...
❌ Disconnected, reconnecting...
❌ Disconnected, reconnecting...
❌ Disconnected, reconnecting...
❌ Disconnected, reconnecting...
❌ Disconnected, reconnecting...
❌ Disconnected, reconnecting...
❌ Disconnected, reconnecting...
❌ Disconnected, reconnecting...
❌ Disconnected, reconnecting...
❌ Disconnected, reconnecting...
❌ Disconnected, reconnecting...
❌ Disconnected, reconnecting...
❌ Disconnected, reconnecting...
❌ Disconnected, reconnecting...
❌ Disconnected, reconnecting...
❌ Disconnected, reconnecting...
❌ Disconnected, reconnecting...
❌ Disconnected, reconnecting...
❌ Disconnected, reconnecting...
❌ Disconnected, reconnecting...
❌ Disconnected, reconnecting...
❌ Disconnected, reconnecting...
❌ Disconnected, reconnecting...
❌ Disconnected, reconnecting...
✅ Bot connected!
❌ Disconnected, reconnecting...
❌ Disconnected, reconnecting...
❌ Disconnected, reconnecting...
❌ Disconnected, reconnecting...
❌ Disconnected, reconnecting...
✅ Bot connected!
❌ Disconnected, reconnecting...
❌ Disconnected, reconnecting...
❌ Disconnected, reconnecting...
❌ Disconnected, reconnecting...
❌ Disconnected, reconnecting...
❌ Disconnected, reconnecting...
❌ Disconnected, reconnecting...
✅ Bot connected!
❌ Disconnected, reconnecting...
❌ Disconnected, reconnecting...
❌ Disconnected, reconnecting...
❌ Disconnected, reconnecting...
❌ Disconnected, reconnecting...
❌ Disconnected, reconnecting...
❌ Disconnected, reconnecting...
❌ Disconnected, reconnecting...
❌ Disconnected, reconnecting...
❌ Disconnected, reconnecting...
❌ Disconnected, reconnecting...
❌ Disconnected, reconnecting...
❌ Disconnected, reconnecting...
❌ Disconnected, reconnecting...
❌ Disconnected, reconnecting...
❌ Disconnected, reconnecting...
❌ Disconnected, reconnecting...
❌ Disconnected, reconnecting...
❌ Disconnected, reconnecting...
❌ Disconnected, reconnecting...
❌ Disconnected, reconnecting...
❌ Disconnected, reconnecting...
❌ Disconnected, reconnecting...
❌ Disconnected, reconnecting...
❌ Disconnected, reconnecting...
❌ Disconnected, reconnecting...
❌ Disconnected, reconnecting...
❌ Disconnected, reconnecting...
❌ Disconnected, reconnecting...
❌ Disconnected, reconnecting...
❌ Disconnected, reconnecting...
❌ Disconnected, reconnecting...
❌ Disconnected, reconnecting...
❌ Disconnected, reconnecting...
❌ Disconnected, reconnecting...
❌ Disconnected, reconnecting...
❌ Disconnected, reconnecting...
❌ Disconnected, reconnecting...
✅ Bot connected!
❌ Disconnected, reconnecting...
❌ Disconnected, reconnecting...
❌ Disconnected, reconnecting...
❌ Disconnected, reconnecting...
❌ Disconnected, reconnecting...
❌ Disconnected, reconnecting...
❌ Disconnected, reconnecting...
❌ Disconnected, reconnecting...
❌ Disconnected, reconnecting...
❌ Disconnected, reconnecting...
❌ Disconnected, reconnecting...
✅ Bot connected!
❌ Disconnected, reconnecting...
❌ Disconnected, reconnecting...
✅ Bot connected!
❌ Disconnected, reconnecting...
❌ Disconnected, reconnecting...
❌ Disconnected, reconnecting...
❌ Disconnected, reconnecting...
❌ Disconnected, reconnecting...
❌ Disconnected, reconnecting...
❌ Disconnected, reconnecting...
❌ Disconnected, reconnecting...
✅ Bot connected!
❌ Disconnected, reconnecting...
❌ Disconnected, reconnecting...
❌ Disconnected, reconnecting...
❌ Disconnected, reconnecting...
❌ Disconnected, reconnecting...
❌ Disconnected, reconnecting...
✅ Bot connected!
❌ Disconnected, reconnecting...
❌ Disconnected, reconnecting...
✅ Bot connected!
❌ Disconnected, reconnecting...
❌ Disconnected, reconnecting...
❌ Disconnected, reconnecting...
❌ Disconnected, reconnecting...
❌ Disconnected, reconnecting...
❌ Disconnected, reconnecting...
❌ Disconnected, reconnecting...
❌ Disconnected, reconnecting...
❌ Disconnected, reconnecting...
❌ Disconnected, reconnecting...
❌ Disconnected, reconnecting...
❌ Disconnected, reconnecting...
❌ Disconnected, reconnecting...
❌ Disconnected, reconnecting...
❌ Disconnected, reconnecting...
❌ Disconnected, reconnecting...
❌ Disconnected, reconnecting...
✅ Bot connected!
❌ Disconnected, reconnecting...
✅ Bot connected!
❌ Disconnected, reconnecting...
❌ Disconnected, reconnecting...
✅ Bot connected!
❌ Disconnected, reconnecting...
❌ Disconnected, reconnecting...
❌ Disconnected, reconnecting...
❌ Disconnected, reconnecting...
❌ Disconnected, reconnecting...
❌ Disconnected, reconnecting...
❌ Disconnected, reconnecting...
❌ Disconnected, reconnecting...
❌ Disconnected, reconnecting...
❌ Disconnected, reconnecting...
❌ Disconnected, reconnecting...
❌ Disconnected, reconnecting...
❌ Disconnected, reconnecting...
❌ Disconnected, reconnecting...
❌ Disconnected, reconnecting...
❌ Disconnected, reconnecting...
❌ Disconnected, reconnecting...
✅ Bot connected!
❌ Disconnected, reconnecting...
❌ Disconnected, reconnecting...
❌ Disconnected, reconnecting...
❌ Disconnected, reconnecting...
❌ Disconnected, reconnecting...
❌ Disconnected, reconnecting...
❌ Disconnected, reconnecting...
❌ Disconnected, reconnecting...
❌ Disconnected, reconnecting...
❌ Disconnected, reconnecting...
❌ Disconnected, reconnecting...
❌ Disconnected, reconnecting...
❌ Disconnected, reconnecting...
❌ Disconnected, reconnecting...
❌ Disconnected, reconnecting...
❌ Disconnected, reconnecting...
❌ Disconnected, reconnecting...
❌ Disconnected, reconnecting...
❌ Disconnected, reconnecting...
❌ Disconnected, reconnecting...
❌ Disconnected, reconnecting...
❌ Disconnected, reconnecting...
❌ Disconnected, reconnecting...
❌ Disconnected, reconnecting...
❌ Disconnected, reconnecting...
❌ Disconnected, reconnecting...
❌ Disconnected, reconnecting...
❌ Disconnected, reconnecting...
❌ Disconnected, reconnecting...
❌ Disconnected, reconnecting...
❌ Disconnected, reconnecting...
❌ Disconnected, reconnecting...
❌ Disconnected, reconnecting...
❌ Disconnected, reconnecting...
❌ Disconnected, reconnecting...
❌ Disconnected, reconnecting...
❌ Disconnected, reconnecting...
❌ Disconnected, reconnecting...
❌ Disconnected, reconnecting...
❌ Disconnected, reconnecting...
❌ Disconnected, reconnecting...
❌ Disconnected, reconnecting...
❌ Disconnected, reconnecting...
❌ Disconnected, reconnecting...
❌ Disconnected, reconnecting...
❌ Disconnected, reconnecting...
❌ Disconnected, reconnecting...
❌ Disconnected, reconnecting...
❌ Disconnected, reconnecting...
❌ Disconnected, reconnecting...
❌ Disconnected, reconnecting...
❌ Disconnected, reconnecting...
❌ Disconnected, reconnecting...
❌ Disconnected, reconnecting...
❌ Disconnected, reconnecting...
❌ Disconnected, reconnecting...
❌ Disconnected, reconnecting...
❌ Disconnected, reconnecting...
❌ Disconnected, reconnecting...
❌ Disconnected, reconnecting...
❌ Disconnected, reconnecting...
✅ Bot connected!
❌ Disconnected, reconnecting...
❌ Disconnected, reconnecting...
❌ Disconnected, reconnecting...
❌ Disconnected, reconnecting...
❌ Disconnected, reconnecting...
❌ Disconnected, reconnecting...
❌ Disconnected, reconnecting...
❌ Disconnected, reconnecting...
❌ Disconnected, reconnecting...
❌ Disconnected, reconnecting...
❌ Disconnected, reconnecting...
❌ Disconnected, reconnecting...
❌ Disconnected, reconnecting...
❌ Disconnected, reconnecting...
❌ Disconnected, reconnecting...
✅ Bot connected!
❌ Disconnected, reconnecting...
❌ Disconnected, reconnecting...
❌ Disconnected, reconnecting...
❌ Disconnected, reconnecting...
❌ Disconnected, reconnecting...
❌ Disconnected, reconnecting...
❌ Disconnected, reconnecting...
❌ Disconnected, reconnecting...
❌ Disconnected, reconnecting...
❌ Disconnected, reconnecting...
❌ Disconnected, reconnecting...
❌ Disconnected, reconnecting...
❌ Disconnected, reconnecting...
❌ Disconnected, reconnecting...
❌ Disconnected, reconnecting...
❌ Disconnected, reconnecting...
❌ Disconnected, reconnecting...
❌ Disconnected, reconnecting...
❌ Disconnected, reconnecting...
❌ Disconnected, reconnecting...
❌ Disconnected, reconnecting...
❌ Disconnected, reconnecting...
❌ Disconnected, reconnecting...
❌ Disconnected, reconnecting...
❌ Disconnected, reconnecting...
❌ Disconnected, reconnecting...
❌ Disconnected, reconnecting...
❌ Disconnected, reconnecting...
✅ Bot connected!
❌ Disconnected, reconnecting...
❌ Disconnected, reconnecting...
❌ Disconnected, reconnecting...
❌ Disconnected, reconnecting...
❌ Disconnected, reconnecting...
✅ Bot connected!
❌ Disconnected, reconnecting...
❌ Disconnected, reconnecting...
✅ Bot connected!
❌ Disconnected, reconnecting...
❌ Disconnected, reconnecting...
❌ Disconnected, reconnecting...
❌ Disconnected, reconnecting...
✅ Bot connected!
❌ Disconnected, reconnecting...
❌ Disconnected, reconnecting...
❌ Disconnected, reconnecting...
❌ Disconnected, reconnecting...
❌ Disconnected, reconnecting...
❌ Disconnected, reconnecting...
❌ Disconnected, reconnecting...
❌ Disconnected, reconnecting...
❌ Disconnected, reconnecting...
❌ Disconnected, reconnecting...
❌ Disconnected, reconnecting...
❌ Disconnected, reconnecting...
❌ Disconnected, reconnecting...
❌ Disconnected, reconnecting...
✅ Bot connected!
❌ Disconnected, reconnecting...
❌ Disconnected, reconnecting...
❌ Disconnected, reconnecting...
❌ Disconnected, reconnecting...
❌ Disconnected, reconnecting...
❌ Disconnected, reconnecting...
❌ Disconnected, reconnecting...
❌ Disconnected, reconnecting...
❌ Disconnected, reconnecting...
❌ Disconnected, reconnecting...
❌ Disconnected, reconnecting...
❌ Disconnected, reconnecting...
❌ Disconnected, reconnecting...
❌ Disconnected, reconnecting...
❌ Disconnected, reconnecting...
❌ Disconnected, reconnecting...
❌ Disconnected, reconnecting...
❌ Disconnected, reconnecting...
❌ Disconnected, reconnecting...
❌ Disconnected, reconnecting...
❌ Disconnected, reconnecting...
❌ Disconnected, reconnecting...
❌ Disconnected, reconnecting...
❌ Disconnected, reconnecting...
❌ Disconnected, reconnecting...
❌ Disconnected, reconnecting...
❌ Disconnected, reconnecting...
❌ Disconnected, reconnecting...
❌ Disconnected, reconnecting...
❌ Disconnected, reconnecting...
❌ Disconnected, reconnecting...
❌ Disconnected, reconnecting...
❌ Disconnected, reconnecting...
✅ Bot connected!
❌ Disconnected, reconnecting...
❌ Disconnected, reconnecting...
❌ Disconnected, reconnecting...
❌ Disconnected, reconnecting...
❌ Disconnected, reconnecting...
❌ Disconnected, reconnecting...
❌ Disconnected, reconnecting...
❌ Disconnected, reconnecting...
❌ Disconnected, reconnecting...
✅ Bot connected!
❌ Disconnected, reconnecting...
❌ Disconnected, reconnecting...
❌ Disconnected, reconnecting...
❌ Disconnected, reconnecting...
❌ Disconnected, reconnecting...
❌ Disconnected, reconnecting...
❌ Disconnected, reconnecting...
❌ Disconnected, reconnecting...
❌ Disconnected, reconnecting...
❌ Disconnected, reconnecting...
❌ Disconnected, reconnecting...
❌ Disconnected, reconnecting...
✅ Bot connected!
❌ Disconnected, reconnecting...
❌ Disconnected, reconnecting...
❌ Disconnected, reconnecting...
❌ Disconnected, reconnecting...
✅ Bot connected!
./start-bot.sh: line 8:  8882 Hangup                     node bot.js
Bot crashed or disconnected, restarting in 5s...
❌ Disconnected, reconnecting...
❌ Disconnected, reconnecting...
❌ Disconnected, reconnecting...
❌ Disconnected, reconnecting...
❌ Disconnected, reconnecting...
❌ Disconnected, reconnecting...
❌ Disconnected, reconnecting...
❌ Disconnected, reconnecting...
❌ Disconnected, reconnecting...
✅ Bot connected!
❌ Disconnected, reconnecting...
❌ Disconnected, reconnecting...
❌ Bot disconnected (440), reconnecting in 5s...
❌ Disconnected, reconnecting...
❌ Disconnected, reconnecting...
❌ Disconnected, reconnecting...
❌ Disconnected, reconnecting...
❌ Disconnected, reconnecting...
❌ Disconnected, reconnecting...
✅ Bot connected!
❌ Disconnected, reconnecting...
❌ Disconnected, reconnecting...
❌ Bot disconnected (440), reconnecting in 5s...
❌ Disconnected, reconnecting...
✅ Bot connected!
❌ Disconnected, reconnecting...
❌ Disconnected, reconnecting...
❌ Disconnected, reconnecting...
❌ Bot disconnected (440), reconnecting in 5s...
❌ Disconnected, reconnecting...
❌ Disconnected, reconnecting...
❌ Disconnected, reconnecting...
❌ Disconnected, reconnecting...
✅ Bot connected!
❌ Disconnected, reconnecting...
❌ Disconnected, reconnecting...
❌ Bot disconnected (440), reconnecting in 5s...
❌ Disconnected, reconnecting...
❌ Disconnected, reconnecting...
❌ Disconnected, reconnecting...
❌ Disconnected, reconnecting...
✅ Bot connected!
❌ Disconnected, reconnecting...
❌ Disconnected, reconnecting...
❌ Bot disconnected (440), reconnecting in 5s...
❌ Disconnected, reconnecting...
❌ Disconnected, reconnecting...
❌ Disconnected, reconnecting...
❌ Disconnected, reconnecting...
❌ Disconnected, reconnecting...
❌ Bot disconnected (440), reconnecting in 5s...
❌ Disconnected, reconnecting...
✅ Bot connected!
❌ Disconnected, reconnecting...
✅ Bot connected!
❌ Disconnected, reconnecting...
❌ Disconnected, reconnecting...
✅ Bot connected!
❌ Disconnected, reconnecting...
❌ Disconnected, reconnecting...
❌ Bot disconnected (440), reconnecting in 5s...
❌ Disconnected, reconnecting...
✅ Bot connected!
❌ Disconnected, reconnecting...
✅ Bot connected!
❌ Disconnected, reconnecting...
❌ Disconnected, reconnecting...
✅ Bot connected!
❌ Disconnected, reconnecting...
❌ Disconnected, reconnecting...
❌ Disconnected, reconnecting...
❌ Disconnected, reconnecting...
❌ Bot disconnected (440), reconnecting in 5s...
❌ Disconnected, reconnecting...
✅ Bot connected!
❌ Disconnected, reconnecting...
✅ Bot connected!
❌ Disconnected, reconnecting...
❌ Disconnected, reconnecting...
❌ Disconnected, reconnecting...
❌ Disconnected, reconnecting...
❌ Bot disconnected (440), reconnecting in 5s...
❌ Disconnected, reconnecting...
✅ Bot connected!
❌ Disconnected, reconnecting...
❌ Disconnected, reconnecting...
❌ Disconnected, reconnecting...
❌ Bot disconnected (428), reconnecting in 5s...
❌ Disconnected, reconnecting...
❌ Disconnected, reconnecting...
❌ Disconnected, reconnecting...
✅ Bot connected!
❌ Disconnected, reconnecting...
❌ Disconnected, reconnecting...
❌ Bot disconnected (440), reconnecting in 5s...
❌ Disconnected, reconnecting...
❌ Disconnected, reconnecting...
❌ Disconnected, reconnecting...
❌ Disconnected, reconnecting...
❌ Disconnected, reconnecting...
❌ Disconnected, reconnecting...
❌ Bot disconnected (440), reconnecting in 5s...
❌ Disconnected, reconnecting...
✅ Bot connected!
❌ Disconnected, reconnecting...
❌ Disconnected, reconnecting...
❌ Disconnected, reconnecting...
✅ Bot connected!
❌ Disconnected, reconnecting...
❌ Disconnected, reconnecting...
❌ Disconnected, reconnecting...
❌ Bot disconnected (440), reconnecting in 5s...
❌ Disconnected, reconnecting...
✅ Bot connected!
❌ Disconnected, reconnecting...
❌ Disconnected, reconnecting...
✅ Bot connected!
❌ Disconnected, reconnecting...
❌ Disconnected, reconnecting...
❌ Disconnected, reconnecting...
❌ Disconnected, reconnecting...
❌ Bot disconnected (440), reconnecting in 5s...
❌ Disconnected, reconnecting...
✅ Bot connected!
❌ Disconnected, reconnecting...
❌ Disconnected, reconnecting...
❌ Disconnected, reconnecting...
❌ Bot disconnected (440), reconnecting in 5s...
❌ Disconnected, reconnecting...
✅ Bot connected!
❌ Disconnected, reconnecting...
❌ Disconnected, reconnecting...
✅ Bot connected!
❌ Disconnected, reconnecting...
❌ Disconnected, reconnecting...
✅ Bot connected!
❌ Disconnected, reconnecting...
❌ Disconnected, reconnecting...
❌ Bot disconnected (440), reconnecting in 5s...
❌ Disconnected, reconnecting...
✅ Bot connected!
❌ Disconnected, reconnecting...
✅ Bot connected!
❌ Disconnected, reconnecting...
✅ Bot connected!
❌ Disconnected, reconnecting...
❌ Disconnected, reconnecting...
❌ Disconnected, reconnecting...
❌ Disconnected, reconnecting...
❌ Bot disconnected (440), reconnecting in 5s...
❌ Disconnected, reconnecting...
✅ Bot connected!
❌ Disconnected, reconnecting...
❌ Disconnected, reconnecting...
❌ Disconnected, reconnecting...
❌ Disconnected, reconnecting...
✅ Bot connected!
❌ Disconnected, reconnecting...
❌ Disconnected, reconnecting...
❌ Disconnected, reconnecting...
❌ Disconnected, reconnecting...
✅ Bot connected!
❌ Disconnected, reconnecting...
❌ Bot disconnected (503), reconnecting in 5s...
❌ Disconnected, reconnecting...
✅ Bot connected!
❌ Disconnected, reconnecting...
❌ Disconnected, reconnecting...
❌ Disconnected, reconnecting...
❌ Disconnected, reconnecting...
❌ Disconnected, reconnecting...
✅ Bot connected!
❌ Disconnected, reconnecting...
❌ Disconnected, reconnecting...
❌ Disconnected, reconnecting...
❌ Bot disconnected (503), reconnecting in 5s...
✅ Bot connected!
❌ Disconnected, reconnecting...
❌ Disconnected, reconnecting...
✅ Bot connected!
❌ Disconnected, reconnecting...
✅ Bot connected!
❌ Disconnected, reconnecting...
❌ Disconnected, reconnecting...
❌ Disconnected, reconnecting...
❌ Bot disconnected (440), reconnecting in 5s...
❌ Disconnected, reconnecting...
✅ Bot connected!
❌ Disconnected, reconnecting...
❌ Disconnected, reconnecting...
✅ Bot connected!
❌ Disconnected, reconnecting...
❌ Disconnected, reconnecting...
❌ Disconnected, reconnecting...
❌ Disconnected, reconnecting...
❌ Bot disconnected (440), reconnecting in 5s...
❌ Disconnected, reconnecting...
❌ Disconnected, reconnecting...
❌ Disconnected, reconnecting...
❌ Disconnected, reconnecting...
❌ Disconnected, reconnecting...
❌ Disconnected, reconnecting...
❌ Disconnected, reconnecting...
✅ Bot connected!
❌ Disconnected, reconnecting...
❌ Bot disconnected (503), reconnecting in 5s...
✅ Bot connected!
❌ Disconnected, reconnecting...
✅ Bot connected!
❌ Disconnected, reconnecting...
❌ Disconnected, reconnecting...
❌ Disconnected, reconnecting...
❌ Disconnected, reconnecting...
✅ Bot connected!
❌ Disconnected, reconnecting...
❌ Disconnected, reconnecting...
❌ Bot disconnected (440), reconnecting in 5s...
❌ Disconnected, reconnecting...
✅ Bot connected!
❌ Disconnected, reconnecting...
❌ Disconnected, reconnecting...
❌ Disconnected, reconnecting...
❌ Disconnected, reconnecting...
❌ Bot disconnected (503), reconnecting in 5s...
❌ Disconnected, reconnecting...
❌ Disconnected, reconnecting...
❌ Disconnected, reconnecting...
❌ Disconnected, reconnecting...
✅ Bot connected!
❌ Disconnected, reconnecting...
✅ Bot connected!
❌ Disconnected, reconnecting...
❌ Bot disconnected (440), reconnecting in 5s...
❌ Disconnected, reconnecting...
❌ Disconnected, reconnecting...
Failed to decrypt message with any known session...
Session error:MessageCounterError: Key used already or never filled MessageCounterError: Key used already or never filled
    at SessionCipher.doDecryptWhisperMessage (/data/data/com.termux/files/home/wa-bot/wa-bot/node_modules/libsignal/src/session_cipher.js:236:19)
    at SessionCipher.decryptWithSessions (/data/data/com.termux/files/home/wa-bot/wa-bot/node_modules/libsignal/src/session_cipher.js:147:40)
    at 197684661063687_1.0 [as awaitable] (/data/data/com.termux/files/home/wa-bot/wa-bot/node_modules/libsignal/src/session_cipher.js:171:39)
    at async _asyncQueueExecutor (/data/data/com.termux/files/home/wa-bot/wa-bot/node_modules/libsignal/src/queue_job.js:20:29)
Failed to decrypt message with any known session...
Session error:MessageCounterError: Key used already or never filled MessageCounterError: Key used already or never filled
    at SessionCipher.doDecryptWhisperMessage (/data/data/com.termux/files/home/wa-bot/wa-bot/node_modules/libsignal/src/session_cipher.js:236:19)
    at SessionCipher.decryptWithSessions (/data/data/com.termux/files/home/wa-bot/wa-bot/node_modules/libsignal/src/session_cipher.js:147:40)
    at 197684661063687_1.0 [as awaitable] (/data/data/com.termux/files/home/wa-bot/wa-bot/node_modules/libsignal/src/session_cipher.js:171:39)
    at async _asyncQueueExecutor (/data/data/com.termux/files/home/wa-bot/wa-bot/node_modules/libsignal/src/queue_job.js:20:29)
❌ Disconnected, reconnecting...
Failed to decrypt message with any known session...
Session error:MessageCounterError: Key used already or never filled MessageCounterError: Key used already or never filled
    at SessionCipher.doDecryptWhisperMessage (/data/data/com.termux/files/home/wa-bot/wa-bot/node_modules/libsignal/src/session_cipher.js:236:19)
    at SessionCipher.decryptWithSessions (/data/data/com.termux/files/home/wa-bot/wa-bot/node_modules/libsignal/src/session_cipher.js:147:40)
    at 197684661063687_1.0 [as awaitable] (/data/data/com.termux/files/home/wa-bot/wa-bot/node_modules/libsignal/src/session_cipher.js:171:39)
    at async _asyncQueueExecutor (/data/data/com.termux/files/home/wa-bot/wa-bot/node_modules/libsignal/src/queue_job.js:20:29)
❌ Disconnected, reconnecting...
Failed to decrypt message with any known session...
Session error:MessageCounterError: Key used already or never filled MessageCounterError: Key used already or never filled
    at SessionCipher.doDecryptWhisperMessage (/data/data/com.termux/files/home/wa-bot/wa-bot/node_modules/libsignal/src/session_cipher.js:236:19)
    at SessionCipher.decryptWithSessions (/data/data/com.termux/files/home/wa-bot/wa-bot/node_modules/libsignal/src/session_cipher.js:147:40)
    at 197684661063687_1.0 [as awaitable] (/data/data/com.termux/files/home/wa-bot/wa-bot/node_modules/libsignal/src/session_cipher.js:171:39)
    at async _asyncQueueExecutor (/data/data/com.termux/files/home/wa-bot/wa-bot/node_modules/libsignal/src/queue_job.js:20:29)
✅ Bot connected!
❌ Disconnected, reconnecting...
❌ Disconnected, reconnecting...
❌ Bot disconnected (440), reconnecting in 5s...
❌ Disconnected, reconnecting...
Failed to decrypt message with any known session...
Session error:MessageCounterError: Key used already or never filled MessageCounterError: Key used already or never filled
    at SessionCipher.doDecryptWhisperMessage (/data/data/com.termux/files/home/wa-bot/wa-bot/node_modules/libsignal/src/session_cipher.js:236:19)
    at SessionCipher.decryptWithSessions (/data/data/com.termux/files/home/wa-bot/wa-bot/node_modules/libsignal/src/session_cipher.js:147:40)
    at 197684661063687_1.0 [as awaitable] (/data/data/com.termux/files/home/wa-bot/wa-bot/node_modules/libsignal/src/session_cipher.js:171:39)
    at async _asyncQueueExecutor (/data/data/com.termux/files/home/wa-bot/wa-bot/node_modules/libsignal/src/queue_job.js:20:29)
✅ Bot connected!
❌ Disconnected, reconnecting...
Failed to decrypt message with any known session...
Session error:MessageCounterError: Key used already or never filled MessageCounterError: Key used already or never filled
    at SessionCipher.doDecryptWhisperMessage (/data/data/com.termux/files/home/wa-bot/wa-bot/node_modules/libsignal/src/session_cipher.js:236:19)
    at SessionCipher.decryptWithSessions (/data/data/com.termux/files/home/wa-bot/wa-bot/node_modules/libsignal/src/session_cipher.js:147:40)
    at 197684661063687_1.0 [as awaitable] (/data/data/com.termux/files/home/wa-bot/wa-bot/node_modules/libsignal/src/session_cipher.js:171:39)
    at async _asyncQueueExecutor (/data/data/com.termux/files/home/wa-bot/wa-bot/node_modules/libsignal/src/queue_job.js:20:29)
❌ Disconnected, reconnecting...
❌ Disconnected, reconnecting...
❌ Disconnected, reconnecting...
❌ Disconnected, reconnecting...
❌ Bot disconnected (440), reconnecting in 5s...
❌ Disconnected, reconnecting...
❌ Disconnected, reconnecting...
❌ Disconnected, reconnecting...
Failed to decrypt message with any known session...
Session error:MessageCounterError: Key used already or never filled MessageCounterError: Key used already or never filled
    at SessionCipher.doDecryptWhisperMessage (/data/data/com.termux/files/home/wa-bot/wa-bot/node_modules/libsignal/src/session_cipher.js:236:19)
    at SessionCipher.decryptWithSessions (/data/data/com.termux/files/home/wa-bot/wa-bot/node_modules/libsignal/src/session_cipher.js:147:40)
    at 197684661063687_1.0 [as awaitable] (/data/data/com.termux/files/home/wa-bot/wa-bot/node_modules/libsignal/src/session_cipher.js:171:39)
    at async _asyncQueueExecutor (/data/data/com.termux/files/home/wa-bot/wa-bot/node_modules/libsignal/src/queue_job.js:20:29)
❌ Disconnected, reconnecting...
Failed to decrypt message with any known session...
Session error:MessageCounterError: Key used already or never filled MessageCounterError: Key used already or never filled
    at SessionCipher.doDecryptWhisperMessage (/data/data/com.termux/files/home/wa-bot/wa-bot/node_modules/libsignal/src/session_cipher.js:236:19)
    at SessionCipher.decryptWithSessions (/data/data/com.termux/files/home/wa-bot/wa-bot/node_modules/libsignal/src/session_cipher.js:147:40)
    at 197684661063687_1.0 [as awaitable] (/data/data/com.termux/files/home/wa-bot/wa-bot/node_modules/libsignal/src/session_cipher.js:171:39)
    at async _asyncQueueExecutor (/data/data/com.termux/files/home/wa-bot/wa-bot/node_modules/libsignal/src/queue_job.js:20:29)
✅ Bot connected!
❌ Disconnected, reconnecting...
Failed to decrypt message with any known session...
Session error:MessageCounterError: Key used already or never filled MessageCounterError: Key used already or never filled
    at SessionCipher.doDecryptWhisperMessage (/data/data/com.termux/files/home/wa-bot/wa-bot/node_modules/libsignal/src/session_cipher.js:236:19)
    at SessionCipher.decryptWithSessions (/data/data/com.termux/files/home/wa-bot/wa-bot/node_modules/libsignal/src/session_cipher.js:147:40)
    at 197684661063687_1.0 [as awaitable] (/data/data/com.termux/files/home/wa-bot/wa-bot/node_modules/libsignal/src/session_cipher.js:171:39)
    at async _asyncQueueExecutor (/data/data/com.termux/files/home/wa-bot/wa-bot/node_modules/libsignal/src/queue_job.js:20:29)
❌ Disconnected, reconnecting...
Failed to decrypt message with any known session...
Session error:MessageCounterError: Key used already or never filled MessageCounterError: Key used already or never filled
    at SessionCipher.doDecryptWhisperMessage (/data/data/com.termux/files/home/wa-bot/wa-bot/node_modules/libsignal/src/session_cipher.js:236:19)
    at SessionCipher.decryptWithSessions (/data/data/com.termux/files/home/wa-bot/wa-bot/node_modules/libsignal/src/session_cipher.js:147:40)
    at 197684661063687_1.0 [as awaitable] (/data/data/com.termux/files/home/wa-bot/wa-bot/node_modules/libsignal/src/session_cipher.js:171:39)
    at async _asyncQueueExecutor (/data/data/com.termux/files/home/wa-bot/wa-bot/node_modules/libsignal/src/queue_job.js:20:29)
❌ Disconnected, reconnecting...
❌ Bot disconnected (440), reconnecting in 5s...
❌ Disconnected, reconnecting...
Failed to decrypt message with any known session...
Session error:MessageCounterError: Key used already or never filled MessageCounterError: Key used already or never filled
    at SessionCipher.doDecryptWhisperMessage (/data/data/com.termux/files/home/wa-bot/wa-bot/node_modules/libsignal/src/session_cipher.js:236:19)
    at SessionCipher.decryptWithSessions (/data/data/com.termux/files/home/wa-bot/wa-bot/node_modules/libsignal/src/session_cipher.js:147:40)
    at 197684661063687_1.0 [as awaitable] (/data/data/com.termux/files/home/wa-bot/wa-bot/node_modules/libsignal/src/session_cipher.js:171:39)
    at async _asyncQueueExecutor (/data/data/com.termux/files/home/wa-bot/wa-bot/node_modules/libsignal/src/queue_job.js:20:29)
❌ Disconnected, reconnecting...
❌ Disconnected, reconnecting...
Failed to decrypt message with any known session...
Session error:MessageCounterError: Key used already or never filled MessageCounterError: Key used already or never filled
    at SessionCipher.doDecryptWhisperMessage (/data/data/com.termux/files/home/wa-bot/wa-bot/node_modules/libsignal/src/session_cipher.js:236:19)
    at SessionCipher.decryptWithSessions (/data/data/com.termux/files/home/wa-bot/wa-bot/node_modules/libsignal/src/session_cipher.js:147:40)
    at 197684661063687_1.0 [as awaitable] (/data/data/com.termux/files/home/wa-bot/wa-bot/node_modules/libsignal/src/session_cipher.js:171:39)
    at async _asyncQueueExecutor (/data/data/com.termux/files/home/wa-bot/wa-bot/node_modules/libsignal/src/queue_job.js:20:29)
✅ Bot connected!
❌ Disconnected, reconnecting...
Failed to decrypt message with any known session...
Session error:MessageCounterError: Key used already or never filled MessageCounterError: Key used already or never filled
    at SessionCipher.doDecryptWhisperMessage (/data/data/com.termux/files/home/wa-bot/wa-bot/node_modules/libsignal/src/session_cipher.js:236:19)
    at SessionCipher.decryptWithSessions (/data/data/com.termux/files/home/wa-bot/wa-bot/node_modules/libsignal/src/session_cipher.js:147:40)
    at 197684661063687_1.0 [as awaitable] (/data/data/com.termux/files/home/wa-bot/wa-bot/node_modules/libsignal/src/session_cipher.js:171:39)
    at async _asyncQueueExecutor (/data/data/com.termux/files/home/wa-bot/wa-bot/node_modules/libsignal/src/queue_job.js:20:29)
✅ Bot connected!
❌ Disconnected, reconnecting...
Failed to decrypt message with any known session...
Session error:MessageCounterError: Key used already or never filled MessageCounterError: Key used already or never filled
    at SessionCipher.doDecryptWhisperMessage (/data/data/com.termux/files/home/wa-bot/wa-bot/node_modules/libsignal/src/session_cipher.js:236:19)
    at SessionCipher.decryptWithSessions (/data/data/com.termux/files/home/wa-bot/wa-bot/node_modules/libsignal/src/session_cipher.js:147:40)
    at 197684661063687_1.0 [as awaitable] (/data/data/com.termux/files/home/wa-bot/wa-bot/node_modules/libsignal/src/session_cipher.js:171:39)
    at async _asyncQueueExecutor (/data/data/com.termux/files/home/wa-bot/wa-bot/node_modules/libsignal/src/queue_job.js:20:29)
✅ Bot connected!
❌ Disconnected, reconnecting...
Failed to decrypt message with any known session...
Session error:MessageCounterError: Key used already or never filled MessageCounterError: Key used already or never filled
    at SessionCipher.doDecryptWhisperMessage (/data/data/com.termux/files/home/wa-bot/wa-bot/node_modules/libsignal/src/session_cipher.js:236:19)
    at SessionCipher.decryptWithSessions (/data/data/com.termux/files/home/wa-bot/wa-bot/node_modules/libsignal/src/session_cipher.js:147:40)
    at 197684661063687_1.0 [as awaitable] (/data/data/com.termux/files/home/wa-bot/wa-bot/node_modules/libsignal/src/session_cipher.js:171:39)
    at async _asyncQueueExecutor (/data/data/com.termux/files/home/wa-bot/wa-bot/node_modules/libsignal/src/queue_job.js:20:29)
✅ Bot connected!
❌ Bot disconnected (440), reconnecting in 5s...
Failed to decrypt message with any known session...
Session error:MessageCounterError: Key used already or never filled MessageCounterError: Key used already or never filled
    at SessionCipher.doDecryptWhisperMessage (/data/data/com.termux/files/home/wa-bot/wa-bot/node_modules/libsignal/src/session_cipher.js:236:19)
    at SessionCipher.decryptWithSessions (/data/data/com.termux/files/home/wa-bot/wa-bot/node_modules/libsignal/src/session_cipher.js:147:40)
    at 197684661063687_1.0 [as awaitable] (/data/data/com.termux/files/home/wa-bot/wa-bot/node_modules/libsignal/src/session_cipher.js:171:39)
    at async _asyncQueueExecutor (/data/data/com.termux/files/home/wa-bot/wa-bot/node_modules/libsignal/src/queue_job.js:20:29)
✅ Bot connected!
❌ Disconnected, reconnecting...
❌ Disconnected, reconnecting...
✅ Bot connected!
❌ Disconnected, reconnecting...
❌ Disconnected, reconnecting...
❌ Disconnected, reconnecting...
❌ Disconnected, reconnecting...
❌ Bot disconnected (440), reconnecting in 5s...
❌ Disconnected, reconnecting...
✅ Bot connected!
❌ Disconnected, reconnecting...
❌ Disconnected, reconnecting...
✅ Bot connected!
❌ Bot disconnected (440), reconnecting in 5s...
❌ Disconnected, reconnecting...
✅ Bot connected!
❌ Disconnected, reconnecting...
❌ Disconnected, reconnecting...
✅ Bot connected!
❌ Disconnected, reconnecting...
✅ Bot connected!
❌ Disconnected, reconnecting...
✅ Bot connected!
❌ Disconnected, reconnecting...
❌ Disconnected, reconnecting...
❌ Bot disconnected (440), reconnecting in 5s...
❌ Disconnected, reconnecting...
✅ Bot connected!
❌ Disconnected, reconnecting...
❌ Disconnected, reconnecting...
✅ Bot connected!
❌ Disconnected, reconnecting...
❌ Disconnected, reconnecting...
❌ Bot disconnected (440), reconnecting in 5s...
❌ Disconnected, reconnecting...
✅ Bot connected!
❌ Disconnected, reconnecting...
❌ Disconnected, reconnecting...
❌ Disconnected, reconnecting...
❌ Disconnected, reconnecting...
✅ Bot connected!
❌ Disconnected, reconnecting...
❌ Disconnected, reconnecting...
❌ Disconnected, reconnecting...
❌ Bot disconnected (440), reconnecting in 5s...
❌ Disconnected, reconnecting...
✅ Bot connected!
❌ Disconnected, reconnecting...
✅ Bot connected!
❌ Disconnected, reconnecting...
❌ Disconnected, reconnecting...
❌ Disconnected, reconnecting...
❌ Disconnected, reconnecting...
❌ Bot disconnected (440), reconnecting in 5s...
❌ Disconnected, reconnecting...
❌ Disconnected, reconnecting...
❌ Disconnected, reconnecting...
❌ Bot disconnected (440), reconnecting in 5s...
❌ Disconnected, reconnecting...
✅ Bot connected!
❌ Disconnected, reconnecting...
❌ Disconnected, reconnecting...
❌ Disconnected, reconnecting...
❌ Disconnected, reconnecting...
❌ Disconnected, reconnecting...
❌ Disconnected, reconnecting...
❌ Bot disconnected (440), reconnecting in 5s...
❌ Disconnected, reconnecting...
❌ Disconnected, reconnecting...
❌ Disconnected, reconnecting...
✅ Bot connected!
❌ Disconnected, reconnecting...
✅ Bot connected!
❌ Disconnected, reconnecting...
✅ Bot connected!
❌ Disconnected, reconnecting...
❌ Disconnected, reconnecting...
❌ Bot disconnected (440), reconnecting in 5s...
❌ Disconnected, reconnecting...
✅ Bot connected!
❌ Disconnected, reconnecting...
✅ Bot connected!
❌ Disconnected, reconnecting...
✅ Bot connected!
❌ Disconnected, reconnecting...
✅ Bot connected!
❌ Disconnected, reconnecting...
❌ Disconnected, reconnecting...
❌ Bot disconnected (440), reconnecting in 5s...
❌ Disconnected, reconnecting...
❌ Disconnected, reconnecting...
✅ Bot connected!
❌ Disconnected, reconnecting...
❌ Disconnected, reconnecting...
❌ Disconnected, reconnecting...
✅ Bot connected!
❌ Disconnected, reconnecting...
❌ Disconnected, reconnecting...
❌ Bot disconnected (440), reconnecting in 5s...
❌ Disconnected, reconnecting...
✅ Bot connected!
❌ Disconnected, reconnecting...
✅ Bot connected!
❌ Disconnected, reconnecting...
❌ Disconnected, reconnecting...
✅ Bot connected!
❌ Disconnected, reconnecting...
❌ Disconnected, reconnecting...
❌ Bot disconnected (440), reconnecting in 5s...
❌ Disconnected, reconnecting...
✅ Bot connected!
❌ Disconnected, reconnecting...
✅ Bot connected!
❌ Disconnected, reconnecting...
❌ Disconnected, reconnecting...
✅ Bot connected!
❌ Disconnected, reconnecting...
❌ Disconnected, reconnecting...
❌ Disconnected, reconnecting...
✅ Bot connected!
❌ Bot disconnected (440), reconnecting in 5s...
❌ Disconnected, reconnecting...
❌ Disconnected, reconnecting...
❌ Disconnected, reconnecting...
✅ Bot connected!
❌ Disconnected, reconnecting...
✅ Bot connected!
❌ Disconnected, reconnecting...
✅ Bot connected!
❌ Disconnected, reconnecting...
❌ Disconnected, reconnecting...
❌ Bot disconnected (440), reconnecting in 5s...
❌ Disconnected, reconnecting...
✅ Bot connected!
❌ Disconnected, reconnecting...
❌ Disconnected, reconnecting...
❌ Disconnected, reconnecting...
❌ Disconnected, reconnecting...
❌ Disconnected, reconnecting...
❌ Disconnected, reconnecting...
❌ Disconnected, reconnecting...
❌ Bot disconnected (440), reconnecting in 5s...
❌ Disconnected, reconnecting...
✅ Bot connected!
❌ Disconnected, reconnecting...
❌ Disconnected, reconnecting...
✅ Bot connected!
❌ Disconnected, reconnecting...
❌ Disconnected, reconnecting...
❌ Bot disconnected (440), reconnecting in 5s...
✅ Bot connected!
❌ Disconnected, reconnecting...
❌ Disconnected, reconnecting...
✅ Bot connected!
❌ Disconnected, reconnecting...
✅ Bot connected!
❌ Disconnected, reconnecting...
❌ Disconnected, reconnecting...
❌ Bot disconnected (440), reconnecting in 5s...
❌ Disconnected, reconnecting...
✅ Bot connected!
❌ Disconnected, reconnecting...
❌ Bot disconnected (440), reconnecting in 5s...
❌ Disconnected, reconnecting...
❌ Disconnected, reconnecting...
✅ Bot connected!
❌ Disconnected, reconnecting...
❌ Disconnected, reconnecting...
❌ Disconnected, reconnecting...
❌ Disconnected, reconnecting...
❌ Disconnected, reconnecting...
❌ Bot disconnected (440), reconnecting in 5s...
❌ Disconnected, reconnecting...
✅ Bot connected!
❌ Disconnected, reconnecting...
✅ Bot connected!
❌ Disconnected, reconnecting...
✅ Bot connected!
❌ Disconnected, reconnecting...
❌ Disconnected, reconnecting...
❌ Disconnected, reconnecting...
❌ Bot disconnected (440), reconnecting in 5s...
❌ Disconnected, reconnecting...
❌ Disconnected, reconnecting...
✅ Bot connected!
❌ Disconnected, reconnecting...
❌ Disconnected, reconnecting...
✅ Bot connected!
❌ Disconnected, reconnecting...
❌ Disconnected, reconnecting...
❌ Disconnected, reconnecting...
❌ Bot disconnected (440), reconnecting in 5s...
✅ Bot connected!
❌ Disconnected, reconnecting...
❌ Disconnected, reconnecting...
✅ Bot connected!
❌ Disconnected, reconnecting...
❌ Disconnected, reconnecting...
✅ Bot connected!
❌ Disconnected, reconnecting...
❌ Disconnected, reconnecting...
❌ Bot disconnected (440), reconnecting in 5s...
✅ Bot connected!
❌ Disconnected, reconnecting...
✅ Bot connected!
❌ Disconnected, reconnecting...
❌ Disconnected, reconnecting...
✅ Bot connected!
❌ Disconnected, reconnecting...
✅ Bot connected!
❌ Disconnected, reconnecting...
❌ Disconnected, reconnecting...
❌ Disconnected, reconnecting...
✅ Bot connected!
❌ Bot disconnected (428), reconnecting in 5s...
❌ Disconnected, reconnecting...
❌ Disconnected, reconnecting...
❌ Disconnected, reconnecting...
❌ Disconnected, reconnecting...
✅ Bot connected!
❌ Disconnected, reconnecting...
❌ Disconnected, reconnecting...
❌ Disconnected, reconnecting...
❌ Bot disconnected (440), reconnecting in 5s...
❌ Disconnected, reconnecting...
✅ Bot connected!
❌ Disconnected, reconnecting...
✅ Bot connected!
❌ Disconnected, reconnecting...
✅ Bot connected!
❌ Disconnected, reconnecting...
❌ Disconnected, reconnecting...
❌ Disconnected, reconnecting...
✅ Bot connected!
❌ Disconnected, reconnecting...
❌ Disconnected, reconnecting...
❌ Bot disconnected (440), reconnecting in 5s...
❌ Disconnected, reconnecting...
✅ Bot connected!
❌ Disconnected, reconnecting...
✅ Bot connected!
❌ Disconnected, reconnecting...
❌ Bot disconnected (440), reconnecting in 5s...
❌ Disconnected, reconnecting...
✅ Bot connected!
❌ Disconnected, reconnecting...
❌ Disconnected, reconnecting...
✅ Bot connected!
❌ Disconnected, reconnecting...
❌ Disconnected, reconnecting...
❌ Disconnected, reconnecting...
❌ Disconnected, reconnecting...
❌ Bot disconnected (440), reconnecting in 5s...
❌ Disconnected, reconnecting...
❌ Disconnected, reconnecting...
❌ Bot disconnected (440), reconnecting in 5s...
❌ Disconnected, reconnecting...
✅ Bot connected!
❌ Disconnected, reconnecting...
✅ Bot connected!
❌ Disconnected, reconnecting...
❌ Disconnected, reconnecting...
❌ Disconnected, reconnecting...
✅ Bot connected!
❌ Bot disconnected (440), reconnecting in 5s...
❌ Disconnected, reconnecting...
❌ Disconnected, reconnecting...
✅ Bot connected!
❌ Disconnected, reconnecting...
✅ Bot connected!
❌ Disconnected, reconnecting...
❌ Disconnected, reconnecting...
✅ Bot connected!
❌ Disconnected, reconnecting...
❌ Bot disconnected (440), reconnecting in 5s...
❌ Disconnected, reconnecting...
❌ Disconnected, reconnecting...
❌ Disconnected, reconnecting...
❌ Disconnected, reconnecting...
❌ Disconnected, reconnecting...
❌ Bot disconnected (440), reconnecting in 5s...
❌ Disconnected, reconnecting...
✅ Bot connected!
❌ Disconnected, reconnecting...
❌ Disconnected, reconnecting...
❌ Disconnected, reconnecting...
✅ Bot connected!
❌ Disconnected, reconnecting...
❌ Bot disconnected (440), reconnecting in 5s...
❌ Disconnected, reconnecting...
❌ Disconnected, reconnecting...
❌ Disconnected, reconnecting...
✅ Bot connected!
❌ Disconnected, reconnecting...
✅ Bot connected!
❌ Disconnected, reconnecting...
❌ Disconnected, reconnecting...
✅ Bot connected!
❌ Disconnected, reconnecting...
❌ Disconnected, reconnecting...
✅ Bot connected!
❌ Bot disconnected (440), reconnecting in 5s...
❌ Disconnected, reconnecting...
❌ Disconnected, reconnecting...
✅ Bot connected!
❌ Disconnected, reconnecting...
✅ Bot connected!
❌ Disconnected, reconnecting...
❌ Disconnected, reconnecting...
✅ Bot connected!
❌ Disconnected, reconnecting...
❌ Disconnected, reconnecting...
❌ Bot disconnected (440), reconnecting in 5s...
❌ Disconnected, reconnecting...
❌ Disconnected, reconnecting...
❌ Disconnected, reconnecting...
❌ Bot disconnected (440), reconnecting in 5s...
❌ Disconnected, reconnecting...
✅ Bot connected!
❌ Disconnected, reconnecting...
❌ Disconnected, reconnecting...
❌ Disconnected, reconnecting...
✅ Bot connected!
❌ Disconnected, reconnecting...
✅ Bot connected!
❌ Disconnected, reconnecting...
❌ Disconnected, reconnecting...
❌ Bot disconnected (440), reconnecting in 5s...
❌ Disconnected, reconnecting...
✅ Bot connected!
❌ Disconnected, reconnecting...
✅ Bot connected!
❌ Disconnected, reconnecting...
✅ Bot connected!
❌ Disconnected, reconnecting...
❌ Disconnected, reconnecting...
✅ Bot connected!
❌ Disconnected, reconnecting...
❌ Disconnected, reconnecting...
❌ Bot disconnected (440), reconnecting in 5s...
❌ Disconnected, reconnecting...
❌ Disconnected, reconnecting...
❌ Disconnected, reconnecting...
❌ Disconnected, reconnecting...
❌ Disconnected, reconnecting...
✅ Bot connected!
❌ Disconnected, reconnecting...
❌ Disconnected, reconnecting...
❌ Bot disconnected (440), reconnecting in 5s...
❌ Disconnected, reconnecting...
❌ Disconnected, reconnecting...
✅ Bot connected!
❌ Disconnected, reconnecting...
✅ Bot connected!
❌ Disconnected, reconnecting...
❌ Disconnected, reconnecting...
✅ Bot connected!
❌ Disconnected, reconnecting...
❌ Disconnected, reconnecting...
❌ Bot disconnected (440), reconnecting in 5s...
❌ Disconnected, reconnecting...
❌ Disconnected, reconnecting...
❌ Disconnected, reconnecting...
❌ Disconnected, reconnecting...
❌ Disconnected, reconnecting...
❌ Disconnected, reconnecting...
❌ Bot disconnected (440), reconnecting in 5s...
✅ Bot connected!
❌ Disconnected, reconnecting...
✅ Bot connected!
❌ Disconnected, reconnecting...
✅ Bot connected!
❌ Disconnected, reconnecting...
❌ Disconnected, reconnecting...
❌ Bot disconnected (440), reconnecting in 5s...
❌ Disconnected, reconnecting...
✅ Bot connected!
❌ Disconnected, reconnecting...
✅ Bot connected!
❌ Disconnected, reconnecting...
❌ Disconnected, reconnecting...
❌ Disconnected, reconnecting...
❌ Disconnected, reconnecting...
✅ Bot connected!
❌ Disconnected, reconnecting...
❌ Disconnected, reconnecting...
❌ Bot disconnected (440), reconnecting in 5s...
❌ Disconnected, reconnecting...
❌ Disconnected, reconnecting...
✅ Bot connected!
❌ Disconnected, reconnecting...
✅ Bot connected!
❌ Disconnected, reconnecting...
❌ Disconnected, reconnecting...
❌ Bot disconnected (440), reconnecting in 5s...
❌ Disconnected, reconnecting...
❌ Disconnected, reconnecting...
❌ Disconnected, reconnecting...
❌ Disconnected, reconnecting...
❌ Disconnected, reconnecting...
❌ Disconnected, reconnecting...
❌ Disconnected, reconnecting...
❌ Disconnected, reconnecting...
❌ Bot disconnected (408), reconnecting in 5s...
❌ Disconnected, reconnecting...
❌ Disconnected, reconnecting...
❌ Disconnected, reconnecting...
✅ Bot connected!
❌ Disconnected, reconnecting...
✅ Bot connected!
❌ Disconnected, reconnecting...
❌ Disconnected, reconnecting...
❌ Disconnected, reconnecting...
❌ Bot disconnected (440), reconnecting in 5s...
❌ Disconnected, reconnecting...
✅ Bot connected!
❌ Disconnected, reconnecting...
✅ Bot connected!
❌ Disconnected, reconnecting...
✅ Bot connected!
❌ Disconnected, reconnecting...
✅ Bot connected!
❌ Disconnected, reconnecting...
❌ Disconnected, reconnecting...
❌ Bot disconnected (440), reconnecting in 5s...
✅ Bot connected!
❌ Disconnected, reconnecting...
✅ Bot connected!
❌ Disconnected, reconnecting...
✅ Bot connected!
❌ Disconnected, reconnecting...
❌ Disconnected, reconnecting...
❌ Bot disconnected (440), reconnecting in 5s...
❌ Disconnected, reconnecting...
❌ Disconnected, reconnecting...
❌ Disconnected, reconnecting...
❌ Disconnected, reconnecting...
✅ Bot connected!
❌ Disconnected, reconnecting...
✅ Bot connected!
❌ Disconnected, reconnecting...
❌ Disconnected, reconnecting...
❌ Bot disconnected (440), reconnecting in 5s...
❌ Disconnected, reconnecting...
✅ Bot connected!
❌ Disconnected, reconnecting...
✅ Bot connected!
❌ Disconnected, reconnecting...
✅ Bot connected!
❌ Disconnected, reconnecting...
✅ Bot connected!
❌ Disconnected, reconnecting...
❌ Disconnected, reconnecting...
❌ Bot disconnected (440), reconnecting in 5s...
❌ Disconnected, reconnecting...
✅ Bot connected!
❌ Disconnected, reconnecting...
❌ Disconnected, reconnecting...
✅ Bot connected!
❌ Disconnected, reconnecting...
✅ Bot connected!
❌ Disconnected, reconnecting...
✅ Bot connected!
❌ Disconnected, reconnecting...
❌ Disconnected, reconnecting...
✅ Bot connected!
❌ Bot disconnected (440), reconnecting in 5s...
❌ Disconnected, reconnecting...
✅ Bot connected!
❌ Disconnected, reconnecting...
❌ Disconnected, reconnecting...
❌ Disconnected, reconnecting...
❌ Disconnected, reconnecting...
❌ Disconnected, reconnecting...
❌ Disconnected, reconnecting...
❌ Bot disconnected (440), reconnecting in 5s...
❌ Disconnected, reconnecting...
❌ Disconnected, reconnecting...
❌ Disconnected, reconnecting...
❌ Disconnected, reconnecting...
❌ Disconnected, reconnecting...
❌ Disconnected, reconnecting...
✅ Bot connected!
❌ Disconnected, reconnecting...
✅ Bot connected!
❌ Disconnected, reconnecting...
❌ Disconnected, reconnecting...
❌ Bot disconnected (440), reconnecting in 5s...
❌ Disconnected, reconnecting...
✅ Bot connected!
❌ Disconnected, reconnecting...
❌ Disconnected, reconnecting...
❌ Disconnected, reconnecting...
❌ Disconnected, reconnecting...
❌ Disconnected, reconnecting...
❌ Bot disconnected (408), reconnecting in 5s...
❌ Disconnected, reconnecting...
✅ Bot connected!
❌ Disconnected, reconnecting...
❌ Disconnected, reconnecting...
❌ Disconnected, reconnecting...
❌ Disconnected, reconnecting...
❌ Disconnected, reconnecting...
❌ Disconnected, reconnecting...
❌ Disconnected, reconnecting...
❌ Disconnected, reconnecting...
❌ Bot disconnected (440), reconnecting in 5s...
❌ Disconnected, reconnecting...
node:internal/fs/promises:636
  return new FileHandle(await PromisePrototypeThen(
                        ^

Error: ENOENT: no such file or directory, open 'auth_info/creds.json'
    at async open (node:internal/fs/promises:636:25)
    at async writeFile (node:internal/fs/promises:1239:14)
    at async file:///data/data/com.termux/files/home/wa-bot/wa-bot/node_modules/@whiskeysockets/baileys/lib/Utils/use-multi-file-auth-state.js:35:17 {
  errno: -2,
  code: 'ENOENT',
  syscall: 'open',
  path: 'auth_info/creds.json'
}

Node.js v25.3.0
node:internal/fs/promises:636
  return new FileHandle(await PromisePrototypeThen(
                        ^

Error: ENOENT: no such file or directory, open 'auth_info/creds.json'
    at async open (node:internal/fs/promises:636:25)
    at async writeFile (node:internal/fs/promises:1239:14)
    at async file:///data/data/com.termux/files/home/wa-bot/wa-bot/node_modules/@whiskeysockets/baileys/lib/Utils/use-multi-file-auth-state.js:35:17 {
  errno: -2,
  code: 'ENOENT',
  syscall: 'open',
  path: 'auth_info/creds.json'
}

Node.js v25.3.0
Bot crashed or stopped, restarting in 5 seconds...
node:internal/fs/promises:636
  return new FileHandle(await PromisePrototypeThen(
                        ^

Error: ENOENT: no such file or directory, open 'auth_info/creds.json'
    at async open (node:internal/fs/promises:636:25)
    at async writeFile (node:internal/fs/promises:1239:14)
    at async file:///data/data/com.termux/files/home/wa-bot/wa-bot/node_modules/@whiskeysockets/baileys/lib/Utils/use-multi-file-auth-state.js:35:17 {
  errno: -2,
  code: 'ENOENT',
  syscall: 'open',
  path: 'auth_info/creds.json'
}

Node.js v25.3.0
Bot crashed or disconnected, restarting in 5s...
Starting Mr Wisdom Bot...
Scan this QR code:
▄▄▄▄▄▄▄▄▄▄▄▄▄▄▄▄▄▄▄▄▄▄▄▄▄▄▄▄▄▄▄▄▄▄▄▄▄▄▄▄▄▄▄▄▄▄▄▄▄▄▄▄▄▄▄▄▄▄▄
█ ▄▄▄▄▄ █▀ █▀    ▀█▀ █ █▄ ▄█▄▄▄▄ ▀█▀▀█ █▀▀ ▄▀ ▄▄ ██ ▄▄▄▄▄ █
█ █   █ █▀  ▀▄ █▄▄▀ ██▄▄  ▀█▄█ ▄█▄█ ▀▀█▀▀▄▄  █ ▄ ██ █   █ █
█ █▄▄▄█ █▀▀▀█▄█▀▄█▄█▄ ▄█▀ █ ▄▄▄ █▀▀█▄▄▄▀ █▄▄▄ ▀▀▄██ █▄▄▄█ █
█▄▄▄▄▄▄▄█▄█▄▀ ▀ ▀▄▀ ▀ ▀ █ █ █▄█ ▀▄█ ▀▄█ █ █▄▀ ▀ ▀▄█▄▄▄▄▄▄▄█
█  ▄  ▀▄  ▄█▀▄ ▀ ▄▀▄ █▀▀▄▀▄     ▀█▀█▀  █▀█   █▄▄   █ █▄▀▄▀█
█  ▀██▀▄▀▄▀▄▄▀▄ ▄ ▀ ▀▀▀ █  █▄  █▀▀▄██▀█▄▀▀▄█▀▀ ██▀██▀▀▀▀ ██
█▀▀▀▄▄▀▄▄▄▄▄  ▄▄▄█▀ ▄▄▀▄  ▀ █▀▀██▀█▄  ▀█▀█▀ █▀██ ▀▀▄█▀▀▄███
█▀▀█ ▄▄▄▀█ ▄▄▀▀█ ▄▀ ▀█▄█▄ ▀█▀▄▀▄██▄█▄▀▄ ▄ ▄▀█▀█▄▀ ▀█ █ ▀ ██
█▄▄▀▄  ▄   ▄█▄▄███   ▄█▀▄▀█▀▀  ▀▄▀▀▄▄▄▀███▄▀▄██▄ ▀███▀▀ █ █
█ ▀▄▄▄ ▄██▀▀▀▄▀█▄▄ ▄ ▀▄▀▄▄ ▄▀ ▀▄█▄▀ ▄▄▀ █▀▄██ ▄ ▀ ▄ ▄▀▀▀ ▀█
█ █ ▀▀▄▄ ▀▀█▄▄▀█▄▀▄▄▄█▀█▀▄▀ ▀▀▀  ▀▄█  ▀█▄█▀ ▄▀▄█▄▀▀▄▄▀█  ▀█
██▄██▄▄▄▀▄█▄█▄ ▀▄ ▄ ▄█  ▀█▀ █▀█▄█▄▄ ▄▀█ ▄██▀██▄▀▄▀▄ ▄▀▀▀▀██
██ ▄ ▄█▄█▄█  ▀ ▄▄█  █▄██  ▀▀▀▀█▀▄ ▄ ▄▄▀▄▀██▀▄█▄█▀▀ █▀▀█ ▄▄█
██ ▀▀ ▄▄▄ ▀▄██▀ █▄▄█ ▀▄█  ▄ ▄▄▄    █▄▀█ ▀▀ ▀▄█  ▀ ▄▄▄ ▀  ▀█
█▀▄▄█ █▄█ ▀▀▄▄▄█▀▄▄▀ █▄█▀ ▀ █▄█ ▄█▀▄  ▀███▀▀ ▀▄▄▀ █▄█ ▀█▄ █
█ ▄█▄ ▄▄▄▄▄█  █▀▀▄▀▀█▄▀█ ▀█ ▄▄▄▄█▄█ ▀█ ▀▄ ▄ ▀▀ ▀█▄▄▄▄ ▀▀ ▀█
█▀▀ ▄██▄█ ▄▀█▄ ██▄▄▄▀█▀█▀ ▄▀▄█▀  █▀██  █▀█▀  ▀██▀▀▀ ▀▄▀ ▀ █
█▀█ ▄█▄▄▄▄ ▄▄ ▄ ▀▀▀ ▄ ██ ▀▄▄ ▀▀ █▀▄▄█▄▀▀▄▀ ▄▀▀▄▄▀▄ █▄▄  ███
██▀ █▀▄▄  ▄▄█▄▄ ▀█▄▄▀▀▀█▄ █▄▀█ ▀▀▀██   ▄▀▀▀ ▄▀█▄▀█ ███▀▄█ █
██▀█▀█▀▄▄▀ ██▀  ▀█▀▄▀  ▀▄ █ ▀█▄▄▀█ █▄ ▄██▀█▀ ▄▄▄▀▄▄▀ ▀▀▀▄▄█
█▄▄▄▄ ▄▄█  █▄██ ▀▄  ▄▄▀▀▀▀█▀█▄ ▄▀█▀█▄ ▀▄▄█▀ ▄█ ██▄█▀▄▄▄ █▀█
█ ▀▄██ ▄█▀▄████ ██▀ ▄ ▀ ▀ █▀ ▀  ██▀█▀▀▄▄▄█ ▀ ▀ ▄██▄█▄█▄ ▀██
█ ▄▄█ █▄▀ ▀▄▄ ▀███▀ ▄▄▀▄  ████ █ █▄█▄▄ ▄██▀ ▀███▀▀  ▄█▄▀█▀█
█ ▀ ▀▀▄▄█▀▀█ ▄█▀ ▀███▄█▄██▄▄ ▀▀▄▀ █     ▄ ██▀ ▄▀██▄▀█▀ ▀ ▀█
███████▄█ ▀ ▀▀ ▀██▄▄▀▄█▀  ▄ ▄▄▄  ▀▄█▄  ██▀▀▀█▀▄▄█ ▄▄▄ ███▄█
█ ▄▄▄▄▄ █▄▄ ▄██ ▄▀ ▀█▀██▄ █ █▄█ ▀▀▀▄▀▄▄ ▄ █▀▄▀▀█  █▄█ ▀▀▄██
█ █   █ █ █▀▀▀█ ▄▀▀▄▄██▀▀▄   ▄ ▄▀██▄▄▄▄█ ▀  ▄▀███  ▄▄ █ ▄██
█ █▄▄▄█ █ ▄▀██▄▀▄ ▀▄▄█ ▄▀██ █▀▀██▄█▀▀▀ ▄▄▀▄▀    ▄  ▄██  ███
█▄▄▄▄▄▄▄█▄▄▄███▄██▄▄█▄██▄▄▄████▄▄▄▄▄▄▄█▄▄██▄███▄▄▄▄█▄█▄█▄██

Scan this QR code:
▄▄▄▄▄▄▄▄▄▄▄▄▄▄▄▄▄▄▄▄▄▄▄▄▄▄▄▄▄▄▄▄▄▄▄▄▄▄▄▄▄▄▄▄▄▄▄▄▄▄▄▄▄▄▄▄▄▄▄
█ ▄▄▄▄▄ █▀█▄▄ █ ▀▀█▀▄▀██   ██▀ ▄▄ ████ █▄█  █ ▄▄ ██ ▄▄▄▄▄ █
█ █   █ █▀▄ ▀ ▀██▄█▀▄▄▄▄  ▀█▀▄▄ ▄▄█ ▀ █▀▄█▀▄▀▄ ▄ ██ █   █ █
█ █▄▄▄█ █▀ █▀█ ▄▄███▄ ▀▄▀ █ ▄▄▄  █▄▀ █▄▀█▄▀▄▄█▀▀▄██ █▄▄▄█ █
█▄▄▄▄▄▄▄█▄█▄█ █▄▀▄▀ ▀ █ █ █ █▄█ ▀▄█ ▀▄█▄█ ▀ ▀ █▄▀▄█▄▄▄▄▄▄▄█
█ ▄  ▄█▄▄ ▀ ▀▀ █▄▄█▄ █▀█ ▀▄▄▄▄  ▀█▀█▀  █▀█▄▀██▄▄  ▄█ ▀▄▀ ▀█
██▀▀▀▀█▄▄▄▀▄█▄▄ ▄▄▀ ▀▀▀ ▀▀ ██▀▀█▀▀ ██▄▀█ ▄ █▀ ▄▄▄▀▄▄█▀▀▀▄▀█
█▀▄ ▄▀█▄█    █▄▄█▄▀ ▀█▀▄  ██▀▀▀██▀▀█▀▄ ▄▀▀▀ ▀▀▄▄   █ ▀▀▄▀▀█
█▀ ▀ ▀ ▄███  ▀██▄▄▄█▀▄  ▄▄▀█▀█▀ █▀█▄▄ ▄ ▄▀▀ ▄█▀  ▀▄▀█ ▀ ███
█  ▄ █▀▄█▀▀▄  ▄▀▄▄  ▀▄▄▀▀ ▀█▀ ▀ ██▀█▄▄▀▄▀▀▀ ▄▀▄▄▀▀▀█▀█▀▀███
█  ▄█ ▀▄ ▀▀▀██▀█ ▀▀█▄█ █  ▄▄▀  ▀▀ ▀▄▄ ▀████▀██▄   ▀█  ▀▀▄▀█
█▀█▄█ ▀▄ ▀▀▄█ ▀█▄▀▄ ▄█▀█▀▄  █▀█▀ █ ▄▄▄ █▀█▀▀▄█ █▄▀▄▄▀██▄▀ █
█▀▀ ▄▀▄▄██▀▄▀ █▀▄ ▀█▄██▄▀█▀ ▄  ▀▄██  ▀ ▄▄ ▀ █▄▀  ▀ ▄▄ ▀▀▀██
█▄▀█▀ █▄ ▄▀█▀▄  ▄▄▄ █▄▀█▀ █▀▀▀ ▀▄ ▄  ▄▀██▀ ▀ ██▄   █▀██▀▄ █
█▀▄▄  ▄▄▄  ▀█ ▀▄▀▀▄█ ▀▄██   ▄▄▄   ▄█▄█▀▄▀  █  ▄▄█ ▄▄▄ ▀  ██
██    █▄█  ▀▀▄█▀█▄▄▀▀█▄█▀▀▀ █▄█ ▄▀▄█ ▄ █▀█  ██▄▄▄ █▄█ ██ ██
█▀▄▀█▄ ▄▄ █▀ ▀█▄  █▄█▀▀▀▄▄ ▄    ▀▄▄ █ █ ▀▀▄██ ▀█    ▄▄▀▀▄██
███▀▄▀ ▄█  ▀▄▄▀█▄▄  ▄▄▀▀ ▀▄▄█▄▀  █▀█▄▄ █▀▀▄ ▄▀▀▄▀█▀█▄█ █▄██
█ ██▀ █▄▀█  ▀▄▄███▀ ▄▄▀ ▄ ▀▄  ▀ ▀█ ▄▄▄▄ ▄█▄██▄█▄▀▀ █ ▀▀▀ ▀█
█▄  ▀▀▄▄ ▀ █▄▄ █▀█▀▄▀▀▀█▄ █▀▀██ ▄▀▄█▄ ██▀█▀▀▄▀▀▄▀▀ ▀▀▄▄█▄▀█
██▄▄   ▄▀▀ ▄ ▀ ▄▀█  ▀ ▀▄▄ ▄ ▀█▄  █ ▄▄ █▄ ▀▀▀█▄█  █ █▀██▀▄▄█
█▄▀█▀ ▄▄ ▄ ▄▀ ▀█▄▄▀▄▄▄██▄▀█▀▄▄▀▀▀█▀█   ▄▀█ ▀ ██▄█▄█▀▄▄▄▀▀██
███▄ ██▄██ ██▀  ▄█▀  ▀▀ ▀▀█▀▀▀ ▄▀██▀█ ▄ ▀▄▄▄█  █▀▀ █▀▄▄ ▄▀█
█▀▀▄▄ ▄▄█▀ ▄▄  ▄█▄▀  ▄▀▄▀ ▄▀██   ██▄▄▄ █▀▀▀  ▀█▄█ ▀█▄▄▄██ █
█ ▀ ▀▀▄▄█▀█▄█▄▀▀▀█▄▄▄ ▄▀█▀ ▄▀▀▄▄▄▀█▀▀██  █ ▀▀  ██▄ █▄ ▀▀▄██
███████▄█▀█ ▀█ ▀▄█▄  ▄██  ▀ ▄▄▄  ▀▄█▄▄ █▀█ ▀▄▀██▀ ▄▄▄ ▀ ▀▀█
█ ▄▄▄▄▄ █▄▄█▀ ▄▄███▄▄█▀ █▀▄ █▄█ ▄█▀▄    ▄ █▄█ ▄█  █▄█   █▀█
█ █   █ █ ▀▄▄▀▀▀▄▀  ▄█ ▀▀▄▀ ▄▄ ▄▄███   ▄ ▀█▀ ████▄ ▄▄▄█▀█▄█
█ █▄▄▄█ █  ▄▀▄  ▄ █▄▄█▀█▀████▀▀██▄▄  █▀█ █▄▀█▀▄▄█ ▀▄██  ███
█▄▄▄▄▄▄▄█▄██▄▄▄█▄▄▄▄██████▄█▄▄█▄▄▄▄▄▄▄█▄██▄▄▄█▄███▄█▄███▄██

❌ Bot disconnected (408), reconnecting in 5s...
❌ Bot disconnected (408), reconnecting in 5s...
Scan this QR code:
▄▄▄▄▄▄▄▄▄▄▄▄▄▄▄▄▄▄▄▄▄▄▄▄▄▄▄▄▄▄▄▄▄▄▄▄▄▄▄▄▄▄▄▄▄▄▄▄▄▄▄▄▄▄▄▄▄▄▄
█ ▄▄▄▄▄ █▀ █▀  ▀██▄▀ █ ▄▄ ▄█▄▄▄▄ ▀██▀▀ █▀█  ▄▀▄▄ ██ ▄▄▄▄▄ █
█ █   █ █▀  █  █▄█▀ ▄█▄▄  ▀█▄█ ▄▄▄█ ▀ █▀▄▄▄ ▄▄ ▄ ██ █   █ █
█ █▄▄▄█ █▀█▀▄██▀▄█▄█▄ ▄█▀ █ ▄▄▄ ▄▄▀█  ▄▀█▀▄▄▀ ▀▀▄██ █▄▄▄█ █
█▄▄▄▄▄▄▄█▄█ ▀ ▀ ▀▄▀ ▀ ▀ █ █ █▄█ ▀▄█ ▀▄█ █ █▄▀ ▀ ▀▄█▄▄▄▄▄▄▄█
█  ▄ ▄█▄▄▄█  █ ▀ ▄▀▄ █▀▀▄▀▄▄    ▀█▀█▀  █▀█   █▄▄▀  █ ▀▄▀▄▀█
█  ▀██▀▄▀▄▄▀▄ ▄ ▄ ▀ ▀▀▀ █  █▄▄ █▀▀▄▀█▀█▄▀▀ ▀▀▀ ▀▄▄▄▄▀▀▀▀ ██
█▀▀▄▄▄▀▄▀ ▀▄  ▄▄▄█▀ ▄▄▀▄   ▀▀█▀██▀▄█   ▄▀█  █▀▄▄▀ ▀▄▀▀▀ ███
█▀▀ ▀▄▄▄▀█ ▄▄▀▀█ ▄▀▄▀██▀▄ ▀█▀██▄███▄ ▀▀▄ ▄█▀▀▀▄ ▄▀▀█▀▄▀  ██
█▀ ▀   ▄   ▄█▄▄█▄▄▄▄▀█▀▀▀ █▀▀ █ ▄▀▀█▄▄ ███▀▀▀▀██ ▀███▀▀ ▀▄█
█  ▀█  ▄██▀▀▀▄▀█▄▄ ▄▄▀▄▀█  ▄▀  █▀ ▀   ▀ ▀███▄█▄ ▀  ▄▄▀▀▀▄▀█
█▀▀ ▀▄ ▄ ▀▀██▀▀█▄▀▄▄▄█▀█▀▄▀ ▀▀▀ ██▄█  ▀█▀█▀  █▄█▄▀ █▄▀█ ▀▀█
██▄████▄▀ ▄ ▀ ▀▀▄ ▄ ▄█  ▀█▀ █▀█▄▄█▄ █▀█ ▄▄█▀█▄▄▀▄▀█▄▄▀▀▀▀██
██ ▄ █▀▄█▄▄▄▄▀▄▀▄█  █▄██  ██▀▀█▀▄ ▄ ▄▄▀▄▀██▀▄█▄█▀ ▀█▄██ ▄▄█
██ ▀▀ ▄▄▄ ▄▄▄██ █▄▄█ ▀▄█  █ ▄▄▄   ▄█▄▀█▄▀▀▄█▄█▄▄█ ▄▄▄ █  ▀█
█▀▄   █▄█ ▄▀▄▄█▀▀▄▄▀ █▄█▀ ▀ █▄█ ▄█ ▄   ███ ▀ ▀█▄█ █▄█  █▄ █
██ ▀ ▄▄▄▄ ▄█  █▀▀▄ ██▄▄█ ▀▄▄▄▄▄▄█▄█ █▀█▀▄▄ ▄▀████▄ ▄▄▄▀▀ ▀█
█▀▄ ███▄▄█▄▀█▄ █▄█▀▄▀█▄▀ ▀▄▀██▀  █▀█   ▄██  ▄▀███ ▀ ▄▄  ▀▄█
█ ▀▀ █▄▄▄  ▄▄ ▄  █▀ █ ██▀ ▄▄ ▀▀ ▀▀▄▄▀█   ▄ █ ▀▄▄ ▄ █▄▄   ▀█
█▄█ █▀▄▄  ▄▄ ▄▄ ▀█▄▄▀▀▀█▄ █▄▀██▀ ███▀  ▄▀▀▀ ▄██▄▀█ ███▀▄█ █
██▀█▀█▀▄▄▀▀▄██ ▀▀█▀▄▀  ▀▄ █ ▀█▄▄▀█ █▄ ▄██▀█▀▀▄▄▄▀▄▄▀ ▀▀▀▄▄█
█▄▄▄▄▀ ▄█  █▄ ██▀▄  ▄▄▀▀▀▀█▀█▄ ▄▀█▀█▄ ▀▄▄█▀ ▄█ ██▄▀ ▄▄▄ █▀█
█ ▀▄██ ▄█▀█▄█▀ ▄██▀ ▄ ▀ ▀ █▀ ▀  ████▀▀  ▄█ ▀ ▀▄▄▀▀▄█▄█  ▀██
█ ▄██ ▀▄  ▄▄▄  ▄██▀ ▄▄▀▄  █ ██ █ █▄█▄▄████▀ ▀█▀▄█▄▄▀▄█▀▀█▀█
█ ▀ ▀▀▄▄▀ ▀█ ▄█▀ ▀▀▀█▄▀▀███  ▀▀▄▀ █▀ ▄ ▄ ▄█▀▀    ▀▄█▀▀█▀ ▀█
███████▄▄ ▀ ▀▀ ▀██   ▄▄▀▄▀▄ ▄▄▄  ▀▄█   ▄█▀ ▀ ████ ▄▄▄ ▄██ █
█ ▄▄▄▄▄ █▄▄ ▄██ ▄█ ▀▄▀███▄█ █▄█ █▀▀▄█ █   █▀▀ ▀█  █▄█ ▀▀▄██
█ █   █ █ █▀▀▀█ ▄▀▀▄▄██▀▀▄  ▄▄ ▄▄██▄ ▄▄███   ▀███  ▄▄▄█ █▄█
█ █▄▄▄█ █ ▄█▀▀▄▄▄ ▀▄▄█ ▄▀██ █▀▀█▄██▀▀  ▄█ ▄▀    ▄  ▄█▀  ███
█▄▄▄▄▄▄▄█▄▄█▄▄▄███▄▄█▄██▄▄▄████▄▄▄▄▄▄▄█▄▄██▄███▄▄▄▄██▄▄█▄██

Scan this QR code:
▄▄▄▄▄▄▄▄▄▄▄▄▄▄▄▄▄▄▄▄▄▄▄▄▄▄▄▄▄▄▄▄▄▄▄▄▄▄▄▄▄▄▄▄▄▄▄▄▄▄▄▄▄▄▄
█ ▄▄▄▄▄ █▄▀▄▄▄▄▀ █ ▀ █ ▄ ▄▀▀█▄▄   ██ ▄ ▀ ▀▀ ▀██ ▄▄▄▄▄ █
█ █   █ █   █▄▀██▄ ▀▄█▄█ █ ▀█ ▄▀ ▄▀▄▄ ▀███▀▀▄▀█ █   █ █
█ █▄▄▄█ █▄ ██▄▄▀▄█ ▄  █▄█ ▄▄▄ █▀▀█▄▀ ▄▄▄▄▀█ ███ █▄▄▄█ █
█▄▄▄▄▄▄▄█▄▀ █▄█▄█▄▀ █ ▀▄▀ █▄█ █▄█ ▀ █ █ █ █▄▀ █▄▄▄▄▄▄▄█
█  ▄▄██▄█▄█████▄█  █ ▄ ▄▀▄▄   ▄▀█▀ ███▀▄  ▀ █▄▄█▀ ▄▄▀▄█
█▄▄█ ▄█▄█ █▄ ▀▀▀▀▄ ▄█▄▀▀ █▄▄ ▀█ █   ▄ ▀▀▄█▄▄ █▀▀  ▄█ ██
███▀▀ ▀▄▄  █▀▄ ██▄▄▄▄ ▀█▄▀▄█▄█▄▄▀▀ ▄ ▄▀ ████▀▀▀██ ▀ ▄ █
█▀▄▀▄▄▀▄▀█▀▀▀▄ █ ▄▀▀█ ▄██  █▄ ▀ █▀▄██▀█ █ ██▄▄▀▀ █ ▄▄▄█
█▀▀▀▀▄ ▄█▄█▀  █▄▄▀███▄▄▀▀▀ █ ▄▀▄    ▀▀█▄ ▀▀███ ▀▀▀  ▄██
██▄▄▄██▄ ▀ █ ▄▄███  ▄▀▄▄██  ▄▀▄█▄▀▄▄▄ █▀ ▀▀▄▄ █▀▄ ▀▀▄██
█ ▄ ▀▄█▄▀█▄▀▄█▀▀█▄ █ █▀ ▄▄▄▀▀▀▀ ▀▀▄█ ▀▄▄▀ ▀ █▄▄██▀▄▄█▀█
███ █▄▀▄█▄▀ ▄  ▀▄▄▀ █▀█ █▄█▄▀█▄ █▀█▀▄ ▄█▀█ ▄▀▀█ ▀▄█▄▄██
██▀▀▄ ▄▄▄  ▀▀▄▄  ▀▄▄   ▀  ▄▄▄ ██ █ ▄ ▄ ▀ █▄▄  ▄▄▄ █ █ █
█▄█▄  █▄█ ▄▀█▀▄▄█▀█▀▄▀█▀  █▄█ ▀ █ █▀▀▄▀█▄ ▀ █ █▄█ ▀█ ▄█
███ ▀▄▄▄▄  ▀█ ▄ █ ███▄ █   ▄▄▄ ██▄ ▀ ▀█▄▀█▀██    ▄  █▀█
█ ▄▄▀█▄▄  ██▀█▀▀▄▄█▄█▀▀▀█ █▄ ▄▄▄█▄ █▄ █▄▀▄▄█▀█▀▀  ▀▀█▀█
█▀▄▀▀▄▀▄ ███▄█ █ ▄▀█▀▄█ ▀ ██▀▀ ▀▄▀▀▄██▄▄▄▄▄▀ █▀██ ▄▄ ▄█
█ ▄▀▄██▄██▄██▀▀▄▄▀█ ▄▀▄█▄▄▄ ▀ ▄▄▄▄ ▄ █▄█▄██ ▄█▀█▀▀▄▄▄██
█▀▄█▀ ▀▄ ▄▄▀ ▄▄█ █ ▄▄  ▀█  ▀▀██▄▄▀ █▄▄   ▀▀▄▀ ▄███ ▀ ▀█
█▄█▄ █▄▄ ▄██ ▀█ ██  ▀█▄ █▄ ▄▄█▀ █▄ ▄ ▄██  █▄█▀ ▄  ▀▄▀▄█
█▀▄▀▄▀█▄▄▄█  █ █▀█▄███ █▄   █  ▄ ▄▀▀█▀▄█▄▀▀██▄ ██▄▄▄▀██
█▄ ▀▄▄▄▄   ▀▄█ ▄   ▀▀█ ▄▀▀█  ▄▀ ▄▄ ▄▀   █▀█▀▀▀ ▀▄█▀  ██
████▄██▄▄   █ ▄██▄██▀▄▄ ▀ ▄▄▄ ▀  ██▄ █▀█▄   ▄ ▄▄▄ █████
█ ▄▄▄▄▄ ██  ▄▀▄▀███ ▀▀ ██ █▄█ █▀ █▀█  ███▀ █▄ █▄█  ▄▄▀█
█ █   █ █▀ ▄ ██ ██ █▀▀▀██ ▄  ▄█▄▄█▀▄▄▄ ▀▀█▄█▀▄  ▄   ▀██
█ █▄▄▄█ █ █▄▀█▀▀ ▄▀▄█████▄▄  ▀▀▀ ▀█ ███▀▀▄▄█ ▀█▄ ▀ █ ██
█▄▄▄▄▄▄▄█▄▄▄▄▄█▄▄▄██▄▄▄███▄█▄████▄▄███▄▄▄█▄▄█▄▄▄▄▄▄█▄██

❌ Bot disconnected (428), reconnecting in 5s...
❌ Bot disconnected (428), reconnecting in 5s...
Scan this QR code:
▄▄▄▄▄▄▄▄▄▄▄▄▄▄▄▄▄▄▄▄▄▄▄▄▄▄▄▄▄▄▄▄▄▄▄▄▄▄▄▄▄▄▄▄▄▄▄▄▄▄▄▄▄▄▄▄▄▄▄
█ ▄▄▄▄▄ █▄▀▄ ▄█▄▀▀ ▄▄▀ ▄█▄ ▀▀▀▄ ▄▄ ▀ █▄▀▄▀ ▄█  ▄ ██ ▄▄▄▄▄ █
█ █   █ █ █▀▀▀ █▄██ ▄▄██▀▀ █ █▄▀ █▄▀▀ ▄▀▄█▀█ █▀▄ ██ █   █ █
█ █▄▄▄█ █▄█▀▄█▄█▀▀▄  ▀▄  █▀ ▄▄▄ ▀▀▀███  ▄  ▀ █▄▀▄██ █▄▄▄█ █
█▄▄▄▄▄▄▄█▄▀▄█▄█ █▄█▄▀▄▀ ▀▄█ █▄█ ▀ ▀ █ █ ▀ █▄▀▄▀▄█ █▄▄▄▄▄▄▄█
█ ▄  ▀█▄█ ▀▄██▀█████▀█ ▄  █▄▄▄   █ ▄▀▀▀█ ▄▄ ▄███▀  ██▄▄ ▀ █
█ █ ▄▄▄▄█▀█▀ ▀ ▀▀  ██ ▄▄ ▄▄█▄█  █ █▀▄▀▀▄█ █ █▀▀ ▄ ▀█▀  ▄  █
██▄▄█▀▀▄█▀██▄▀▄ ▀▄█▄▀▀█▄▄▄█▀▀██▀██▀██ ▀▀█▀██▀█ ▄▄█ ▀▀██▄▀██
█   █  ▄██▄▀  ▄█████ ▄█▀▄█ █▀▄█▀▄▀▀▀ █▀ █▄▀ ██ ▄ ▄█▀█   ▄██
██ ▄ ▀ ▄▀ ▄ ▀█  █ ▀█▄▄ ▀▀▄█▄▄▄█▄▀▄█▀ █▄█ █▀▄▄ ▀  ▄█▄▄▀▀▄▀▄█
█▀▀▄ ▄█▄ ██▀▀▀▀▀█ █▀█ ▄██▄▄ █ ███ █▄▄   ▀▀▀▄█▀▀▀▄▄██▄ ██▄██
███▄▄▄ ▄▀▀ █▄▄ ██ ▄▀██ ▄▀█▀ ▄ █ ▀▀▀█▀█▀██▄▀ ██▀▄▄ ▀█ ▄██▀▀█
█▄█▀▀▀█▄█▄ ▄▄▀▀█▀▄   ▄    █▀▀▄▀▄▀█ ▄▀▄▄█▀▄ █ ▄▄▄▀▄▀▀█  ▄█▄█
█ ▀▀█ ▄▄▀ ▄▀█  █ ▄ ▄█ ███▄▀██▀▄█▄▄  ▄ ▀▀▀▀▄█ ▀▀▄█▄  ██▀█▄▄█
█ █▄▀ ▄▄▄ ▄▀▀▀ ▄  ▄▄▀▀█▄█▀▄ ▄▄▄ ▀ █ ▄▄▄▄ ▀ ▄▀ ▀██ ▄▄▄ ▀▀▀██
█ ▄█▀ █▄█    ▀█▀  █▄█▄▀▀ ▄█ █▄█   ▄ ▀▀█▄▄▀▀█▀▄ ▀█ █▄█ █▄▄▄█
█▀█▀▀▄ ▄▄▄▀▀▄██ ▄ ▀███ ▀  ▀▄▄ ▄▄▀ ▀ █ ▄███ ▀█ ▄██ ▄ ▄ █▄▄▀█
█▀██▄  ▄▀ ▀ ▄█ █▀█ █▀██   █▄█▄▀▀▀█ ▄▀▀ █    █▀▄▄▀▄ █▄█▀██▀█
█▀█▀▀▄▄▄ ▄█▄ ▀ ▄██ ███▄▄ ▀██▄▄ █▀ █ ▄▀ ▀ ██▀▀    ▄▄▄▄▄ ▄▄ █
█▄▀▄█▀ ▄ █▄██▀ ▀███ ▀███ ▄████▄▀██ █▀▄█▀▀███ ██▄██ ██▄ ▀▄██
█▄█▄▀▀ ▄ ▀ ▀▄ ██ ▄ ▀   █▄▀█  ▄ █▀█▀██▀▄▄▀▀▀ ▄█▄▀ ▄▀█ ▄█ █▄█
█▀█▄▄██▄▄█▄ █▀▄ ▀  ▀ █ ▀█▄▀ ▀  ▄█▄▄▀▀█▄█▄▀▀▄▄▄  ▄▀█▄▀ ▀▄█▄█
█▀█ ▄█▀▄█▀▀ ▄███ ██▄ ██ █████▀▄ ▀▀██▀▄▄ █▄  █▄▄█▀▀▀██▄██▄██
█  █▄▄▄▄▀▀▀▄▄▀  ▄█▀▀▀▄ █▀▀█▀▄▄ ▀▀█▄▄▄█ ▄  ▀ ▀▀▄█▀█▄▀ ██ ▄ █
█ ▀ ▀▀▄▄▀   ▄▀█ ▄▀█▀ ▀▀▀▄▄██▄██▀   █▄▄▄█▀▀█▀█▀▀  ▄▄  ▀▀█ ▄█
███████▄█ ▀ █▀ █ ▄█   ▀███▀ ▄▄▄  █ █  ▀ █▀██ █▄█▀ ▄▄▄ █▄█▀█
█ ▄▄▄▄▄ ███▄▀▀█▄▀███ █ ▀ ▄█ █▄█ ▀█ █ █▀ ██▄▄█▄███ █▄█  ▀▀▀█
█ █   █ █▀▄ ▀▀█ ▀█▀█ ▄██ ▀█ ▄▄   ▄ ▀▀▀▄█▄▀▄▄▄▄ ▀█ ▄▄▄▄▄▄▀▄█
█ █▄▄▄█ █ █ ████  ▀ ▄▀███▀█▀ ▀█▀█   ▄ ▀▀██ █▄█ ▄▀▄▀  █▄▄█▀█
█▄▄▄▄▄▄▄█▄██▄█▄███▄█▄█▄▄█▄███▄███▄██▄█▄▄▄▄▄████▄█▄██▄██▄███

Scan this QR code:
▄▄▄▄▄▄▄▄▄▄▄▄▄▄▄▄▄▄▄▄▄▄▄▄▄▄▄▄▄▄▄▄▄▄▄▄▄▄▄▄▄▄▄▄▄▄▄▄▄▄▄▄▄▄▄▄▄▄▄
█ ▄▄▄▄▄ █▀ █▀ ▀ ██▄ ▄▀▀▄▀▄▄█▄▄▄▄ ▀█▀█▄▄▀▄▄▄▄▀█▄▄ ██ ▄▄▄▄▄ █
█ █   █ █▀  ▀  ██▄▀ ▄█▄▄  ▀█▄█ ▄ ▄█ ▀▀█▀▀▄▄  ▄ ▄ ██ █   █ █
█ █▄▄▄█ █▀██▀ █▀▄█▄█▄ ▄█▀ █ ▄▄▄ ▀█▀█▀█▄▀▀▀▄▄▀█▀▀▄██ █▄▄▄█ █
█▄▄▄▄▄▄▄█▄▀ ▀▄▀ ▀▄▀ ▀ ▀ █ █ █▄█ ▀▄█ ▀▄█ █ █▄▀ ▀ ▀▄█▄▄▄▄▄▄▄█
█  ▄  ▀▄ ▄▄▄ ▀ ▀ ▄▀▄ █▀▀▄▀▄     ▀█▀█▀  █▀█   █▄▄▀  █ █▄▀▄▀█
█  ▀██▀▄▀███▄█▄ ▄ ▀ ▀▀▀ █ ▀▄▄▄ █▀▀▄▀█▀█▄▀▀▄█▀▀▄▀▄▀█▄█▀▀▀ ██
█▀▀█▄▄▀▄██ ▄  ▄▄▄█▀ ▄▄▀▄    █▀▀██▀▄▄   █▀█▀▀█▀▀█▀▀▀▄ ██▄███
██ ▄▀▄▄▄ █ ▄▄▀▀█ ▄▀ ▀██▀▄ ▀█▀▄█ ██ ▄ █   ▄█ ▀█▄▄█ ▀█ █▀  ██
█ ▀▄█  ▄   ▄█▄▄█▄█▄ ▀▄██▀▀█▀▀  ▀▄▀▀▄█▄ █▀██▀▄▀██ ▀███▀ ▀█ █
█   ▀▄▄▄██▀▀▀▄▀███ ▄▄▀▄▀▄  ▄▀ ▀▄█▄▀ █▀▀▀▄▀████▄ ▀ ▄▄▄▀▀▀▄██
██▀ ▀ ▀▄ ▀▀██ ▀█▄▀▄▄▄█▀█▀▄▀ ▀▀▀ ▄▀▄█ ▄▀█▄█▀ ▄█▄█▄▀█▄▄▀█   █
██▄██▄▀▄█   ▀▀▀█▄ ▄ ▄█  ▀█▀ █▀█▄██▄ █ █ █▄█▀█▄▄▀▄▀▄▄ ▀▀▀▀██
██ ▄ █ ▄ ▄ ▀ ██ ▄█  █▄██  ▀█▀▀█▀▄ ▄ ▄▄▀▄▀██▀▄█▄█ ▀ █▀▀█ ▄▄█
██ ▀▀ ▄▄▄  ▄▄▄ ██▄▄█ ▀▄█  ▀ ▄▄▄   ▄█▄▀█▄▀▀▄▀▄█▄ ▄ ▄▄▄ ▀  ▀█
█▀▄▄█ █▄█ ▄▀▄▄█▄▀▄▄▀ █▄█▀ ▀ █▄█ ▄███  ▄███ ▀ ▀█▄█ █▄█ █ ▄ █
██  ▀  ▄▄ ▄█  █▀▀▄█▄█▄ ▀ ▀▄▄▄▄▄▄█▄▄▀██  ▄▄▄▄▀▀▀   ▄▄  █  ▀█
█▀ ▀ ██▄▀█▄▀█▄ ███  ▀▄▀▀▀ ▄▀▄▄▀  █▀█ ▄▀███▄▀█▀▀███▀ ██ ▀█▄█
█▄▄▄▀█▄▄▀  ▄▄ ▄  ▀▀ ▄▀██  ▄▄ ▀▀ ██▄▄ ▄ ▀ ▄ █▀ █▄ ▄ █    ▄▀█
█▄▄ █▀▄▄  ▄▄ ▄▄ ▀█▄▄▀▀▀█▄ █▄▀█▀▄▄███▄  ▄█▀▀ ▀▀█▄▀█ ███▀▄▄▀█
██▀█▀█▀▄▄▀ ▀▀  █▀█▀▄▀  ▀▄ █ ▀█ ▄▀▄ ██▀▄██ █▀▀█▄▄▀▄▄▀ ▀▀▀▄▄█
█▄▄▄▄ ▀▄█ ▄▀  ▀▀▀▄  ▄▄▀▀▀▀█▀█▄ ▄▀█▀█▄ ▀▄▄█▀ ▄█ ██▄▀▄▄▄  █▀█
█ ▀▄█  ▄█▀▄▄█ █▄██▀ ▄ ▀ ▀ █▀ ▀  ██▀▀▀▀ ▄▄█▄█ ▀▄▄██▀▀▄█ ▀▀██
█ ▄▄▀██▄▀█▄█▄  ▀██▀ ▄▄▀▄  ▄▄██ █ █▀█▄▄ ███▀ ▀█▄▄▀█▄▀▄▄  █▀█
█ ▀ ▀▀▄▄██▀█ ▄█▀ ▀█▀█▄▄ ███  ▀▀▄▀ █  ▄█▄▄▄▀▀█▄ ▀ ▄▄██▄   ▀█
███████▄▄▀▀ ▀▀ ▀█▄█▄ ▄▀█  ▄ ▄▄▄  ▀▄█▄▄▀▄█▀▀  ████ ▄▄▄ █▄▀▄█
█ ▄▄▄▄▄ █▄▄ ▄██ ▀  ▀ ███  █ █▄█ ▀█▀▄ ▄█▀ ▀█ █  █▄ █▄█ ▀▀ ██
█ █   █ █ █▀███ ▄▀▀▄▄██▀▀▄   ▄ ▄▄██▄  ▄█ ▀  ▄▀███  ▄ ▄█ ▄▄█
█ █▄▄▄█ █  ▀▀█ ▄▄ ▀▄▄█ ▄▀██ ▀█▀████▀   ▄▄ ▄▀▀▀  ▄  ▄▀█  ███
█▄▄▄▄▄▄▄█▄██▄█████▄▄█▄██▄▄▄█▄▄█▄▄▄▄▄▄▄█▄▄██▄███▄▄▄▄█▄█▄█▄██

Scan this QR code:
▄▄▄▄▄▄▄▄▄▄▄▄▄▄▄▄▄▄▄▄▄▄▄▄▄▄▄▄▄▄▄▄▄▄▄▄▄▄▄▄▄▄▄▄▄▄▄▄▄▄▄▄▄▄▄▄▄▄▄
█ ▄▄▄▄▄ █▀█▄▄ █ ▀██▀▄█▄▄▄  ██▀ ▄▄ █▀ █▄▀▀▀▄▄█▄▄▄ ██ ▄▄▄▄▄ █
█ █   █ █▀▄ ▀ ▀██▄█▀█▄▄▄▀ ▀█▀▄▄ ▄▄█  ▀█▀▄▄▀▄▀▄ ▄ ██ █   █ █
█ █▄▄▄█ █▀ ▀▄  ▄▄███▄ ▀▄▀ █ ▄▄▄ ▄▄▄▀▀▀▄▀▄▄▀▄▄█▀▀▄██ █▄▄▄█ █
█▄▄▄▄▄▄▄█▄█▄▀▄█▄▀▄▀ ▀ █ █ █ █▄█ ▀▄█ ▀▄█▄█ ▀ ▀ █▄▀▄█▄▄▄▄▄▄▄█
█ ▄  ▄▀▄ ▄▀█▀▀ █▄▄█▄ █▀█ ▀ ▄▄▄  ▀█▀█▀  █▀█▄▀██▄▄ ▀ █ █▄▀ ▀█
██▀▀▀ ▄▄▄▀██▀▄▄ ▄▄▀ ▀▀▀ ▀▀█▄▀█▀█▀▀ ██▄█▀ ▄▄█▀    █▄█ █▀▀▄▀█
█▀▄  ▀█▄▄ ▀█ █▄▄█▄▀ ▀█▀▄  ▄▄▀█▀██▀▄▄▀▄▀█▀▀  ▀▀▄▄▀▀ ████ ▀▀█
██▄▄█▀ ▄███  ▀██▄▄▀█▀▄▀ ▄▄▀█▀██ █▀▄▄▄▄ ▀ ▀ ▀ ▀▀ ▄▀▄▀▄▀▀ ███
█▄█  █▀▄█▀▀▄  ▄▀▄█▀▄ █▀█ ▀▀█▀   ██▀▄▀▄▄▄██▀▀██▄█▀▀▀█▀█▀▀▀▀█
█  ▀▄ ▀▄ ▀▀▀██▀█▄ ▀█▀█ █ ▀▄▄▀ ▀▀█▄▀▄ █▀▄▀██▀▀▄▄▀  ▀▀  ▀▀▀▀█
█▀ ▄█▀▄▄ ▀▀▄▄▀▀█▄▀▄ ▄█▀█▀▄  █▀█▀▄▀ ▄▄  █▀▀▀▀ ▀ █▄▀██▀██▄▀▀█
█▀▀ ▄ ▀▄▀▀▀█▄ ▀▄▄ ▀█▄██▄▀█▀ ▄  ▀█▄█ ▀▀ ▄█ ▀ ██▀  ▀▄▄▄ ▀▀▀██
█▄▀█▀▄▀▄▀▄▄▀█▄ ▀▄▄▄ █▄▀█▀ ██▀▀ ▀▄ ▄  ▄▀██▀ ▀ ██▄▀▀▀▄▄██▀▄ █
█▀▄▄  ▄▄▄  ▄▄▄▀ ▀▀▄█ ▀▄██   ▄▄▄   ▄█▄█▀▄▀ ▄▀  ▄▄  ▄▄▄ ▀  ██
██ ▀▀ █▄█ █ ▀▄▄ █▄▄▀▀█▄█▀▀▀ █▄█ ▄▀▄█ ▄▀▄▀█  ██▄▄  █▄█ ▀▀ ██
██▄█▀  ▄  █▀ ▀█▄  ▄ █▀█▀▄▄ ▄    ▀▄█ █▄ ▀█▀█▀▀▄█▄▀▄▄▄▄▄▀ ▄██
█▀▄ ▄▀ ▄▄  ▀▄▄▀█▄█▄▄▄▄▀▀  ▄▄▀▄▀  █▀█▄▄▄▄▀▀ ▀▄▀▄▄▀█▀█▀▄▀█▄██
█▄▄ ▀ █▄█▄  ▀▄▄█▀▀▀  █▀ ▀▀▀▄ ▄▀ ▀█ ▄▄▄▄  █▄█▀▀▄█▀▀ █▄█▀▀▄██
█ ▀ ▀▀▄▄ ▀ █▄▄ █▀█▀▄▀▀▀█▄ █▀▀█ ▀▄█▄█▄ ██▀█▀▀█▀▀▄▀▀ ▀▀▄▄██ █
██▄▄   ▄▀▀▄▄██▄ ▀█  ▀ ▀▄▄ ▄ ▀█  ▀█ ▄▄▀█▄▀▀▀▀███  █ █▀██▀▄▄█
█▄▀█▀██▄ ▄ ▀  ▀█▄▄▀▄▄▄██▄▀█▀▄▄▀▀▀█▀█   ▄▀█ ▀ ██▄█▄ ▀▄▄▄▀▀██
███▄ ██▄██  ▄▄▀ ▄█▀  ▀▀ ▀▀▀▀▀▀ ▄▀█▀▀█ ▄ ▀▄ ▄█  █▀▄▄█▀▄ ▀▄▀█
█▀▀█  █▄█▄▄█▄   █▄▀  ▄▀▄▀ ▄ ██   █▄▄▄▄▀▄▀▀▄▀ ▀█▄▀▀  █▄█ █ █
█ ▀ ▀▀▄▄▀▀█▄█▄▀▀▀█ ▄▄ ▄▄█▀  ▀▀▄▄▄▀▄▀▀█ ▄▄█▄█▀▄  ▄█▄███▄▀▄██
███████▄▄▀█ ▀█ ▀▄█▄▄▄▄▄▀ ▀▀ ▄▄▄  ▀▄█   ▄▀█▀  █ ▄▀ ▄▄▄  ▀███
█ ▄▄▄▄▄ █▄▄█▀ ▄▄█▀█▄ ▄▀ ▀▀▄ █▄█  ▀▀▄██▀  ▄█▄█ █▄▀ █▄█    ▀█
█ █   █ █ ▀▄  ▀▀▄▀  ▄█ ▀▀▄▀ ▄▄ ▄▀▀██   ▄▀██▀▄███▄▄ ▄▄ █▀▄██
█ █▄▄▄█ █ ▀█▀▄▄█▄ █▄▄█▀█▀████▀▀███▄  ▄▀█ ▄▄▀▄▀▄▄█ ▀▄ █  ███
█▄▄▄▄▄▄▄█▄█▄▄▄▄▄▄▄▄▄██████▄████▄▄▄▄▄▄▄█▄██▄▄▄█▄███▄█▄▄██▄██

Scan this QR code:
▄▄▄▄▄▄▄▄▄▄▄▄▄▄▄▄▄▄▄▄▄▄▄▄▄▄▄▄▄▄▄▄▄▄▄▄▄▄▄▄▄▄▄▄▄▄▄▄▄▄▄▄▄▄▄▄▄▄▄
█ ▄▄▄▄▄ █ ██▀ ▄▄▄▀▄ ▀▄█▄▄ ▀ ▀▄▄▄█▄ █ ▄█  █▄▄█▄▀▄ ██ ▄▄▄▄▄ █
█ █   █ █  █ █ █▄▀▄███▄▀▄█▀█▄ █▀▀▄██▀▄█▀ ▀▀█ █ ▄ ██ █   █ █
█ █▄▄▄█ █▀▄█▀█ ▄▀█▄█▀█▀█▀   ▄▄▄ █▄▄█  ▀▄▀▄▄▄▀ ▄▀▄██ █▄▄▄█ █
█▄▄▄▄▄▄▄█▄▀▄█▄▀ ▀ █▄▀ ▀▄▀▄█ █▄█ ▀▄█▄█ █ █▄▀ ▀ ▀▄█ █▄▄▄▄▄▄▄█
█ ▄▀█▄ ▄█▀██▀▀█▄█▄▀▄█ ▄▀▄▀▀▄▄   ▄ ▄█▀ █ ▄█  █ ▀▄▀▀█▀ ▀▄  ▄█
██ ▀█▀█▄█▀████▄ ▄█▄█▀▀▀█ █ ▄ ██ ▀▀   ▄█ ▀▄█▄▀▀ ▄▄▀█▄▀▄▄▄ ██
█▀▄█▀▄▀▄█ ▀▄  ▀▀▀█▀ ▀▀▄▄  ███▀▀█ ▄ ▄  █▀▄█▀▀ ▄▀▄ ▀▄▀▄█▀   █
█▄██▀▀▀▄ █ ▀▀▄▀█ ▀ █▀█ █▀█▀█   ▀██▀▀▀ █▄ █▀▄██▄▄█▄▀█ ▀ █ ██
█▄▄▀█  ▄███▄█▄▀  █▄▄▀▀█▀ ▀ ▄▄  ▀▀▄▄█  ▄ ▄▀  ▀▄▀█ ▀   ▀▀▀▄▀█
█▀██ ▀█▄██▀▄▄▀▀█  █▀▀█▄▄▀█ ▄▀██▀█▄▀██▀▀ ██   ▀█▄▄█  ▄▄▄▄▄▀█
█▄ █▄  ▄█▄▄█▀█▄ ▀▀▄▄▀ ▄█▀▄▄█▄▀▀ ▀ ▀█▄▄▄ ▄█▀ █ ▀█▄▀▀▀▀▀█ ▄▄█
█ ▄███▀▄█ █▄▄▀▀█▄█▀█▄█ █▄ ▀ █▄ ▀██▄█▀██ ▄▀ ▄██▄▄▀▄    ▄▄▀██
███▀█▀▀▄ ▀▀▀▀ █▀▀█   ▀ █    ▄▀█▀▀█▀ ▄▄▄▀▄██▀▀ ▀█▀▀█▀ ██ ▀▀█
█  ▀▀ ▄▄▄ ▄  ▀  █▀▀  ▀▄ ██▄ ▄▄▄    ▄▀▄▀ ▀▄█▄▄█▄▀▀ ▄▄▄  █ ▀█
█▀▀   █▄█  █▄▄▄▀▄▄▄▀█ ▀█▀ ▄ █▄█ ▀  █  ▄  █ ▀█▄▀█▄ █▄█  █▀██
█▄▀▄▀  ▄ ▄▄ ███▀▀▀▄▄█▄▄██▄▄▄▄   █▄██ ▄ ▄ █▄▀▀▀▀██▄▄▄▄ █▄ ▀█
█ ▀▄▀██▄▄▀▀▀█▄█  █ ▄▀▀▀▀▀ ▀▄ ▄▀ █ ▄█▄▄█▀ █  █ ██▀▀▄█ ▄▀▀ ██
█▀██▄ ▀▄ █ ▀▀█▄ ▄▀▄█ ▀█  █▄▄▀▀▄█▀▀▄▀▄█ ▀ ▄█▀█ █▀▄▀ █▄▀██▄██
██▀█ ▀▄▄██▀▄▀▀▀█▄█▄▄▄▄▄█▄  ▀▄██▀▄▄ █  █▀▄▀▀ █  ▄▀██  █▀▄▀▄█
█ ▀█▀ ▄▄▄▀▄▀▄▄▄▀▀ ▄▀▀  ▄▀██ ▀ ▀█▀█  ▀█▄██▄ ▄▀█▄▀▄▀▄▀ ▄▄▄▄▄█
█▄▀▀▀▀▀▄ █▀▄ ██▄▄▄  ▀▀▄▀▀▀ ▄ ▄ ▄▄ ▄█▄ ▄▀▀█▀ ▀ ███▄  ▀▄▄  ▄█
██▀▄█▄ ▄█▀▀█ ▀█▄█ ▄█▄ ▀█▄█▀▀ ▄████▀ ▄▄ ▄▄ █▄ ▀ █▄  █▄ ██▀██
█ ▀▀▀▄▀▄▄▀ █▄ ▄  █▀ ▀▀▄▄   ▀ █ ██ ██▄▄█▀ █▀▀▄ ▀▄▀█▄▀▀█ █ ▄█
█ ▀ ▀▀▄▄▄█▀ █▀█▀ ▄▄██▄ ▄  █▄ ▄▄▀▀ ██▀▀▄▄▄█ █▀▄▄▀█ ▄██▀▄▄ ▀█
███████▄█ ▄ ▀▀█▄▀▄▄▄▄ ▄█▄▀▀ ▄▄▄ █▄▀█▄ █▀█▀ ▀█▄ ▄▀ ▄▄▄ ██▄██
█ ▄▄▄▄▄ █▀▄█▀ █ ▀ █▄▀██ ▀ █ █▄█ ██▀▀▀█▄ ▀  █▀█  ▄ █▄█ ▄▄ ▀█
█ █   █ █▄ ▀▀▄ █▀▀▀▄▀  ▀▀▄█▄ ▄ ▄█▄ ▄  ▀ ▄█  █▄ ██ ▄   █   █
█ █▄▄▄█ █▀█▀▄██▄▄█▄▀▄█ ▀▄ █ ▀ ▄ ███▄██ ▄█▄▀▄   █▀█ ▄ ▄█████
█▄▄▄▄▄▄▄█▄▄▄█▄▄▄▄█▄▄▄█▄█▄▄█▄█▄█▄███▄▄▄▄████▄▄▄▄▄▄▄█▄█▄▄██▄█

Scan this QR code:
▄▄▄▄▄▄▄▄▄▄▄▄▄▄▄▄▄▄▄▄▄▄▄▄▄▄▄▄▄▄▄▄▄▄▄▄▄▄▄▄▄▄▄▄▄▄▄▄▄▄▄▄▄▄▄▄▄▄▄
█ ▄▄▄▄▄ █  ▄▄ ▀████ █  ▄ ▄█  ▀ ▄▀█▄█▄▀█ ▀▄▀▄  ▀▄ ██ ▄▄▄▄▄ █
█ █   █ █ ▄█▄▀▀█▄▀ ▄▄█▄▀▄█▀█▀▀▀█ ▄██▄▄█▀▀▀▄▀▄▄ ▄ ██ █   █ █
█ █▄▄▄█ █▀█████▀▀███▀█▄▄▀   ▄▄▄ █▀▀▀▄▄▀▄▀▄▀▄█▀▄▀▄██ █▄▄▄█ █
█▄▄▄▄▄▄▄█▄▀ ▀▄█▄▀ █▄▀ █▄▀▄█ █▄█ ▀▄█▄█ █▄█▄█▄▀ █ █ █▄▄▄▄▄▄▄█
█  ██▄ ▄▀█ █▀▄█ ▀▄█▄█ ▄█ ▀▀  ▄  ▄ ▄█▀ █ ▄█▄▀  ▀▄ ▀█▀▄█▄ ▄▄█
█ ▀▀▀▄ ▄▀▀▀█  ▄ ▄▀▄█▀▀▀█▄▄ ██ ▄ ▀▀   ▀██ ▀█▄▀  █ █▄█ █▄▄▄▀█
█▀▀█ ▀█▄▄ ▄█ █▀▀ ▄▀ ▄ ▄▄   ▀▄█▀█ ▄ █▀▄▄ ▄▀▀▀▄▄▀▄  █ ▄██▄▄▄█
███ ▀▄█▄█████▄██▄▀█▄▀▄▄▀▀▀▀█   ██▀▄ █▀▄█  █▄ █   ▄▄▀▄▄▄████
██▀▀▄█▀▄ ▄▄▄  ▀▄▀▄▄▄▄ ▄▀  ▄ ▄ ▀▀  ▄█▀ █ ▄▀▀▀▀  █▀▀▄ ▄█ ▀ ▄█
█ ▀  ▀ ▄ ▀▀▄  ▀█▄▀▄ ▄▀  ▄▄▄▄▀█▄█▀▄▀▀█ ▀▄▀▄ ▄ █▄▄████ █▄▄▄██
█▄█▀   ▄█▄▄▄▀▄▄ ▀▀▄ ▀ ▄█▀▄██ ▀█▀█ █▄▀ █ ▄█▀▀█▄██▄▀█ ▄██▄███
█▄▀ ▄ ▀▄█▀▄██▄▄▀▄█▄ ▄██▀▄ ▀ ▄██▄█▄███▄ ▄▄█▄██▄▀██▄█▄▄█▄▄▀██
█▄▄ ▄ ▀▄▀▀█▀▄▄▀▀▀▄▄  ▀▄█▀ ▄ ▄▀ ▀▀█▀  ▄▄  ▀ ▀█  ▄▄▀ ▀███▀▀██
█▄▄▄  ▄▄▄ █▄▄██▄▀▄▀  ▀▄  █▄ ▄▄▄   ▄▄▀ █▄▀█▀▄  ▄█▀ ▄▄▄ ▄█ ██
████▄ █▄█ ▀▀▀▄ ▄ ▄▄▀▄ ▀█▀▀▄ █▄█ ▀▄ █ ▄▄▀▄██▀  ▀██ █▄█ ▄▄█ █
█  ▄   ▄▄ █▄█▄█▄ █ ▀█▀ █▀▀   ▄▄▄▀▄██ █  ▀ ▀▄▀▄▄▀▄     ██▄██
█▄█▀▄▀ ▄▀██▀▄▄▄  █▄▄▄▀▄█▀▀▀▀ █▀ █ ▄█▄▄█ ▄▀▀▀▀ ██▀█▄  █▀▄▀ █
█▀█▄██ ▄██ █▄▀▄█ ▀▄██▄▀██▀▀▄▄▀▄█▀▀ ▀▀▀█ █▄▀ █ ▄▀█▄ ██ ▄▄▄██
█▀██▄▀▄▄█▄███▄█ ▄█▀▄▄▄▄█▄  ▄▄█▀█ ▄▀█▄   ▄▀▀▀▄▄▄▄▀▀█▄▄▄▄█▀██
█ ▄▄ ██▄▀▀  █ ▀ ▀ ██▀ ▀▀▀█▄ ▀ ▄▀ █ ▀ ▄█▄ ▄▄▄▄▄███  █▀  ▄▄▄█
█▄▄ ▄ █▄█▀▀ ▀▀▄▀▀▄▀▄▀▀ █▄▀ ▄▀▄▀▀▄ ▄█  █▀▄█ ▀█  ▄█▄█ ▀▄▄▀▄ █
█ █▄ █▀▄██ ▄▄█▀ ▄ ▄█ ▀▀█▄▄█▀▀▄█▀▀██  █ ▄▀▀▀▀█    ▀ █▀▀▄█▄▀█
█▀▄▀██ ▄██▄▀▄ ██ ▄▀ █▀▄▄▀ ▀█ █  █  █▄▄█ ▄▀▀ █▄▀▄█ ▄▀ ▄▀▄ ██
█ ▀ ▀▀▄▄▄██▀ ▀▀▀▀ █ ▄ ▄  ▄ ▄▀▄▀▀▄▀██ ▄   ▄▀▄▀ ▀███▀▀▄ ▄█▄██
███████▄█   ▀██▄▀█▀▄▀▀▄█▀▀▄ ▄▄▄ █▄▀█  ▀▀ █ ▀█ ▄▄▀ ▄▄▄  ▀  █
█ ▄▄▄▄▄ █▀▄ ▄█▄▄█  ▀█ ▀█▄▀▄ █▄█  ▀▀▀ ▀   ▄▀ █▄█▀  █▄█ ██ ▀█
█ █   █ █▄▄▄██▄▄▀▀  ▀ █▀▀▄▄▄   ▄▀▄ █▄▄█▀▄▀█▀▀▄ ██▄▄  ▄█▀▀ █
█ █▄▄▄█ █▀▀█▄██ ▄█ ▀▄█▀ ▄ ██  ▄ ██▄█▄ ▀█ ▀▀▄█ ▄▀ █▀▄█ █████
█▄▄▄▄▄▄▄█▄▄▄▄█▄▄█▄▄▄▄▄▄████▄▄██▄███▄▄▄▄█▄█▄▄█▄█████▄▄▄███▄█

Scan this QR code:
▄▄▄▄▄▄▄▄▄▄▄▄▄▄▄▄▄▄▄▄▄▄▄▄▄▄▄▄▄▄▄▄▄▄▄▄▄▄▄▄▄▄▄▄▄▄▄▄▄▄▄▄▄▄▄▄▄▄▄
█ ▄▄▄▄▄ █▀ █▀  ▀███▀▄▀▀▄█▄▄█▄▄▄▄ ▀▀█▀▀▄▀ █▄  █▄▄ ██ ▄▄▄▄▄ █
█ █   █ █▀  █▄ █▄█▀ ██▄▄▀▀▀█▄█ ▄ ▄█ ▀ █▀▄█▄ ▀▄ ▄ ██ █   █ █
█ █▄▄▄█ █▀███▀█▀▄█▄█▄ ▄█▀ █ ▄▄▄  ▄▀█  ▄▀ ▀▄▄▀█▀▀▄██ █▄▄▄█ █
█▄▄▄▄▄▄▄█▄▀ ▀▄▀ ▀▄▀ ▀ ▀ █ █ █▄█ ▀▄█ ▀▄█ █ █▄▀ ▀ ▀▄█▄▄▄▄▄▄▄█
█  ▄ ▄█▄ ▄▀█▄  ▀ ▄▀▄ █▀▀▄▀▄     ▀█▀█▀  █▀█   █▄▄ ▀ █▄▀▄▀▄▀█
█  ▀█▄▀▄▀█▀ ▀▀▄ ▄ ▀ ▀▀▀ █ ▀▄▄  █▀▀ ██▀▀ ▀▀▄█▀▀ ██▄███▀▀▀ ██
█▀▀█▄▄▀▄█ █   ▄▄▄█▀ ▄▄▀▄  ▀ █▀▀██▀█▄  ▀█▀█ ▀█▀█▄▄▀▀▄▀▀█ ███
█▀▄█▄▄▄▄▀█ ▄▄▀▀█ ▄▄▀▀█▄▄▄ ▀█▀██▄██▀▀ █▀▀▄▄▄▄██ ▄█▀▀█ ▄▄  ██
██▄▄█  ▄   ▄█▄▄███▄▄▄▄██▀ █▀▀ ▀ ▄▀▀█ ▄ ██▀▀ ▄███ ▀███▀ ▀█ █
██▄▄▄  ▄██▀▀▀▄▀█ ▄ ▄  ▄▀▀▄ ▄▀ ▀▄▀ ▀ █▄▀ █▀█▄▀ █▀▀ ▄▄▄▀▀▀▄▀█
█▀█ ▀  ▄ ▀▀█▀█▀█▄▀▄▄▄█▀█▀▄▀ ▀▀▀ ██▄█  ▀██▀▀ █▀▄█▄▀▀▄▄▀█  ▀█
██▄██▄ ▄█  ▄ █▀▀▄ ▄ ▄█  ▀█▀ █▀█▄█▄▄ █▀█ █▄█▀█▄▄▀▄▀▀█ █▀▀▀██
██ ▄ ▄▄▄▀▀█▄ ▀▀▀▄█  █▄██  ▀█▀▀█▀▄ ▄ ▄▄▀▄▀██▀▄█▄█   ▄█▀█ ▄▄█
██ ▀▀ ▄▄▄ ▀█ █▄▀█▄▄█ ▀▄█  ▄ ▄▄▄    ▀▄▀█ ▀▀ ▀▄█▄▄  ▄▄▄ ▀  ▀█
█▀▄▄▀ █▄█ ▀▄▄▄▀▄▀▄▄▀ █▄█▀ ▀ █▄█ ▄█▄█   ▄██ ▀ ▀█▄▄ █▄█ █ ▄ █
█▀▀▀▀▄▄▄▄▄▄█  █▀▀▄  █▄ █ ▀▄▄▄▄▄▄█▄▄ █▀█  ▄▀▀██ ▄ ▄  ▄▄▀  ▀█
█  ▄███▄  ▄▀█▄ ██▄ ▄█▄██▀ ▄▀▀▄▀  █▀█   ▄▀█  ▄█▄██▄▀ ▄▄  ▀▄█
█▄▄▀▀█▄▄ ▀ ▄▄ ▄ ▄█▀   ██▄ ▄▄▀█▀ ██▄▄▄▄    ▀█  ▄█ ▄ █▀█   ██
██  █▀▄▄  ▄▄▀ ▄ ▀█▄▄▀▀▀█▄ █▄▀█▀▀▄▀██   ▄█▀▀  ▀█▄▀█ ███▀▄▄ █
██▀█▀█▀▄▄▀█▄▀██ ▀█▀▄▀  ▀▄ █ ▀█▄▄▀█ ██▀▄██ █▀ █▄▄▀▄▄▀ ▀▀▀▄▄█
█▄▄▄▄ ▀▄█ ▄█  ▄█▀▄  ▄▄▀▀▀▀█▀█▄ ▄▀█▀█▄ ▀▄▄█▀ ▄█ ██▄▀ ▄▄ ▄█▀█
█ ▀▄█▄█▄█▀ ▀█▀  ██▀ ▄ ▀ ▀ █▀ ▀  ████▀▀▄▄▄█▄▀ ▀▄ █▄▀▀▄█ ▀▀██
█ ▄▄ █▀▄▀▀▄▄▄ ▀███▀ ▄▄▀▄  ▄███ █ ███▄▄ ▄██  ▀█▀██  ▀███ █▀█
█ ▀ ▀▀▄▄█ ▀█ ▄█▀ ▀▀ █▄█████  ▀▀▄▀ ▄▀▄ ▄█▄ ███ ▀▄▄▄▄▀▀▄▀▀ ▀█
███████▄▄▀▀ ▀▀ ▀██▄ ▀▄▄▀▀ ▄ ▄▄▄  ▀▄█ ▄ ▄▀▀▀  ▀█▄█ ▄▄▄ ███▄█
█ ▄▄▄▄▄ █▄▄ ▄██  ▄ ▀▄▀██▀ █ █▄█ ▀▀▀▄▄ ▄ ▀▄█ █▄ █  █▄█ ▀▀ ▀█
█ █   █ █ █▀█▄█ ▄▀▀▄▄██▀▀▄  ▄  ▄▀▀█▄▄ ▄█▀▀   ▀███  ▄▄▄█ ███
█ █▄▄▄█ █ ▄█▄▄▄▀▄ ▀▄▄█ ▄▀██ ▀█▀██▄█▀   ▄█▀▄▀ ▀  ▄  ▄█▀  ███
█▄▄▄▄▄▄▄█▄█▄▄▄▄███▄▄█▄██▄▄▄█▄▄█▄▄▄▄▄▄▄█▄▄██▄███▄▄▄▄█▄▄▄█▄██

❌ Bot disconnected (408), reconnecting in 5s...
❌ Bot disconnected (408), reconnecting in 5s...
Scan this QR code:
▄▄▄▄▄▄▄▄▄▄▄▄▄▄▄▄▄▄▄▄▄▄▄▄▄▄▄▄▄▄▄▄▄▄▄▄▄▄▄▄▄▄▄▄▄▄▄▄▄▄▄▄▄▄▄▄▄▄▄
█ ▄▄▄▄▄ █▀█▄▄ █ ▀██  ██▄▀▄ ██▀ ▄▄ ▀▀   ▀ ▄  ▀█▄▄ ██ ▄▄▄▄▄ █
█ █   █ █▀▄ █▄▀█▄██▀██▄▄▀▀▀█▀▄▄  ██  ▀█▀█▄▀▄ █ ▄ ██ █   █ █
█ █▄▄▄█ █▀ ▀ ▄ ▄▄███▄ ▀▄▀ █ ▄▄▄ ▀█▄▀█▀▄▀▀▄▀▄██▀▀▄██ █▄▄▄█ █
█▄▄▄▄▄▄▄█▄█▄█ █▄▀▄▀ ▀ █ █ █ █▄█ ▀▄█ ▀▄█▄█ ▀ ▀ █▄▀▄█▄▄▄▄▄▄▄█
█ ▄  ▄▀▄▄ ▀▄▀▀ █▄▄█▄ █▀█ ▀▄ ▄▄  ▀█▀█▀  █▀█▄▀██▄▄ ▀ █▄█▄▀ ▀█
██▀▀▀▀▄▄▀▄▀ ██▄ ▄▄▀ ▀▀▀ ▀▀███▀▀█▀▀▄██▄█▀ ▄ ▀▀  ▄ ▀▄███▀▀▄▀█
█▀▄  ▀█▄▀▀▀  █▄▄█▄▀ ▀█▀▄  ▄▄▀▀▀██▀██▀▄▄█▀▀▄ ▀▀██▄▀ █▀▀█ ▀▀█
█▄  ▄▀ ▄▄▄█  ▀██▄▄▄▄▀▄ ▄▄▄▀█▀▄▀ █▀▄   ▄▄ █▄█▄█ ▀  ▄▀▄ ▀▀███
█▀▄█▄█▀▄█▀▀▄  ▄▀█▄▄▄ █▀██▀▀█▀ █▀██▀▄ ▄ ████  ▀▄▄▀▀▀█▀█▀▀███
██▄▀ ▄█▄ ▀▀▀██▀█▀ ▀█ █ █▀ ▄▄▀ ▀▀▀ ▀▄▀█ ▄▀ ▄▀ █▄▀  ▀█  ▀▀▄▀█
██ ▄███▄ ▀▀▄██▀█▄▀▄ ▄█▀█▀▄  █▀█▀ ▀ ▄▀▄ ███▀▀▄█ █▄▀ ▄▀██▄▀ █
█▀▀ ▄▀█▄▀█ ▀█▀ █▄ ▀█▄██▄▀█▀ ▄  ▀███ ▀  ▄█▀▀ ▄█▀  ▀▄▀▄ ▀▀▀██
█▄▀█▀▄▀▄█ █▄▀▄ █▄▄▄ █▄▀█▀ █▀▀▀ ▀▄ ▄  ▄▀██▀ ▀ ██▄ ▀██▀▀█▀▄ █
█▀▄▄  ▄▄▄ ▄▄██▄█▀▀▄█ ▀▄██ ▀ ▄▄▄    ▀▄█▀▄▀  ▀   ▄  ▄▄▄ ▀  ██
██ █▄ █▄█ █▄▀▄▄ █▄▄▀▀█▄█▀▀▀ █▄█ ▄▀ ▄ ▄▀█▀█▀ ██▀▄▀ █▄█    ██
████   ▄  █▀ ▀█▄   ▀█▀▀█▄▄      ▀▄▄ █▄█ ▀██▄▀ █▄▀▄  ▄ ▀▀▄██
█▀ █ ▀ ▄ ▄ ▀▄▄▀█▄▄▄▄▀▄▀█▀ ▄▄▄█▀  █▀█   ██▀▀ ▄██▄█▄▀█▄█▀█▄▀█
███▀  █▄ ▀  ▀▄▄█▄▄▀ █ ▀ █▀▀▄▀▀▀ ▀▀ ▄ ▄▄  ▀█▄▀▄██ ▀ █▀▄▀▀▄██
█ ▀ ▀▀▄▄ ▀ █ ▄ █▀█▀▄▀▀▀█▄ █▀▀█▀█▀▀▄█▀▄██▀▀▀▀▄▀▀▄▀▀ ▀▀▄▄█▄ █
██▄▄   ▄▀▀▄▄▀█ █▀█  ▀ ▀▄▄ ▄ ▀█▀▄ █ ▄▄ █▄  ▀▀█▄█  █ █▀██▀▄▄█
█▄▀█▀▄▄▄ ▄ ▄ █▄█▄▄▀▄▄▄██▄▀█▀▄▄▀▀▀█▀█   ▄▀█ ▀ ██▄█▄▄▀▄▄ ▀▀██
███▄ █ ▄██▀█ █ ▄▄█▀  ▀▀ ▀▀▀▀▀▀ ▄▀██▀█ ▄ ▀▄  █ ▄█▀ ▀▀▀▄▀▀▄▀█
█▀▀ ▀▀▄▄▀█ ▀▄ ▀▀█▄▀  ▄▀▄▀ ▄███   █▀▄▄▄▀▄▀▀█  ▀███▀▄▀▄█▄██ █
█ ▀ ▀▀▄▄█ █▄█▄▀▀▀█▀█▄ ███▀▀▄▀▀▄▄▄▀█ ▀█▄█ █▄█▀    ▄▄▀▀▄ ▀▄██
███████▄▄▀█ ▀█ ▀▀▄   ██▀  ▀ ▄▄▄  ▀▄█ ▄▀█▀▀ ▀█▀███ ▄▄▄ ▀ █▀█
█ ▄▄▄▄▄ █▄▄█▀ ▄▄ ██▄ ▄▀ ▀▀▄ █▄█ ▄█▀▄▄▀▀ ▀ ██▀▄▄▄▄ █▄█   ▄██
█ █   █ █ ▀▄█ ▀▀▄▀  ▄█ ▀▀▄▀ ▄  ▄▄███▄  ▄▀▀█▀ ▀███▄ ▄  █▀▄██
█ █▄▄▄█ █  ▄  █ ▄ █▄▄█▀█▀███▄█▀██▄▄ ▀▄▀█▀█▄▀▄▀▄▄█ ▀▄█▀  ███
█▄▄▄▄▄▄▄█▄██▄█▄█▄▄▄▄██████▄█▄▄█▄▄▄▄▄▄▄█▄██▄▄▄█▄███▄█████▄██

Scan this QR code:
▄▄▄▄▄▄▄▄▄▄▄▄▄▄▄▄▄▄▄▄▄▄▄▄▄▄▄▄▄▄▄▄▄▄▄▄▄▄▄▄▄▄▄▄▄▄▄▄▄▄▄▄▄▄▄▄▄▄▄
█ ▄▄▄▄▄ █ ██▀ ▄▄ ██ ▀▄▄▄▄▄▀ ▀▄▄▄█▄ ▀▄ ▄▄█▄▀▄█ ▀▄ ██ ▄▄▄▄▄ █
█ █   █ █  █ █ ██ ▄█▄▄▄▀▄▄▀█▄ █▀ ███▄▄█▀▄ ▀█ █ ▄ ██ █   █ █
█ █▄▄▄█ █▀ █▄█ ▄▀█▄█▀█▀█▀   ▄▄▄   ▄█▄ ▀▄▀▄▄▄▄ ▄▀▄██ █▄▄▄█ █
█▄▄▄▄▄▄▄█▄▀▄█▄▀ ▀ █▄▀ ▀▄▀▄█ █▄█ ▀▄█▄█ █ █▄▀ ▀ ▀▄█ █▄▄▄▄▄▄▄█
█ ▄▀█▄ ▄█▀█▀▄▀█▄█▄▀▄█ ▄▀▄▀█ ▄   ▄ ▄█▀ █ ▄█  █ ▀▄ ▀█▀▄█▄  ▄█
██ ▀█▀█▄██▄▀▀ ▄ ▄█▄█▀▀▀█ █▀▄▄▀█ ▀▀▄  ▄█ ▀▄█▄▀▀▄▄█▀▄▄▄ ▄▄ ██
█▀▄ ▀▄▀▄█▄    ▀▀▀█▀ ▀▀▄▄  ▄▄ ▀▀█ ▄██  █▀▄█▀  ▄▄█▀ ▄▀▄█▀   █
█▀█ ▀▀▀▄ ▄ ▀▀▄▀█ ▀▀▄▀██▄▀█▀█ ▀▄███▀▀█▄██ ██▄▀▀█▀█ ▀█ ▀██ ██
█ ▄    ▄███▄█▄▀  █▄▄▄ ▄█▀  ▄▄  ▀▀▄▄▄  ▄▀▄▀  ▀ ▄█ ▀   ▀▀ ▄▀█
█▀▀██▀█▄██▀▄▄▀▀██▀█▀▄▄▄▄ █ ▄▀█▄▀▀ ▀█▄▀▀▀▄▄ ▀▄ ██▄█ ▄▄▄▄▄ ▀█
█▄▄█▄▄▄▄█▄▄█▀▄▄ ▀▀▄▄▀ ▄█▀▄▄█▄▀▀ ▀ ▀█ ▄▄ ▀█▀ █▄▀█▄▀▄▀▀▀█ ▄██
█ ▄██ █▄█ █ ▀▀ ▀▄█▀█▄█ █▄ ▀ █▄ ▀██▄█▀▄█ ▄▀ ▄▄▄▄▄▀▄█ ▄ ▄▄▀██
███▀█▄▀▄█▀ ▄▄█ ▄▀█   ▀ █  ▄▄▄▀█▀▀█▀ ▄▄▄▀▄██▀▀ ▀█▀ █ ▄██ ▀▀█
█  ▀▀ ▄▄▄ ███▄█▀█▀▀  ▀▄ ██  ▄▄▄     ▀▄▀▄▀▄▀ ▄█ ▀  ▄▄▄ ▄█ ▀█
█▀▀█▀ █▄█ ▀█▄▄█ ▄▄▄▀█ ▀█▀ ▄ █▄█ ▀  █  █▀ █▀▀█▄ ██ █▄█ █ ▀██
███▄▄ ▄▄▄ ▄ ███▀▀▀▄██▄▄▄█▄▄▄▄   █▄▄█▄ █▄▄██▄██  ▄▄ ▄  █▄ ▀█
█▄ ████▄▄▀▀▀█▄█ ▀█  ▄  ▀▄▀▀▄▀█▀ █ ▄█▄ ▀▀▀▀  ▀▄▀██▀▄█▄▄   ██
███▀▄ ▀▄   ▀▀█▄ █▄▄█  █ ▀▀▄▄ ▀▄█▀▀▄▀ ▀▀ ▄ █ ▄ █▀█▀ █▀ ██▀██
█ ██ ▀▄▄██▀▄█ ▀█▄█▄▄▄▄▄█▄  ▀▄█▄█   █▀▄█▀▄▀▀ ▀  ▄▀██  █▀▄ ██
█ ▀█▀ ▄▄▄▀█ ▀▄▀▀▀ ▄▀▀  ▄▀██ ▀ ▄▀ █  ▀█▄█▄▄ ▄ █▄▀▄▀▄▀ ▄▄▄▄▄█
█▄▀▀▀▄ ▄ █ ▄ █▄▄▄▄  ▀▀▄▀▀▀ ▄ ▄ ▄▄ ▄█▄ ▄▀▀█▀ ▀ ███▄ █▀▄▄▄ ▄█
██▀▄██▄▄█▀▄▀▀▄  █ ▄█▄ ▀█▄█▀▀ ▄████▀▄▄▄ ▄▄ ▀▄ ▀▄▀▄ ▄█▄ ▄█▀██
█ ▀█▀█▀▄▀  █▄ █▄ █▀ ▀▀▄▄  ▀▀ █ ██ ██▄▄   █▄ ▄ ▄█▀ █  █▄▄ ▄█
█ ▀ ▀▀▄▄  ▀ █▀█▀ ▄ ██▄▄   ▄▄ ▄▄▀▀ ███▀▄ ▄██▄█▄▀▀█▀▄█ ▀██ ▀█
███████▄█▀▄ ▀▀█▄▀█▄ ▄ ▄▀▀ ▀ ▄▄▄ █▄▀█▀▄█▀▀▀▀▀▀▄ ▄▀ ▄▄▄ ██ ▀█
█ ▄▄▄▄▄ █▀▄█▀ █  ▄█▄▄██ ▀ █ █▄█ ▀█▀▀▄ █ █▄▀██▀ ▀█ █▄█ ▄▄ ██
█ █   █ █▄ ▀▀▀ █▀▀▀▄▀  ▀▀▄█▄▄  ▄▀  ▄▀▄▀  █  █  █▄ ▄   █  ▀█
█ █▄▄▄█ █▀  █▄█▀▄█▄▀▄█ ▀▄ █ █ ▄ ▄██▄▄█ ▄█▄▀▄▀▀ █▀█ ▄▄▄█████
█▄▄▄▄▄▄▄█▄████▄▄▄█▄▄▄█▄█▄▄█▄█▄█▄███▄▄▄▄████▄▄▄▄▄▄▄█▄▄█▄██▄█

❌ Bot disconnected (408), reconnecting in 5s...
❌ Bot disconnected (408), reconnecting in 5s...
Scan this QR code:
▄▄▄▄▄▄▄▄▄▄▄▄▄▄▄▄▄▄▄▄▄▄▄▄▄▄▄▄▄▄▄▄▄▄▄▄▄▄▄▄▄▄▄▄▄▄▄▄▄▄▄▄▄▄▄▄▄▄▄
█ ▄▄▄▄▄ █▄▀██  ▄█ █ ▀ ▀█▀ █ ▀ ▀▄▀█  █▀█  █▀ ▀▄ ▄ ██ ▄▄▄▄▄ █
█ █   █ ██ ██  ▀  █▀▄▀ ▀▀  ▀█▀▄  ▀▀█▀ ▄██▀▀▄█ ▄▄ ██ █   █ █
█ █▄▄▄█ ██▄▀▀█ █ ▀ █▄▀█ ▄ █ ▄▄▄  ▀ ██▀▄ ▀▄▄▄▀▀█▀▄██ █▄▄▄█ █
█▄▄▄▄▄▄▄█ ▀▄▀ ▀ █▄▀ █▄▀ █ ▀ █▄█ █ ▀ ▀▄▀ ▀ ▀ █▄▀▄▀▄█▄▄▄▄▄▄▄█
█ ▄█▄ █▄▀▀ ▄ ▄▀▀ ▀█▄▀▀█  ▀█▄     ▀█ ▀ ▀▀█ ▄▀▄▀ ▀▀▀█ ▀██▀▀▄█
██▀ ██ ▄ ▄▀▄▄▀▄▀  ▄ ▀ █▄▄▀ ███▄█▀  █ ▄█ ▄ █▀▀▀▄▄█ ▄█ ▀▄▀▄ █
█▀▀ ▀ ▄▄ ▀▄▄▀█▀▀▀█  ▄ ██▀   ▀▄ █ ▄▀▄ ▄▄ █ ▀ ▄▄▀▄▀ █ █▄ ▄▄▄█
█ ▀▄▄▄ ▄█ ▀█ ▀▄▀ ▀█   █▄▄▄ ▀▄▀▀▄▄█▀  ▄▀▀▄ ▀ █▀▀  ▄██ ▄ ▀▄▀█
█   ▄▀▄▄█ █ █ ▄   ▀  █▀█▄▀▀▄█▄▄▀█▄▄▀▀ ▄████▀▄ ▀ ▄▀▀▄█▀▄ █ █
█▀▄▄▀▀ ▄█▄█ ▄█▄ ██ █▄▄▄▄▄█▀▀█▀   ███▀ ▄▀█ ▄  ▀ ▀▀ ▄ ▄▀ ▀▀▄█
██▀ ▀█▀▄▀██▀ █ ▀ ▄▄ █▀█ ▀▄▀▄▀▄█▀▀▀▄▀▄ ▀▀ ▄▀▀█▀▄ ▄▀▀▀█ █▄ ▄█
█▀▀▀ ▀▀▄▀▄ ▄ █▀▄ ▄▄█▄▄▀ ▄█▀▀ ▄█▀▄█▀▄█▀ █ ▄▄ ▄▄█▄█▀▄▄ ▄▄▀▀▄█
█▄▄ ██▄▄▄█▄█▀ █  ██  ▀█▄  ▄▄█ ▀▀▀█ ▀▀▄▄ ▀ ▀▀█ ▀█ ▀▄ ▀▄▄▀▀██
█▀█ ▄ ▄▄▄ ▀ █▄█ █▄▄█▀█  █ ▀ ▄▄▄ ▀▄▄▄▄█▄▄██▄█▀▄▄▀█ ▄▄▄ ▀ ▀▀█
██ ▄  █▄█ █▄▄▄█ ▀ ▀▀▀▄ ▀▄▀▀ █▄█ ▄  ▀█▄ ▄█▀█▀█▄ ▀▄ █▄█  █ ▄█
█▄▀█▀▄▄▄▄ ▀ ▀▀ ▀▄▀▀▄ ▄▀ █▄▄▄▄   ▄▀▀▀ ▄▄██▄ ▀▄█ █▄▄▄ ▄ ▀▀▀ █
█▀▀█▀▄ ▄▀ ▄▄▄▄ ▀  ▀▄ ▀█▄▀▀█ ▀ ▀ ▀▀█ ▄ ▀ ▀ █ █▀▀▀██ ▀▀▀▀▄▀▀█
█▀▀ ▀▄ ▄ ▄▄▄▄▄▄▄█ ▄ ▀▀█▄▀▄▀█▀█▄ █▄▄  ▀█ ██▀█▄   ▄▀ ▄  ▄▀▄▄█
█ ███ █▄█▄▄▄▀▀█ █▄ ▄▄▄█▄█  ▄█▄▀▄█  ▄▀▄  ▀  ▀█ ██ ▀█▄████ ██
███ ▄█ ▄ █▀ ▀▄▄▀█    ▄█▀▄ █▄█ ▄▄ ▀▄▀▄▀▄ ██▀▀▄ ▀█ █▀▀█ █▀█ █
█▄▀▄██ ▄ █ ▀██▄   ▄▄▄█▀▀▀▀█   ▄▀▀▄█▀█  ██▀█▀ ▄▀  ▄▀   ▀▀▀▄█
██ ▀▄▀ ▄   ▀▄  ▄ ▄  █▄█▀ ▀ ▄█ ▀▄▄ █ ▄ ▀▀███  █▄▄ ▄█▄██▀▀▀▄█
█▀ ▀▄▀ ▄▀▄█▄▄ ▀ ▀▀▀ ▀ █▀▀ ▄ ▀   ▀▀  ▄▄▀▀█▄  ▀█▄▀▀▀▄▀▀▀ ▀▄▄█
█ ▀ ▀▀▄▄ ▄▀  ▄▀ █▀▄▀▄▀▄▄ ▀▀▀██▀▄▄ ▀█▄█ █ █▀ ▀▀▀▄█▄█ ▀▄  ▄▄█
███████▄█▀▀▀ ██▄ ██▄▄▀▀▄█▀▄ ▄▄▄ █▄ ▄█▄█ █ ▀▀ ▄ ▄  ▄▄▄  ▀▄▄█
█ ▄▄▄▄▄ ██  ▀ █ ███▄▀ ██ ▀█ █▄█ █▀█▀▄▄▀▄█▄▄▄██▀ █ █▄█   ▄▀█
█ █   █ █ █ ▄ ▀  ██ ▄▄▄█▄▄▀ ▄ ▄▄ ▄▀▀▀▄ █ ▀ ▀  ▀▀ ▄ ▄▄▄ ▀███
█ █▄▄▄█ █▀ █ ▄▀█ ▀▄▄▀ █▄ █  ▀  █▀  ▀ █▄ █▄█▀ ▄ █▄ ▄▀▀▄▀   █
█▄▄▄▄▄▄▄█▄▄███▄█▄█▄▄▄██▄████▄██▄█▄▄█▄▄▄▄█▄▄▄██▄▄█████▄█████

Scan this QR code:
▄▄▄▄▄▄▄▄▄▄▄▄▄▄▄▄▄▄▄▄▄▄▄▄▄▄▄▄▄▄▄▄▄▄▄▄▄▄▄▄▄▄▄▄▄▄▄▄▄▄▄▄▄▄▄▄▄▄▄
█ ▄▄▄▄▄ █▀ █▀ ▀ █▀▄ ▄█▀▄▄ ▄█▄▄▄▄ ▀██ █ ▀█▄▄ ▄▄▄▄ ██ ▄▄▄▄▄ █
█ █   █ █▀  █  █▄█▀ ██▄▄▀▀▀█▄█ ▄▀▄█  ▀█▀▄█▄ ▀█ ▄ ██ █   █ █
█ █▄▄▄█ █▀▀█▀ █▀▄█▄█▄ ▄█▀ █ ▄▄▄ ▄▄▀█▀ ▄▀▄▄▄▄▄█▀▀▄██ █▄▄▄█ █
█▄▄▄▄▄▄▄█▄█▄█ ▀ ▀▄▀ ▀ ▀ █ █ █▄█ ▀▄█ ▀▄█ █ █▄▀ ▀ ▀▄█▄▄▄▄▄▄▄█
█  ▄ ▄█▄▄▄▀▀ █ ▀ ▄▀▄ █▀▀▄▀ ▄    ▀█▀█▀  █▀█   █▄▄▀  █▄▀▄▀▄▀█
█  ▀██▀▄▄ ▀▄▀█▄ ▄ ▀ ▀▀▀ █ ▀█ ▄ █▀▀▄██▀▀ ▀▀ ▀▀▀ █▄██▄██▀▀ ██
█▀▀▀█▄▀▄  ▀▄  ▄▄▄█▀ ▄▄▀▄  ▀ ██▀██▀█▄  ▄▄▀█▀ █▀█▄▀▀▀▄██▀ ███
██▀▄█▄▄▄▀█ ▄▄▀▀█ ▄▀▄▀█  ▄ ▀█ █▀ ██▄█▄▀ ▄▄   ▀▀ ▄█ ▀█ ▄   ██
█ █▀   ▄   ▄█▄▄███▄  ███ ▀█▀▀ ▄ ▄▀▀█▄▄▄██▀ ▀ ▀██ ▀███▀ ▀█ █
█▄█  ▄ ▄██▀▀▀▄▀█ ▀ ▄█ ▄▀ █ ▄▀  █▀ ▀  █  █▄██▀▀█ ▀ ▄ ▄▀▀▀ ██
█   ▀ ▄▄ ▀▀█▀ ▀█▄▀▄▄▄█▀█▀▄▀ ▀▀▀ ▄▀▄█  ▀██▀▀ ██▄█▄▀ █▄▀█  ▀█
██▄████▄▀▄▀█▀▀▀ ▄ ▄ ▄█  ▀█▀ █▀█▄█▄▄ █▀█ ▄▄█▀▄▄▄▀▄▀▀ ▄▀▀▀▀██
██ ▄ █▄▄ ▄▀▄ ▀▀▄▄█  █▄██  ▀█▀▀█▀▄ ▄ ▄▄▀▄▀██▀▄█▄█▀▀▄█▄██ ▄▄█
██ ▀▀ ▄▄▄ ██▄▄ ██▄▄█ ▀▄█    ▄▄▄    ▀▄▀█▄▀▀ ▀▄█▄   ▄▄▄ █  ▀█
█▀▄ ▄ █▄█ ▄▀▄▄▄█▀▄▄▀ █▄█▀ ▀ █▄█ ▄█ █  █▄██   ▀███ █▄█  ▀▄ █
█▀▄█▄▄ ▄▄▄▄█  █▀▀▄ ▀█▄ █ ▀█▄▄▄▄▄█▄█ █▀▄▄ ▄▀▄▀▀▀▀▄▄    ▄  ▀█
█▄▀█▄██▄█ ▄▀█▄ █▄█▄▄ █▄▀▀ ▄▀▄▄▀  █▀█▄  █▀█ ▀▀█▄▄█▄▀ ▄█ ▀▀ █
██▀▀ █▄▄█  ▄▄ ▄  ▄▀ █▄███▀▄▄▀█▀ ██▄▄▄█     █▄▄▄▄▀▄ █    ▀▀█
█ ▀ █▀▄▄  ▄▄ ▄▄ ▀█▄▄▀▀▀█▄ █▄▀█▄▄ ▀██▄  ▄ ▀▀  ██▄▀█ ███▀▄█ █
██▀█▀█▀▄▄▀▄█▄▀▀▀▀█▀▄▀  ▀▄ █ ▀█▄ ▀█ █▄▀▄██▀█▀▀█▄▄▀▄▄▀ ▀▀▀▄▄█
█▄▄▄▄▄ ▄█ ██▀▀██▀▄  ▄▄▀▀▀▀█▀█▄ ▄▀█▀█▄ ▀▄▄█▀ ▄█ ██▄ ▀▄▄▄ █▀█
█ ▀▄█ █▄█▀ ▀█▀█ ██▀ ▄ ▀ ▀ ▀▀ ▀  ██▀█▀▀ ▄▄█ █ ▀▄▄▀█▀▀▄█ ▀▀██
█ ▄ ▄▄▀▄▀  ▄▄ ████▀ ▄▄▀▄  ▄▄██ █ ██▄▄▄ ███ ▀▀██▄█▀▄█▄▄▄▄█▀█
█ ▀ ▀▀▄▄▀ ▀█ ▄█▀ ▀ ██▄ ▀██▄▀ ▀▀▄▀ ▄ ▄▄▀█▄ ▀▀█▄▀██▄▀▀ ▄   ▀█
███████▄▄▀▀ ▀▀ ▀▄▄▄ ▀▄▀▀ ▀▄ ▄▄▄  ▀▄█▄ ▀████▀ ▀██▀ ▄▄▄ ▄██▄█
█ ▄▄▄▄▄ █▄▄ ▄██ ▄  ▀█▄██▀ █ █▄█ ▀▀▀▄▄ █▀  ▄▀▀  ▄▀ █▄█ ▀▀▄██
█ █   █ █ █▀ ▄█ ▄▀▀▄▄██▀▀▄  ▄▄ ▄▄▀█▄  ▄█▀▀  █████  ▄▄ █ ▄██
█ █▄▄▄█ █ ██▀▄▀ ▄ ▀▄▄█ ▄▀██ ██▀████▀ ▀ ▄█▀▄▀▀   ▄  ▄██  ███
█▄▄▄▄▄▄▄█▄▄▄▄█▄███▄▄█▄██▄▄▄█▄▄█▄▄▄▄▄▄▄█▄▄██▄███▄▄▄▄█▄▄▄█▄██

❌ Bot disconnected (408), reconnecting in 5s...
❌ Bot disconnected (408), reconnecting in 5s...
Scan this QR code:
▄▄▄▄▄▄▄▄▄▄▄▄▄▄▄▄▄▄▄▄▄▄▄▄▄▄▄▄▄▄▄▄▄▄▄▄▄▄▄▄▄▄▄▄▄▄▄▄▄▄▄▄▄▄▄▄▄▄▄
█ ▄▄▄▄▄ █▄▀▄ ▄██▀█▀▄ ▀▀▄   ▀▀▀▄ ▄▄▀█ ▄▄▀▀█ ▄▄  ▄ ██ ▄▄▄▄▄ █
█ █   █ █ █▀█▀ █▄▄█ ████ ▀ █ █▄▀ █▄▀▀ ▄▀██▀█ █▀▄ ██ █   █ █
█ █▄▄▄█ █▄█▀▀ ▄█▀▀▄  ▀▄  █▀ ▄▄▄ ▀ ▀██   ▄  ▀▄█▄▀▄██ █▄▄▄█ █
█▄▄▄▄▄▄▄█▄█ ▀▄█ █▄█▄▀▄▀ ▀▄█ █▄█ ▀ ▀ █ █ ▀ █▄▀▄▀▄█ █▄▄▄▄▄▄▄█
█ ▄  ██▄▀▄▀█ █▀█████▀█ ▄  ▀▄▄▄   █ ▄▀▀▀█ ▄▄ ▄████ ▄██▄▄ ▀ █
█ █ ▄██▄█ ▀▄▀█ ▀▀  ██ ▄▄ ▄█▄▄▀  █ ██▄▀▀ █ ▀▄█▀█  ▄ █ █ ▄  █
██▄▀█▀▀▄▀▀  ▄▀▄ ▀▄█▄▀▀█▄▄▄█ ▀▀█▀██▄██ ▄ █▀▄▄▀█▀▄██ ▀▀▀█▄▀██
█▀ ▀▀  ▄██▄▀  ▄███ ▀ ▄▀▄▄█ █▀█▀▀▄▀ ▀▄▀█ ▀▄▀▄██▀▀▀██▀▄ ▀ ▄██
█▀▀█▀▀ ▄▀ ▄ ▀█   ▀▀█ █▄▀▀██▄▄▄ █▀▄▄▀▀█▄▄▄▀ ▄▄    ▄█▄▄▀▀█▀ █
█▀▄ ▀▄█▄ ██▀▀▀▀▀▀██▀▄▀▄██▀▄ █ ▄▄▀ █▄ ▀ ▀ ▀ ▄ ▄▀▀▄▄▀▀▄ ██ ██
███▄▄▄ ▄▀▀ █▀▄ ██ ▄▀██ ▄▀█▀ ▄ █ █▀▀█▄█▀██▄▀ ▄▀▀▄▄  █ ▄██▀ █
█▄█▀▀▀█▄▀ ▄▄▄▀▀ ▀▄   ▄    █▀▀▄▀▄▀▄ ▄▀█▄█▀▄ █ █▄▄▀▄▀█▀  ▄█▄█
█ ▀▀█▀█▄█▀ █▄█ █ ▄ ▄█ ███▄███▀▄█▄▄  ▄ ▀▀▀▀▄█ ▀▀▄▄▄▀ ▀█▀█▄▄█
█ █▄▀ ▄▄▄   ▄▄▀█  ▄▄▀▀█▄█▀▄ ▄▄▄ ▀ █▄▄▄▄▄ ▀▄▄▀ ▀▀▄ ▄▄▄ ▀▀▀██
█ ▄▀▀ █▄█ ██ ▀█▄  █▄█▄▀▀ ▄█ █▄█    ▀▀▀▄▄▄▀ █▀▄▀ █ █▄█ █▀▄▄█
█ ▀▀▄ ▄▄  ▀▀▄██ ▄ ▄ ██▀▄  ▀ ▄ ▄▄▀   ▀▄▄▄▀▀ ██  █▀ ▄  ▄▀█▄▀█
█████  ▄█ ▀ ▄█ █▄▄██ ▄█ ▀▀█▄█▄▀▀▀█ ▄ █ ▄▀   █▀▄▄▀█ █▄█ ▄█▀█
█ ▀██▄▄▄▀██▄ ▀ ▄   █▀▄▄▄ ▄████ ██ █     ▀██ ▀█▀▀ ▄▄▄   ▄█ █
██▀▄█▀ ▄ █▄█▀▀ ▀███ ▀███ ▄██████ ▀ █  █▀ ███▄██▄██ ██▄ ▀███
█▄█▄▀▀ ▄ ▀▀█▀█▄▄ ▄ ▀   █▄▀█  ▄██▀█▀██▀▄▄▀ ▀ ▄█▄▀ ▄▀█ ▄█ █▄█
█▀█▄▄█▄▄▄█▄ ██ ▄▀  ▀ █ ▀█▄▀ ▀  ▄█▄▄▀▀█▄█▄▀▀▄▄▄  ▄▀ ▀▀ █▄█▄█
█▀█ ▄▄▄▄█▀██▀▀▄▄ ██▄ ██ █████▀▄ ▀▀▀▀▀▄▄ █▄▄▄█▄▄▀█▀ ██▄█▄▄██
█  ██ ▀▄█▄▄ ▄▀▄█▄█▀▀▀▄ █▀▀█ ▄▄ ▀▀██▄▄█▀█  ▀▀▀▀██▀    █ ▀▄ █
█ ▀ ▀▀▄▄█▄  ▄▀█ ▄▀   ▀██▄▄██▄██▀   ▄▄   █▀▄ ▀▀█▀▀▄ ▄▀▀ █ ▄█
███████▄▄▀▀ █▀ ██▄█  ▀█▀▄█▀ ▄▄▄  █ ██ ▀ █▀▀▄ █ ▄█ ▄▄▄ ▄▄▀██
█ ▄▄▄▄▄ ███▄▀▀█▄▄███ █ ▀▄ █ █▄█ ▀▀ █▀  ▀▄ ▄▄▀ ██▀ █▄█  ▀███
█ █   █ █▀▄ ▀██ ▀█▀█ ▄██ ▀█  ▄  ▀▄ ▀██▄█▀█▄▄   ▀▄ ▄▄  ▄▄ ██
█ █▄▄▄█ █ ▄▀▄ ▀█  ▀ ▄▀███▀█▀▀▀█▀█   █▀▀▀▄█ █▄█ ▄▀▄▀ █▀▄▄█▀█
█▄▄▄▄▄▄▄█▄▄████▄██▄█▄█▄▄█▄██▄████▄██▄█▄▄▄▄▄████▄█▄██▄▄█▄███

Scan this QR code:
▄▄▄▄▄▄▄▄▄▄▄▄▄▄▄▄▄▄▄▄▄▄▄▄▄▄▄▄▄▄▄▄▄▄▄▄▄▄▄▄▄▄▄▄▄▄▄▄▄▄▄▄▄▄▄▄▄▄▄
█ ▄▄▄▄▄ █▀ █▀  ▀▀▀█ ▄█▀▄█ ▄█▄▄▄▄ ▀▀█▄▀▄▀▀▀ ▄ ▀▄▄ ██ ▄▄▄▄▄ █
█ █   █ █▀  ▀▄ ███▀ ██▄▄▀ ▀█▄█ ▄ ██  ▀█▀▄▄▄  ▄ ▄ ██ █   █ █
█ █▄▄▄█ █▀███▄█▀▄█▄█▄ ▄█▀ █ ▄▄▄ ▄▀▀█  ▄▀  ▄▄▄▀▀▀▄██ █▄▄▄█ █
█▄▄▄▄▄▄▄█▄█ █▄▀ ▀▄▀ ▀ ▀ █ █ █▄█ ▀▄█ ▀▄█ █ █▄▀ ▀ ▀▄█▄▄▄▄▄▄▄█
█  ▄  ▀▄   █ ▄ ▀ ▄▀▄ █▀▀▄▀ ▄    ▀█▀█▀  █▀█   █▄▄▀▀ █ █▄▀▄▀█
█  ▀██▀▄  █ █ ▄ ▄ ▀ ▀▀▀ █ ▀█▄▄ █▀▀ ▀█▀▀ ▀▀▄█▀▀▄█ ▀██▄ ▀▀ ██
█▀▀ ▀▄▀▄█▀▄█  ▄▄▄█▀ ▄▄▀▄   ▀▀▀▀██▀▄▄   ▄▀█▀▀█▀█▄  ▀▄██▀ ███
█▄▄  ▄▄▄ ▄ ▄▄▀▀█ ▄▄▀▀█▀▀▄ ▀█ ▄▀ ██▀▀ █▀█▄ ▀ ██▄ ▀ ▀█ ▄█  ██
█ ▀▄▄  ▄   ▄█▄▄██▄▀▄ █▄▀ ▀█▀▀   ▄▀▀█▄▄▄▄▄▀▀  █▀█ ▀███▀ ▀▀▄█
█▀▄▀▀ ▄▄██▀▀▀▄▀█▄  ▄██▄▀▄  ▄▀ ▀█▀ ▀ ▀▄    ▄▄ ██ ▀ ▄▄▄▀▀▀ ▀█
██▀ ▀█ ▄ ▀▀███▀█▄▀▄▄▄█▀█▀▄▀ ▀▀▀  ▀▄█  ▀██▀▀  ▀▄█▄▀▀▄▄▀█  ▀█
██▄██▀ ▄█▄▄ ▄ ▄█▄ ▄ ▄█  ▀█▀ █▀█▄▄█▄ █▀█ ███▀██▄▀▄▀ ▀ █▀▀▀██
██ ▄ ▄▀▄█  █ █▀█▄█  █▄██  ▀█▀▀█▀▄ ▄ ▄▄▀▄▀██▀▄█▄█▀▀▀▄███ ▄▄█
██ ▀▀ ▄▄▄ ██▀▄  █▄▄█ ▀▄█  █ ▄▄▄    ▀▄▀█▄▀▀ ▀▄█ ▄  ▄▄▄ ▀  ▀█
█▀▄▄  █▄█ ▄ ▄▄▀▄▀▄▄▀ █▄█▀ ▀ █▄█ ▄█▀█  ▄███▄  ▀█▄▄ █▄█ ▀ ▄ █
██▀▄▀▄ ▄  ▄█  █▀▀▄▀ █▄ █ ▀▄ ▄▄▄▄█▄█ ██ ▄  ▄█▀▀ ▄       ▀ ▀█
██▀▄ ██▄▄▄▄▀█▄ █▄█  ▄▄█▀  ▄▀▄█▀  █▀█▄▄ ██▀█ ███▄▀█▀ ██▀▀▀▄█
█▄▀ ██▄▄▀▄ ▄▄ ▄  ▄▀ █▄██▀█▄▄  ▀ █▀▄▄▀▄  ▄▀ █▄▀▄▄ ▄ ██▄  ▄██
█▄  █▀▄▄  ▄▄▄█▄ ▀█▄▄▀▀▀█▄ █▄▀█▄▀ ███▄▄ ▄▀█▀  ▀█▄▀█ ███▀▄█▀█
██▀█▀█▀▄▄▀▀█ ▀█▄▀█▀▄▀  ▀▄ █ ▀█▀▄▀█ █▄ ▄██ █▀▀▄▄▄▀▄▄▀ ▀▀▀▄▄█
█▄▄▄▄▄█▄█ ▀ ▀█▄▄▀▄  ▄▄▀▀▀▀█▀█▄ ▄▀█▀█▄ ▀▄▄█▀ ▄█ ██▄██▄▄ ▄█▀█
█ ▀▄██▀▄█▀ ██▀▀▀██▀ ▄ ▀ ▀ ▀▀ ▀  ██▀▀▀▀▄ ▄█▄▀ ▀  ▀▄▄█▄█  ▀██
█ ▄▀ ▀█▄▄ ▄ ▄ █▄██▀ ▄▄▀▄  ████ █ ███▄▄▀███▀ ▀█▄██▄█ ▀▄█ █▀█
█ ▀ ▀▀▄▄  ▀█ ▄█▀ ▀█ █▄▀███▄█ ▀▀▄▀ ▄▀▄ █ ▄ ▄█▀     ▄▀██▄▀ ▀█
███████▄█▀▀ ▀▀ ▀██ ▄▀█▀█▀▀▄ ▄▄▄  ▀▄█▄▄ █ ██ █▀▄██ ▄▄▄ ▄█▀▄█
█ ▄▄▄▄▄ █▄▄ ▄██ ▀█ ▀▀ ██▄██ █▄█ ▀▀▀▄▀ ▄   ▄▀▄  ▄▀ █▄█ ▀▀▄▀█
█ █   █ █ █▀▀▄█ ▄▀▀▄▄██▀▀▄     ▄█▀█▄ ▄▄███  ▄████  ▄  █ ▄██
█ █▄▄▄█ █ ███ ▀█▄ ▀▄▄█ ▄▀██ ▀█▀████▀   ▄▄▀▄▀ ▀  ▄  ▄██  ███
█▄▄▄▄▄▄▄█▄███▄▄███▄▄█▄██▄▄▄█▄▄█▄▄▄▄▄▄▄█▄▄██▄███▄▄▄▄█▄▄▄█▄██

Scan this QR code:
▄▄▄▄▄▄▄▄▄▄▄▄▄▄▄▄▄▄▄▄▄▄▄▄▄▄▄▄▄▄▄▄▄▄▄▄▄▄▄▄▄▄▄▄▄▄▄▄▄▄▄▄▄▄▄▄▄▄▄
█ ▄▄▄▄▄ █▄▀▄ ▄█▄█▀▀▄▄▀▀█ ▄ ▀▀▀▄ ▄▄███▄ ▀▄▄ ▄   ▄ ██ ▄▄▄▄▄ █
█ █   █ █ █▀▀█ █▄▄█ ▄▄██ ▀ █ █▄▀▀█▄▀ ▀▄▀██▀█▀█▀▄ ██ █   █ █
█ █▄▄▄█ █▄█▀ █▄█▀▀▄  ▀▄  █▀ ▄▄▄ ▀▀▀██   ▄▀ ▀█▄▄▀▄██ █▄▄▄█ █
█▄▄▄▄▄▄▄█▄█▄█ █ █▄█▄▀▄▀ ▀▄█ █▄█ ▀ ▀ █ █ ▀ █▄▀▄▀▄█ █▄▄▄▄▄▄▄█
█ ▄  ▀▀▄█   ▄▀▀█████▀█ ▄  ▀ ▄▄   █ ▄▀▀▀█ ▄▄ ▄███   █▀▄▄ ▀ █
█ █ ▄▄█▄██   █ ▀▀  ██ ▄▄ ▄ █▄█  █ ██▄▀▀▄█ ▀▄█▀█▄▄▄▀▄█▄ ▄  █
██▄▄█▀▀▄▀▀▄ ▄▀▄ ▀▄█▄▀▀█▄▄▄▄ █▀█▀█████ ▀ █▀▄▄▀█▀█ █ ▀██▀▄▀██
█▄ ▀█  ▄▄█▄▀  ▄████  ▄█▄▄█ █ █▀▀▄▀▄▀ ▀▀█▀ ▄█▀█▄▄█▀█▀█▀ ▀▄██
██▀▄█▀ ▄▀ ▄ ▀█  ▀▀▀▀ █ █ ██▄▄▄▀▄▀▄▄▀▀███ █▀█  ▀  ▄█▄▄▀▀█▀ █
█ ▄▄▄▄▀▄ ██▀▀▀▀▀█ █▀█ ▄██▀▄ █ ▄▄█▄█▄ ▄  █ ▀▄█▄▀ ▄▄█▀▄ ██ ██
█ ▄▄▄▄▄▄▀▀ █   ██ ▄▀██ ▄▀█▀ ▄ █ ██▀█▄▀▀█▄▄▀ ▀▀▀▄▄ █▄ ▄██▀ █
█▄█▀▀▄ ▄█ ▀▄█▄ ▄▀▄   ▄    █▀▀▄▀▄ ▄ ▄▀▄▄█ █ █▀▄▄▄▀▄▄▀▀  ▄█▄█
█ ▀▀█ ▀▄▀▄█▄ ▀▀  ▄ ▄█ ███▄▀▀█▀▄█▄▄  ▄ ▀▀▀▀▄█ ▀▀▄▄▄  ██▀█▄▄█
█ █▄▀ ▄▄▄ ▀  ▀▄█  ▄▄▀▀█▄█▀▀ ▄▄▄ ▀ █▄▄▄▄  ▀▄▄▀ ▀█▄ ▄▄▄ ▀▀▀██
█ ▄█▀ █▄█  ▄ ▀▄▄  █▄█▄▀▀ ▄█ █▄█   ▀ ▀▀▀▄▄▀▀█▀▄ ▀█ █▄█ ▄▄▄▄█
█ ▄▄█ ▄▄▄▄▀▀▄██ ▄ ████ ▄  ▀ ▄ ▄▄▀ ▀ █   █▀▄▄▀▄▀▄▄▄▄  ▄▄█▄▀█
█▀█▄█  ▄ █▀ ▄█ ███▄▀ █▄▄▀ █▄█▄▀▀▀█ ▄█▀▄█▀  ▀████▀  █ █▀▄█▀█
█  ▄ ▄▄▄█▀█▄ ▀ ▄ ▀ ██ ▄▄▀▄██   █▀ █ ▄▄ ▀▀ ▄▀ ▄▀▀ ▄▄▄▀  ▄█ █
█▀▀▄█▀ ▄ █▄██▀ ▀███ ▀███ ▄████▀▄ ▀ █▄▄█▀▀███ ▀█▄██ ██▄ ▀▄██
█▄█▄▀▀ ▄ ▀█▀▀█▀▀ ▄ ▀   █▄▀█  ▄▀█ █▀█▄▀▄▄  ▀ █▄▄▀ ▄▀█ ▄█ █▄█
█▀█▄▄▄▀▄▄█▀▀ ███▀  ▀ █ ▀█▄▀ ▀  ▄█▄▄▀▀█▄█▄▀▀▄▄▄  ▄▀█▄▀ █▄█▄█
█▀█ ▄▄ ▄█▀ ▀▄█▀▀ ██▄ ██ █████▀▄ ▀▀██▀▄▄ █▄▄▄█▄▄▀█▀ ▀█▄▄█▄██
█  ▄ ▄ ▄ ▀  ▄▀ ▀▄█▀▀▀▄ █▀▀█▀▄▄ ▀▀█▄▄▄█ █   ▀▀▀█▄▀▄▀▄█▄  ▄ █
█ ▀ ▀▀▄▄▄   ▄▀█ ▄▀ ▄ ▀█▄▄▄▄ ▄██▀   █▄▄▄█▀█ ▄█▀█▀█▀ ▄█ ▀▄ ▄█
███████▄█▀▀ █▀ █ ██ ▀ ▀██▄▀ ▄▄▄  █ █ ▄█▀▀██▄▀▀▀█▀ ▄▄▄ ██▀▀█
█ ▄▄▄▄▄ ███▄▀▀█▄  ██▀█ ▀▄▀█ █▄█ █▀ █ █▀ █ ███▄██▀ █▄█  ▀▀██
█ █   █ █▀▄ ▄ █ ▀█▀█ ▄██ ▀█  ▄   ▄ ▀██▄█▀▀▄▄ ▄ ▀▄ ▄▄▄ ▄▄▀██
█ █▄▄▄█ █ ▄▄▀▄▀   ▀ ▄▀███▀█▀ ██▀█   █▀▀▀██ ██▄ ▄▀▄▀ █▀▄▄█▀█
█▄▄▄▄▄▄▄█▄▄█▄██▄██▄█▄█▄▄█▄███▄███▄██▄█▄▄▄▄▄████▄█▄███▄█▄███

Scan this QR code:
▄▄▄▄▄▄▄▄▄▄▄▄▄▄▄▄▄▄▄▄▄▄▄▄▄▄▄▄▄▄▄▄▄▄▄▄▄▄▄▄▄▄▄▄▄▄▄▄▄▄▄▄▄▄▄▄▄▄▄
█ ▄▄▄▄▄ █▀ █▀ ▀ ▀█▄▀ ▀ █▄ ▄█▄▄▄▄ ▀███▄▀▀▀▀ ▄█▀▄▄ ██ ▄▄▄▄▄ █
█ █   █ █▀  ▀▄ ██▄▀ ▄▄▄▄▀ ▀█▄█ ▄ ██  ▀█▀██▄ ▄▄ ▄ ██ █   █ █
█ █▄▄▄█ █▀▀▀ ▀█▀▄█▄█▄ ▄█▀ █ ▄▄▄ ██▀█▀▀▄▀▄█▄▄  ▀▀▄██ █▄▄▄█ █
█▄▄▄▄▄▄▄█▄▀▄█▄▀ ▀▄▀ ▀ ▀ █ █ █▄█ ▀▄█ ▀▄█ █ █▄▀ ▀ ▀▄█▄▄▄▄▄▄▄█
█  ▄ ▄▀▄  █▄   ▀ ▄▀▄ █▀▀▄▀▄▄    ▀█▀█▀  █▀█   █▄▄▀▀ █ █▄▀▄▀█
█  ▀██ ▄▀█▄▀ █▄ ▄ ▀ ▀▀▀ █ ▀▄ ▄ █▀▀ ▀█▀█▄▀▀▄▀▀▀ ██▀▄█▄ ▀▀ ██
█▀▀▄ ▄▀▄▄ █   ▄▄▄█▀ ▄▄▀▄   ▀▀▀▀██▀▄█   ▄▀█▀ █▀▄▄  ▀▄█▀█ ███
█▄ ▀█▄▄▄▀▄ ▄▄▀▀█ ▄  ▀██▀▄ ▀█▀██ ██ ▄ █▄▀▄ ▄███ ▄▀▀▀█ █▄▀ ██
█▀ ▄▀  ▄   ▄█▄▄█▄▄  █▄█▀▄▀█▀▀ ▀ ▄▀▀█▄▄▀█ ▀█▀▄█▄▄ ▀███▀▀▀▀ █
█▄▀▀▄▄▄▄██▀▀▀▄▀█▄█ ▄▀ ▄▀█▀ ▄▀ ▀█▀▄▀ ▀   ▀█▄████ ▀  ▄▄▀▀▀▄▀█
█▄█ ▀▀ ▄ ▀▀█  ▀█▄▀▄▄▄█▀█▀▄▀ ▀▀▀  ▀▄█ ▄▀███▀  ▀▄█▄▀ █▄▀█ ▀ █
██▄██▀▄▄█ ██▀███▄ ▄ ▄█  ▀█▀ █▀█▄▄█▄ ▄ █ ███▀█▄▄▀▄▀▀▄▄█▀▀▀██
██ ▄ ▄ ▄█▄▀▀▄▀▄█▄█  █▄██  ██▀▀█▀▄ ▄ ▄▄▀▄▀██▀▄█▄█▄▀▀█▀██ ▄▄█
██ ▀▀ ▄▄▄ ▄█ ▄███▄▄█ ▀▄█    ▄▄▄    ▀▄▀█ ▀▀ ▀▄█  █ ▄▄▄ ▀  ▀█
█▀▄▀  █▄█ ▄▄▄▄▀▀▀▄▄▀ █▄█▀ █ █▄█ ▄███  ▄███ ▀ ▀██▄ █▄█  ▄▄ █
█  ▀▄ ▄▄▄▄▄█  █▀▀▄ ▄█▄██ ▀▄ ▄▄▄▄█▄█▀██ ▄▄▄▄ ▀█▄▄▄▄▄    ▀ ▀█
████ ██▄▀▄▄▀█▄ █▀▄▄▄▀▄▀█▀▀▄▀█▄▀  █▀█▄▄▄▄█▀▀▀▄██▄██▀ ▄█▀▀▀ █
█ ▄▀██▄▄ ▀ ▄▄ ▄ █▄▀  ▄██ █▄▄▄▄▀ ▀▀▄▄▀█  ██▀██ ██▀▄ ██   ▄██
█▄▄ █▀▄▄  ▄▄▄ ▄ ▀█▄▄▀▀▀█▄ █▄▀███████   ▄▀▀▀ ▄██▄▀█ ███▀▄█ █
██▀█▀█▀▄▄▀▄▄▀▀▀ ▀█▀▄▀  ▀▄ █ ▀█▄▄▀█ █▄ ▄██▀█▀▀█▄▄▀▄▄▀ ▀▀▀▄▄█
█▄▄▄▄▀█▄█   █▀▀ ▀▄  ▄▄▀▀▀▀█▀█▄ ▄▀█▀█▄ ▀▄▄█▀ ▄█ ██▄▀▄▄▄  █▀█
█ ▀▄█▀▄▄█▀▀█▀▄█▄██▀ ▄ ▀ ▀ █▀ ▀  ████▀▀▄▄▄█▄▀ ▀  █▄ █▄█▄ ▀██
█ ▄  ▀ ▄██▀▄▄ ▀▀██▀ ▄▄▀▄  █▀██ █ █▄▄▄▄ ████▀▀██▄█  █▄▄ ▀█▀█
█ ▀ ▀▀▄▄▀▀▀█ ▄█▀ ▀█▀█▄ ▄██▄▄ ▀▀▄▀ ▄ ▄▄▀▄▄  ██▄▄█ ▀▄▀▀▀ ▀ ▀█
███████▄▄ ▀ ▀▀ ▀██  ▀▄██▀▀▄ ▄▄▄  ▀▄█▄▄ ███▀▀ ▀█▄▀ ▄▄▄ █▄▀ █
█ ▄▄▄▄▄ █▄▄ ▄██  ▄ ▀▀███ ██ █▄█ ▀▀▀▄█▄▄ ▄▀▄▀▀█▀█▄ █▄█ ▀▀▀▀█
█ █   █ █ █▀  █ ▄▀▀▄▄██▀▀▄  ▄  ▄▄██▄  ▄█▀▀  ▄▀███  ▄  █ ███
█ █▄▄▄█ █ ▄██▄▄▄▄ ▀▄▄█ ▄▀██ █▀▀█▄██▀   ▄▄▀▄▀▀   ▄  ▄▄█  ███
█▄▄▄▄▄▄▄█▄▄▄▄██▄██▄▄█▄██▄▄▄████▄▄▄▄▄▄▄█▄▄██▄███▄▄▄▄███▄█▄██

Scan this QR code:
▄▄▄▄▄▄▄▄▄▄▄▄▄▄▄▄▄▄▄▄▄▄▄▄▄▄▄▄▄▄▄▄▄▄▄▄▄▄▄▄▄▄▄▄▄▄▄▄▄▄▄▄▄▄▄▄▄▄▄
█ ▄▄▄▄▄ █▀█▄▄ ▄ ▀█▄  █▄▄█▄ ██▀ ▄▄ ▀██▄ ▀██  ▄▄▄▄ ██ ▄▄▄▄▄ █
█ █   █ █▀▄ █▄▀██▄█▀█▄▄▄▀▀▀█▀▄▄  ██  ▀█▀▄█▀▄ █ ▄ ██ █   █ █
█ █▄▄▄█ █▀ ▀▄▄ ▄▄███▄ ▀▄▀ █ ▄▄▄  ▄▄▀▄ ▄▀  ▀▄ ▀▀▀▄██ █▄▄▄█ █
█▄▄▄▄▄▄▄█▄█ ▀ █▄▀▄▀ ▀ █ █ █ █▄█ ▀▄█ ▀▄█▄█ ▀ ▀ █▄▀▄█▄▄▄▄▄▄▄█
█ ▄   ▀▄▄▄ █▀▀ █▄▄█▄ █▀█ ▀ ▄▄▄  ▀█▀█▀  █▀█▄▀██▄▄▀▀ █▄▀▄▀ ▀█
██▀▀▀ ▄▄▀▄█▀ █▄ ▄▄▀ ▀▀▀ ▀▀ ▄█▀▀█▀▀▄██▄█▀ ▄▄▀▀ ▄▄▀▀▄██ ▀▀▄▀█
█▀▄▄█▀█▄▀███ █▄▄█▄▀ ▀█▀▄  █▄▄█▀██▀▄▄▀▄ ▄▀▀▄▀▀▀▄▄ ▀ █▄██▄▀▀█
█▄▀▄▀▀ ▄███  ▀██▄▄  ▀▄█ ▄▄▀█▀█▀ █▀▄▀ ▄▀▄▄███ █▀ ▄█▄▀█▀ ▀███
█▀ ▀▀█▀▄█▀▀▄  ▄▀▄█ ▄▀█▀█▀ ▀█▀ █ ██▀█   █▀▀▄  ▀▄▄▀▀▀█▀█▀▀███
█▀▄ ▄▄▀▄ ▀▀▀██▀█ █▀█▄▄ █ █▄▄▀  ▀▀ ▀▄▀  ▄ █▄▀█▄▄▀  ▀█  ▀▀▄██
█  ▄█▀▀▄ ▀▀▄█▀▀█▄▀▄ ▄█▀█▀▄  █▀█▀ █ ▄ ▄ ██▀▀▀ ▀ █▄▀▄█▀██▄▀▀█
█▀▀ ▄ █▄▀███ ▀ ▄▄ ▀█▄██▄▀█▀ ▄  ▀█▄█ ▀  ▄█ ▀ █▄▀  ▀▀▄  ▀▀▀██
█▄▀█▀▀▀▄▄   ▄█▄▄▄▄▄ █▄▀█▀ ██▀▀ ▀▄ ▄  ▄▀██▀ ▀ ██▄   ▄▀██▀▄ █
█▀▄▄  ▄▄▄   ▄▀ ▀▀▀▄█ ▀▄██ ▄ ▄▄▄    ▀▄██ ▀  █   ▄█ ▄▄▄ ▀  ██
██    █▄█ ▄ ▀▄█▄█▄▄▀▀█▄█▀▀▀ █▄█ ▄▀██ ▄ █▀█▄▀████▄ █▄█ ▀▄ ██
██ █▄  ▄  █▀ ▀█▄  ▀▀█▀▀█▄▄▀▄    ▀▄█ ▀▄▄▄██ ▀█ █▀█▄▄   █ ▄██
███ ▄▀ ▄▄  ▀▄▄▀█▀▄  ▄▄▀██▀▄▄▄▄▀  █▀██▄ █▀██▀▀█▄█▀█▀█▄▄ █ ██
█ █ ▄ █▄█   ▀▄▄█ ▀▀   ▀ ▀ ▀▄ █▀ ▀█ ▄█▄█ ▀█▄██▄▄▄ ▀ ██ ▀▀▄▀█
██▄ ▀▀▄▄ ▀ █▀▀ █▀█▀▄▀▀▀█▄ █▀▀█   ▀▄█▄ ████▀▀ ▀▀▄▀▀ ▀▀▄▄██ █
██▄▄   ▄▀▀▄▄▄█▀▀▀█  ▀ ▀▄▄ ▄ ▀█  ▀█ ▄▄ █▄▀▀▀▀▄▄█  █ █▀██▀▄▄█
█▄▀█▀▄ ▄ ▄▀▄▀██ ▄▄▀▄▄▄██▄▀█▀▄▄▀▀▀█▀█   ▄▀█ ▀ ██▄█▄  ▄▄ █▀██
███▄  █▄██▀▄▄▀█▀▄█▀  ▀▀ ▀▀█▀▀▀ ▄▀█▀▀█  ▄▀▄  █  ▀▀█▄▀▀▄ ▀▄▀█
█▀▀▀ ▀█▄▀▀▄▄▄ ▄▄█▄▀  ▄▀▄▀ █ ██   ███▄▄▀█▀▀█▀ ▀███▄▀ ██ ▀█ █
█ ▀ ▀▀▄▄▄██▄█▄▀▀▀█  ▄   █▀▀ ▀▀▄▄▄▀▄ ▀▀█ ▄▀ ▀█ █  ▄▄█▀▄▄ ▄██
███████▄▄ █ ▀█ ▀██▄ █▄█▀▀▀▀ ▄▄▄  ▀▄█  ██▄▀█▀▄▀▄▄▀ ▄▄▄  ▀███
█ ▄▄▄▄▄ █▄▄█▀ ▄▄▀██▄▀█▀ ▄ ▄ █▄█  ▀▀▄ ▄  ▄█▄█▄█▄▄█ █▄█   ▄▀█
█ █   █ █ ▀▄ ▄▀▀▄▀  ▄█ ▀▀▄▀ ▄  ▄▀███   ▄███▀ ▀██▄▄ ▄  █▀▄██
█ █▄▄▄█ █ ▄▄▀▄ ▄▄ █▄▄█▀█▀███ █▀███▄ ▀▄▀█ ▄▄▀█▀▄▄█ ▀▄▀▀  ███
█▄▄▄▄▄▄▄█▄▄█▄▄█▄▄▄▄▄██████▄█▄▄█▄▄▄▄▄▄▄█▄██▄▄▄█▄███▄█████▄██

Scan this QR code:
▄▄▄▄▄▄▄▄▄▄▄▄▄▄▄▄▄▄▄▄▄▄▄▄▄▄▄▄▄▄▄▄▄▄▄▄▄▄▄▄▄▄▄▄▄▄▄▄▄▄▄▄▄▄▄▄▄▄▄
█ ▄▄▄▄▄ █▀ █▀   ██▄  ▀▀█ ▄▄█▄▄▄▄ ▀▄▀█▀▄█▀ ▄ █ ▄▄ ██ ▄▄▄▄▄ █
█ █   █ █▀  ▀▄ █▄█▀ █▄▄▄ ▀▀█▄█ ▄ ▄█  ▀█▀▀▄▄ █▄ ▄ ██ █   █ █
█ █▄▄▄█ █▀▀▀  █▀▄█▄█▄ ▄█▀ █ ▄▄▄ ▄█▀█▀▀▄▀▀▀▄▄▄ ▀▀▄██ █▄▄▄█ █
█▄▄▄▄▄▄▄█▄█ █ ▀ ▀▄▀ ▀ ▀ █ █ █▄█ ▀▄█ ▀▄█ █ █▄▀ ▀ ▀▄█▄▄▄▄▄▄▄█
█  ▄ ▄▀▄  ▄▄██ ▀ ▄▀▄ █▀▀▄▀▄     ▀█▀█▀  █▀█   █▄▄▀  █ ▀▄▀▄▀█
█  ▀█▄▀▄▀▄█▄▄█▄ ▄ ▀ ▀▀▀ █ ▀▄▄  █▀▀▄██▀▀▄▀▀▄█▀▀ ▀███▄▀▄▀▀ ██
█▀▀██▄▀▄█▄▄   ▄▄▄█▀ ▄▄▀▄   ▀▀█▀██▀▄▄  ▄▄▀█▄▀█▀ █▄▀▀▄▀▀▀▄███
█▀ █▄▄▄▄▀▄ ▄▄▀▀█ ▄▄ ▀█  ▄ ▀█ █▀ ██▀█ ▀█  ▄ █▀██ ▄▀▀█▀█ ▀ ██
█▀ ▀█  ▄   ▄█▄▄█▄▄ ▄█▄▀█▀ █▀▀ ▄▀▄▀ █ ▄██▀▀▀▀ ▀██ ▀███▀▀▀█▄█
█ ▀██▄ ▄██▀▀▀▄▀██▄ ▄  ▄▀▄█ ▄▀  █▀ ▀ █▀  █▀▄▄▄ █ ▀   ▄▀▀▀ ▀█
█   ▀▄█▄ ▀▀██▀▀█▄▀▄▄▄█▀█▀▄▀ ▀▀▀  ▀▄█▄ ▀███▀ ▄█▄█▄▀▀▄▄▀█  ▀█
██▄██ █▄█▄▄▀███▄▄ ▄ ▄█  ▀█▀ █▀█▄█▄▄ █▀█ ███▀█▄▄▀▄▀ ▄ █▀▀▀██
██ ▄  █▄▀▄▀▀█▄▄▀▄█  █▄██  ▀█▀▀█▀▄ ▄ ▄▄▀▄▀██▀▄█▄█ ▀▀▄▀██ ▄▄█
██ ▀▀ ▄▄▄ ▀ ▄   █▄▄█ ▀▄█  ▄ ▄▄▄   ▄█▄▀█ ▀▀▄▀▄█▄▄▀ ▄▄▄ █  ▀█
█▀▄▀█ █▄█ ▀▄▄▄ ▀▀▄▄▀ █▄█▀ ▀ █▄█ ▄█▄▄   ▄██   ▀██▄ █▄█  ▀▄ █
█▀▀  ▄▄▄▄▄▄█  █▀▀▄███▄▄▄ ▀▄▄▄▄▄▄█▄▄ █▀▀█ ▄▀▀██  ▀▄ ▄▄▄▀▀ ▀█
█ ▄█▀██▄ ▄▄▀█▄ ███▄ █▄▀█▀ ▄▀█▄▀  █▀█ ▄▀▄██▀▀ █▄█▀█▀ █▄ ▀▀ █
█▄▄ ▀█▄▄▄█ ▄▄ ▄  █▀ █▀██▀ ▄▄ ▄▀ █▀▄▄ █▀ █ ▀▄ █▄▄▀▄ █ █   ▀█
███ █▀▄▄  ▄▄▄█▄ ▀█▄▄▀▀▀█▄ █▄▀██▄▀▀██▄  ▄▀█▀ ▄▀█▄▀█ ███▀▄█▀█
██▀█▀█▀▄▄▀▀▀  ▄█▀█▀▄▀  ▀▄ █ ▀█▀▄ █ ██▀▄██▀█▀▀█▄▄▀▄▄▀ ▀▀▀▄▄█
█▄▄▄▄▄▀▄█ ▄ ▀▀ ▀▀▄  ▄▄▀▀▀▀█▀█▄ ▄▀█▀█▄ ▀▄▄█▀ ▄█ ██▄██▄▄  █▀█
█ ▀▄█  ▄█▀▄▄█ ▀▄██▀ ▄ ▀ ▀ ▀▀ ▀  ██▀█▀▀▄ ▄█▄█ ▀ ▄▀▄ ▀▄█  ▀██
█ ▄   ▀▄▄▀  ▄ ▄▀██▀ ▄▄▀▄  ████ █ █▀█▄▄▄▄██ ▀▀██▄██▀▄▄█▀ █▀█
█ ▀ ▀▀▄▄▄▀▀█ ▄█▀ ▀▀▀█▄ ▄██▄  ▀▀▄▀ █ ▄▄ ▄ ▄▄▄▀ █  ▄▄▀     ▀█
███████▄▄▀▀ ▀▀ ▀██▄▄▀▄▀█ ▀▄ ▄▄▄  ▀▄█▄ ▀▄█▀ ▀▄▀█▄█ ▄▄▄ ▄▄█ █
█ ▄▄▄▄▄ █▄▄ ▄██ ▀  ▀█▀███ █ █▄█ ▀▀▀▄  █▀██▄▀   ▄  █▄█ ▀▀ ██
█ █   █ █ █▀█▀█ ▄▀▀▄▄██▀▀▄  ▄  ▄ ██▄▄▄▄███  ▄▀███  ▄▄▄█ ███
█ █▄▄▄█ █ █▀▀█ ▀▄ ▀▄▄█ ▄▀██  ▀▀██▄█▀▀  ▄▄▀▄▀▀▀  ▄  ▄▀█  ███
█▄▄▄▄▄▄▄█▄▄▄█▄▄▄██▄▄█▄██▄▄▄█▄██▄▄▄▄▄▄▄█▄▄██▄███▄▄▄▄█▄▄▄█▄██

Scan this QR code:
▄▄▄▄▄▄▄▄▄▄▄▄▄▄▄▄▄▄▄▄▄▄▄▄▄▄▄▄▄▄▄▄▄▄▄▄▄▄▄▄▄▄▄▄▄▄▄▄▄▄▄▄▄▄▄▄▄▄▄
█ ▄▄▄▄▄ █  ▄▄ ▀█▄██ █  ▄█ █  ▀ ▄▀█▀▀ ▄▄▄▀▄▄▄█▀▀▄ ██ ▄▄▄▄▄ █
█ █   █ █ ▄█ █▀█▄  ▄▄█▄▀▄█▀█▀▀▀█▀███▄▄█▀▄▀▄▀▀█ ▄ ██ █   █ █
█ █▄▄▄█ █▀█▀█▀█▀▀███▀█▄▄▀   ▄▄▄ ▄ ▀▀ ▀▀▄▀▄▀▄▄ ▄▀▄██ █▄▄▄█ █
█▄▄▄▄▄▄▄█▄▀ ▀ █▄▀ █▄▀ █▄▀▄█ █▄█ ▀▄█▄█ █▄█▄█▄▀ █ █ █▄▄▄▄▄▄▄█
█  ██▄ ▄██    █ ▀▄█▄█ ▄█ ▀█  ▄  ▄ ▄█▀ █ ▄█▄▀  ▀▄▄▀█▀ █▄ ▄▄█
█ ▀▀▀█ ▄ ▄▀█▀▄▄ ▄▀▄█▀▀▀█▄▄▀█▀▄▄ ▀▀▄▄ ▀██ ▀▀▄▀ ▄█▄██▄▄▄▄▄▄▀█
█▀▀█ ▀█▄██▄  █▀▀ ▄▀ ▄ ▄▄  ▀ ▄█▀█ ▄ ▄▀▄█ ▄▀  ▄▄▀▄▀▀█ ▀█▀▄▄▄█
███ ▄▄█▄▄▄███▄██▄▀▀█▀▄▀▄▀▀▀█ ▀▄▀█▀  ▀▀▀▄▄▄ ▀▄█ █▄▄▄▀▄▄█▄███
█▀▄███▀▄ ▄▄▄  ▀▄ ▄ ▄█ ▀▀ ▀▄ ▄     ██ ▄█▀ ▀█ ▀  █▀▀▄ ▄█ ▀  █
█▄▄█ █ ▄ ▀▀▄  ▀█▄ ▄ ▄▄  ▄▄▄▄▀█▄▄█ ▀▀█▀ ▄▀▄▀▄▀▄▄███▀█ █▄▄ ▀█
█▀▀▀ ▄ ▄█▄▄▄██▄ ▀▀▄ ▀ ▄█▀▄██ ▀█▀█ █▄█ █  ▀▀▀█ ██▄▀▄▀▄██▄███
█▄▀ ▄▄▄▄███ ▄▄  ▄█▄ ▄██▀▄ ▀ ▄██▄▄█████ ▄▄█▄███▀██▄▀█▄█▄▄▀██
█▄▄ ▄ ▀▄▀█  ▄█▀▀▀▄▄  ▀▄█▀  ▄▄▀ ▀▀█▀  ▄▄  ▀ ▀█  ▄▄▀█ ▄██▀▀██
█▄▄▄  ▄▄▄  ▀  ▄▀▀▄▀  ▀▄  █▄ ▄▄▄   ▄ ▀ ▀ ▀██    ▀█ ▄▄▄ ▄█ ██
████▀ █▄█  ▄▀▄▄█ ▄▄▀▄ ▀█▀▀▄ █▄█ ▀▄ █ ▄  ▄█▀▀  ▀▄█ █▄█ █▄█ █
█▄▄▄█  ▄ ▄█▄█▄█▄ █▀██▀█ ▀▀   ▄▄▄▀▄█▄▄▀▄▄█▄▀██▄▀█     ▄▄▄▄██
██▀▄▄▀ ▄▄▄█▀▄▄▄  ▄▄▄█▀ █▀ ▀▀▄▄▀ █ ▄█▀▄▄ ▄▀  ▀ ▀██▄▄  ▄ ▄▀▄█
█ ▀▀▀█ ▄█▀ █▄▀▄█  ▄█▀▄▀█▀▄▀▄▀▄▄█▀█ ▀▀██  ▀ ▀▄▀▄ ▄▄ █▄▄▄▄▄▀█
█  █▄▀▄▄█▄██▄▄█ ▄█▀▄▄▄▄█▄  ▄▄█▄▄█▄▀█▄▄  ▄▀▀▀█ ▄▄▀▀█▄▄▄▄█▀▄█
█ ▄▄ ██▄▀▀▄▄▀█▀▄▀ ██▀ ▀▀▀█▄ ▀ ▀█▀█ ▀ ██▄▀▄▄▄▄████  █▀  ▄▄▄█
█▄▄ ▄██▄█▀ ▀▀███▀▄▀▄▀▀ █▄▀ ▄▀▄▀▀▄ ▄█  █▀▄█ ▀█  ▄█▄█▀▀▄▄█▄ █
█ █▄ ▀ ▄███▀▀█▀█▄ ▄█ ▀▀█▄▄█▀▀▄█▀▀█▀▄ █ ▄▀▀▀██   ▄▄▄█▀▀█▄▄▀█
█▀▄   ▀▄▄  █▄ █  ▄▀ █▀▄▄▀ ▀  █  █  █▄▄█▀▄▀▀ █▄▀▄█ ▀▄ ▄██ ██
█ ▀ ▀▀▄▄ ██▀ ▀▀▀▀  ▀▄    ▄ ▀▀▄▀▀▄▀▄▄  █  ▄█ ▀▄▄ ▀ ▀▀▄▀██▄██
███████▄▄▀  ▀██▄▄▄▄ █  ▀▄▀▄ ▄▄▄ █▄▀█  █  █▀ █ ███ ▄▄▄   ▄ █
█ ▄▄▄▄▄ █▀▄ ▄█▄▄ ▀ ▀▄█▀███▄ █▄█  █▀▀██ ▀▀▀ ▀▀ █▀▀ █▄█ ██▄▀█
█ █   █ █▄▄▄█▄▄▄▀▀  ▀ █▀▀▄▄▄▄▄ ▄▀  █  █▀▄██▀ ▄ █▄▄▄ ▄▄█▀ ▀█
█ █▄▄▄█ █▀█  █▀▄▄█ ▀▄█▀ ▄ ███▄▄ █▄▄█▄ ▀█ ▀▀▄▄▀▄▀ █▀▄▀ █████
█▄▄▄▄▄▄▄█▄▄▄███▄█▄▄▄▄▄▄████▄▄▄█▄███▄▄▄▄█▄█▄▄█▄█████▄█▄███▄█

Scan this QR code:
▄▄▄▄▄▄▄▄▄▄▄▄▄▄▄▄▄▄▄▄▄▄▄▄▄▄▄▄▄▄▄▄▄▄▄▄▄▄▄▄▄▄▄▄▄▄▄▄▄▄▄▄▄▄▄▄▄▄▄
█ ▄▄▄▄▄ █▀ █▀ ▀ ▀██▀██▀█ ▄▄█▄▄▄▄ ▀██▀█ ▀▀▀▄▄▀▄▄▄ ██ ▄▄▄▄▄ █
█ █   █ █▀  █▄ ███▀ ██▄▄▀ ▀█▄█ ▄▀██ ▄▀█▀▄▄▄ ▀█ ▄ ██ █   █ █
█ █▄▄▄█ █▀▀██ █▀▄█▄█▄ ▄█▀ █ ▄▄▄ █▄▀█▀ ▄▀▀▄▄▄▄ ▀▀▄██ █▄▄▄█ █
█▄▄▄▄▄▄▄█▄▀▄█ ▀ ▀▄▀ ▀ ▀ █ █ █▄█ ▀▄█ ▀▄█ █ █▄▀ ▀ ▀▄█▄▄▄▄▄▄▄█
█  ▄ ▄█▄  ▄█ █ ▀ ▄▀▄ █▀▀▄▀▄▄    ▀█▀█▀  █▀█   █▄▄ ▀ █ █▄▀▄▀█
█  ▀██▀▄ ▀ █▀ ▄ ▄ ▀ ▀▀▀ █ ▀▄▄  █▀▀▄██▀▀ ▀▀▄▀▀▀▄█▄ ██ ▄▀▀ ██
█▀▀▀▀▄▀▄▀ █▄  ▄▄▄█▀ ▄▄▀▄  ▀ █▀▀██▀█▄   ▄▀██▀█▀▀█▄▀▀▄██▀ ███
█▄▀ ▄▄▄▄ █ ▄▄▀▀█ ▄▀█▀██▀▄ ▀█▀█▀▄██▄█▄▀▀▄ ▄▄█▀▀▀ ▄█▀█▀█▀  ██
█ ▄█   ▄   ▄█▄▄███   █▀▀▄▀█▀▀ █ ▄▀▀█ ▄▀▄▀█   █▄▄ ▀███▀  ▀ █
█▀▀ █  ▄██▀▀▀▄▀██  ▄▄ ▄▀█▀ ▄▀  █▀ ▀ ▄▄ ▀███▄█▀▄▀▀ ▄ ▄▀▀▀▀██
█ ▀ ▀▀ ▄ ▀▀█▀█▀█▄▀▄▄▄█▀█▀▄▀ ▀▀▀  ▀▄█▄ ▀███▀ █▀▄█▄▀▀▄▄▀█ ▀▀█
██▄██ █▄▀  █ ▀▄ ▄ ▄ ▄█  ▀█▀ █▀█▄▄▄▄ █▀█ ▄██▀█▄▄▀▄▀▄▀▄▀▀▀▀██
██ ▄  ▀▄ █▀ █▄▄█▄█  █▄██  ▀▀▀▀█▀▄ ▄ ▄▄▀▄▀██▀▄█▄█ ▀ ▄▄▀█ ▄▄█
██ ▀▀ ▄▄▄ ▄ ▀▄█ █▄▄█ ▀▄█  ▀ ▄▄▄    ▀▄▀█▄▀▀ ▀▄█▄▄  ▄▄▄ ▀  ▀█
█▀▄▄█ █▄█ █▄▄▄ ▀▀▄▄▀ █▄█▀ █ █▄█ ▄█▄█  ▀▄██   ▀▄▄  █▄█ ██▄ █
█▄ ▄  ▄▄ ▄▄█  █▀▀▄█▄█▄▀█ ▀▄ ▄▄▄▄█▄█▀█▀█   █▄██▄ █▄▄▄▄▄   ▀█
███ ▀██▄▀▀▄▀█▄ █▄▄▀▄▀▄▄▀ ▀▄▀▄█▀  █▀█  ▀▄▀▀▀ ▄▀ ▄█▀▀ ██  ▀ █
█  ▀ █▄▄ █ ▄▄ ▄ ▀█▀ ▀ ██▄█▄▄▀▄▀ █▀▄▄▀█ ▀▄█▀█▄██▄▀▄ █▄▄  ███
██  █▀▄▄  ▄▄▄▀▄ ▀█▄▄▀▀▀█▄ █▄▀██▄████▄  ▄█▀▀  ██▄▀█ ███▀▄▄▀█
██▀█▀█▀▄▄▀██▀▄ █▀█▀▄▀  ▀▄ █ ▀█   █ █▄ ▄██ █▀▀▄▄▄▀▄▄▀ ▀▀▀▄▄█
█▄▄▄▄▄▄▄█ ▀▀▀██▄▀▄  ▄▄▀▀▀▀█▀█▄ ▄▀█▀█▄ ▀▄▄█▀ ▄█ ██▄██▄▄▄▄█▀█
█ ▀▄█▄▄▄█▀▄██▄  ██▀ ▄ ▀ ▀ █▀ ▀  ██▀█▀▀ ▄▄█▄▀ ▀▄▄█▄ ▀▄█▀▀▀██
█ ▄█▄▀▄▄█▀ █▄   ██▀ ▄▄▀▄  █▄██ █ █ ▄▄▄▀▄██  ▀█▀██▀ ▀█▄ ▀█▀█
█ ▀ ▀▀▄▄▀▀▀█ ▄█▀ ▀  █▄▄▄███▄ ▀▀▄▀ █  ▄▄▄▄▄  █▄▀▄▀▄▀▀▀ █▀ ▀█
███████▄▄▀▀ ▀▀ ▀▄█▄ ▀▄▀▀▀ ▄ ▄▄▄  ▀▄█▄▄▀▄▀▀▄  ██▄█ ▄▄▄ ███▄█
█ ▄▄▄▄▄ █▄▄ ▄██ ▄  ▀▄ ██▄▀█ █▄█ ▀▀▀▄  ▄▀ ▀▄▀▀█▀▄▄ █▄█ ▀▀▄██
█ █   █ █ █▀███ ▄▀▀▄▄██▀▀▄  ▄▄ ▄▄▀█▄▄▄▄█▀▀  ▄▀███  ▄▄ █ ▄▄█
█ █▄▄▄█ █ ▀█▀▀▀▀▄ ▀▄▄█ ▄▀██ ██▀████▀▀▀ ▄▄▀▄▀ ▀  ▄  ▄██  ███
█▄▄▄▄▄▄▄█▄▄▄█▄████▄▄█▄██▄▄▄█▄██▄▄▄▄▄▄▄█▄▄██▄███▄▄▄▄█▄█▄█▄██

Scan this QR code:
▄▄▄▄▄▄▄▄▄▄▄▄▄▄▄▄▄▄▄▄▄▄▄▄▄▄▄▄▄▄▄▄▄▄▄▄▄▄▄▄▄▄▄▄▄▄▄▄▄▄▄▄▄▄▄▄▄▄▄
█ ▄▄▄▄▄ █▄▀▄ ▄▄▄▀█ ███ ▄▀▄ ▀▀▀▄ ▄▄ ▀▄█ ▀ ▄ ▄ ▀ ▄ ██ ▄▄▄▄▄ █
█ █   █ █ █▀▀▀ █▄██ ████▀  █ █▄▀▀█▄▀▄ ▄▀█▄▀█ █▀▄ ██ █   █ █
█ █▄▄▄█ █▄▀█▀█▄█▀▀▄  ▀▄  █▀ ▄▄▄ ▀█▀█▄▀  █▀ ▀ █▄▀▄██ █▄▄▄█ █
█▄▄▄▄▄▄▄█▄█▄█▄█ █▄█▄▀▄▀ ▀▄█ █▄█ ▀ ▀ █ █ ▀ █▄▀▄▀▄█ █▄▄▄▄▄▄▄█
█ ▄  ▀▀▄▀  █  ▀█████▀█ ▄  █▄▄▄   █ ▄▀▀▀█ ▄▄ ▄███▀ ▄█▀ ▄ ▀ █
█ █ ▄█▄▄ ▄▀█▀  ▀▀  ██ ▄▄ ▄▄█ █  █ █▀▄▀▀ █ ▀ █▀█ ▄█ █▀▀ ▄  █
██▄▀▄▀▀▄███▀▄▀▄ ▀▄█▄▀▀█▄▄▄▄▀▀██▀██ ▄█ ▀▀█▀██▀█▀█▄█ ▀▀█▀ ▀██
█▄█ █  ▄██▄▀  ▄████  ▄█▀▄█ █▀██▀▄▀▀█▄▀███▄▀▀▀▀▀ █▄█▀▄ ▀▀▄██
█▀▄ ▀▀ ▄▀ ▄ ▀█  ▀▀▀██▄ ▀ ▄█▄▄▄▀█▀▄█▀██▀▄▄████ ▀  ▄█▄▄▀ █▀ █
█ █▀▀▄█▄ ██▀▀▀▀▀▀▀█▀██▄█  ▄ █ ██▀▄█▄▄▄    ▀█ █ ▀▄▄██▄ ██ ▀█
█▀ ▄▄▀ ▄▀▀ █▄▀ ██ ▄▀██ ▄▀█▀ ▄ █ ▄█▀█ █▀█ ▄▀ █▀▀▄▄ ▄▄ ▄██▀▀█
█▄█▀▀▀ ▄▀▄█▄▄▄ ▀▀▄   ▄    █▀▀▄▀▄ █ ▄ █▄█ █ █ ▄▄▄▀▄ ██▄ ▄█▄█
█ ▀▀█ ▄▄   ▄▀█▀█ ▄ ▄█ ███▄███▀▄█▄▄  ▄ ▀▀▀▀▄█ ▀▀▄▄▄ ▀▀▀▀█▄▄█
█ █▄▀ ▄▄▄ ██▄▄█▀  ▄▄▀▀█▄█▀█ ▄▄▄ ▀ █ ▄▄▄▄ ▀  ▀ ▀▀  ▄▄▄ ▀▀▀██
█ ▄█▄ █▄█ ██ ▀▄█  █▄█▄▀▀ ▄█ █▄█   ▄▀▀▀▄█▄▀▀▄▀▄▄▀▄ █▄█ ▄▀▄▄█
█  ██▄▄▄▄ ▀▀▄██ ▄  ▄██▄▄  ▀▄▄ ▄▄▀ ▀ ▀ ▀▀▀▀█▀▀▄▄ ▀ ▄ ▄ ▄█▄▀█
█ ▀▀█  ▄▀▀▀ ▄█ ██▄ █▀█▄ ▀ █▄▄█▀▀▀█ ▄▄▀▄█ ▄  ████▀▄ █▄▄▀████
█▄ ▀█▄▄▄ ██▄ ▀ ▄██ █▄ ▄▄▀████  █▀▄█ ▄▄▀▀▀▄█ ▄▀▀▀▀▄▄▄   ▄ ▄█
█▀█▄█▀ ▄ █▄█▀▀ ▀███ ▀███ ▄████▀▀ ▀ █  █▀ ▀█████▄██ ██▄ ▀███
█▄█▄▀▀ ▄ ▀█▄█ ▄  ▄ ▀   █▄▀█  ▄▄█ ▄▀██▀▄▄  ▀ ██▄▀ ▄▀█ ▄█ █▄█
█▀█▄▄▄█▄▄█   ██ ▀  ▀ █ ▀█▄▀ ▀  ▄█▄▄▀▀█▄█▄▀▀▄▄▄  ▄▀█ ▀ █ █▄█
█▀█ ▄▄█▄█▀▄ ▀▀▀  ██▄ ██ ██▀██▀▄ ▀▀█▀▀▄ ▄█▄▄▄█▄ ▀▀▀▀██▄▄▄▄██
█  ▄▀▀█▄▄▄██▄▀▄▄▄█▀▀▀▄ █▀▀██▄▄ ▀▀█▀▄▄█▀▄    ▀▀▄█▀████▄  ▄ █
█ ▀ ▀▀▄▄▀▀  ▄▀█ ▄▀▄▀ ▀██▄▄▄█▄██▀   ▄    ███▀▀█ █ ▀▄ █  ▄ ▄█
███████▄▄ ▀ █▀ █▀▄▄▄▀  ▀▄▄▀ ▄▄▄  █ ██   █▀▄▄ ▀ ██ ▄▄▄ ▄█▀▀█
█ ▄▄▄▄▄ ███▄▀▀█▄████ ▄ ▀▄██ █▄█ ██ █▄▀ ▀▄▄▄▄ ▄██▄ █▄█  ▀▀██
█ █   █ █▀▄   █ ▀█▀█ ▄██ ▀█  ▄  ▄▄ ▀▀█▄█ █▄▄ ▄ ▀▄ ▄▄ ▄▄▄▀██
█ █▄▄▄█ █ ▀▄ █▄   ▀ ▄▀███▀█▀▀██▀█   ▄ ▀▀▄█ ██▄ ▄▀▄▀  █▄▄█▀█
█▄▄▄▄▄▄▄█▄█▄█▄████▄█▄█▄▄█▄███▄███▄██▄█▄▄▄▄▄████▄█▄███▄█▄███

Scan this QR code:
▄▄▄▄▄▄▄▄▄▄▄▄▄▄▄▄▄▄▄▄▄▄▄▄▄▄▄▄▄▄▄▄▄▄▄▄▄▄▄▄▄▄▄▄▄▄▄▄▄▄▄▄▄▄▄▄▄▄▄
█ ▄▄▄▄▄ █▀ █▀ ▀▀▀██▀██▀▄▄▄▄█▄▄▄▄ ▀▀██▀▄▀  ▄▄▀ ▄▄ ██ ▄▄▄▄▄ █
█ █   █ █▀  ▀▄ ██▄▀ █▄▄▄▀ ▀█▄█ ▄▀▄█ ▀▀█▀▄█▄ ▀▄ ▄ ██ █   █ █
█ █▄▄▄█ █▀█▀█▄█▀▄█▄█▄ ▄█▀ █ ▄▄▄  ▄▀█▀ ▄▀ ▀▄▄▄▄▀▀▄██ █▄▄▄█ █
█▄▄▄▄▄▄▄█▄▀ ▀▄▀ ▀▄▀ ▀ ▀ █ █ █▄█ ▀▄█ ▀▄█ █ █▄▀ ▀ ▀▄█▄▄▄▄▄▄▄█
█  ▄ ▄█▄▄▄▄▄▀█ ▀ ▄▀▄ █▀▀▄▀ ▄    ▀█▀█▀  █▀█   █▄▄▀  █▄█▄▀▄▀█
█  ▀█▄▀▄▀▀█▀▄▀▄ ▄ ▀ ▀▀▀ █ ▀▄ ▄ █▀▀▄▀█▀▀▄▀▀ ▀▀▀ ▀█ █▄ ▄▀▀ ██
█▀▀ ▀▄▀▄▄ ▀█  ▄▄▄█▀ ▄▄▀▄   ▀██▀██▀▄▄  ▄▄▀█ ▀█▀▄▄ ▀▀▄▀█▀▄███
█▄█ ▀▄▄▄▀▄ ▄▄▀▀█ ▄▀█▀██▀▄ ▀█ ██▄██▄▀ █  ▄▄  █▀▄▀▄ ▀█ █▄▀ ██
█ █▄█  ▄   ▄█▄▄█▄█▄▄▄▄▀▀▀ █▀▀  ▀▄▀▀█▀▄ ▄█▀▀ ▄██▄ ▀███▀ ▀█▄█
██▄ ▀ ▄▄██▀▀▀▄▀█▄▀ ▄  ▄▀▀  ▄▀ ▀██ ▀ █ ▀▀▀ █▄█▀█▀▀ ▄▄▄▀▀▀▄▀█
█▄█ ▀██▄ ▀▀█ ▀▀█▄▀▄▄▄█▀█▀▄▀ ▀▀▀  █▄█▄ ▀█▀█▀ ▄█▄█▄▀▄▄▄▀█  ▀█
██▄██ █▄█  ▄▄ ▄▄▄ ▄ ▄█  ▀█▀ █▀█▄█▄▄ ▄ █ ▄▄█▀█▄▄▀▄▀▄ ▄▀▀▀▀██
██ ▄ ▀ ▄▀  █ ▄  ▄█  █▄██  ▀█▀▀█▀▄ ▄ ▄▄▀▄▀██▀▄█▄█▄▀▄▄▄▀█ ▄▄█
██ ▀▀ ▄▄▄  ██▀█▄█▄▄█ ▀▄█  █ ▄▄▄    █▄▀█ ▀▀▄█▄█▄▄  ▄▄▄ ▀  ▀█
█▀▄██ █▄█   ▄▄ █▀▄▄▀ █▄█▀ ▀ █▄█ ▄███  ▀███▀  ▀▄██ █▄█ ██▄ █
█▀▀▀▄  ▄  ▄█  █▀▀▄▀▀█▄▀▀ ▀▄▄▄▄▄▄█▄▄ ██ ▄ ▄█▀▀▀▀      ▄   ▀█
██▄▄ ██▄▀ ▄▀█▄ █▄█▄ ▀██▀▄▀▄▀▄█▀  █▀█▄ ▄▄▀▀ ▀████▀▀▀ ██▀▀█ █
███▀▀█▄▄█  ▄▄ ▄ █▄▀ █▀██▄█▄▄▀ ▀ ▀▀▄▄▀█  ▀█▀▄▀ ▄█▀▄ █▀█  ▄██
█▀▀ █▀▄▄  ▄▄██▄ ▀█▄▄▀▀▀█▄ █▄▀█ ▄████ ▄ ▄█▀▀  ▀█▄▀█ ███▀▄█ █
██▀█▀█▀▄▄▀ ▄▀▀▄█▀█▀▄▀  ▀▄ █ ▀█▄  ▄ █▄▀▄█▄ █▀ █▄▄▀▄▄▀ ▀▀▀▄▄█
█▄▄▄▄▀▀▄█  ▀▄ ▄█▀▄  ▄▄▀▀▀▀█▀█▄ ▄▀█▀█▄ ▀▄▄█▀ ▄█ ██▄▄▀▄▄ ▄█▀█
█ ▀▄█ ▀▄█▀▄██  ▀██▀ ▄ ▀ ▀ █▀ ▀  ███▀▀▀▄ ▄█ █ ▀ ▄██ █▄█▀▀▀██
█ ▄    ▄▄ ▄█▄ ▀▀██▀ ▄▄▀▄  █▄██ █ ███▄▄▀▄██  ▀█▄██▀▀▄█▄█ █▀█
█ ▀ ▀▀▄▄▄▀▀█ ▄█▀ ▀█▀█▄ ▀███▄ ▀▀▄▀ █▀▄ ▄▀▄▄██▀ ▄▀██ ██▄▀▀ ▀█
███████▄▄▀▀ ▀▀ ▀██▀▄ ▄██▀ ▄ ▄▄▄  ▀▄█▄ ███▀█▀▀█▄██ ▄▄▄ ██▀▄█
█ ▄▄▄▄▄ █▄▄ ▄██ ██ ▀█ ██ ▀█ █▄█ █▀▀▄▄ ▄ ▀▄█▀ ▀ █  █▄█ ▀▀▄██
█ █   █ █ █▀▀ █ ▄▀▀▄▄██▀▀▄     ▄ ▀█▄▄▄▄█▀▀  ▄▀███  ▄  █ ▄▄█
█ █▄▄▄█ █ ▄█▄▄ ▀▄ ▀▄▄█ ▄▀██ ▀█▀████▀▀  ▄▄ ▄▀▀   ▄  ▄██  ███
█▄▄▄▄▄▄▄█▄█▄▄█▄███▄▄█▄██▄▄▄████▄▄▄▄▄▄▄█▄▄██▄███▄▄▄▄███▄█▄██

Scan this QR code:
▄▄▄▄▄▄▄▄▄▄▄▄▄▄▄▄▄▄▄▄▄▄▄▄▄▄▄▄▄▄▄▄▄▄▄▄▄▄▄▄▄▄▄▄▄▄▄▄▄▄▄▄▄▄▄▄▄▄▄
█ ▄▄▄▄▄ █▄▀▄ ▄██▀▀ █▄▀▀▄█  ▀▀▀▄ ▄▄▀█ █▄█ █▄ █▄ ▄ ██ ▄▄▄▄▄ █
█ █   █ █ █▀█▀ █▄▄█ ▄▄██ ▀ █ █▄▀▀█▄▀▄ ▄▀▄█▀█ █▀▄ ██ █   █ █
█ █▄▄▄█ █▄▀▀██▄█▀▀▄  ▀▄  █▀ ▄▄▄ █▄▀█▄█     ▀▀█▄▀▄██ █▄▄▄█ █
█▄▄▄▄▄▄▄█▄▀▄▀ █ █▄█▄▀▄▀ ▀▄█ █▄█ ▀ ▀ █ █ ▀ █▄▀▄▀▄█ █▄▄▄▄▄▄▄█
█ ▄  ▀▀▄█▄▀ ██▀█████▀█ ▄  █▄▄▄   █ ▄▀▀▀█ ▄▄ ▄███ ▀ ██▄▄ ▀ █
█ █ ▄▄█▄█  ▀▀▀ ▀▀  ██ ▄▄ ▄▄█ █  █ ██▄▀█▄█ █ █▀█ ▀▄ █▀▄ ▄  █
██▄▄▄▀▀▄▀██▄▄▀▄ ▀▄█▄▀▀█▄▄▄█ ▄██▀██ ██  ▀█▀██▀████▄ ▀▄▀█▄▀██
█▄▀██  ▄█▄▄▀  ▄███ █ ▄█ ▄█ █▀▄█▀▄▀▀█ ▀▄ █▄▄▀█▀██▄██▀▄ ▀▀▄██
███▀▀▀ ▄▀ ▄ ▀█   ▀▀▀▄█▄▀ ██▄▄▄ ▄▀▄▄▀█▀▄█▄▀██  ▀▀ ▄█▄▄▀ ▄█ █
█▀▀▄  █▄ ██▀▀▀▀▀▄▀█▀█ ▄█▀▄▄ █ ██▀▄█▄▄▄ ▀▀▀▀█▀▄▀▀▄▄█▀▄ █████
█  ▄▄▄█▄▀▀ ██▀ ██ ▄▀██ ▄▀█▀ ▄ █  █▀█ █▀█ ▄▀ ▀▀▀▄▄ ▀█ ▄██▀ █
█▄█▀▀▀█▄▀▄▀▄▀ ▀▄▀▄   ▄    █▀▀▄▀▄ ▄ ▄▀█▄█ ▄ █▀█▄▄▀▄ █▀▄ ▄█▄█
█ ▀▀█▀█▄ ▄▄▄  ▄▄ ▄ ▄█ ███▄▀██▀▄█▄▄  ▄ ▀▀▀▀▄█ ▀▀▄██ ▀██▀█▄▄█
█ █▄▀ ▄▄▄ █▄ ▄▀█  ▄▄▀▀█▄█▀█ ▄▄▄ ▀ █ ▄▄ ▄ ▀▄ ▀ ▀▀▀ ▄▄▄ ▀▀▀██
█ ▄   █▄█ ▄█ ▀▀█  █▄█▄▀▀ ▄█ █▄█    ▀▀▀██▄▀▀█▀▄▄   █▄█ ▀█▄▄█
██▀█  ▄▄  ▀▀▄██ ▄ ▄ ███▄  ▀ ▄ ▄▄▀  ▀▀▄▄▄██▄ ▀ ▀▄▄▄ ▄ ▄▄█▄▀█
█▄ █   ▄▄▀▀ ▄█ ██▄▀█ █▄   █▄▄█▀▀▀█ ▄▄█ ▄    ██▄█▀▀ █▄▄▀▄███
█▀▀██▄▄▄█▀█▄ ▀ ▄█  █▄▀▄▄▄▀██▄  ██▄█    ▀███▀ ▄▀  ▄▄▄▄▀ ▄▄ █
█ ▀▄█▀ ▄ █▄█▄  ▀███ ▀███ ▄████▀█ ▀ █▄ █▀█▀██ ▀█▄██ ██▄ ▀█▄█
█▄█▄▀▀ ▄ ▀▀▀▄▄ █ ▄ ▀   █▄▀█  ▄▄▀ █▀██ ▄▄  ▀ ▄█▄▀ ▄▀█ ▄█ █▄█
█▀█▄▄█▀▄▄█▀▀▀ ▄█▀  ▀ █ ▀█▄▀ ▀  ▄█▄▄▀▀█▄█▄▀▀▄▄▄  ▄▀▄ ▀ ▀▄█▄█
█▀█ ▄  ▄█▀█████  ██▄ ██ █████▀▄ ▀▀█▀▀▄▄ █▄ ▄█▄ █▀▀ ██▄▀█▄██
█  ▄██▄▄▀ ▄ ▄▀▀█▄█▀▀▀▄ █▀▀▄▀▄▄ ▀▀█▄▄▄█▀▄    ▀▀ ▄▀█████  ▄ █
█ ▀ ▀▀▄▄█▄  ▄▀█ ▄▀██ ▀▄▀▄▄██▄██▀  ▀▄ ▄ ▀█▀ █▀▀ ▄▄ ▄ ██ █ ▄█
███████▄█ ▀ █▀ █▀██ ▀▀█▀ █▀ ▄▄▄  █ █▄ ▀▀▀▀▄▄ █▀█▀ ▄▄▄ ▄████
█ ▄▄▄▄▄ ███▄▀▀█▄▄▄██ ▀ ▀▀ █ █▄█ ▀▀ █▄█  ▀▄██▀▄█▄  █▄█  ▀ ██
█ █   █ █▀▄  ▀█ ▀█▀█ ▄██ ▀█     █  ▀▀█▄█ █▄▄ ▄ ▀▄ ▄▄▄▄▄▄ ▄█
█ █▄▄▄█ █ ██  █   ▀ ▄▀███▀█▀█▀█▀▄▀  █▀▀▀▄▄ █▄█ ▄▀▄▀ ██▄▄█▀█
█▄▄▄▄▄▄▄█▄▄▄██████▄█▄█▄▄█▄███████▄██▄█▄▄▄▄▄████▄█▄██▄▄█▄███

Scan this QR code:
▄▄▄▄▄▄▄▄▄▄▄▄▄▄▄▄▄▄▄▄▄▄▄▄▄▄▄▄▄▄▄▄▄▄▄▄▄▄▄▄▄▄▄▄▄▄▄▄▄▄▄▄▄▄▄▄▄▄▄
█ ▄▄▄▄▄ █▀ █▀ ▀  ▀█  ▀▀▄ ▄▄█▄▄▄▄ ▀▀▀▄ ▄██▀▀▄▀▀▄▄ ██ ▄▄▄▄▄ █
█ █   █ █▀  █  █▄▄▀ ██▄▄▀ ▀█▄█ ▄▀██ ▀ █▀█▄▄  █ ▄ ██ █   █ █
█ █▄▄▄█ █▀▀▀▄▄█▀▄█▄█▄ ▄█▀ █ ▄▄▄ ▄▄▀██▄▄▀██▄▄██▀▀▄██ █▄▄▄█ █
█▄▄▄▄▄▄▄█▄█ █▄▀ ▀▄▀ ▀ ▀ █ █ █▄█ ▀▄█ ▀▄█ █ █▄▀ ▀ ▀▄█▄▄▄▄▄▄▄█
█  ▄  ▀▄▄▄▀▄▀▀ ▀ ▄▀▄ █▀▀▄▀ ▄    ▀█▀█▀  █▀█   █▄▄▀  █▄█▄▀▄▀█
█  ▀█▄▀▄█ ▀▀▄ ▄ ▄ ▀ ▀▀▀ █  █▄▄ █▀▀ ▀█▀█ ▀▀▄█▀▀▄▀▄ ██  ▀▀ ██
█▀▀▀▄▄▀▄▀█▄█  ▄▄▄█▀ ▄▄▀▄   ▀▀▀▀██▀▄█   █▀██ █▀▄▄▀▀▀▄▀▀▀ ███
█▀▄  ▄▄▄▀▄ ▄▄▀▀█ ▄  ▀██▀▄ ▀█ █▀▄██▄█ █ ▀ ▄▄▀█▀▄▄▀ ▀█▀▄▀▀ ██
█▄█▀▄  ▄   ▄█▄▄██▄   ▄█▀  █▀▀ ▀▀▄▀▀▄█▄ ▄█▀▀▀▄▀▄█ ▀███▀ ▀▀ █
███▀ ▄▄▄██▀▀▀▄▀██  ▄  ▄▀▄▄ ▄▀ ▀▄█ ▀ █▄▀▀▄▀█▄▀ ▄▀▀   ▄▀▀▀▀██
█▀  ▀█▀▄ ▀▀█▀ ▀█▄▀▄▄▄█▀█▀▄▀ ▀▀▀ ▄▀▄█▄ ▀█▄█▀  ▀▄█▄▀▀█▄▀█  ▀█
██▄████▄█▄▀█ ▄▀▄▄ ▄ ▄█  ▀█▀ █▀█▄█▄▄ █ █ ▄▄█▀██▄▀▄▀ ▄ █▀▀▀██
██ ▄ ▀█▄▄▀ ▀ ▄ ▀▄█  █▄██  █▀▀▀█▀▄ ▄ ▄▄▀▄▀██▀▄█▄█▀ ▀█▀▀█ ▄▄█
██ ▀▀ ▄▄▄ ▄█▀   █▄▄█ ▀▄█  ▀ ▄▄▄   ▄█▄▀█ ▀▀▄█▄█▄▄  ▄▄▄ █  ▀█
█▀▄▄▀ █▄█ ▀▀▄▄▀ ▀▄▄▀ █▄█▀ ▀ █▄█ ▄██▄   ███   ▀▄▄█ █▄█  ▀▄ █
████ ▄▄▄▄▄▄█  █▀▀▄▄▄█▄▀█ ▀█ ▄▄▄▄█▄▄▀▀█ █▄ ██▀▀▄ █▄▄  ▄▀  ▀█
█ ▀▀ ██▄ ▀▄▀█▄ █ ▄ ▄█▄▀█▀ ▄▀█▄▀  █▀█▀  ▄ ▀█▀▄▀█▄▀▀▀ ▄▄▀▀█▄█
█▀ ▄ █▄▄▄▄ ▄▄ ▄ ▀▀▀  ▄███ ▄▄▀▄▀ ▀█▄▄ ▀ ▀█▀ █▀▀▄█ ▄ █▄▄   ▀█
█▄  █▀▄▄  ▄▄▀█▄ ▀█▄▄▀▀▀█▄ █▄▀█  ▄▀██▄▄ ▄██▀ ▀██▄▀█ ███▀▄█▀█
██▀█▀█▀▄▄▀ ▄▀▄▀█▀█▀▄▀  ▀▄ █ ▀█▄ ▀▄ █▄▀▄██▀█▀▀█▄▄▀▄▄▀ ▀▀▀▄▄█
█▄▄▄▄▄ ▄█  ▄ ▀█ ▀▄  ▄▄▀▀▀▀█▀█▄ ▄▀█▀█▄ ▀▄▄█▀ ▄█ ██▄██▄▄▄ █▀█
█ ▀▄█ ▄▄█▀▄▀▄ █▄██▀ ▄ ▀ ▀ █▀ ▀  ██▀▀▀▀▄ ▄█ █ ▀  ▀█▀▀▄█▀ ▀██
█ ▄ ▄█ ▄█▄█▀▄ ████▀ ▄▄▀▄  █▀██ █ █▄█▄▄▀███▀ ▀█▀█▀█▄▄▄█▀██▀█
█ ▀ ▀▀▄▄ ▄▀█ ▄█▀ ▀▄ █▄▄▄███▄ ▀▀▄▀ ▄▀▄▄█ ▄ █▀▀▄▀▄▄▄▄██▄▀▀ ▀█
███████▄█▀▀ ▀▀ ▀▀▄▄▄▀▄█▀ ▀▄ ▄▄▄  ▀▄█▄▄▄█▄█  ▄▀█▄▀ ▄▄▄ ██▀▄█
█ ▄▄▄▄▄ █▄▄ ▄██ ▄  ▀▄███▀▀█ █▄█ ██▀▄▄ ▄ ▄ ▄ ▀▀ ▄▀ █▄█ ▀▀ ▀█
█ █   █ █ █▀ ▄█ ▄▀▀▄▄██▀▀▄     ▄▄██▄  ▄█ ▀  ▀████  ▄▄ █ █▄█
█ █▄▄▄█ █ █▀ ▀ ▄▄ ▀▄▄█ ▄▀██ ▀▀▀█▄▄█▀   ▄█ ▄▀ ▀  ▄  ▄▄▀  ███
█▄▄▄▄▄▄▄█▄█▄▄▄▄███▄▄█▄██▄▄▄████▄▄▄▄▄▄▄█▄▄██▄███▄▄▄▄█▄▄▄█▄██

❌ Bot disconnected (408), reconnecting in 5s...
❌ Bot disconnected (408), reconnecting in 5s...
Scan this QR code:
▄▄▄▄▄▄▄▄▄▄▄▄▄▄▄▄▄▄▄▄▄▄▄▄▄▄▄▄▄▄▄▄▄▄▄▄▄▄▄▄▄▄▄▄▄▄▄▄▄▄▄▄▄▄▄▄▄▄▄
█ ▄▄▄▄▄ █▀█▄▄ █▀▀█▄▀▀███▄▄ ██▀ ▄▄ ▀▀██ ▀ █▄▄█ ▄▄ ██ ▄▄▄▄▄ █
█ █   █ █▀▄ ▀ ▀█▄██▀██▄▄▀ ▀█▀▄▄  ██  ▀█▀▄▄▀▄ ▄ ▄ ██ █   █ █
█ █▄▄▄█ █▀▄▀ ▀ ▄▄███▄ ▀▄▀ █ ▄▄▄ ▄ ▄▀▄▄▄▀▀▄▀▄▀▀▀▀▄██ █▄▄▄█ █
█▄▄▄▄▄▄▄█▄█▄▀▄█▄▀▄▀ ▀ █ █ █ █▄█ ▀▄█ ▀▄█▄█ ▀ ▀ █▄▀▄█▄▄▄▄▄▄▄█
█ ▄  ▄▀▄  ▄█▄█ █▄▄█▄ █▀█ ▀▄▄▄▄  ▀█▀█▀  █▀█▄▀██▄▄▀▀ █▄█▄▀ ▀█
██▀▀▀ ▄▄█  ▄█▀▄ ▄▄▀ ▀▀▀ ▀▀▀███▀█▀▀ ██▄▀█ ▄▄▀▀ ▄▄▄▄█▄ █▀▀▄▀█
█▀▄▄▄▀█▄▄ ▄█ █▄▄█▄▀ ▀█▀▄  ▄▄▀█▀██▀▄█▀▄▄█▀▀  ▀▀██   █▀█▀ ▀▀█
██▄▄█▀ ▄▄██  ▀██▄▄█▀▀▄██▄▄▀█ ▄█ █▀▄█▄ ▄▄▄███ █ ▄▀▀▄▀█   ███
█ ▀ ██▀▄█▀▀▄  ▄▀██  ▀▄▀▀▀▀▀█▀  ▀██▀▄  ▀█▀█  ▄███▀▀▀█▀█▀▀███
█ █ ▀▄▀▄ ▀▀▀██▀█▀▀▀█ ▀ ███▄▄▀ ▀▀█ ▀▄▀▄ ▄▄▀▄ ▄▀▄▀  ▀█  ▀▀ ██
█▀▄▄█ ▀▄ ▀▀▄██▀█▄▀▄ ▄█▀█▀▄  █▀█▀██ ▄▄▄ █▄█▀▀▄▀ █▄▀▀▄▀██▄▀▀█
█▀▀ ▄ █▄▀▀▄ ██ █▄ ▀█▄██▄▀█▀ ▄  ▀▄██    ▄█▀▀ █▄▀  ▀▄▀  ▀▀▀██
█▄▀█▀ ▀▄█ ▀ █ ▄ ▄▄▄ █▄▀█▀ ▀█▀▀ ▀▄ ▄  ▄▀██▀ ▀ ██▄  ▀█▀▀█▀▄ █
█▀▄▄  ▄▄▄ ▀ █ ██▀▀▄█ ▀▄██ ▄ ▄▄▄    ▀▄██▄▀ ▄█    ▀ ▄▄▄ ▀  ██
██ ▀  █▄█  ▀▀▄ ▀█▄▄▀▀█▄█▀▀▀ █▄█ ▄▀▄▄ ▄▀█▀█▀ ██▄▄█ █▄█ █  ██
█ ▀█ ▄ ▄  █▀ ▀█▄    █▀▄ ▄▄      ▀▄█ ▀▄▀████ █ █ █▄▄   ▀▀▄██
█▄ █ ▀ ▄▄  ▀▄▄▀█▄▄▄▄▀██▀▀▀▄▄██▀  █▀██▄▀███▀ ▄█ ▄▀ ▀█▄█▀▄ ▀█
█▀▄█▄ █▄▄▄  ▀▄▄█▀▄▀ ▄▄▀ █▄▀▄▀▀▀ █▀ ▄█▀█▀ █▄█▄██▄▀▀ █ ▀▀▀ ▀█
█▀  ▀▀▄▄ ▀ █▀▀ █▀█▀▄▀▀▀█▄ █▀▀█ ▄ █▄█▄ ██▀█▀▀▄▀▀▄▀▀ ▀▀▄▄█▄▀█
██▄▄   ▄▀▀▄█▄██▄▀█  ▀ ▀▄▄ ▄ ▀█▄▄▀▄ ▄▄▀█▄▀▀▀▀███  █ █▀██▀▄▄█
█▄▀█▀ ▀▄ ▄ █▀▄█▀▄▄▀▄▄▄██▄▀█▀▄▄▀▀▀█▀█   ▄▀█ ▀ ██▄█▄▀█▄▄▄▀▀██
███▄  ▀▄██▄█▄▄▀▀▄█▀  ▀▀ ▀▀█▀▀▀ ▄▀████  ▄▀▄  █  ▀▀▀▄▀▀▄▀▀▄▀█
█▀▀▄▄▀▀▄  ██▄ ▄ █▄▀  ▄▀▄▀ █▄██   █▄▄▄▄ █▀▀ ▀ ▀██▀▀▄▄███▀█ █
█ ▀ ▀▀▄▄▄ █▄█▄▀▀▀█▀▀▄  ▀█▀▀ ▀▀▄▄▄▀█▀███▄▄▀▄ █▄ █▀▀▄█▄▄▄ ▄██
███████▄█ █ ▀█ ▀█▄▄ ▀▄█▀▀ ▀ ▄▄▄  ▀▄█  ▀▄██▀  ████ ▄▄▄  ▀▀▀█
█ ▄▄▄▄▄ █▄▄█▀ ▄▄▀██▄▄▀▀ █▀▄ █▄█  ▀▀▄█  ▀ ▄▄▄ ▀▄▄▀ █▄█   ▄▀█
█ █   █ █ ▀▄▀█▀▀▄▀  ▄█ ▀▀▄▀ ▄  ▄▀███▄▄ ▄▀▀█▀▄▀██▄▄ ▄▄▄█▀▄▄█
█ █▄▄▄█ █  █ █▀▄▄ █▄▄█▀█▀███▀█▀██▄▄  ▄▀█ ▄▄▀▄▀▄▄█ ▀▄██  ███
█▄▄▄▄▄▄▄█▄██▄▄██▄▄▄▄██████▄████▄▄▄▄▄▄▄█▄██▄▄▄█▄███▄█▄███▄██

Scan this QR code:
▄▄▄▄▄▄▄▄▄▄▄▄▄▄▄▄▄▄▄▄▄▄▄▄▄▄▄▄▄▄▄▄▄▄▄▄▄▄▄▄▄▄▄▄▄▄▄▄▄▄▄▄▄▄▄▄▄▄▄
█ ▄▄▄▄▄ █▀ █▀ ▀▀▀▀▄▀ █ ▄▀ ▄█▄▄▄▄ ▀▀█ ▀ ██▄▄▄▄▄▄▄ ██ ▄▄▄▄▄ █
█ █   █ █▀  ▀  ███▀ ██▄▄▀ ▀█▄█ ▄▄▄█ ▀▀█▀▄▄▄ ▀▄ ▄ ██ █   █ █
█ █▄▄▄█ █▀██▀ █▀▄█▄█▄ ▄█▀ █ ▄▄▄ ▄▀▀██▄▄▀▄▄▄▄▀ ▀▀▄██ █▄▄▄█ █
█▄▄▄▄▄▄▄█▄▀ ▀▄▀ ▀▄▀ ▀ ▀ █ █ █▄█ ▀▄█ ▀▄█ █ █▄▀ ▀ ▀▄█▄▄▄▄▄▄▄█
█  ▄  ▀▄▄   ▀▄ ▀ ▄▀▄ █▀▀▄▀▄     ▀█▀█▀  █▀█   █▄▄█▀▄█▄▀▄▀▄▀█
█  ▀██ ▄  █▀▀▄▄ ▄ ▀ ▀▀▀ █  ▄   █▀▀▄▀█▀█ ▀▀▄█▀▀▄█ ▀▄▄▄ ▀▀ ██
█▀▀█▀▄▀▄▄▄▄▀  ▄▄▄█▀ ▄▄▀▄    ▀▀▀██▀▄█   ▄▀█▀▀█▀▄▄ ▀▀▄ ██ ███
█▄▄██▄▄▄ █ ▄▄▀▀█ ▄▀▀▀█▄ ▄ ▀█ ▄█ ███▀▄▀▀█ ▄█▄█▀▄▀  ▀█ ▄▀▀ ██
██  ▀  ▄   ▄█▄▄██▄▄▄▄▄▀▀▀ █▀▀ ▀▀▄▀▀█▄ ▀█▀▀▀  ██▄ ▀███▀ ▀▀▄█
█ ▄█ ▄ ▄██▀▀▀▄▀█▄▄ ▄▄▀▄▀ ▀ ▄▀ ▀▄▀ ▀ ██▀ █ ██▄█▄▀▀ ▄ ▄▀▀▀▄▀█
███ ▀██▄ ▀▀█ █▀█▄▀▄▄▄█▀█▀▄▀ ▀▀▀ ▄█▄█ ▄▀███▀  █▄█▄▀▄█▄▀█ ▀▀█
██▄██▄▀▄█ ▀▄ ▀  ▄ ▄ ▄█  ▀█▀ █▀█▄▄█▄ █▀█ █▄█▀█▄▄▀▄▀█▄ ▀▀▀▀██
██ ▄ █▄▄▄█ █ ▀ ▄▄█  █▄██  █▀▀▀█▀▄ ▄ ▄▄▀▄▀██▀▄█▄█▀ ▄▄ ██ ▄▄█
██ ▀▀ ▄▄▄ ▀▀▄▀███▄▄█ ▀▄█  ▄ ▄▄▄   ▄█▄▀▀▄▀▀ █▄█  █ ▄▄▄ ▀  ▀█
█▀▄█▀ █▄█ █▄▄▄▄▄▀▄▄▀ █▄█▀ ▀ █▄█ ▄██▄  ▀███▀  ▀▄█▀ █▄█ ▄ ▄ █
█▄▄ ▀  ▄  ▄█  █▀▀▄▄▀█▄██ ▀▄ ▄▄▄▄█▄█ ▀█▄  ▄▀ █▀▄█▄▄  ▄ ▀▀ ▀█
█ ▄▀▄██▄▄█▄▀█▄ █▄██▄▀▄██▀ ▄▀█▄▀  █▀█▀ ▀███  ▄▀███▀▀ ██▀▀█ █
█  ▄▄█▄▄▄▄ ▄▄ ▄ ▀▀▀ ▀███▀ ▄▄▀█▀ ▀▀▄▄▄█▀ ▀▀ ▄ ▀██▀▄ █▀   ▄▀█
█ █ █▀▄▄  ▄▄▄ ▄ ▀█▄▄▀▀▀█▄ █▄▀█▀▀▄▀██ ▄ ▄▀▀▀ ███▄▀█ ███▀▄█ █
██▀█▀█▀▄▄▀   ██▀▀█▀▄▀  ▀▄ █ ▀█ ▄▀▄ ██ ▄█▄▀█▀ ▄▄▄▀▄▄▀ ▀▀▀▄▄█
█▄▄▄▄██▄█  ▄▀▄▄▄▀▄  ▄▄▀▀▀▀█▀█▄ ▄▀█▀█▄ ▀▄▄█▀ ▄█ ██▄▀ ▄▄▄ █▀█
█ ▀▄██▄▄█▀█ ▀▄ ███▀ ▄ ▀ ▀ █▀ ▀  ████▀▀▄▄▄█▄█ ▀▄ ▀▀▀▀▄█ ▀▀██
█ ▄██▀▀▄▀▀ ▀▄ ▀███▀ ▄▄▀▄  ▄ ██ █ █▄▄▄▄▄▄██  ▀█▄██▀▀▀▄█▀▀█▀█
█ ▀ ▀▀▄▄ █▀█ ▄█▀ ▀▀██▄ ███▄  ▀▀▄▀ █▀▄▄ ▄▄ █▀▀  ▀▄█▄███▀▀ ▀█
███████▄▄▀▀ ▀▀ ▀█▄▄▄▄▄▀█  ▄ ▄▄▄  ▀▄█▄▄▀█ ▀▀ ▄▀▄▄█ ▄▄▄ ▄▄▀▄█
█ ▄▄▄▄▄ █▄▄ ▄██  ▄ ▀  ██▄▄█ █▄█ ▀▀▀▄ ██ ▄▀▄ █▀▀██ █▄█ ▀▀ ██
█ █   █ █ █▀█ █ ▄▀▀▄▄██▀▀▄  ▄▄ ▄ ▀█▄▀▄▄█▀█   ▀██▄  ▄ ▄█ ███
█ █▄▄▄█ █  ▄███▀▄ ▀▄▄█ ▄▀██ ██▀█▄██▀▀  ▄█▀▄▀▀   ▄  ▄██  ███
█▄▄▄▄▄▄▄█▄▄▄█▄█▄██▄▄█▄██▄▄▄████▄▄▄▄▄▄▄█▄▄██▄███▄▄▄▄███▄█▄██

Scan this QR code:
▄▄▄▄▄▄▄▄▄▄▄▄▄▄▄▄▄▄▄▄▄▄▄▄▄▄▄▄▄▄▄▄▄▄▄▄▄▄▄▄▄▄▄▄▄▄▄▄▄▄▄▄▄▄▄▄▄▄▄
█ ▄▄▄▄▄ █  ▄▄ ▀████ █ ▀█ ▄█  ▀ ▄▀█▄█▀▄▀ █   ▀█▀▄ ██ ▄▄▄▄▄ █
█ █   █ █ ▄█ █▀█▄▀ ▄▄▄▄▀▄█▀█▀▀▀█ ███▄▄█▀█▀▄▀ ▄ ▄ ██ █   █ █
█ █▄▄▄█ █▀▀█▄ █▀▀███▀█▄▄▀   ▄▄▄   ▀▀ ▄▀▄█ ▀▄▄ ▄▀▄██ █▄▄▄█ █
█▄▄▄▄▄▄▄█▄█ ▀ █▄▀ █▄▀ █▄▀▄█ █▄█ ▀▄█▄█ █▄█▄█▄▀ █ █ █▄▄▄▄▄▄▄█
█  ██▄▄▄▀█▄█  █ ▀▄█▄█ ▄█ ▀█▄ ▄  ▄ ▄█▀ █ ▄█▄▀  ▀▄▀▀█▀▄▀▄ ▄▄█
█ ▀▀▀█ ▄█ ▀  ▄▄ ▄▀▄█▀▀▀█▄▄ ▄▀ ▄ ▀▀   ▀▀█ ▀█▄▀  ▀█ ▄▄▀▀▄▄▄▀█
█▀▀██▀█▄  ██ █▀▀ ▄▀ ▄ ▄▄  ▀▀ ▀▀█ ▄ █▀▄▀ ▄▀  ▄▄ ▄▀▀█ ▄█▀ ▄▄█
█▀█▄█▄█▄█▄███▄██▄▀  ▀▄ ▄▀▀▀█   ▀█▀▄█▀▀▀  ▄▄▄▄▀█▄▀▀▄▀▄█▀▄███
█▄▀▄██▀▄ ▄▄▄  ▀▄▀▄▄ ▄▀▀▀▄▀▄ ▄ ▀   ▄█ ▄▀▀ █ ▀▀▄▀█▀▀▄ ▄█ ▀▄▄█
█▀▄▀██▄▄ ▀▀▄  ▀██ ▄ ▄▀  █▀▄▄▀██▄▀ ▀▀▀█ ▄▀▀▀█▄▀▄███▀█ █▄▄███
█▄ ▀ █▄▄█▄▄▄▄█▄ ▀▀▄ ▀ ▄█▀▄██ ▀█▀▀▄█▄▄ █  █▀▀█ ██▄▀█▀▄██▄█▄█
█▄▀ ▄▀▀▄▀▀█▄████▄█▄ ▄██▀▄ ▀ ▄██▄▄▄████ ▄▄█▄███▀██▄▀▄ █▄▄▀██
█▄▄ ▄▄▀▄▀▄ █ ██▀▀▄▄  ▀▄█▀  ▄▄▀ ▀▀█▀  ▄▄  ▀ ▀█  ▄▀▀▄▀ ██▀▀██
█▄▄▄  ▄▄▄ ▀▄█   ▀▄▀  ▀▄  ██ ▄▄▄   ▄▄▀ █ ▀█▀▄   ██ ▄▄▄ ▄█ ██
███ ▄ █▄█  █▀▄ ▀ ▄▄▀▄ ▀█▀▀▄ █▄█ ▀▄ ▄ ▄▀▀▄█▀▀  ▀██ █▄█   █ █
██ ▀ ▄▄▄  █▄█▄█▄ ██ █▀█ ▀▀ ▄ ▄▄▄▀▄▄█▄█▄▄▀▄ ██ ▄   ▄▄▄ ▄▄▄██
████ ▀ ▄ ██▀▄▄▄  █▀▄▄ ▄▀▀ ▀▀▀▄▀ █ ▄█▄▄▄▀▄▀  █ █▄█▀▄ ▀▄▀▄▀ █
█▄▀█ █ ▄ ▄ █▄▀▄█▀▄▄█▄▄▀█▄ ▀▄▄▀▄██▀ ▀▄▄▄  ▀ ▀▄▀█▀█▄ █  ▄▄▄██
██▄█▄▀▄▄█▄███ █ ▄█▀▄▄▄▄█▄  ▄▄█  █▄▀█▄▄   ▀▀▀█▄▄▄▀▀█▄▄▄▄█ ▄█
█ ▄▄ ██▄▀▀▄▀▀▀ ▀▀ ██▀ ▀▀▀█▄ ▀ ▀▀ █ ▀ ██▄ ▄▄▄▄████  █▀  ▄▄▄█
█▄▄ ▄▀█▄█▀▄▀▄▄ █▀▄▀▄▀▀ █▄▀ ▄▀▄▀▀▄ ▄█  █▀▄█ ▀█  ▄█▄▀▀▀▄ ▀▄ █
█ █▄ ▀ ▄██ ▄ ▄▀ ▄ ▄█ ▀▀█▄▄█▀▀▄█▀▀█▀  █▄▄▀▀███  ▄ ▀▀▀▀▀▄▄▄▀█
█▀▄▀ ▀ ▄▀▄█▄▄ █▀ ▄▀ █▀▄▄▀  ▀ █  █ █▄▄▄█▀▄▀ ▀█▄▄██▀▄▀▄▄▀  ██
█ ▀ ▀▀▄▄▄▀█▀ ▀▀▀▀ ▀▀▄ ▄█ ▄ ▀▀▄▀▀▄▀██ ▄▀▄▄  ▄▀ ▀█▄ ▀▀ ███▄██
███████▄▄▀  ▀██▄▀█ ▄▄▀▀▀▀ ▄ ▄▄▄ █▄▀█ ▄█ ▄▀▀▀█  ██ ▄▄▄   ▄▄█
█ ▄▄▄▄▄ █▀▄ ▄█▄▄ ▄ ▀ █▀█ ▀▄ █▄█ ▄▀▀▀▀▄▀▀    ▀ █▀▀ █▄█ ██ ██
█ █   █ █▄▄▄▀▄▄▄▀▀  ▀ █▀▀▄▄▄▄▄ ▄▀▄ █▄ █▀ ██▀█▄ ██▄▄   █▀ ▀█
█ █▄▄▄█ █▀ ▀▀▀█ ▄█ ▀▄█▀ ▄ ███▄▄ ██▄██ ▀█▀ ▀▄▄▀▄▀ █▀▄ ▄█████
█▄▄▄▄▄▄▄█▄████▄██▄▄▄▄▄▄████▄███▄███▄▄▄▄█▄█▄▄█▄█████▄▄████▄█

Scan this QR code:
▄▄▄▄▄▄▄▄▄▄▄▄▄▄▄▄▄▄▄▄▄▄▄▄▄▄▄▄▄▄▄▄▄▄▄▄▄▄▄▄▄▄▄▄▄▄▄▄▄▄▄▄▄▄▄▄▄▄▄
█ ▄▄▄▄▄ █▀ █▀ ▀ ▀██  █▀▄▄▄▄█▄▄▄▄ ▀██▀▀▄▀▄▄  ▄▀▄▄ ██ ▄▄▄▄▄ █
█ █   █ █▀  █  █▄█▀ ▄█▄▄  ▀█▄█ ▄▀▄█  ▀█▀▄▄▄ ▀█ ▄ ██ █   █ █
█ █▄▄▄█ █▀▀▀█ █▀▄█▄█▄ ▄█▀ █ ▄▄▄ █▀▀█▄▄▄▀▀ ▄▄█▀▀▀▄██ █▄▄▄█ █
█▄▄▄▄▄▄▄█▄█▄█ ▀ ▀▄▀ ▀ ▀ █ █ █▄█ ▀▄█ ▀▄█ █ █▄▀ ▀ ▀▄█▄▄▄▄▄▄▄█
█  ▄  ▀▄ ▄▀███ ▀ ▄▀▄ █▀▀▄▀▄     ▀█▀█▀  █▀█   █▄▄ ▀ █ █▄▀▄▀█
█  ▀██ ▄█▀█▄▀▀▄ ▄ ▀ ▀▀▀ █ ▀▄ ▄ █▀▀▄██▀█ ▀▀▄█▀▀▄▀█▄█▄▄▄▀▀ ██
█▀▀██▄▀▄▀▄▄█  ▄▄▄█▀ ▄▄▀▄  ▀ █▀▀██▀█▄  ▀█▀█ ▀█▀██▀ ▀▄▀██▄███
█▀▄  ▄▄▄▀▄ ▄▄▀▀█ ▄▀ ▀█  ▄ ▀█▀▄▀ ████ █ ▄ ▄  ▀██▄▄▀▀█ ▄ ▀ ██
█  ▀▄  ▄   ▄█▄▄███▄ ▀███ ▀█▀▀ ▀ ▄▀▀█▀ ▀▄▀█   ▀▀▄ ▀███▀▀ █ █
█▀▀▀▄  ▄██▀▀▀▄▀█ ▄ ▄█▄▄▀   ▄▀  ▄▀ ▀ ▄ ▀▀ ▄██ ▀█ ▀  ▄▄▀▀▀▀▀█
███ ▀ █▄ ▀▀███▀█▄▀▄▄▄█▀█▀▄▀ ▀▀▀  ▀▄█  ▀██▀▀  █▄█▄▀▀▄▄▀█ ▀▀█
██▄██▄▄▄▀ ▄▄██▀▄▄ ▄ ▄█  ▀█▀ █▀█▄█▄▄ ▄ █ ███▀▄█▄▀▄▀▀█ █▀▀▀██
██ ▄  ▀▄█▀▀██  ▀▄█  █▄██  ██▀▀█▀▄ ▄ ▄▄▀▄▀██▀▄█▄█▀▀▀▄███ ▄▄█
██ ▀▀ ▄▄▄  ███▀ █▄▄█ ▀▄█  ▄ ▄▄▄   ▄█▄▀▀▄▀▀ ▀▄█▄▄▄ ▄▄▄ ▀  ▀█
█▀▄█  █▄█  ▀▄▄▀█▀▄▄▀ █▄█▀ ▀ █▄█ ▄█ ▄   ███ ▀ ▀█▄  █▄█  █▄ █
██▀▄▄  ▄  ▄█  █▀▀▄▄▄█▄   ▀▄▄▄▄▄▄█▄█ ▀█ ▄  ▄▄██▀▄ ▄▄▄   ▀ ▀█
█▄█▀ ██▄ ▀▄▀█▄ █▄▄  ▄▄▀▀  ▄▀▄▄▀  █▀██  ▄▀▀▀ ▄█▀▄█▀▀ █▄  ▀▄█
█▄▄███▄▄   ▄▄ ▄ ▀▄▀ ▄▀███ ▄▄ ▀▀ █▀▄▄█ ▀ ▀█ █▀▀▄▄ ▄ █ ▄   ▀█
███ █▀▄▄  ▄▄▀ ▄ ▀█▄▄▀▀▀█▄ █▄▀██ ▄███ ▄ ▄█▀▀ ▀▀█▄▀█ ███▀▄█ █
██▀█▀█▀▄▄▀▄▀█ ▄▀▀█▀▄▀  ▀▄ █ ▀█▀▄ █ ██ ▄██▀█▀ █▄▄▀▄▄▀ ▀▀▀▄▄█
█▄▄▄▄▀ ▄█ ▀   ▀▄▀▄  ▄▄▀▀▀▀█▀█▄ ▄▀█▀█▄ ▀▄▄█▀ ▄█ ██▄ █▄▄  █▀█
█ ▀▄█▄▀▄█▀██ █▄███▀ ▄ ▀ ▀ █▀ ▀  ██▀█▀▀▄▄▄█ ▀ ▀  ▀▄▄█▄█▄ ▀██
█ ▄ ▀▄█▄█ ▀▀▄ ████▀ ▄▄▀▄  ▄▄██ █ █▄▄▄▄▀▄██  ▀████▄█▀▄▄ ▀█▀█
█ ▀ ▀▀▄▄▄▄▀█ ▄█▀ ▀███▄█▄███▄ ▀▀▄▀ ▄  ▄█ ▄ ▀▀▀▄▄ ██ █▄  ▀ ▀█
███████▄▄▀▀ ▀▀ ▀▄▄▀▄▀█▀▀ ▀▄ ▄▄▄  ▀▄██▄▀█▄▀▀  ▀█▄█ ▄▄▄ ███▄█
█ ▄▄▄▄▄ █▄▄ ▄██  █ ▀▄███▀██ █▄█ ▀▀▀▄  █  ▄█▀▀█▀▄▀ █▄█ ▀▀▄██
█ █   █ █ █▀▄▄█ ▄▀▀▄▄██▀▀▄  ▄▄ ▄ ██▄ ▄▄███   ▀██▄  ▄▄▄█ █▄█
█ █▄▄▄█ █ ▄█ ▄▀▀▄ ▀▄▄█ ▄▀██ ▀█▀█▄▄█▀▀  ▄█▀▄▀▀   ▄  ▄▀█  ███
█▄▄▄▄▄▄▄█▄███▄▄███▄▄█▄██▄▄▄█▄██▄▄▄▄▄▄▄█▄▄██▄███▄▄▄▄█▄█▄█▄██

Scan this QR code:
▄▄▄▄▄▄▄▄▄▄▄▄▄▄▄▄▄▄▄▄▄▄▄▄▄▄▄▄▄▄▄▄▄▄▄▄▄▄▄▄▄▄▄▄▄▄▄▄▄▄▄▄▄▄▄▄▄▄▄
█ ▄▄▄▄▄ █▄▀▄ ▄▄▄ ▀ ▄▄▀▀▄ ▄ ▀▀▀▄ ▄▄▀█▀ ▀██▄  █▀ ▄ ██ ▄▄▄▄▄ █
█ █   █ █ █▀▀▀ ██▄█ █▄██ ▀ █ █▄▀▀█▄▀▄ ▄▀▄▄▀█▀█▀▄ ██ █   █ █
█ █▄▄▄█ █▄████▄█▀▀▄  ▀▄  █▀ ▄▄▄   ▀██   ▀▀ ▀▄▄▄▀▄██ █▄▄▄█ █
█▄▄▄▄▄▄▄█▄█ █▄█ █▄█▄▀▄▀ ▀▄█ █▄█ ▀ ▀ █ █ ▀ █▄▀▄▀▄█ █▄▄▄▄▄▄▄█
█ ▄  █▀▄▀ █▄█▀▀█████▀█ ▄  ▀ ▄▄   █ ▄▀▀▀█ ▄▄ ▄███   █▀ ▄ ▀ █
█ █ ▄▄█▄▀█████ ▀▀  ██ ▄▄ ▄▄▄▄█  █ ██▄▀█▄█ █ █▀▀ █▄▀██▀ ▄  █
██▄▄▄▀▀▄ ▀▄ ▄▀▄ ▀▄█▄▀▀█▄▄▄▄ ▀██▀█████ ▀▀█▀▄▄▀█▀█ █ ▀▀██▄▀██
█ ▀▀█  ▄▄█▄▀  ▄███ ▀ ▄  ▄█ █▀▄▀▀▄▀ ▀ █▀██▄▀▄▀▀▄██▄█▀█▀▀▀▄██
█▀█  ▀ ▄▀ ▄ ▀█  ▀ ▀▀██ █ ▄█▄▄▄█▄▀▄▄▀▄▀▄█▄▀▀▄█▄ ▀ ▄█▄▄▀ █▀▄█
█▄▄▄▄ █▄ ██▀▀▀▀▀▀▄█▀▀ ▄█ █▄ █ ▄█▀▄█▄  ▀  ▀▀▄▄█▀ ▄▄▀█▄ ██ ██
██▀▄▄▀▄▄▀▀ █▄▄ ██ ▄▀██ ▄▀█▀ ▄ █  █▀███▀█▀▄▀ ▀▀▀▄▄ ▀█ ▄██  █
█▄█▀▀▄▄▄█ █▄▄▀▀▄▀▄   ▄    █▀▀▄▀▄ ▄ ▄ █▄█▀▄ █ ▄▄▄▀▄█▄▀▄ ▄█▄█
█ ▀▀█ █▄█▄▄▄▄ ▄█ ▄ ▄█ ███▄█▀█▀▄█▄▄  ▄ ▀▀▀▀▄█ ▀▀▄▄▄  ▄█▀█▄▄█
█ █▄▀ ▄▄▄   █ █   ▄▄▀▀█▄█▀  ▄▄▄ ▀ ▀▄▄▄▄  ▀ ▄▀ ██▄ ▄▄▄ ▀▀▀██
█ ▄▄  █▄█  ▀ ▀▀▀  █▄█▄▀▀ ▄█ █▄█    ▀▀▀▄▄▄▀ ▄▀▄▀▀█ █▄█  █▄▄█
███▀▄ ▄▄ ▄▀▀▄██ ▄ ▀███▄▄  ▀ ▄ ▄▄▀   ▀ ▄ ▀▀▄██ ▀▄█   ▄▄ █▄▀█
█▀█▄█  ▄ ▀▀ ▄█ █ █ ▀▀██  ▀█▄▄▄▀▀▀█ ▄ ▀▀▄▄ ▀▀▀▀███▄ █ █▀▄█▀█
█▄ ▄█▄▄▄▄██▄ ▀ ▄▀  █▀▄▄▄▀████▀ █▀▄█ ██▀ ▀▄█  ▄ ▀ ▄▄▄▀▀ ▄▀ █
█  ▄█▀ ▄ █▄█▄  ▀███ ▀███ ▄████▄▄▄█ █▄ █▀█▀██▄██▄██ ██▄ ▀▄██
█▄█▄▀▀ ▄ ▀  █▀ ▄ ▄ ▀   █▄▀█  ▄▄▀ ▄▀█▄▀▄▄  ▀ ██▄▀ ▄▀█ ▄█ █▄█
█▀█▄▄██▄▄█▄██▀▀▄▀  ▀ █ ▀█▄▀ ▀  ▄█▄▄▀▀█▄█▄▀▀▄▄▄  ▄▀▄ ▀ ▀▄█▄█
█▀█ ▄█▄▄█▀ ▄▀█ ▄ ██▄ ██ ██▀██▀▄ ▀▀▀▀▀▄▄ █▄  █▄ █▀ ▄██▄▄█▄██
█  ▀ ██▄▀▄▀▀▄▀▄▄▄█▀▀▀▄ █▀▀▄█▄▄ ▀▀█▄█▄█ ▄  █▀▀▀▀▄█ ▄▀ █▀█▄ █
█ ▀ ▀▀▄▄█▄  ▄▀█ ▄▀▄█ ▀▀▀▄▄▄█▄██▀   █▄▄▄▀█▀█ ██  ▄▀▄ ███▄ ▄█
███████▄▄ ▀ █▀ █ ▄ ▄ ▀█▀▄▄▀ ▄▄▄  █ █▄ █▀▀█▄▄▄█▀▄█ ▄▄▄ ▄████
█ ▄▄▄▄▄ ███▄▀▀█▄█ ██▀  ▀█▄█ █▄█ ▀█ █▀   █▀▄▄▀▀█▄  █▄█  ▀███
█ █   █ █▀▄  ▄█ ▀█▀█ ▄██ ▀█  ▄     ▀█▀▄█▀▀▄▄ ▄ ▀▄ ▄▄ ▄▄▄▀▄█
█ █▄▄▄█ █  ▄▄▄ █  ▀ ▄▀███▀█▀▀▀█▀▄▀  ▄ ▀▀██ █▄█ ▄▀▄▀ ▄█▄▄█▀█
█▄▄▄▄▄▄▄█▄█▄█▄▄▄██▄█▄█▄▄█▄███████▄██▄█▄▄▄▄▄████▄█▄██▄▄█▄███

Scan this QR code:
▄▄▄▄▄▄▄▄▄▄▄▄▄▄▄▄▄▄▄▄▄▄▄▄▄▄▄▄▄▄▄▄▄▄▄▄▄▄▄▄▄▄▄▄▄▄▄▄▄▄▄▄▄▄▄▄▄▄▄
█ ▄▄▄▄▄ █▀ █▀  ▀██▄▀ █▀█  ▄█▄▄▄▄ ▀█▀ ▀ █▄█ ▄▄▄▄▄ ██ ▄▄▄▄▄ █
█ █   █ █▀  █  █▄▄▀ █▄▄▄▀ ▀█▄█ ▄ ██  ▀█▀▄▄▄  █ ▄ ██ █   █ █
█ █▄▄▄█ █▀█▀▄ █▀▄█▄█▄ ▄█▀ █ ▄▄▄ ▀▄▀█  ▄▀ ▀▄▄█▄▀▀▄██ █▄▄▄█ █
█▄▄▄▄▄▄▄█▄▀ █ ▀ ▀▄▀ ▀ ▀ █ █ █▄█ ▀▄█ ▀▄█ █ █▄▀ ▀ ▀▄█▄▄▄▄▄▄▄█
█  ▄  ▀▄ ▄▄▄█▀ ▀ ▄▀▄ █▀▀▄▀▄     ▀█▀█▀  █▀█   █▄▄▀  █ █▄▀▄▀█
█  ▀█▄▀▄▄▄█▄ █▄ ▄ ▀ ▀▀▀ █  █▄  █▀▀▄██▀█▄▀▀ ▀▀▀ █ ▀▄█▀█▀▀ ██
█▀▀█▄▄▀▄ ▀▀█  ▄▄▄█▀ ▄▄▀▄  ▀ ▄█▀██▀██  ▀▄▀██▀█▀▄▄ ▀▀▄███ ███
████▄▄▄▄ █ ▄▄▀▀█ ▄▄ ▀██▀▄ ▀█▀██▄██ ▄▄█▀▄▄  ▀▀█ ▀▄ ▀█▀█   ██
█  ▄▄  ▄   ▄█▄▄█▀▄  ▄▄█▀  █▀▀   ▄▀▀▄  ▀█▀▀ ▀ ▀▄▄ ▀███▀▀▀█▄█
█ ▀▀▄ ▄▄██▀▀▀▄▀██▄ ▄█▄▄▀▄▀ ▄▀ ▀▄▀▄▀ █ ▀ ▄ █▄▄█▄ ▀  ▄▄▀▀▀▄██
██▀ ▀▄█▄ ▀▀███▀█▄▀▄▄▄█▀█▀▄▀ ▀▀▀ ▄█▄█▄ ▀█▀▀▀ ▄█▄█▄▀ ▄▄▀█ ▀ █
██▄██▄▄▄▀ ▀▀▄▄██▄ ▄ ▄█  ▀█▀ █▀█▄█▄▄ ▄ █ ▄▄█▀▄█▄▀▄▀▀▄ ▀▀▀▀██
██ ▄ ▄▄▄█▀▄█▄▀█▄▄█  █▄██  █▀▀▀█▀▄ ▄ ▄▄▀▄▀██▀▄█▄█ ▀▀████ ▄▄█
██ ▀▀ ▄▄▄ ▀ ██ ▀█▄▄█ ▀▄█    ▄▄▄   ▄▀▄▀▀ ▀▀ ▀▄█▄▄  ▄▄▄ █  ▀█
█▀▄█▄ █▄█  ▀▄▄ ▄▀▄▄▀ █▄█▀ ▀ █▄█ ▄█▄█   ███   ▀██▄ █▄█ ██▄ █
█▄▀█ ▄▄▄  ▄█  █▀▀▄▄▄█▄ ▀ ▀█ ▄▄▄▄█▄▄ ▀███  ▀▀▀█ █▀▄▄▄▄  ▀ ▀█
█ ▄████▄ ▄▄▀█▄ █▄▄  ▀█▀▀ ▀▄▀██▀  █▀██ ▄▄█▀█  ▀ ▄▀▄▀ ▄█ ▀▀ █
█▀   █▄▄▀  ▄▄ ▄ █▄▀  ▄██  ▄▄█▄▀ ▀█▄▄██  ██ █▀▀█▄ ▄ █▀▄  ▄▀█
█▄  █▀▄▄  ▄▄ ▄▄ ▀█▄▄▀▀▀█▄ █▄▀█ ▄▄▀██ ▄ ▄██▀ ▀██▄▀█ ███▀▄▄▀█
██▀█▀█▀▄▄▀ ▄▀ ▀█▀█▀▄▀  ▀▄ █ ▀█▄ ▀▄ █▄ ▄██▀█▀▀█▄▄▀▄▄▀ ▀▀▀▄▄█
█▄▄▄▄▀█▄█ ▀▀ ▄▀▀▀▄  ▄▄▀▀▀▀█▀█▄ ▄▀█▀█▄ ▀▄▄█▀ ▄█ ██▄▀█▄▄▄▄█▀█
█ ▀▄█▀▄▄█▀ ▀█ ▄ ██▀ ▄ ▀ ▀ █▀ ▀  ███▀▀▀▄ ▄█ ▀ ▀ ▄▀▄ █▄█ ▀▀██
█ ▄ ▄ ▄▄ ▄▀▀▄ ▄▀██▀ ▄▄▀▄  ▄▀██ █ ██▄▄▄ ███▀▀▀██▄▀ ▀▄▄█▀▀█▀█
█ ▀ ▀▀▄▄▀ ▀█ ▄█▀ ▀▄▄█▄  ██▄▀ ▀▀▄▀ ▄▀ ▄▄▀   ▀▀ ▄█▀▄▀▀▀█▀  ▀█
███████▄█ ▀ ▀▀ ▀▄█▀▄▄▄▀▀▄▀▄ ▄▄▄  ▀▄██▄ ██▀▀▀▄▀▄█▀ ▄▄▄ ▄██▄█
█ ▄▄▄▄▄ █▄▄ ▄██ ▄█ ▀ ▀██▀ █ █▄█ ▀█▀▄▄▄█▀▀█▄▀   ▄█ █▄█ ▀▀▄▀█
█ █   █ █ █▀█ █ ▄▀▀▄▄██▀▀▄     ▄ ██▄  ▄██▀  ▄▀███  ▄▄ █ ▄██
█ █▄▄▄█ █ ▄▀▀█ █▄ ▀▄▄█ ▄▀██ ▀█▀██▄█▀   ▄█▀▄▀▀   ▄  ▄▄█  ███
█▄▄▄▄▄▄▄█▄█▄▄▄████▄▄█▄██▄▄▄████▄▄▄▄▄▄▄█▄▄██▄███▄▄▄▄█▄█▄█▄██

Scan this QR code:
▄▄▄▄▄▄▄▄▄▄▄▄▄▄▄▄▄▄▄▄▄▄▄▄▄▄▄▄▄▄▄▄▄▄▄▄▄▄▄▄▄▄▄▄▄▄▄▄▄▄▄▄▄▄▄▄▄▄▄
█ ▄▄▄▄▄ █  ▄▄  █ ██▀█ ▀▄▄ █  ▀ ▄▀█ ▀█▀▄▄▄█   ▄▀▄ ██ ▄▄▄▄▄ █
█ █   █ █ ▄█ ▀▀█▄▀ ▄██▄▀██▀█▀▀▀█▀███▄██▀▀▀▄▀▄▄ ▄ ██ █   █ █
█ █▄▄▄█ █▀██▄▄█▀▀███▀█▄▄▀   ▄▄▄ ▄ ▀▀▄▀▀▄ █▀▄▀▄▄▀▄██ █▄▄▄█ █
█▄▄▄▄▄▄▄█▄█▄▀▄█▄▀ █▄▀ █▄▀▄█ █▄█ ▀▄█▄█ █▄█▄█▄▀ █ █ █▄▄▄▄▄▄▄█
█  ██  ▄▀█▀▄█▄█ ▀▄█▄█ ▄█ ▀▀▄ ▄  ▄ ▄█▀ █ ▄█▄▀  ▀▄▀ █▀▄▀▄ ▄▄█
█ ▀▀▀▄▀▄█▄▀ █▀▄ ▄▀▄█▀▀▀█▄▄▀██▄▄ ▀▀ ▄ ▀██ ▀▀▄▀ ▄▀█ ███ ▄▄▄▀█
█▀▀▄▀▀█▄▀ ▀▄ █▀▀ ▄▀ ▄ ▄▄  ▀ ▄█▀█ ▄▀▄▀▄ ▀▄▀  ▄▄ █▀ █  ██ ▄▄█
█ ▀██▄█▄█████▄██▄▀██▀▄▄▀▀▀▀█   ▀█▀█▀▀▀▄▄  ▄▄ ▀▄█▀▄▄▀▄██▄███
█ █  █▀▄ ▄▄▄  ▀▄▄▄▄ █▀▄█▀ ▄ ▄ ▀   ▄▄ ▄█  █▄▀▄  ▄▀▀▄ ▄█▀ ▄ █
█ ▀▄▀█ ▄ ▀▀▄  ▀██ ▄ ▄   █▄▄▄▀████ ▀▀▄  █▄ ▀▄▀▀▄▄██▀█ █▄▄▄▀█
█▀█▀ ▀ ▄█▄▄▄▀ ▄ ▀▀▄ ▀ ▄█▀▄██ ▀█▀█ █▄█▄█ ▄█▀▀▀▄██▄▀█▀▄██▄▄▄█
█▄▀ ▄ ▄▄▀█▀ ██▄ ▄█▄ ▄██▀▄ ▀ ▄██▄▄▄████ ▄█▄▄█▄█▀██▄ ▀ █▄▄▀██
█▄▄ ▄▀▄▄▀ ▀ █▄  ▀▄▄  ▀▄█▀  ▄▄▀ ▀▀█▀  ▄▄  ▀ ▀█  ▄▀▀█ ▄▀█▀▀██
█▄▄▄  ▄▄▄ █  ▄█ ▀▄▀  ▀▄  █▄ ▄▄▄     ▀ █ ▀█▀▄   █  ▄▄▄ ▄█ ██
███▀  █▄█ ▀█▀▄▀▄ ▄▄▀▄ ▀█▀▀▄ █▄█ ▀▄▀▄ ▄  ▄█▀▀  ▀▄▀ █▄█ ▀▄█ █
█  ▄▄▄▄▄ ▄█▄█▄█▄ █▄ █▀ ▄▀▀   ▄▄▄▀▄▄█ ▀▄▄▀▄ █▀▄  █  ▄ ▄██▄██
███▄▀▀ ▄▄▀█▀▄▄▄  █  ▄  █▀ ▀▀ ▄▀ █ ▄█▀ ▀▀ ▀ ▀▀▄▀▄▀ ▄ ▀█▀█▀ █
█▀▀▀▄█ ▄█▄ █▄▀▄██ ▄█  ▀█▀ ▀▄▀ ▄███ ▀█ ▄ █▄ ▀▀▀█▀█▄ ██▀▄▄ ▀█
██▀█▄▀▄▄█▄███▀█ ▄█▀▄▄▄▄█▄  ▄▄█▀▄█▄▀█▀   ██▀▀▀▄▄▄▀▀█▄▄▄▄█ ▄█
█ ▄▄ ██▄▀▀█▀█  ▀▀ ██▀ ▀▀▀█▄ ▀ ██ █ ▀ ██▄ █▄▄▄████  █▀  ▄▄▄█
█▄▄ ▄▀▄▄█▀ █ █▀▄▀▄▀▄▀▀ █▄▀ ▄▀▄▀▀▄ ▄█  █▀▄█ ▀█  ▄█▄▀ ▀▄ ▀▄ █
█ █▄ ▀█▄██▄ ▀▀▄█▄ ▄█ ▀▀█▄▄█▀▀▄█▀▀█▀▄ █ ▄▀▀█▀█  ▄▄ ▀▀▀▀▄█▄▀█
█▀▄██▄ ▄ ▄█▀▄ ▄▄ ▄▀ █▀▄▄▀    █  █ ▀▄▄▄█▀▄▀▀ █▄▄██ █▄▀▄█▀ ██
█ ▀ ▀▀▄▄▄ █▀ ▀▀▀▀  ▀▄ ▄▀ ▄▀▄▀▄▀▀▄▀█▄  ▄█ ▄▄▄▀▄ █ ▀▀▀█ █▄▄██
███████▄▄▀  ▀██▄▀█▀▄▄▀▄▀█▀▄ ▄▄▄ █▄▀█ ▄█ ▄▀█ █  ██ ▄▄▄   ▄ █
█ ▄▄▄▄▄ █▀▄ ▄█▄▄▀▄ ▀█▀▀██ ▄ █▄█  ▀▀▀ █ ▀█ ▀ █▀█ ▀ █▄█ ██▄▀█
█ █   █ █▄▄▄█▄▄▄▀▀  ▀ █▀▀▄▄▄▄▄ ▄█  █  █▀▄▀█▀█▄ ██▄▄  ▄█▀▀ █
█ █▄▄▄█ █▀▄▀▄██▀▄█ ▀▄█▀ ▄ ███ ▄ ██▄██▀▀█▀ ▀▄█ ▄▀ █▀▄█ █████
█▄▄▄▄▄▄▄█▄█▄█▄███▄▄▄▄▄▄████▄█▄█▄███▄▄▄▄█▄█▄▄█▄█████▄▄▄███▄█

Scan this QR code:
▄▄▄▄▄▄▄▄▄▄▄▄▄▄▄▄▄▄▄▄▄▄▄▄▄▄▄▄▄▄▄▄▄▄▄▄▄▄▄▄▄▄▄▄▄▄▄▄▄▄▄▄▄▄▄▄▄▄▄
█ ▄▄▄▄▄ █▀ █▀ ▀ ██▄  █▀█▄ ▄█▄▄▄▄ ▀▀██▄▄██▄▀▄█▀▄▄ ██ ▄▄▄▄▄ █
█ █   █ █▀  █▄ █▄▄▀ █▄▄▄ ▀▀█▄█ ▄▀██ ▀▀█▀▄█▄ ▀█ ▄ ██ █   █ █
█ █▄▄▄█ █▀██▀██▀▄█▄█▄ ▄█▀ █ ▄▄▄ ▄ ▀█▀▀▄▀ ▄▄▄█▀▀▀▄██ █▄▄▄█ █
█▄▄▄▄▄▄▄█▄█▄█▄▀ ▀▄▀ ▀ ▀ █ █ █▄█ ▀▄█ ▀▄█ █ █▄▀ ▀ ▀▄█▄▄▄▄▄▄▄█
█  ▄  █▄ ▄ ▀▄  ▀ ▄▀▄ █▀▀▄▀▄     ▀█▀█▀  █▀█   █▄▄▄▀ █▄█▄▀▄▀█
█  ▀█▄ ▄▀█    ▄ ▄ ▀ ▀▀▀ █  █   █▀▀▄▀█▀▀ ▀▀ ▀▀▀ ▀█▄██▀▄▀▀ ██
█▀▀▄█▄▀▄▀▀▀   ▄▄▄█▀ ▄▄▀▄  ▀ ▀▀▀██▀▀█  ▀█▀█▀▀█▀▄█▄▀▀▄▀▀█▄███
█ ▄ ▀▄▄▄ █ ▄▄▀▀█ ▄  ▀█  ▄ ▀█ ██ ███▄▄▀ █▄ ██▀▀ ▄ ▀▀█▀▄   ██
█ ▀ ▄  ▄   ▄█▄▄███▄  ██▀▀ █▀▀  ▀▄▀▀█ ▄█▄▄▀  █▀██ ▀███▀▀▀▀▄█
█ ▄██ ▄▄██▀▀▀▄▀█▀▄ ▄▀▄▄▀▄▄ ▄▀  ▄█ ▀ ▀█  ▄▀▄▄▀▀█ ▀ ▄ ▄▀▀▀▄▀█
█▄▀ ▀█ ▄ ▀▀█  ▀█▄▀▄▄▄█▀█▀▄▀ ▀▀▀ ▄█▄█ ▄▀██▀▀ ██▄█▄▀▄▄▄▀█   █
██▄██▀█▄█▄▀█▀ ▀█▄ ▄ ▄█  ▀█▀ █▀█▄▄█▄ ▄ █ ███▀▄█▄▀▄▀▄  ▀▀▀▀██
██ ▄ ██▄▀▀▀ ▀▀█ ▄█  █▄██  ██▀▀█▀▄ ▄ ▄▄▀▄▀██▀▄█▄█   ▄▀██ ▄▄█
██ ▀▀ ▄▄▄ █▄▄ ▀██▄▄█ ▀▄█  ▄ ▄▄▄    █▄▀▀▄▀▀ ▀▄█ ▄  ▄▄▄ ▀  ▀█
█▀▄█  █▄█ ▄ ▄▄▀ ▀▄▄▀ █▄█▀ ▀ █▄█ ▄██▄   ▄██ ▀ ▀███ █▄█ ▀ ▄ █
█▀██ ▄ ▄▄▄▄█  █▀▀▄▀▀█▄ ▀ ▀▄▄▄▄▄▄█▄▄ ████   ▀█▀█▄▄▄▄ ▄▄   ▀█
█▄  ▀██▄██▄▀█▄ █▄█▄▄▄▄▀█ ▀▄▀▄█▀  █▀█ ▄█▄█▀▀▀ █ █▀▀▀ ▄█▀▀█ █
█ ▄▄▀█▄▄ ▄ ▄▄ ▄ ▄█▀ ▀▀██▄ ▄▄█▄▀ █▀▄▄▄ ▀ ▀▀▀████▄▀▄ █▄█  ▄██
█▀  █▀▄▄  ▄▄█ ▄ ▀█▄▄▀▀▀█▄ █▄▀██ ▄███ ▄ ▄▀█▀  ██▄▀█ ███▀▄█ █
██▀█▀█▀▄▄▀▀ █ ▄█▀█▀▄▀  ▀▄ █ ▀██▄▀▄ █▄ ▄██▀█▀ █▄▄▀▄▄▀ ▀▀▀▄▄█
█▄▄▄▄▄█▄█  ▄█ █ ▀▄  ▄▄▀▀▀▀█▀█▄ ▄▀█▀█▄ ▀▄▄█▀ ▄█ ██▄ ▀▄▄▄ █▀█
█ ▀▄█▀ ▄█▀█▀██▄ ██▀ ▄ ▀ ▀ ▀▀ ▀  ████▀▀ ▄▄█ ▀ ▀▄▄██▄█▄█ ▀▀██
█ ▄▀▄▄▀▄  ▀▄▄ ▄▀██▀ ▄▄▀▄  ▄▀██ █ █▄▄▄▄▀███▀ ▀██▄█▀▄▄▄██▀█▀█
█ ▀ ▀▀▄▄▀ ▀█ ▄█▀ ▀ ██▄ ▀██▄▄ ▀▀▄▀ ▄ ▄▄ ▀▄ ▄▄▀  ██▄▀▀▀▄▀▀ ▀█
███████▄▄▀▀ ▀▀ ▀▄█▄▄▀▄▀▀▄▀▄ ▄▄▄  ▀▄█▄▄ ▄▄█▀ ▀████ ▄▄▄ ▄▄▀▄█
█ ▄▄▄▄▄ █▄▄ ▄██ ▀█ ▀▄ ██▀▀█ █▄█ ▀█▀▄ ▄▄▀█▀▄ ▀█▀█▄ █▄█ ▀▀ ██
█ █   █ █ █▀▄▄█ ▄▀▀▄▄██▀▀▄   ▄ ▄ ▀█▄  ▄█▄█  ▄▀██▄  ▄ ▄█ █▄█
█ █▄▄▄█ █ ▀████ ▄ ▀▄▄█ ▄▀██ █▀▀█▄██▀▀  ▄▄▀▄▀ ▀  ▄  ▄▀█  ███
█▄▄▄▄▄▄▄█▄█▄▄▄▄███▄▄█▄██▄▄▄█▄▄█▄▄▄▄▄▄▄█▄▄██▄███▄▄▄▄█▄▄▄█▄██

Scan this QR code:
▄▄▄▄▄▄▄▄▄▄▄▄▄▄▄▄▄▄▄▄▄▄▄▄▄▄▄▄▄▄▄▄▄▄▄▄▄▄▄▄▄▄▄▄▄▄▄▄▄▄▄▄▄▄▄▄▄▄▄
█ ▄▄▄▄▄ █▀█▄▄ ▄  ██  ▀█▄█  ██▀ ▄▄ ▄▀ ▄▄█▀█ ▄  ▄▄ ██ ▄▄▄▄▄ █
█ █   █ █▀▄ ▀ ▀██▄█▀▄▄▄▄ ▀▀█▀▄▄ ▀▄█ ▄▀█▀▀▄▀▄▄▄ ▄ ██ █   █ █
█ █▄▄▄█ █▀▄▀▀▀ ▄▄███▄ ▀▄▀ █ ▄▄▄ ▀▄▄▀▄▀▄▀█▄▀▄▄ ▀▀▄██ █▄▄▄█ █
█▄▄▄▄▄▄▄█▄█ █ █▄▀▄▀ ▀ █ █ █ █▄█ ▀▄█ ▀▄█▄█ ▀ ▀ █▄▀▄█▄▄▄▄▄▄▄█
█ ▄  ▄█▄▄▄█ ▀▄ █▄▄█▄ █▀█ ▀ ▄▄▄  ▀█▀█▀  █▀█▄▀██▄▄▄▀ █ █▄▀ ▀█
██▀▀▀ █▄▄▀▀█▀▀▄ ▄▄▀ ▀▀▀ ▀▀▀▄▀█▀█▀▀ ██▄██ ▄ ▀▀   ▄ ██ ▄▀▀▄▀█
█▀▄▄█▀█▄ ██▀ █▄▄█▄▀ ▀█▀▄  ▄▄█▀▀██▀▄▄▀▄▄█▀▀  ▀▀▄█▀▀ █▀██ ▀▀█
█▄▄█▀▀ ▄▄██  ▀██▄▄▀█▀▄▀█▄▄▀█ ██▄█▀▀▀▄  ▄ ▀  ▄▀▀ ▄▄▄▀▄ ▀ ███
█ ▄▀▀█▀▄█▀▀▄  ▄▀▄█▀▄▀█▄▀▀ ▀█▀ ▀ ██ █  ▀███ ▀▄▀██▀▀▀█▀█▀ ▀██
█▀▀ ▀▄▀▄ ▀▀▀██▀█ ▄▀█▄  ██▄▄▄▀ ▀ ▀ ▀▄▀█▀█ ▄▄ █▀█▀  ▀█  ▀▀ ██
██ ▄█▀▄▄ ▀▀▄▀█▀█▄▀▄ ▄█▀█▀▄  █▀█▀▀█ ▄▄  █▀█▀▀▄█ █▄▀██▀██▄▀ █
█▀▀ ▄██▄▀▀▀▀ █  ▄ ▀█▄██▄▀█▀ ▄  ▀▄██  ▀ ▄█ ▀ ██▀  ▀▄▄▄▄▀▀▀██
█▄▀█▀▄ ▄▄█ █ ▀▄ ▄▄▄ █▄▀█▀ █▀▀▀ ▀▄ ▄  ▄▀██▀ ▀ ██▄  █▄███▀▄ █
█▀▄▄  ▄▄▄ █▀█▄  ▀▀▄█ ▀▄██ █ ▄▄▄    █▄██ ▀ ▄█  ▄▄  ▄▄▄ ▀  ██
██ ▄  █▄█ ▀ ▀▄▀▄█▄▄▀▀█▄█▀▀▀ █▄█ ▄▀▀▄ ▄ █▀█▀ ██▄█  █▄█ █▄ ██
█▄▀ █  ▄▄▄█▀ ▀█▄  ▄▄█▀▀█▄▄      ▀▄█ ▀▄▄▀█▀  █▄ ▀ ▄  ▄ ▀ ▄██
█▀▀▀█▀ ▄██ ▀▄▄▀█▀▄  ▀▄▀▀▀ ▄▄▄█▀  █▀█▀▄ ▄ █▀▀ ▀▀██ ▀█▄█ ▄▄▀█
█▀█   █▄█▀  ▀▄▄█▄█▀ ▄▄▀  █▀▄ ▄▀ ██ ▄█ █▀ ▄▄▄ ▀█▄ ▀ ███▀▀▄██
██▀ ▀▀▄▄ ▀ █▄  █▀█▀▄▀▀▀█▄ █▀▀█▀ ▄▀▄█  ████▀▀▀█▀▄▀▀ ▀▀▄▄█▄▀█
██▄▄   ▄▀▀▀▄▄█ ▀▀█  ▀ ▀▄▄ ▄ ▀█▄▄ █ ▄█ █▄  ▀▀███  █ █▀██▀▄▄█
█▄▀█▀ ▀▄ ▄▀▀▀█▀ ▄▄▀▄▄▄██▄▀█▀▄▄▀▀▀█▀█   ▄▀█ ▀ ██▄█▄▄▀▄▄ ▀▀██
███▄   ▄██ ▀▄▀▀▀▄█▀  ▀▀ ▀▀▀▀▀▀ ▄▀████  ▄▀▄▄ █  █▀ ▄█▀▄▀ ▄▀█
█▀▀ ▀██▄█▀▄▄▄ █▄█▄▀  ▄▀▄▀ ▄███   ██▄▄▄ █▀▀ ▀ ▀▄▄▀█ ▀▄██ █ █
█ ▀ ▀▀▄▄█ █▄█▄▀▀▀█▀ ▄ ▀ █▀  ▀▀▄▄▄▀█▀█▀ █▄██▀▀  ███▀▀███ ▄██
███████▄█▀█ ▀█ ▀▄▄▀▄▀████▀▀ ▄▄▄  ▀▄█  ▀█▀█  ▀█▄▄█ ▄▄▄  ▀▀▀█
█ ▄▄▄▄▄ █▄▄█▀ ▄▄ ▄█▄██▀ █▄▄ █▄█  ▀▀▄▄█▀ ██▄██▀▄▄  █▄█    ██
█ █   █ █ ▀▄█ ▀▀▄▀  ▄█ ▀▀▄▀  ▄ ▄▀███▄  ▄███▀▄▀██▄▄ ▄ ▄█▀▄██
█ █▄▄▄█ █ ▄ ▀ ▄▀▄ █▄▄█▀█▀███▀▀▀██▄▄ ▀█▀█▀▄▄▀▄ ▄▄█ ▀▄▀█  ███
█▄▄▄▄▄▄▄█▄████▄▄▄▄▄▄██████▄██▄█▄▄▄▄▄▄▄█▄██▄▄▄█▄███▄██▄██▄██

Scan this QR code:
▄▄▄▄▄▄▄▄▄▄▄▄▄▄▄▄▄▄▄▄▄▄▄▄▄▄▄▄▄▄▄▄▄▄▄▄▄▄▄▄▄▄▄▄▄▄▄▄▄▄▄▄▄▄▄▄▄▄▄
█ ▄▄▄▄▄ █▀ █▀ ▀▀█▀▄  █ █  ▄█▄▄▄▄ ▀██ ▀ █▀▄▄▄ ▄▄▄ ██ ▄▄▄▄▄ █
█ █   █ █▀  █  █▄▄▀ ██▄▄▀ ▀█▄█ ▄ ██ ▀▀█▀▄▄▄ ▄▄ ▄ ██ █   █ █
█ █▄▄▄█ █▀██ ██▀▄█▄█▄ ▄█▀ █ ▄▄▄ ██▀███▄▀▀█▄▄█▄▀▀▄██ █▄▄▄█ █
█▄▄▄▄▄▄▄█▄▀ ▀▄▀ ▀▄▀ ▀ ▀ █ █ █▄█ ▀▄█ ▀▄█ █ █▄▀ ▀ ▀▄█▄▄▄▄▄▄▄█
█  ▄  ▀▄▄ █ ▄█ ▀ ▄▀▄ █▀▀▄▀▄▄    ▀█▀█▀  █▀█   █▄▄ ▀ █ ▀▄▀▄▀█
█  ▀██▀▄▄▀▄█▀▀▄ ▄ ▀ ▀▀▀ █ ▀█▄  █▀▀▄██▀▀ ▀▀ ▀▀▀ ▀ ▄██ ▀▀▀ ██
█▀▀▀█▄▀▄▀▄ █  ▄▄▄█▀ ▄▄▀▄   ▀▀▀▀██▀▀▄   █▀█ ▀█▀▄▄ ▀▀▄▀█▀ ███
█ ▀▄▄▄▄▄ ▄ ▄▄▀▀█ ▄▀▄▀██ ▄ ▀█▀██▄██ ▄ █▀▄ ▄  ▀█▀▄▀▄▀█ ▄▀▀ ██
█ █ █  ▄   ▄█▄▄█ ▄ ▄▄▄▀█▄▀█▀▀ ▀▀▄▀▀██▄ █▀█▀▀▄▀██ ▀███▀ ▀▀ █
█ ▄ ▀▄▄▄██▀▀▀▄▀█▀  ▄▄ ▄▀█▀ ▄▀ ▀▄▀ ▀ ▀▄▀ ▄███ ▀▄ ▀ ▄ ▄▀▀▀▀██
█ ▄ ▀▀ ▄ ▀▀███▀█▄▀▄▄▄█▀█▀▄▀ ▀▀▀  ▀▄█▄▄▀██▀▀  ▀▄█▄▀ ▄▄▀█   █
██▄███ ▄▀ █▄ ██▀▄ ▄ ▄█  ▀█▀ █▀█▄█▄▄ █ █ ▄██▀▄█▄▀▄▀  ▄▀▀▀▀██
██ ▄  ▀▄ ▄▀▄█▄  ▄█  █▄██  ██▀▀█▀▄ ▄ ▄▄▀▄▀██▀▄█▄█▀  ▄▄▀█ ▄▄█
██ ▀▀ ▄▄▄   ██  █▄▄█ ▀▄█  ▄ ▄▄▄    ▀▄▀▀▄▀▀▄▀▄█▄▄█ ▄▄▄ ▀  ▀█
█▀▄██ █▄█ ▄▀▄▄ █▀▄▄▀ █▄█▀ ▀ █▄█ ▄██▄   ███▀  ▀▄▄▀ █▄█ ▄▄▄ █
█  ▀▄▄ ▄ ▄▄█  █▀▀▄ ▄█▄▄█ ▀█ ▄▄▄▄█▄▄▀▀█▀█▄ ███▀▄█▀▄▄  ▄▀▀ ▀█
█ ██ ██▄▄▄▄▀█▄ █ ▄▀▄▀▄▀▀▀▀▄▀▀▄▀  █▀█▀▄ ▄ █▀ ▄█▄▄██▀ ▄▄▀ █▄█
█▄█▀██▄▄ █ ▄▄ ▄ ▀ ▀  ▀███ ▄▄██▀ █▀▄▄▀ ▀▀▄▄▀█ ▀▄▄▀▄ █▀   ▄██
█ █ █▀▄▄  ▄▄█ ▄ ▀█▄▄▀▀▀█▄ █▄▀██▀████   ▄██▀ ▄▀█▄▀█ ███▀▄█ █
██▀█▀█▀▄▄▀█ ▀  ▀▀█▀▄▀  ▀▄ █ ▀█▄▄▀▄ █▄ ▄█▄ █▀ ▄▄▄▀▄▄▀ ▀▀▀▄▄█
█▄▄▄▄  ▄█ ▀██ █ ▀▄  ▄▄▀▀▀▀█▀█▄ ▄▀█▀█▄ ▀▄▄█▀ ▄█ ██▄▄▀▄▄▄ █▀█
█ ▀▄█ ▀▄█▀▄▀▀█████▀ ▄ ▀ ▀ █▀ ▀  ██▀█▀▀▄ ▄█ █ ▀▄▄██ ▀▄█▀ ▀██
█ ▄▀▄▄█▄   ▀▄ ▀▄██▀ ▄▄▀▄  █ ██ █ ███▄▄████ ▀▀██▄▀█▀█▄████▀█
█ ▀ ▀▀▄▄▄ ▀█ ▄█▀ ▀▄▄█▄  ██▄▀ ▀▀▄▀ ▄▀▄ ▄ ▄ ▄▀▀▄████▄█▄▄ ▀ ▀█
███████▄█▀▀ ▀▀ ▀ ▄▄ ▀▄▀▀ ▀▄ ▄▄▄  ▀▄█▄▄▀▄▄█▄▀ ████ ▄▄▄ ▄█▀ █
█ ▄▄▄▄▄ █▄▄ ▄██ ▄█ ▀▄▀██  █ █▄█ ▀▀▀▄ ▄▄ █▀▄▀██▀▄█ █▄█ ▀▀▄▀█
█ █   █ █ █▀▀██ ▄▀▀▄▄██▀▀▄  ▄  ▄▀██▄▀ ▄█ ▀   ▀██▄  ▄ ▄█ ▄▄█
█ █▄▄▄█ █ ▀  ▀ ▀▄ ▀▄▄█ ▄▀██ ▄█▀█▄▄█▀▀▀ ▄▄ ▄▀ ▀  ▄  ▄██  ███
█▄▄▄▄▄▄▄█▄██▄█████▄▄█▄██▄▄▄█▄▄█▄▄▄▄▄▄▄█▄▄██▄███▄▄▄▄██▄▄█▄██

Scan this QR code:
▄▄▄▄▄▄▄▄▄▄▄▄▄▄▄▄▄▄▄▄▄▄▄▄▄▄▄▄▄▄▄▄▄▄▄▄▄▄▄▄▄▄▄▄▄▄▄▄▄▄▄▄▄▄▄▄▄▄▄
█ ▄▄▄▄▄ █▄▀▄ ▄██▀▀▀█▀█ ▄▄▄ ▀▀▀▄ ▄▄█▀██▄████ ▀  ▄ ██ ▄▄▄▄▄ █
█ █   █ █ █▀██ ██▄█ ▄███▀▀ █ █▄▀ █▄▀▀▀▄▀██▀██▄▀▄ ██ █   █ █
█ █▄▄▄█ █▄█▀█▀▄█▀▀▄  ▀▄  █▀ ▄▄▄ █▄▀█ █  ▀  ▀▄█▄▀▄██ █▄▄▄█ █
█▄▄▄▄▄▄▄█▄█▄█▄█ █▄█▄▀▄▀ ▀▄█ █▄█ ▀ ▀ █ █ ▀ █▄▀▄▀▄█ █▄▄▄▄▄▄▄█
█ ▄  ██▄█▄▀▀█ ▀█████▀█ ▄  █▄▄▄   █ ▄▀▀▀█ ▄▄ ▄███▄  ██ ▄ ▀ █
█ █ ▄▄▄▄  ▄▀█▄ ▀▀  ██ ▄▄ ▄██ █  █ █▀▄▀▀▄█ ▀▄█▀█  ▀▀▄▀█ ▄  █
██▄▄█▀▀▄▄▄▀▀▄▀▄ ▀▄█▄▀▀█▄▄▄▄▀▀██▀██ ▄█   █▀█▄▀██▄█▄ ▀▄█▀▄▀██
█▀ ▀▀  ▄██▄▀  ▄███ ▄ ▄█ ▄█ █ ▄▀█▄▀▀█ ▀▀██ ▄ ▀▀▄█▄ █▀█ ▀▀▄██
█▀▀▀ ▀ ▄▀ ▄ ▀█  ▀▀█▀ █▄▀ ▄█▄▄▄▀█▀▄▄ █▀██▄█▀█  ▀▀ ▄█▄▄▀▀██ █
█▀█▄▄▄█▄ ██▀▀▀▀▀ ▄█▀▀▀▄█▀▄▄ █ █▄▀▄█▄▀   ▄▀ █ █▀▀▄▄▀▀▄ ███▀█
██▀▄▄▄▀▄▀▀ █   ██ ▄▀██ ▄▀█▀ ▄ █  ▀▀█ █▀█▄▄▀ ▀▀▀▄▄ ▀▄ ▄██▀▀█
█▄█▀▀▀ ▄█▄▄▄ ▄▀ ▀▄   ▄    █▀▀▄▀▄▀█ ▄▀▄▄█▀█ █▀▄▄▄▀▄▄ ▀▄ ▄█▄█
█ ▀▀█▀█▄▀ ▄ ▄█ ▄ ▄ ▄█ ███▄█▀█▀▄█▄▄  ▄ ▀▀▀▀▄█ ▀▀▄█▄▀▀██▀█▄▄█
█ █▄▀ ▄▄▄ ▀ ▀▀▀█  ▄▄▀▀█▄█▀▄ ▄▄▄ ▀ ▀ ▄▄ ▄ ▀  ▀ ███ ▄▄▄ █▀▀██
█ ▄▀█ █▄█ █▀ ▀▄▀  █▄█▄▀▀ ▄█ █▄█    ▀▀▀▄▄▄▀ █▀▄▀ █ █▄█ ▀▄▄▄█
█▄▄ ▀▄▄▄  ▀▀▄██ ▄ █▀██▀▄  ▀ ▄ ▄▄▀   ▀▄▄███▄▄█▄ ▄█  ▄ ▄██▄▀█
█ ▀██  ▄▄▀▀ ▄█ █▄█ █▀▄  ▄ █▄▄█▀▀▀█ ▄ █▀█▄ ▀▀▀█▄▄▀  █▄█ █▀▀█
███▄▄▄▄▄▄▄█▄ ▀ ▄▀  █ ▀▄▄▀███▀  █▀ █ ▄▀▀ ▄█▄ ▄  ▀ ▄▄▄▀  ▄▀▄█
██ ▄█▀ ▄ █▄█ █ ▀███ ▀███ ▄████▀  ▀ █▀ █▀█▀███▀█▄██ ██▄ ▀█▄█
█▄█▄▀▀ ▄ ▀▄█▀ ▄▀ ▄ ▀   █▄▀█  ▄▄▀ █▀█▄▀▄▄▀▀▀ ▄▄▄▀ ▄▀█ ▄█ █▄█
█▀█▄▄▄█▄▄█ ▄▄▀▄ ▀  ▀ █ ▀█▄▀ ▀  ▄█▄▄▀▀█▄█▄▀▀▄▄▄  ▄▀▀█▀ ▀▄█▄█
█▀█ ▄ █▄█▀█ ▄▀█▀ ██▄ ██ ██▀██▀▄ ▀▀▀█▀▄▄ █▄▄▄█▄ ▀▀▀▄▀█▄█▄▄██
█  ▀▀▀ ▄ ▀▄▄▄▀  ▄█▀▀▀▄ █▀▀█▄▄▄ ▀▀█▄█▄█▀█   ▀▀▀███ ▄ █▄▄▀▄ █
█ ▀ ▀▀▄▄▀▄  ▄▀█ ▄▀▄  ▀▄▄▄▄▄ ▄██▀  ▀█▄ ▀▄▀▀█▀█▀▄█  ▄ ▄█▀▄ ▄█
███████▄█▀▀ █▀ █▀▄ ▄█ ▀██▄▀ ▄▄▄  █ █▄   ▀█▄▄▄▀ ▄█ ▄▄▄ ▄█▀██
█ ▄▄▄▄▄ ███▄▀▀█▄█▄██ ▄ ▀ ▀█ █▄█ █▀ █▄▄  ▄▀██▀▀█▄▄ █▄█  ▀ ██
█ █   █ █▀▄ ▀ █ ▀█▀█ ▄██ ▀█  ▄  ▄▄ ▀▀▀▄█ █▄▄▀▄ ▀▄ ▄▄ ▄▄▄ ██
█ █▄▄▄█ █ ▀▄█▀▀▀  ▀ ▄▀███▀█▀ ██▀▄▀  █▀▀▀▄█ ███ ▄▀▄▀ ██▄▄█▀█
█▄▄▄▄▄▄▄█▄█▄██▄███▄█▄█▄▄█▄██▄▄███▄██▄█▄▄▄▄▄████▄█▄██▄▄█▄███

Scan this QR code:
▄▄▄▄▄▄▄▄▄▄▄▄▄▄▄▄▄▄▄▄▄▄▄▄▄▄▄▄▄▄▄▄▄▄▄▄▄▄▄▄▄▄▄▄▄▄▄▄▄▄▄▄▄▄▄▄▄▄▄
█ ▄▄▄▄▄ █▀ █▀  ▀▀██▀▀▀ █  ▄█▄▄▄▄ ▀▄▀█  ▀▄█  █▄▄▄ ██ ▄▄▄▄▄ █
█ █   █ █▀  █  █▄▄▀ ▄█▄▄▀ ▀█▄█ ▄█▄█  ▀█▀██▄ ▄▄ ▄ ██ █   █ █
█ █▄▄▄█ █▀▀██ █▀▄█▄█▄ ▄█▀ █ ▄▄▄ ▀█▀█▄▀▄▀█ ▄▄▄▄▀▀▄██ █▄▄▄█ █
█▄▄▄▄▄▄▄█▄█▄▀ ▀ ▀▄▀ ▀ ▀ █ █ █▄█ ▀▄█ ▀▄█ █ █▄▀ ▀ ▀▄█▄▄▄▄▄▄▄█
█  ▄  █▄▄▄▀ █▄ ▀ ▄▀▄ █▀▀▄▀▄▄    ▀█▀█▀  █▀█   █▄▄ ▀ █ █▄▀▄▀█
█  ▀█▄▀▄▀▄█  ▀▄ ▄ ▀ ▀▀▀ █ ██▄  █▀▀▄██▀█ ▀▀ ▀▀▀▄█▀ ▄███▀▀ ██
█▀▀█ ▄▀▄▄ ▀▄  ▄▄▄█▀ ▄▄▀▄     █▀██▀▄▄  ▀▄▀█▄ █▀ ▄▀▀▀▄▀██▄███
█▀▄  ▄▄▄ █ ▄▄▀▀█ ▄ █▀█ ▄▄ ▀█ ▄█▄██▄█ ▀▀█▄ ▄▀▀▀▀▄▄█▀█▀█   ██
█ ▀ █  ▄   ▄█▄▄█▄█▄ ▀▄█▀▄▀█▀▀ ▄▀▄▀ █▄ █▄██  ████ ▀███▀ ▀█ █
█▀▄   ▄▄██▀▀▀▄▀██▀ ▄██▄▀▀▀ ▄▀  █▀ ▀ █▀   ▄▄█▀ ▄▀▀ ▄▄▄▀▀▀▄▀█
█ ▀ ▀  ▄ ▀▀█▀▄▀█▄▀▄▄▄█▀█▀▄▀ ▀▀▀  █▄█ ▄▀█▀▀▀ ▄█▄█▄▀▀█▄▀█  ▀█
██▄██  ▄█  █ ▄▄█▄ ▄ ▄█  ▀█▀ █▀█▄▄▄▄ ▄ █ ▄██▀▄█▄▀▄▀▄█▄▀▀▀▀██
██ ▄  ▀▄█▄█▀▄█ ▄▄█  █▄██  ▀█▀▀█▀▄ ▄ ▄▄▀▄▀██▀▄█▄█▄▀▀█ ▀█ ▄▄█
██ ▀▀ ▄▄▄ ▄█▀▀▄██▄▄█ ▀▄█    ▄▄▄    ▀▄▀█ ▀▀▄▀▄█ ▄▀ ▄▄▄ ▀  ▀█
█▀▄ █ █▄█  ▄▄▄▄▄▀▄▄▀ █▄█▀ ▀ █▄█ ▄██▄   ███▀▀ ▀ █  █▄█ ▄█▄ █
█▄  ▀▄▄▄▄▄▄█  █▀▀▄ ▄█▄   ▀█▄▄▄▄▄█▄█ ████ ▄██▀█▀ ▀▄▄ ▄▄▀▀ ▀█
█ ▄▀▄██▄ █▄▀█▄ █▄█▀▄▄▄▀█▀▀▄▀██▀  █▀█▄▄▄█▀▀▀▀ ██▄█▀▀ █▄▀▀▀▄█
█▄██▀█▄▄▀  ▄▄ ▄ ▀▀▀ ████▄▀▄▄ ▄▀ █▀▄▄ ▄  ▄█▀█▀▀▄█▀▄ █▄▄   ██
██▀ █▀▄▄  ▄▄▀█▄ ▀█▄▄▀▀▀█▄ █▄▀█▀▄ ▀███▄ ▄██▀ ███▄▀█ ███▀▄▄▀█
██▀█▀█▀▄▄▀█▀▀▄ ▀▀█▀▄▀  ▀▄ █ ▀█   ▄ █▄ ▄█▄▀█▀▀█▄▄▀▄▄▀ ▀▀▀▄▄█
█▄▄▄▄▀▀▄█ ▄█ ▄▄█▀▄  ▄▄▀▀▀▀█▀█▄ ▄▀█▀█▄ ▀▄▄█▀ ▄█ ██▄▄█▄▄▄▄█▀█
█ ▀▄██▄▄█▀ ▄ ▄▀▄██▀ ▄ ▀ ▀ ▀▀ ▀  ██▀█▀▀  ▄█ ▀ ▀▄▄▀▄ ▀▄█▀▀▀██
█ ▄▀██ ▄▄█▀█▄  ███▀ ▄▄▀▄  ▄▀██ █ █▄█▄▄ ███  ▀█▄▄█ ▀ █▄█ █▀█
█ ▀ ▀▀▄▄▀▀▀█ ▄█▀ ▀▀ █▄▄▄███▄ ▀▀▄▀ ▄▀ ▄ ▄▄ ▀██▄▀▄▀▀ ▀██ ▀ ▀█
███████▄▄ ▀ ▀▀ ▀█▄▀▄ █ ▀▀▀▄ ▄▄▄  ▀▄█▀ ▄▄█▀▀  ▀▄▄▀ ▄▄▄ ▄▄█ █
█ ▄▄▄▄▄ █▄▄ ▄██ █▄ ▀  ██▀▄█ █▄█ ██▀▄▀ ▄ ▀█▄  ▀ █  █▄█ ▀▀ ██
█ █   █ █ █▀ ██ ▄▀▀▄▄██▀▀▄     ▄ ██▄▄▄▄██▀   ████  ▄▄ █ ▄██
█ █▄▄▄█ █  ▄▀   ▄ ▀▄▄█ ▄▀██ ▀█▀█▄▄█▀   ▄█ ▄▀▀▀  ▄  ▄ █  ███
█▄▄▄▄▄▄▄█▄▄█▄▄████▄▄█▄██▄▄▄█▄██▄▄▄▄▄▄▄█▄▄██▄███▄▄▄▄███▄█▄██

❌ Bot disconnected (408), reconnecting in 5s...
❌ Bot disconnected (408), reconnecting in 5s...
Scan this QR code:
▄▄▄▄▄▄▄▄▄▄▄▄▄▄▄▄▄▄▄▄▄▄▄▄▄▄▄▄▄▄▄▄▄▄▄▄▄▄▄▄▄▄▄▄▄▄▄▄▄▄▄▄▄▄▄▄▄▄▄
█ ▄▄▄▄▄ █▄▀▄ ▄█▄██▀▄ ▀ ▄▄  ▀▀▀▄ ▄▄▀▀▀█ █▀█▄▄ ▀ ▄ ██ ▄▄▄▄▄ █
█ █   █ █ █▀█▀ █▄▄█ ▄███ ▀ █ █▄▀ █▄▀█ ▄▀▄▄▀█▀█▀▄ ██ █   █ █
█ █▄▄▄█ █▄▀▀▄█▄█▀▀▄  ▀▄  █▀ ▄▄▄ ▀█▀█     ▀ ▀▀█▄▀▄██ █▄▄▄█ █
█▄▄▄▄▄▄▄█▄█▄▀ █ █▄█▄▀▄▀ ▀▄█ █▄█ ▀ ▀ █ █ ▀ █▄▀▄▀▄█ █▄▄▄▄▄▄▄█
█ ▄  ▀▀▄▀▄▄▄▀▀▀█████▀█ ▄  █▄▄▄   █ ▄▀▀▀█ ▄▄ ▄███▀  ██ ▄ ▀ █
█ █ ▄▄█▄▀▄▄▀▀▀ ▀▀  ██ ▄▄ ▄█▄ █  █ ▀█▄▀▀▄█ █▄█▀█ ██ █▄  ▄  █
██▄▀█▀▀▄▀██▄▄▀▄ ▀▄█▄▀▀█▄▄▄▄ ▄▀█▀██▀▄█ ▀▀█▀▄▄▀█▀███ ▀▀▀▀▄▀██
███▀   ▄██▄▀  ▄███▀█ ▄▄█▄█ █▀▄██▄▀ █ █ ▄▀ ▄ ▀▀▄█▄▀█▀▄ ▄▀▄██
██▀ ▄▀ ▄▀ ▄ ▀█   ▀█▀█▄ ██▄█▄▄▄█▄▀▄▄ █▀██▄▀▄█▄ ▀▀ ▄█▄▄▀▀▄█ █
█ ▄  ▄█▄ ██▀▀▀▀▀ ██▀▄ ▄█ █▄ █ ▄██ █▄▀▄▀▀██ ██▄ ▀▄▄▀▀▄ ██▄██
█▀ ▄▄▄▀▄▀▀ █▄█ ██ ▄▀██ ▄▀█▀ ▄ █ ▀█▀█▄▀▀█ ▄▀ ▀▀▀▄▄ ▀▄ ▄██▀▀█
█▄█▀▀▀█▄▀▄ ▀▄▀▄▄▀▄   ▄    █▀▀▄▀▄▀█ ▄▀▄▄█▀█ █ ▄▄▄▀▄███▄ ▄█▄█
█ ▀▀█▀▄▄██▀█▄█▄  ▄ ▄█ ███▄███▀▄█▄▄  ▄ ▀▀▀▀▄█ ▀▀▄█▄ ▀█▀▀█▄▄█
█ █▄▀ ▄▄▄ ▄▀▄▀█▀  ▄▄▀▀█▄█▀█ ▄▄▄ ▀ █▄▄▄ ▄ ▀▄ ▀ ███ ▄▄▄ ▀▀▀██
█ ▄█▄ █▄█  ▄ ▀▀▄  █▄█▄▀▀ ▄█ █▄█   █▀▀▀▄▄▄▀▀█▀▄ ▀▄ █▄█  ▄▄▄█
█  █ ▄ ▄  ▀▀▄██ ▄ █ ██ ▀   ▄▄ ▄▄▀ ▀ ▀   ▀▀ ██▄ ▄▄▄▄▄▄▄▄▄▄▀█
█ █▄▀  ▄  ▀ ▄█ ███▄▀ █▄  ▀█▄▄▄▀▀▀█ ▄▄█▀▄▄▄█ ██▄▄█  █▄▄▀▄█▀█
█▄▄▀▄▄▄▄  █▄ ▀ ▄██ █ ▀▄▄▄▄████ ██ █ ▄▄ ▀▀▄█ ▀▀ ▀ ▄▄▄▄▄ ▄▄▄█
█  ▄█▀ ▄ █▄█ ▄ ▀███ ▀███ ▄████ ▄▄▀ █  █▀▀▀██▄██▄██ ██▄ ▀▄▄█
█▄█▄▀▀ ▄ ▀ ▀▀▄ ▄ ▄ ▀   █▄▀█  ▄ ▀ █▀██ ▄▄▀ ▀ ██▄▀ ▄▀█ ▄█ █▄█
█▀█▄▄█ ▄▄█▀▄█▀ ▀▀  ▀ █ ▀█▄▀ ▀  ▄█▄▄▀▀█▄█▄▀▀▄▄▄  ▄▀██▀ ▀▄█▄█
█▀█ ▄▄ ▄█▀█▄▄█▀▄ ██▄ ██ ██▀██▀▄ ▀▀▀█▀▄▄ █▄ ▄█▄ ▀██▀██▄▄█▄██
█   ▀▄▄▄ ▀ ▄▄▀▀ ▄█▀▀▀▄ █▀▀██▄▄ ▀▀█▄█▄███  ▄ ▀▀▄█▀▀ ▀██ ▄▄ █
█ ▀ ▀▀▄▄▀█  ▄▀█ ▄▀█▀ ▀█▀▄▄▄ ▄██▀   ▄   █▀▀ ▄█▀▄ ▀   ▀▀▀█ ▄█
███████▄█ ▀ █▀ ██▄▄ █ █▀██▀ ▄▄▄  █ █ ▄▀ ▀▀█▄ ▀▀▄▀ ▄▄▄ █▄█▀█
█ ▄▄▄▄▄ ███▄▀▀█▄  ██▄▄ ▀▀▀█ █▄█ ▀▀ ██▄ ▀▀ ██  █▄▄ █▄█  ▀▀▀█
█ █   █ █▀▄  ██ ▀█▀█ ▄██ ▀█ ▄   █▄ ▀▀█▄█ █▄▄▄  ▀▄ ▄▄▄▄▄▄ ██
█ █▄▄▄█ █ ▄▀ ▀▄▄  ▀ ▄▀███▀█▀███▀▄▀  █▀▀▀▄▄ █▄█ ▄▀▄▀ ▄▀▄▄█▀█
█▄▄▄▄▄▄▄█▄█▄▄▄▄▄██▄█▄█▄▄█▄███████▄██▄█▄▄▄▄▄████▄█▄█████▄███

Scan this QR code:
▄▄▄▄▄▄▄▄▄▄▄▄▄▄▄▄▄▄▄▄▄▄▄▄▄▄▄▄▄▄▄▄▄▄▄▄▄▄▄▄▄▄▄▄▄▄▄▄▄▄▄▄▄▄▄▄▄▄▄
█ ▄▄▄▄▄ █▀ █▀   ▄█▄▀██ █  ▄█▄▄▄▄ ▀██▀▄▄█ ▄▄ ▀ ▄▄ ██ ▄▄▄▄▄ █
█ █   █ █▀  █  ███▀ █▄▄▄  ▀█▄█ ▄▀▄█   █▀▄█▄ ▀▄ ▄ ██ █   █ █
█ █▄▄▄█ █▀▀█▄ █▀▄█▄█▄ ▄█▀ █ ▄▄▄ █▄▀█▀▀▄▀▀█▄▄█▄▀▀▄██ █▄▄▄█ █
█▄▄▄▄▄▄▄█▄█ █ ▀ ▀▄▀ ▀ ▀ █ █ █▄█ ▀▄█ ▀▄█ █ █▄▀ ▀ ▀▄█▄▄▄▄▄▄▄█
█  ▄ ▄█▄ ▄▀█▄▄ ▀ ▄▀▄ █▀▀▄▀ ▄    ▀█▀█▀  █▀█   █▄▄   █▄▀▄▀▄▀█
█  ▀█▄▀▄▀█▀ ██▄ ▄ ▀ ▀▀▀ █  ▄▄▄ █▀▀▄██▀█▄▀▀▄█▀▀ ▀█▀▄█  ▀▀ ██
█▀▀▄█▄▀▄ ▀▄█  ▄▄▄█▀ ▄▄▀▄   ▀█▀▀██▀██   █▀█ ▀█▀▄█ ▀▀▄▀▀█▄███
█▀█▀ ▄▄▄▀▄ ▄▄▀▀█ ▄▀▄▀███▄ ▀█▀▄▀▄██ ▀▄█ █▄ █ █▀▀▄▄ ▀█ █▀▀ ██
█▄█    ▄   ▄█▄▄█▄▄▀▄ ▄██▀ █▀▀ ▀ ▄▀▀█▄▄ █ █▄▀ ▀▀█ ▀███▀  ▀▄█
█ ██ ▄▄▄██▀▀▀▄▀██▀ ▄█▄▄▀ ▄ ▄▀  ▄▀ ▀ ▄ ▀▀█ ▄█▄▄█ ▀ ▄ ▄▀▀▀ ██
█▀  ▀ ▀▄ ▀▀█ ▀▀█▄▀▄▄▄█▀█▀▄▀ ▀▀▀ █▀▄█▄▄▀█ █▀  ▀▄█▄▀▀▄▄▀█ ▀ █
██▄███ ▄█▄▄█▀█▀ ▄ ▄ ▄█  ▀█▀ █▀█▄▄█▄ █▀█ █▄█▀██▄▀▄▀█▄ █▀▀▀██
██ ▄ █▀▄█▀███  █▄█  █▄██  ██▀▀█▀▄ ▄ ▄▄▀▄▀██▀▄█▄█▀  ████ ▄▄█
██ ▀▀ ▄▄▄ ▄█▄▄▄██▄▄█ ▀▄█  █ ▄▄▄   ▄▀▄▀█▄▀▀ █▄█    ▄▄▄ █  ▀█
█▀▄▀  █▄█ █▀▄▄ ▄▀▄▄▀ █▄█▀ ▀ █▄█ ▄███  ▀▄██   ▀ █▄ █▄█ ▄█▄ █
█▀ ▄█  ▄▄▄▄█  █▀▀▄█▄█▄ ▄ ▀█▄▄▄▄▄█▄█▀▀█ ▀ ▄█▀█▀█▄ ▄▄  ▄   ▀█
███ ▀██▄▀█▄▀█▄ █▄▄ ▄▄▄▀█▀ ▄▀ ▄▀  █▀█  ███▀▄▀▀▀▄▄█▀▀ ▄█▀▀█ █
█▄ █▄█▄▄██ ▄▄ ▄ ▄▀▀ ▄▀██▀ ▄▄ ▄▀ ██▄▄█ ▀  ▀ █ ▀██▀▄ █▄▄   ██
█▀█ █▀▄▄  ▄▄▄█▄ ▀█▄▄▀▀▀█▄ █▄▀█▀▄▄███ ▄ ▄██▀  ██▄▀█ ███▀▄█ █
██▀█▀█▀▄▄▀▀ ▀█▀▄▀█▀▄▀  ▀▄ █ ▀█  ▀█ ██ ▄█▄▀█▀ █▄▄▀▄▄▀ ▀▀▀▄▄█
█▄▄▄▄▄█▄█ ██▄   ▀▄  ▄▄▀▀▀▀█▀█▄ ▄▀█▀█▄ ▀▄▄█▀ ▄█ ██▄ █▄▄▄ █▀█
█ ▀▄███▄█▀██▀▀ ▄██▀ ▄ ▀ ▀ █▀ ▀  ██▀█▀▀ ▄▄█ █ ▀ ▄█▄▄█▄█▄▀▀██
█ ▄▀▄█ ▄█ █ ▄ ████▀ ▄▄▀▄  █▀██ █ █ █▄▄▀███▀▀▀█▄▄▀█▀▀▀▄ ▀█▀█
█ ▀ ▀▀▄▄█▀▀█ ▄█▀ ▀█▀█▄▄███▄▄ ▀▀▄▀ ▄   █▀  ▄▀▀ ▀  ▄█▀█▀   ▀█
███████▄█ ▀ ▀▀ ▀▄█▄▄▀▄█▀▄▀▄ ▄▄▄  ▀▄█▄ ▄▄█▀▀ █▀▄▄█ ▄▄▄ ██▀▄█
█ ▄▄▄▄▄ █▄▄ ▄██  ▄ ▀▀▄██▄▄█ █▄█ ▀█▀▄▀▄▄ ▀ █ ▀ ▀▄▀ █▄█ ▀▀ ██
█ █   █ █ █▀ ▀█ ▄▀▀▄▄██▀▀▄  ▄  ▄ ▀█▄▀ ▄█▀▀   ▀███  ▄▄▄█ █▄█
█ █▄▄▄█ █ ██▄█ ▄▄ ▀▄▄█ ▄▀██ ▀▀▀██▄█▀   ▄▄ ▄▀▀▀  ▄  ▄▀█  ███
█▄▄▄▄▄▄▄█▄█▄▄█▄▄██▄▄█▄██▄▄▄████▄▄▄▄▄▄▄█▄▄██▄███▄▄▄▄█▄▄▄█▄██

Scan this QR code:
▄▄▄▄▄▄▄▄▄▄▄▄▄▄▄▄▄▄▄▄▄▄▄▄▄▄▄▄▄▄▄▄▄▄▄▄▄▄▄▄▄▄▄▄▄▄▄▄▄▄▄▄▄▄▄▄▄▄▄
█ ▄▄▄▄▄ █▀█▄▄ █ █▀█  █▄▄▄▄ ██▀ ▄▄ █▀ ▀▄█▀█▄ ▄█▄▄ ██ ▄▄▄▄▄ █
█ █   █ █▀▄ █▄▀█▄▄█▀██▄▄  ▀█▀▄▄ ▄▄█   █▀▀▄▀▄▀▄ ▄ ██ █   █ █
█ █▄▄▄█ █▀ █▄█ ▄▄███▄ ▀▄▀ █ ▄▄▄ ▄▄▄▀▄ ▄▀▄█▀▄▀█▀▀▄██ █▄▄▄█ █
█▄▄▄▄▄▄▄█▄█ █ █▄▀▄▀ ▀ █ █ █ █▄█ ▀▄█ ▀▄█▄█ ▀ ▀ █▄▀▄█▄▄▄▄▄▄▄█
█ ▄   ▀▄  █  ▄ █▄▄█▄ █▀█ ▀  ▄▄  ▀█▀█▀  █▀█▄▀██▄▄▀  █▄█▄▀ ▀█
██▀▀▀ ▄▄▀██▀  ▄ ▄▄▀ ▀▀▀ ▀▀▀█▀▀▀█▀▀▄██▄█▀ ▄ █▀  ▄█▄▄▄██▀▀▄▀█
█▀▄▄ ▀█▄▀█▀▀ █▄▄█▄▀ ▀█▀▄  ██▀▀▀██▀█▄▀▄ █▀▀▀ ▀▀█▄   █▀▀█ ▀▀█
███▄ ▀ ▄███  ▀██▄▄▀█▀▄▀█▄▄▀█▀██ █▀▀▄  █▄▄▀█  ▀█▀██▄▀█▀▀▀███
█▄▄▀▀█▀▄█▀▀▄  ▄▀▄▄▄▄ ██▀▀▀▀█▀ ▀▀██▀▄▄  █▄█▄▀▄▀█▄▀▀▀█▀█▀▀█▀█
█  █▄▄█▄ ▀▀▀██▀█▀▀▀█▄  █▄▀▄▄▀   ▀ ▀▄██▀█▄▀▄▀█▀▄▀  ▀█  ▀▀ ▀█
█ ▄▄█ ▄▄ ▀▀▄▀█▀█▄▀▄ ▄█▀█▀▄  █▀█▀ █ ▄▄▄ █▄█▀▀ █ █▄▀▀▄▀██▄▀▀█
█▀▀ ▄ ▀▄█▀▄▀▄▄▀ ▄ ▀█▄██▄▀█▀ ▄  ▀███ ▀▀ ▄▄ ▀ ██▀  ▀▄ ▄▄▀▀▀██
█▄▀█▀▀ ▄▀█ ▄▀▀▄▀▄▄▄ █▄▀█▀ █▀▀▀ ▀▄ ▄  ▄▀██▀ ▀ ██▄▄▀██▀▀█▀▄ █
█▀▄▄  ▄▄▄  █▄█ ▀▀▀▄█ ▀▄██ ▀ ▄▄▄    █▄█▀▄▀  █    █ ▄▄▄ █  ██
██  █ █▄█ ▄▀▀▄█▄█▄▄▀▀█▄█▀▀▀ █▄█ ▄▀██ ▄ █▀█ ▀█████ █▄█  █ ██
█▄▀█▀  ▄▄ █▀ ▀█▄  ▄▄█▀▀▀▄▄ ▄    ▀▄▄ █▄▄ █▀▀▀▀  ▀ ▄   ▄ ▀▄██
█▀▄▀ ▀ ▄▄▄ ▀▄▄▀█▄█  █▄▄▀  ▄▄▄█▀  █▀█▄▄██▀▀▄▀██▄▄█▀▀███ ▄▄▀█
█▄█ █ █▄▀▄  ▀▄▄██▄▀ ▄█▀ ▄ ▀▄█▀▀ ▀█ ▄▄▄▄ ▄ ▄█▄▄█▄▀▀ ██▄▀▀ ██
█▀█ ▀▀▄▄ ▀ █▀█ █▀█▀▄▀▀▀█▄ █▀▀█▀▄▄▀▄█▄ ██▀█▀▀ █▀▄▀▀ ▀▀▄▄██▀█
██▄▄   ▄▀▀   █▀ ▀█  ▀ ▀▄▄ ▄ ▀█   █ ▄█▀█▄  ▀▀▄▄█  █ █▀██▀▄▄█
█▄▀█▀  ▄ ▄▄█▄▄█▀▄▄▀▄▄▄██▄▀█▀▄▄▀▀▀█▀█   ▄▀█ ▀ ██▄█▄▄▀▄▄▄█▀██
███▄ ▀▄▄██▄▀█▄▀▄▄█▀  ▀▀ ▀▀█▀▀▀ ▄▀██▀█ ▄▄▀▄  █ ▄▀▀█ ▀▀▄▀ ▄▀█
█▀▀██▄█▄ ▀ █▄ ▄▄█▄▀  ▄▀▄▀ █▄██   ██▄▄▄▀█▀▀▄  ▀█▄▀▄█▀▄▄███ █
█ ▀ ▀▀▄▄▀▄█▄█▄▀▀▀█▀▀▄  ██▀ ▄▀▀▄▄▄▀▄▀▀▀▄█▄█ ▀█ █▄▀█▀▀▄█▀▀▄██
███████▄█▀█ ▀█ ▀▄▄ ▄▄▄██ ▀▀ ▄▄▄  ▀▄█  ▀▄▀▀▀ ▄██▄█ ▄▄▄ ▀ ▀▀█
█ ▄▄▄▄▄ █▄▄█▀ ▄▄▀▄█▄█ ▀ ▄▀▄ █▄█ ▄▀▀▄██ ▀▄ ▄▄█ ▄█▄ █▄█    ▀█
█ █   █ █ ▀▄ ▄▀▀▄▀  ▄█ ▀▀▄▀  ▄ ▄ ▀██▄  ▄█▀█▀ ████▄ ▄▄▄█▀█▄█
█ █▄▄▄█ █ ▄██▀█▄▄ █▄▄█▀█▀████▀▀█▄█▄  ▄▀█ █▄▀█ ▄▄█ ▀▄█▀  ███
█▄▄▄▄▄▄▄█▄▄▄███▄▄▄▄▄██████▄█▄██▄▄▄▄▄▄▄█▄██▄▄▄█▄███▄██▄██▄██

Scan this QR code:
▄▄▄▄▄▄▄▄▄▄▄▄▄▄▄▄▄▄▄▄▄▄▄▄▄▄▄▄▄▄▄▄▄▄▄▄▄▄▄▄▄▄▄▄▄▄▄▄▄▄▄▄▄▄▄▄▄▄▄
█ ▄▄▄▄▄ █▀ █▀ ▀ ▀▀▄▀▀▀▀▄▀ ▄█▄▄▄▄ ▀█▀▄▄▀▀     ▀▄▄ ██ ▄▄▄▄▄ █
█ █   █ █▀  █▄ █▄▄▀ ██▄▄▀ ▀█▄█ ▄ ▄█  ▀█▀▄█▄ ▀█ ▄ ██ █   █ █
█ █▄▄▄█ █▀█▀▀▄█▀▄█▄█▄ ▄█▀ █ ▄▄▄ ▄█▀██▄▄▀██▄▄█▀▀▀▄██ █▄▄▄█ █
█▄▄▄▄▄▄▄█▄▀▄█ ▀ ▀▄▀ ▀ ▀ █ █ █▄█ ▀▄█ ▀▄█ █ █▄▀ ▀ ▀▄█▄▄▄▄▄▄▄█
█  ▄  ▀▄ ▄ ▀▀▄ ▀ ▄▀▄ █▀▀▄▀▄     ▀█▀█▀  █▀█   █▄▄▀  █▄▀▄▀▄▀█
█  ▀█▄ ▄▀███ █▄ ▄ ▀ ▀▀▀ █  █▄▄ █▀▀▄██▀▀ ▀▀▄█▀▀▄▀  ▄█▄▀▀▀ ██
█▀▀▄█▄▀▄█▄ ▄  ▄▄▄█▀ ▄▄▀▄    █▀▀██▀ █  ▀▄▀█▀ █▀█▄▀ ▀▄ ▀▀▄███
█▀▀▀▄▄▄▄▀█ ▄▄▀▀█ ▄▀▄▀██▀▄ ▀█▀▄█▄███▄▄██▄▄▄███▀▄▄▀▀▀█ █ ▀ ██
█▄█▄▀  ▄   ▄█▄▄█▄▄  ▄▄▄▀ ▀█▀▀ ▀ ▄▀▀▄▄  █▀█  ▄▀██ ▀███▀  █ █
█▄█▄  ▄▄██▀▀▀▄▀███ ▄▄▀▄▀   ▄▀ ▀██▄▀      ▄▄██▄█▀▀ ▄ ▄▀▀▀█▀█
█▀█ ▀▀ ▄ ▀▀█▄▀▀█▄▀▄▄▄█▀█▀▄▀ ▀▀▀  ▀▄█▄▄▀█▀█▀ ▄▀▄█▄▀ █▄▀█ ▀▀█
██▄███ ▄▀ ▀▄▀▄  ▄ ▄ ▄█  ▀█▀ █▀█▄█▄▄ ▄▀█ ███▀█▄▄▀▄▀█▄▄█▀▀▀██
██ ▄ █▄▄█ █▀██▀▄▄█  █▄██  █▀▀▀█▀▄ ▄ ▄▄▀▄▀██▀▄█▄█▀ ▀█▀██ ▄▄█
██ ▀▀ ▄▄▄ █▄██ ██▄▄█ ▀▄█  ▄ ▄▄▄    █▄▀▀ ▀▀▄▀▄█▄▄█ ▄▄▄ ▀  ▀█
█▀▄██ █▄█ ▄ ▄▄▀█▀▄▄▀ █▄█▀ ▀ █▄█ ▄█▄▄   ▄██▀▀ ▀██▄ █▄█ ▀ ▄ █
██▀▀▀ ▄▄ ▄▄█  █▀▀▄█▄█▄█▀ ▀█▄▄▄▄▄█▄▄ █▀█▀ ▄█▀█▀▄▄█▄ ▄ ▄▀▀ ▀█
█▀▄ ▄██▄ ▄▄▀█▄ ███ ▄▀███▀ ▄▀ ▄▀  █▀█   ██▀ ▀ ▀▄██ ▀ ██ ▀▀ █
█▀██ █▄▄ █ ▄▄ ▄  ▀▀  ███ ▄▄▄ ▀▀ █▀▄▄█▄ ▀ ▀▀▄▀ ▄▄▀▄ █▄█  ▄▀█
█▄█ █▀▄▄  ▄▄█▀▄ ▀█▄▄▀▀▀█▄ █▄▀██▄████▄▄ ▄██▀ ▄██▄▀█ ███▀▄█▀█
██▀█▀█▀▄▄▀ ██ ▀█▀█▀▄▀  ▀▄ █ ▀█ ▄▀█ ██▀▄█▄ █▀ █▄▄▀▄▄▀ ▀▀▀▄▄█
█▄▄▄▄▄▀▄█ ▄▀█ ▄█▀▄  ▄▄▀▀▀▀█▀█▄ ▄▀█▀█▄ ▀▄▄█▀ ▄█ ██▄ ▄▄▄  █▀█
█ ▀▄███▄█▀  ▄▄  ██▀ ▄ ▀ ▀ ▀▀ ▀  ████▀▀  ▄█ ▀ ▀▄▄█▄▄▀▄█▀▀▀██
█ ▄  ▀ ▄▄█  ▄ █▄██▀ ▄▄▀▄  ▄███ █ █▄▄▄▄▀▄██ ▀▀█▄█▀ █ ███▀█▀█
█ ▀ ▀▀▄▄▄▀▀█ ▄█▀ ▀███▄▄▀███▄ ▀▀▄▀ █  ▄ █▄ ▀ █ ▄▀██▀▀▀▀▀▀ ▀█
███████▄█ ▀ ▀▀ ▀▀▄▄▄▀▄▄▀▀ ▄ ▄▄▄  ▀▄█   █▀█▀  ▀███ ▄▄▄ █▄▀ █
█ ▄▄▄▄▄ █▄▄ ▄██ ▀▀ ▀ ▄███▄█ █▄█ ▀▀▀▄▀▄█▀▄ █▀██▀██ █▄█ ▀▀ ▀█
█ █   █ █ █▀▄ █ ▄▀▀▄▄██▀▀▄     ▄▄▀█▄ ▄▄██▀  ▄███▄  ▄ ▄█ █▄█
█ █▄▄▄█ █ ▄█▄ █▄▄ ▀▄▄█ ▄▀██ ██▀█▄██▀▀  ▄█▀▄▀▀   ▄  ▄█▀  ███
█▄▄▄▄▄▄▄█▄▄██▄▄███▄▄█▄██▄▄▄█▄██▄▄▄▄▄▄▄█▄▄██▄███▄▄▄▄█▄▄▄█▄██

Scan this QR code:
▄▄▄▄▄▄▄▄▄▄▄▄▄▄▄▄▄▄▄▄▄▄▄▄▄▄▄▄▄▄▄▄▄▄▄▄▄▄▄▄▄▄▄▄▄▄▄▄▄▄▄▄▄▄▄▄▄▄▄
█ ▄▄▄▄▄ █▀█▄▄ █ █▀▄▀▀█▄▄▄  ██▀ ▄▄ █▀██ ▀▀▀▄▄▀ ▄▄ ██ ▄▄▄▄▄ █
█ █   █ █▀▄ ▀ ▀█▄▄█▀█▄▄▄▀▀▀█▀▄▄ ▀▄█ ▄▀█▀▀▄▀▄ █ ▄ ██ █   █ █
█ █▄▄▄█ █▀▄▀██ ▄▄███▄ ▀▄▀ █ ▄▄▄ ▄ ▄▀▄▄▄▀▀▄▀▄▄ ▀▀▄██ █▄▄▄█ █
█▄▄▄▄▄▄▄█▄▀ ▀ █▄▀▄▀ ▀ █ █ █ █▄█ ▀▄█ ▀▄█▄█ ▀ ▀ █▄▀▄█▄▄▄▄▄▄▄█
█ ▄   ▀▄▄▄ ▄ █ █▄▄█▄ █▀█ ▀▄▄▄▄  ▀█▀█▀  █▀█▄▀██▄▄▀  █ ▀▄▀ ▀█
██▀▀▀ ▄▄██▀ ▀ ▄ ▄▄▀ ▀▀▀ ▀▀▀▄█▀▀█▀▀▄██▄▀█ ▄▄█▀  ▄▀▀███ ▀▀▄▀█
█▀▄██▀█▄ ▄▀▄ █▄▄█▄▀ ▀█▀▄  ▄█▀▀▀██▀██▀▄ █▀▀▄ ▀▀██▄▀ █ ██▄▀▀█
█▄█▀ ▀ ▄███  ▀██▄▄▄▄▀▄██▄▄▀█▀▄█▄█▀ █ ▄ ▄▄█▄█▄▀▄█▄▄▄▀▄ ▀ ███
█▄ ▄▀█▀▄█▀▀▄  ▄▀▄▄▄ ▀█▄▀▀ ▀█▀  ▀██▀▄▄▄▀█▀▀ ▀▄▀█▄▀▀▀█▀█  ███
█▄▀▀▄ █▄ ▀▀▀██▀█  ▀█ ▄ █ █▄▄▀ ▀▀█ ▀▄██▀▄▄▄█▀█ █   ▀█  ▀▀ ▀█
██▀▄█▄█▄ ▀▀▄▀ ▀█▄▀▄ ▄█▀█▀▄  █▀█▀▄▀ ▄▄▄ ██▀▀▀▄█ █▄▀▀█▀██▄ ▀█
█▀▀ ▄▀ ▄███ ▀▀█▄▄ ▀█▄██▄▀█▀ ▄  ▀▄██    ▄█▀▀ █▄▀  ▀ ▄  ▀▀▀██
█▄▀█▀ ▄▄ ▄█ ▄▀ ▀▄▄▄ █▄▀█▀ ██▀▀ ▀▄ ▄  ▄▀██▀ ▀ ██▄  █▄█▀█▀▄ █
█▀▄▄  ▄▄▄ ▄▄▀  ▄▀▀▄█ ▀▄██   ▄▄▄   ▄█▄██▄▀ ▄▀   ▄▀ ▄▄▄ █  ██
██    █▄█  ▄▀▄▄██▄▄▀▀█▄█▀▀█ █▄█ ▄▀▀▄ ▄▀▄▀█▀▀████▄ █▄█ ▄█ ██
███▄  ▄▄  █▀ ▀█▄  ▄ █▀▀█▄▄      ▀▄▄ ▀▄▀▄▀██ █ ▄▄  ▄   ▀▀▄██
█ ▄ ▀▀ ▄▀█ ▀▄▄▀█▄▄▀▄▀▄▀█▀▀▄▄▄▄▀  █▀█  █▄█▀ ▀ █▀██▀▀██▄▀▄ ▀█
█▀▀ █ █▄█▄  ▀▄▄███▀ ▀█▀ ▄▀▀▄ ▄▀ ▀▀ ▄▀ ▄ █▀▄█▀▀▄▄▀▀ █▀▀▀▀ ██
█   ▀▀▄▄ ▀ █▄▄ █▀█▀▄▀▀▀█▄ █▀▀██▄ █▄█▄▄██ ▀▀▀ ▀▀▄▀▀ ▀▀▄▄█▄▀█
██▄▄   ▄▀▀▄▀█▄ ▀▀█  ▀ ▀▄▄ ▄ ▀█ ▄ █ ▄█▀█▄▀▀▀▀▄██  █ █▀██▀▄▄█
█▄▀█▀▄█▄ ▄█▀ ██▀▄▄▀▄▄▄██▄▀█▀▄▄▀▀▀█▀█   ▄▀█ ▀ ██▄█▄▀▄▄▄ ▀▀██
███▄ ▀▀▄██▄▀▄▄██▄█▀  ▀▀ ▀▀█▀▀▀ ▄▀█▀▀█   ▀▄▄▄█ ▄▀▀▄ ▀▀▄▀ ▄▀█
█▀▀ ▀  ▄ ▀▀ ▄ ███▄▀  ▄▀▄▀ ▄███   ██▄▄▄ █▀▀ ▀ ▀ █▀▄▀ ▄▄ ██ █
█ ▀ ▀▀▄▄▄▄█▄█▄▀▀▀█▀▀▄  ▀█▀ ▄▀▀▄▄▄▀█ █▀▀▄▄▀███    █▄█   ▀▄██
███████▄█ █ ▀█ ▀█▄▄ ▄▄ ▀  ▀ ▄▄▄  ▀▄█ ▄▀▄▀▀▀▀▄▀█▄█ ▄▄▄ ▀▀▀██
█ ▄▄▄▄▄ █▄▄█▀ ▄▄▀▀█▄▄ ▀  ▀▄ █▄█ ▄█▀▄▀▀▀▀ ▀▄█▀█▄██ █▄█   ▄██
█ █   █ █ ▀▄ ▀▀▀▄▀  ▄█ ▀▀▄▀ ▄▄ ▄▄▀██   ▄▀▀█▀ ▀██▄▄ ▄▄▄█▀█▄█
█ █▄▄▄█ █      █▄ █▄▄█▀█▀███▀▀▀██▄▄  █▀█ █▄▀▄ ▄▄█ ▀▄▀█  ███
█▄▄▄▄▄▄▄█▄▄█▄███▄▄▄▄██████▄█▄██▄▄▄▄▄▄▄█▄██▄▄▄█▄███▄█▄███▄██

Scan this QR code:
▄▄▄▄▄▄▄▄▄▄▄▄▄▄▄▄▄▄▄▄▄▄▄▄▄▄▄▄▄▄▄▄▄▄▄▄▄▄▄▄▄▄▄▄▄▄▄▄▄▄▄▄▄▄▄▄▄▄▄
█ ▄▄▄▄▄ █▀ █▀    █▄▀▄▀ ▄▄ ▄█▄▄▄▄ ▀▀▀ ▄ █▀█▄ ▄▄▄▄ ██ ▄▄▄▄▄ █
█ █   █ █▀  █  █▄█▀ ▄▄▄▄▀ ▀█▄█ ▄▀██ ▀ █▀▄█▄  ▄ ▄ ██ █   █ █
█ █▄▄▄█ █▀██ ▄█▀▄█▄█▄ ▄█▀ █ ▄▄▄ ▄ ▀█▄█▄▀ ▄▄▄  ▀▀▄██ █▄▄▄█ █
█▄▄▄▄▄▄▄█▄▀ █ ▀ ▀▄▀ ▀ ▀ █ █ █▄█ ▀▄█ ▀▄█ █ █▄▀ ▀ ▀▄█▄▄▄▄▄▄▄█
█  ▄ ▄▀▄▄   █  ▀ ▄▀▄ █▀▀▄▀      ▀█▀█▀  █▀█   █▄▄█▀ █▄▀▄▀▄▀█
█  ▀██▀▄▄ ▀▀█▀▄ ▄ ▀ ▀▀▀ █ █▄ ▄ █▀▀▄██▀▀ ▀▀ ▀▀▀▄▀█▄▄█▀█▀▀ ██
█▀▀▀█▄▀▄  ▄█  ▄▄▄█▀ ▄▄▀▄    ██▀██▀▀▄   ▄▀█▄ █▀█▄▀▀▀▄▀██▄███
██▀█▀▄▄▄▀▄ ▄▄▀▀█ ▄  ▀█▄▄▄ ▀█▀██ ███▄▄▀▀█  ▀▀▀▀  ██▀█▀▄▄  ██
███▄▄  ▄   ▄█▄▄███▀▄▀▄ ▀ ▀█▀▀ ▀▀▄▀▀▄  ▀██▀ ▀██▀▄ ▀███▀ ▀▀ █
█ ▀ ▀  ▄██▀▀▀▄▀██  ▄ █▄▀██ ▄▀ ▀██▄▀ █▄  ▀█▄██ █ ▀   ▄▀▀▀███
█▄  ▀ █▄ ▀▀██▄▀█▄▀▄▄▄█▀█▀▄▀ ▀▀▀  █▄█▄▄▀██▀▀  ▀▄█▄▀▄▄▄▀█ ▀▀█
██▄██ ▄▄▀▄ ▀ █▄▀▄ ▄ ▄█  ▀█▀ █▀█▄██▄ █ █ ███▀▄█▄▀▄▀▄▄▄█▀▀▀██
██ ▄ █▀▄██  ▀▄▄▄▄█  █▄██  ▀█▀▀█▀▄ ▄ ▄▄▀▄▀██▀▄█▄█▀▀ ▄███ ▄▄█
██ ▀▀ ▄▄▄  █▀▀ ▀█▄▄█ ▀▄█  ▄ ▄▄▄    █▄▀▀▄▀▀ █▄█▄ ▄ ▄▄▄ ▀  ▀█
█▀▄▄▄ █▄█  ▀▄▄█▄▀▄▄▀ █▄█▀ ▀ █▄█ ▄█▄█   ▄██ ▀ ▀██▀ █▄█ ▀▀▄ █
█▄▀ █  ▄ ▄▄█  █▀▀▄█ █▄█  ▀█ ▄▄▄▄█▄▄▀▀██▀ ▄▀▀▀▀▀▄ ▄ ▄     ▀█
██  ███▄▀▀▄▀█▄ █▄▄▀▄ █▀█▀ ▄▀▀▄▀  █▀██ ▀▄█▀▀▀▄▀██▀▄▀ ▄▄▀ ▀ █
█▀█  █▄▄█  ▄▄ ▄  ▀▀ █▀██▀▀▄▄▀█▀ ██▄▄▀▀▀▀▄ ▀▄▀▀▄█▀▄ █▀█  ███
█▄█ █▀▄▄  ▄▄▀█▄ ▀█▄▄▀▀▀█▄ █▄▀█▄  ▀██▄▄ ▄█▀▀ ███▄▀█ ███▀▄▄▀█
██▀█▀█▀▄▄▀▄▄▀██ ▀█▀▄▀  ▀▄ █ ▀█ ▄▀█ █▄▀▄█▄ █▀▀█▄▄▀▄▄▀ ▀▀▀▄▄█
█▄▄▄▄▀ ▄█  █▄█  ▀▄  ▄▄▀▀▀▀█▀█▄ ▄▀█▀█▄ ▀▄▄█▀ ▄█ ██▄ ▀▄▄▄▄█▀█
█ ▀▄█▄ ▄█▀ ▀▄ ▀▄██▀ ▄ ▀ ▀ ▀▀ ▀  ██▀▀▀▀  ▄█▄▀ ▀  ██ █▄█  ▀██
█ ▄▄▀▀█▄███▀▄  ▄██▀ ▄▄▀▄  ████ █ █▄▄▄▄▀███ ▀▀█ █▀ ▀▀▄█▀ █▀█
█ ▀ ▀▀▄▄▄ ▀█ ▄█▀ ▀▄▄█▄█▄███▄ ▀▀▄▀ ▄▀     ▄ ▄█▄█ ▄▄▄▀▄█▀▀ ▀█
███████▄▄▀▀ ▀▀ ▀██▄▄▀█▀▀ ▀▄ ▄▄▄  ▀▄█▄ █▄▀▀ ▀▄▀▄██ ▄▄▄ ██▀▄█
█ ▄▄▄▄▄ █▄▄ ▄██  ▀ ▀▄███ ▄█ █▄█ █▀▀▄█ ▄ ▀▄█▀ █ █  █▄█ ▀▀ ██
█ █   █ █ █▀ ▄█ ▄▀▀▄▄██▀▀▄  ▄▄ ▄ ▀█▄▄▄▄█▀▀  ▄▀███  ▄▄ █ ███
█ █▄▄▄█ █  ▄█▄ █▄ ▀▄▄█ ▄▀██ ██▀█▄██▀   ▄▄▀▄▀▀▀  ▄  ▄██  ███
█▄▄▄▄▄▄▄█▄██▄▄█▄██▄▄█▄██▄▄▄████▄▄▄▄▄▄▄█▄▄██▄███▄▄▄▄███▄█▄██

Scan this QR code:
▄▄▄▄▄▄▄▄▄▄▄▄▄▄▄▄▄▄▄▄▄▄▄▄▄▄▄▄▄▄▄▄▄▄▄▄▄▄▄▄▄▄▄▄▄▄▄▄▄▄▄▄▄▄▄▄▄▄▄
█ ▄▄▄▄▄ █▄▀▄ ▄▄▄▄█▀█ █▀▄   ▀▀▀▄ ▄▄ ▀ ▀▄█▄▄█  ▀ ▄ ██ ▄▄▄▄▄ █
█ █   █ █ █▀██ ████ ▄███▀  █ █▄▀▀█▄▀▀▀▄▀█▄▀█▀▄▀▄ ██ █   █ █
█ █▄▄▄█ █▄█▀▄█▄█▀▀▄  ▀▄  █▀ ▄▄▄ ▀▀▀█ ▄  ▀▀ ▀  ▄▀▄██ █▄▄▄█ █
█▄▄▄▄▄▄▄█▄█▄█▄█ █▄█▄▀▄▀ ▀▄█ █▄█ ▀ ▀ █ █ ▀ █▄▀▄▀▄█ █▄▄▄▄▄▄▄█
█ ▄  ▀█▄█ ▀  ▀▀█████▀█ ▄  ▀▄▄▄   █ ▄▀▀▀█ ▄▄ ▄███▀▀ ██▄▄ ▀ █
█ █ ▄▄█▄  ▀▀▄▀ ▀▀  ██ ▄▄ ▄██▄█  █ ▀▀▄▀█ █ █ █▀█▄ █▀▄█  ▄  █
██▄▀ ▀▀▄▄▄█▀▄▀▄ ▀▄█▄▀▀█▄▄▄▄ ███▀██▀██ ▄▀█▀ ▄▀█ ▄██ ▀█▀▀ ▀██
█ ▀▀▀  ▄██▄▀  ▄███▀█ ▄ ▄▄█ █▀█▀▀▄▀  ▄██▄▀   █▀▄   █▀█ ▀ ▄██
██▄▄█▀ ▄▀ ▄ ▀█   ▀█▀▄▄ ▀ ██▄▄▄▀▄▀▄█▀▄▀▀█ █ █▄ ▀  ▄█▄▄▀ ▄█▄█
██▀▄█▄▀▄ ██▀▀▀▀▀█▄█▀ ▀▄██▀▄ █ ██▀▄█▄█ ▀ ▀▄ █▄▄▀▀▄▄▀▀▄ ██ ██
█ ▄▄▄▄▀▄▀▀ ██▄ ██ ▄▀██ ▄▀█▀ ▄ █ ▀▀▀█▄█▀█▄▄▀ █▀▀▄▄ ██ ▄██  █
█▄█▀▀▄ ▄█  █ ██▄▀▄   ▄    █▀▀▄▀▄ █ ▄ █▄█▀█ █ ▄▄▄▀▄▄▀█  ▄█▄█
█ ▀▀█▀ ▄█▀▄██▄██ ▄ ▄█ ███▄▀▀█▀▄█▄▄  ▄ ▀▀▀▀▄█ ▀▀▄▄▄  █▀▀█▄▄█
█ █▄▀ ▄▄▄ ▀  ▄ █  ▄▄▀▀█▄█▀▄ ▄▄▄ ▀ █▄▄▄ ▄ ▀▄ ▀ ▀█▀ ▄▄▄ ▀▀▀██
█ ▄██ █▄█ ██ ▀██  █▄█▄▀▀ ▄█ █▄█   ▀ ▀▀██▄▀▀█▀▄ ▀▄ █▄█ ▄▀▄▄█
█ ▄▀   ▄▄ ▀▀▄██ ▄ ▄▀███▀  ▀ ▄ ▄▄▀  ▀█ ▀██▀ ▀█▄▄▄▄ ▄ ▄ █▄▄▀█
██▄█   ▄▀▄▀ ▄█ █ █▀█ █▄▄▀ █▄█▄▀▀▀█ ▄▄█▀▄█▄ ▀██ ██  ███ ▄█▀█
█▀▄▄▀▄▄▄█▄█▄ ▀ ▄█  █ █▄▄█▀██   █▀▄█ ▄█ ▀ █▄▀█▀▀ ▀▄▄▄▀▀ ▄█▄█
█▀ ▄█▀ ▄ █▄█▀▀ ▀███ ▀███ ▄████▀ ▄█ █ ▄█▀ ███▄▀█▄██ ██▄ ▀█▄█
█▄█▄▀▀ ▄ ▀▀▀ ▀▀  ▄ ▀   █▄▀█  ▄▄▀▀█▀██ ▄▄▀ ▀ ██▄▀ ▄▀█ ▄█ █▄█
█▀█▄▄  ▄▄█▄▄▄ ▄█▀  ▀ █ ▀█▄▀ ▀  ▄█▄▄▀▀█▄█▄▀▀▄▄▄  ▄▀ ▄▀ ▀ █▄█
█▀█ ▄▀▄▄█▀▀█▄▀▄▄ ██▄ ██ █████▀▄ ▀▀██▀▄  █▄  █▄▄▀▀▀ ▀█▄▄█▄██
█  █▄ ▄▄██▀▄▄▀▀ ▄█▀▀▀▄ █▀▀██▄▄ ▀▀███▄█ █  ▀▀▀▀▄▄██▀▄▄▄██▄ █
█ ▀ ▀▀▄▄ █  ▄▀█ ▄▀██ ▀▄▀▄▄█▀▄██▀   █  ▄▄▀█▄▀▀█▀▄     ▄ █ ▄█
███████▄▄▀▀ █▀ █▀█▄  ▀████▀ ▄▄▄  █ █▄▄▀▀██▀█▄█▀▄█ ▄▄▄ ██▀██
█ ▄▄▄▄▄ ███▄▀▀█▄▀▀██   ▀█▀█ █▄█ █▀ █▄▀▀ █ ▄▄▀▀██  █▄█  ▀ ██
█ █   █ █▀▄ █ █ ▀█▀█ ▄██ ▀█  ▄  ▄▄ ▀█▀▄█▀▀▄▄█  ▀▄ ▄▄  ▄▄▀▄█
█ █▄▄▄█ █ ▀▀▀▀▄▀  ▀ ▄▀███▀█▀▀██▀▄▀  █▀▀▀▄█ █▄█ ▄▀▄▀ ▀▀▄▄█▀█
█▄▄▄▄▄▄▄█▄▄▄▄▄▄███▄█▄█▄▄█▄███████▄██▄█▄▄▄▄▄████▄█▄███▄█▄███

Scan this QR code:
▄▄▄▄▄▄▄▄▄▄▄▄▄▄▄▄▄▄▄▄▄▄▄▄▄▄▄▄▄▄▄▄▄▄▄▄▄▄▄▄▄▄▄▄▄▄▄▄▄▄▄▄▄▄▄▄▄▄▄
█ ▄▄▄▄▄ █▀ █▀ ▀▀▀▀▄▀▀▀▀▄ ▄▄█▄▄▄▄ ▀██▄  █▀▄▄ ▀ ▄▄ ██ ▄▄▄▄▄ █
█ █   █ █▀  █▄ ███▀ ▄█▄▄  ▀█▄█ ▄▀██  ▀█▀█▄▄ ▀▄ ▄ ██ █   █ █
█ █▄▄▄█ █▀▀█▄▀█▀▄█▄█▄ ▄█▀ █ ▄▄▄ ▄█▀█▀ ▄▀▄ ▄▄▀█▀▀▄██ █▄▄▄█ █
█▄▄▄▄▄▄▄█▄█▄▀ ▀ ▀▄▀ ▀ ▀ █ █ █▄█ ▀▄█ ▀▄█ █ █▄▀ ▀ ▀▄█▄▄▄▄▄▄▄█
█  ▄ ▄█▄▄  ▀▄  ▀ ▄▀▄ █▀▀▄▀▄▄    ▀█▀█▀  █▀█   █▄▄ ▀ █ ▀▄▀▄▀█
█  ▀█▄ ▄▀█   █▄ ▄ ▀ ▀▀▀ █  █▄▄ █▀▀ ██▀▀▄▀▀ ▀▀▀ ██ █▄▄ ▀▀ ██
█▀▀▀█▄▀▄█▀▄   ▄▄▄█▀ ▄▄▀▄  ▀▀█▀▀██▀██   █▀██ █▀▄▄ ▀▀▄█▀▀▄███
█▀▄█ ▄▄▄▀█ ▄▄▀▀█ ▄█▄▀█ ▄▄ ▀█▀██ ██   █▄ ▄  ▀██ ▄█▄▀█▀█▀▀ ██
█▀█▄▀  ▄   ▄█▄▄█▄█▄▄▀▄▀▀▀ █▀▀  ▀▄▀▀█  ▀▄▄██  █▄█ ▀███▀  █▄█
███ █▄ ▄██▀▀▀▄▀█ █ ▄▄▄▄▀▄▀ ▄▀ ▀█▀ ▀ ▀█  ▀▀▄█▀ ▄ ▀  ▄▄▀▀▀▄██
█ ▀ ▀▀▄▄ ▀▀██ ▀█▄▀▄▄▄█▀█▀▄▀ ▀▀▀ ▀▀▄█▄ ▀███▀ ▄▀▄█▄▀ ▄▄▀█ ▀▀█
██▄██▀ ▄▀ ▄█▄▀▄█▄ ▄ ▄█  ▀█▀ █▀█▄██▄ █▀█ █▄█▀▄█▄▀▄▀ █ ▀▀▀▀██
██ ▄ █▀▄▀▄ █▄▀ ▀▄█  █▄██  ▀█▀▀█▀▄ ▄ ▄▄▀▄▀██▀▄█▄█▄▀▀████ ▄▄█
██ ▀▀ ▄▄▄ ▀     █▄▄█ ▀▄█  ▀ ▄▄▄   ▄█▄▀█▄▀▀▄▀▄█▄ █ ▄▄▄ ▀  ▀█
█▀▄   █▄█ █▀▄▄ ▀▀▄▄▀ █▄█▀ ▀ █▄█ ▄███  ████ ▀ ▀▄▄▄ █▄█   ▄ █
██▄▀█ ▄▄ ▄▄█  █▀▀▄█▄█▄█▄ ▀█▄▄▄▄▄█▄▄ ██▄▄ ▄  ▀▀▄█▀▄▄▄ ▄▄▀ ▀█
█ █  ██▄ █▄▀█▄ █▀▄▀▄▄▄█▀  ▄▀█▄▀  █▀█▄▄▀█▀▀▄▀▄█▄██▄▀ █▄ ▀▀▄█
██▀▀ █▄▄ ▄ ▄▄ ▄  █▀ ▀▄██  ▄▄ ▄▀ █▀▄▄▀█▀ ▀█▀█ ▀▄▄ ▄ █▀█   ▀█
██▀ █▀▄▄  ▄▄▄█▄ ▀█▄▄▀▀▀█▄ █▄▀█▀▀ ▀██▀▄ ▄██▀ ▄▀█▄▀█ ███▀▄▄ █
██▀█▀█▀▄▄▀▄█▄  ▄▀█▀▄▀  ▀▄ █ ▀█▄ ▀█ ██▀▄██▀█▀▀█▄▄▀▄▄▀ ▀▀▀▄▄█
█▄▄▄▄  ▄█ ▄▄█  █▀▄  ▄▄▀▀▀▀█▀█▄ ▄▀█▀█▄ ▀▄▄█▀ ▄█ ██▄▀█▄▄▄▄█▀█
█ ▀▄█  ▄█▀▄  ▄ ███▀ ▄ ▀ ▀ █▀ ▀  ████▀▀ ▄▄█▄█ ▀  █▄ ▀▄█▄ ▀██
█ ▄▀  ▀▄█ ▀█▄  ███▀ ▄▄▀▄  ▄▄██ █ █▀▄▄▄ ▄██▄ ▀█▄█▀▄▄ ▀▄ ▀█▀█
█ ▀ ▀▀▄▄▄▀▀█ ▄█▀ ▀▀▄█▄▄▀███  ▀▀▄▀ █  ▄ ▄ ▄ ██▄█▀▀▄▄▀     ▀█
███████▄▄▀▀ ▀▀ ▀██▀▄ ▄█▀▄▀▄ ▄▄▄  ▀▄█▄▄ ▄██ ▀ ▀█▄█ ▄▄▄ ▄▄█▄█
█ ▄▄▄▄▄ █▄▄ ▄██  ▀ ▀█▀██▄▀█ █▄█ ▀▀▀▄█▀█   ▄  ▀▀█▄ █▄█ ▀▀▄██
█ █   █ █ █▀▀▄█ ▄▀▀▄▄██▀▀▄  ▄  ▄▀██▄▄▄▄██▀  ▄▀██▄  ▄  █ ▄▄█
█ █▄▄▄█ █ ▀▄▀▄█▄▄ ▀▄▄█ ▄▀██ ▄█▀████▀▀▀ ▄█▀▄▀▀   ▄  ▄█▀  ███
█▄▄▄▄▄▄▄█▄▄██▄█▄██▄▄█▄██▄▄▄██▄█▄▄▄▄▄▄▄█▄▄██▄███▄▄▄▄█▄█▄█▄██

Scan this QR code:
▄▄▄▄▄▄▄▄▄▄▄▄▄▄▄▄▄▄▄▄▄▄▄▄▄▄▄▄▄▄▄▄▄▄▄▄▄▄▄▄▄▄▄▄▄▄▄▄▄▄▄▄▄▄▄▄▄▄▄
█ ▄▄▄▄▄ █▀█▄▄ █▀▀▀█  ▀██   ██▀ ▄▄ ▀██▄ █▀██▄█ ▄▄ ██ ▄▄▄▄▄ █
█ █   █ █▀▄ ▀▄▀█▄▄█▀██▄▄▀▀▀█▀▄▄  ██ ▀▀█▀█▄▀▄▀▄ ▄ ██ █   █ █
█ █▄▄▄█ █▀ ▀▀▀ ▄▄███▄ ▀▄▀ █ ▄▄▄ █ ▄▀ ▀▄▀█▄▀▄ ▀▀▀▄██ █▄▄▄█ █
█▄▄▄▄▄▄▄█▄▀ █▄█▄▀▄▀ ▀ █ █ █ █▄█ ▀▄█ ▀▄█▄█ ▀ ▀ █▄▀▄█▄▄▄▄▄▄▄█
█ ▄   █▄ ▄██   █▄▄█▄ █▀█ ▀▄▄▄▄  ▀█▀█▀  █▀█▄▀██▄▄   █ ▀▄▀ ▀█
██▀▀▀▀█▄▀▄ ▄▄ ▄ ▄▄▀ ▀▀▀ ▀▀▀▄█▀▀█▀▀ ▀█▄██ ▄▄█▀  ▄▄█▄▄▀█▀▀▄▀█
█▀▄ ▀▀█▄ █▀▄ █▄▄█▄▀ ▀█▀▄  ▄█ █▀██▀██▀▄██▀▀  ▀▀██   ████▄▀▀█
█ ▀▄▀▀ ▄▄██  ▀██▄▄▀█▀▄█▀▄▄▀█▀▄█ █▀▄  ▄ ▄▄▀█▄▄▀ ▄▄▄▄▀█ █ ███
█▄▄▀▀█▀▄█▀▀▄  ▄▀▄█   ▄██▄▀▀█▀  ▀██▀██▄ ███ ▀▄▀ █▀▀▀█▀█ ▀▀▀█
██▄█▄▄▀▄ ▀▀▀██▀█ ▄▀██▄ █▄█▄▄▀ ▀▀▀▄▀▄▄▄▀█ ▄▄▀▄ █   ▀▀  ▀▀███
█▀▄▄█▄█▄ ▀▀▄▄ ▀█▄▀▄ ▄█▀█▀▄  █▀█▀ ▀ ▄▄▄ █▀█▀▀ ▀ █▄▀▀█▀██▄▀▀█
█▀▀ ▄▄█▄█▀ ▀   ▄▄ ▀█▄██▄▀█▀ ▄  ▀▄██ ▀  ▄█▀▀ ▄▄▀  ▀█▀  ▀▀▀██
█▄▀█▀  ▄█▀▄█ █▄▀▄▄▄ █▄▀█▀ ██▀▀ ▀▄ ▄  ▄▀██▀ ▀ ██▄█▀▀▄▀██▀▄ █
█▀▄▄  ▄▄▄ █▀▄  ▀▀▀▄█ ▀▄██   ▄▄▄   ▄█▄██▄▀  ▀    ▀ ▄▄▄ ▀  ██
██ ▄  █▄█ ▄▄▀▄███▄▄▀▀█▄█▀▀▀ █▄█ ▄▀██ ▄█▄▀█▀ ██ █  █▄█ ▄  ██
██▀▄   ▄▄ █▀ ▀█▄  ▀▀█▀ █▄▄ ▄    ▀▄▄ ▀▄▄▄▀▀█▀█ ▀  ▄ ▄  ▀▀▄██
█▀▄█ ▀ ▄▄▄ ▀▄▄▀█▄▄   ▄██▀▀▄▄▄█▀  █▀██▄ █▀▀▀  █▄█▀▀▀█▄▄ █ ▀█
██▄▀▀ █▄█   ▀▄▄███▀ ▄█▀ ▄█▀▄█ ▀ ██ ▄███▀████▄▀█▄ ▀ █ █▀▀███
█▄▀ ▀▀▄▄ ▀ █▄█ █▀█▀▄▀▀▀█▄ █▀▀█▀█ ▀▄█▄▄████▀▀██▀▄▀▀ ▀▀▄▄█▄ █
██▄▄   ▄▀▀▀▄▄██▀▀█  ▀ ▀▄▄ ▄ ▀█▄▄ █ ▄█ █▄  ▀▀▄▄█  █ █▀██▀▄▄█
█▄▀█▀▄▀▄ ▄▀█▄ ▀ ▄▄▀▄▄▄██▄▀█▀▄▄▀▀▀█▀█   ▄▀█ ▀ ██▄█▄▄▀▄▄▄▀▀██
███▄ ▄ ▄██▄█ ██▀▄█▀  ▀▀ ▀▀█▀▀▀ ▄▀█▀▀█ ▄ ▀▄▄▄█  █▀▄ ▀▀▄▀▀▄▀█
█▀▀▄▀█ ▄▀▀  ▄ █▄█▄▀  ▄▀▄▀ ▄▀██   ███▄▄▄█▀▀▀▀ ▀▄█▀▀█▀██▀ █ █
█ ▀ ▀▀▄▄█ █▄█▄▀▀▀█▀▀▄ █▀█▀ ▄▀▀▄▄▄▀▄▀██▀▄▄▀▄▀▀ ▄██▄▄█ █▀ ▄██
███████▄▄ █ ▀█ ▀██▄▄▀███▀▀▀ ▄▄▄  ▀▄█▄ ▀▄▀▀ ▀█▀█▄█ ▄▄▄  ▀███
█ ▄▄▄▄▄ █▄▄█▀ ▄▄▀▄█▄██▀ █▄▄ █▄█  ▀▀▄▄▄ ▀▀██████▄▄ █▄█   ▄▀█
█ █   █ █ ▀▄█▄▀▀▄▀  ▄█ ▀▀▄▀  ▄ ▄▄███ ▄ ▄█▀█▀▄▀███▄ ▄▄ █▀█▄█
█ █▄▄▄█ █  ▄▄▀▄▄▄ █▄▄█▀█▀█████▀█▄▄▄  █▀█ █▄▀█ ▄▄█ ▀▄ ▀  ███
█▄▄▄▄▄▄▄█▄▄▄██▄▄▄▄▄▄██████▄████▄▄▄▄▄▄▄█▄██▄▄▄█▄███▄██▄██▄██

Scan this QR code:
▄▄▄▄▄▄▄▄▄▄▄▄▄▄▄▄▄▄▄▄▄▄▄▄▄▄▄▄▄▄▄▄▄▄▄▄▄▄▄▄▄▄▄▄▄▄▄▄▄▄▄▄▄▄▄▄▄▄▄
█ ▄▄▄▄▄ █▀ █▀  ▀██▄▀ █▀▄  ▄█▄▄▄▄ ▀▀███▄▀▄ ▄▄▀▄▄▄ ██ ▄▄▄▄▄ █
█ █   █ █▀  ▀▄ ██▄▀ ██▄▄  ▀█▄█ ▄▄▄█ ▀ █▀▄▄▄  █ ▄ ██ █   █ █
█ █▄▄▄█ █▀▀█▀██▀▄█▄█▄ ▄█▀ █ ▄▄▄ █▄▀██▀▄▀ ▀▄▄  ▀▀▄██ █▄▄▄█ █
█▄▄▄▄▄▄▄█▄▀▄▀ ▀ ▀▄▀ ▀ ▀ █ █ █▄█ ▀▄█ ▀▄█ █ █▄▀ ▀ ▀▄█▄▄▄▄▄▄▄█
█  ▄ ▄▀▄  █ █  ▀ ▄▀▄ █▀▀▄▀▄     ▀█▀█▀  █▀█   █▄▄▀▀▄█ ▀▄▀▄▀█
█  ▀█▄ ▄▀ ▄ ▀█▄ ▄ ▀ ▀▀▀ █ ▀█▄  █▀▀▄██▀▀ ▀▀▄▀▀▀ █▄▄▄▄▄ ▀▀ ██
█▀▀ █▄▀▄█▄█▀  ▄▄▄█▀ ▄▄▀▄    ▀▀▀██▀▄▄  ▀█▀█ ▀█▀█▄ ▀▀▄▀▀█▄███
██ ▀█▄▄▄ ▄ ▄▄▀▀█ ▄▄▄▀█▀▀▄ ▀█▀█▀ ██ ▄▄█ █ ▄▀▄██▄▀█▀▀█ ▄   ██
██▀▀▄  ▄   ▄█▄▄█▄▄▀▄▀▄██▀▀█▀▀   ▄▀▀█▄▄▀████▀ ███ ▀███▀▀▀▀ █
█ ▄▀▀▄▄▄██▀▀▀▄▀█▄▄ ▄  ▄▀▀▀ ▄▀ ▀▄█ ▀  ▄▀  █▄██▄▄▀▀ ▄ ▄▀▀▀▄██
█▀▄ ▀▄ ▄ ▀▀██ ▀█▄▀▄▄▄█▀█▀▄▀ ▀▀▀  █▄██ ▀█▀▀▀ ▄▀▄█▄▀ █▄▀█  ▀█
██▄██▄▄▄█▄ ▀▄  █▄ ▄ ▄█  ▀█▀ █▀█▄▄▄▄ ▄ █ ▄▄█▀█▄▄▀▄▀ █ ▀▀▀▀██
██ ▄  ▀▄███▀▀▄▄█▄█  █▄██  ▀█▀▀█▀▄ ▄ ▄▄▀▄▀██▀▄█▄█▀  ▄███ ▄▄█
██ ▀▀ ▄▄▄ ██▀ ▀▄█▄▄█ ▀▄█  ▄ ▄▄▄   ▄▀▄▀█▄▀▀▄▀▄█  ▄ ▄▄▄ ▀  ▀█
█▀▄▀▄ █▄█ ▄▄▄▄█ ▀▄▄▀ █▄█▀ ▀ █▄█ ▄██▄   ███ ▀ ▀██  █▄█ ▄▄▄ █
█▀▄▀ ▄▄▄  ▄█  █▀▀▄█ █▄ ▄ ▀█▄▄▄▄▄█▄▄▀▀█▄ ▄▄██▀▀▀▀▄▄ ▄ ▄ ▀ ▀█
█ ▀▀▀██▄ █▄▀█▄ ███▄▄▀█▀▀▄▀▄▀█▄▀  █▀█▀▄ ██▀   █▄▄█▀▀ ▄▄ ▀▀▄█
██▄▄▀█▄▄█▀ ▄▄ ▄ ▄▄▀ ████▄▄▄▄▀▄▀ ██▄▄▀▄ ▀▀▀▀▄  █▄▀▄ █▀▀   ▀█
█▀█ █▀▄▄  ▄▄▄ ▄ ▀█▄▄▀▀▀█▄ █▄▀█ ▀ ███▀▄ ▄▀█▀ ▄▀█▄▀█ ███▀▄█ █
██▀█▀█▀▄▄▀ ▄▄▀▀█▀█▀▄▀  ▀▄ █ ▀█ ▄▀▄ ██ ▄██▀█▀▀▄▄▄▀▄▄▀ ▀▀▀▄▄█
█▄▄▄▄ █▄█ ██▄▄▄▀▀▄  ▄▄▀▀▀▀█▀█▄ ▄▀█▀█▄ ▀▄▄█▀ ▄█ ██▄██▄▄  █▀█
█ ▀▄█▄▄▄█▀ █▀██▀██▀ ▄ ▀ ▀ ▀▀ ▀  ██▀▀▀▀▄▄▄█▄█ ▀▄▄█▄▄▀▄█▄ ▀██
█ ▄▄▄ ▀▄█▄▀ ▄ ▀███▀ ▄▄▀▄  ▄▀██ █ █▄█▄▄▀▄██▀ ▀█▄▄█▄▄▀▀▄ ▀█▀█
█ ▀ ▀▀▄▄▄ ▀█ ▄█▀ ▀▄▄█▄▄▀██▄▄ ▀▀▄▀ █   ▄▄▄ ▀▄█▄▄█▀▄▀▀ ▄   ▀█
███████▄█ ▀ ▀▀ ▀▄▄ ▄▄▄ ▀▀▀▄ ▄▄▄  ▀▄█▄▄▀███  ▄▀▄██ ▄▄▄ █▄█ █
█ ▄▄▄▄▄ █▄▄ ▄██ ██ ▀  ██▄██ █▄█ ▀▀▀▄▄ ▄▀█▀█▀▀▀ ▄▀ █▄█ ▀▀▄██
█ █   █ █ █▀▄▀█ ▄▀▀▄▄██▀▀▄   ▄ ▄███▄▄▄▄█▀▀  ▄███▄  ▄ ▄█ ███
█ █▄▄▄█ █ ▄▄█▀▀▀▄ ▀▄▄█ ▄▀██ ▀▀▀██▄█▀▀  ▄▄▀▄▀▀   ▄  ▄▀█  ███
█▄▄▄▄▄▄▄█▄██▄█▄███▄▄█▄██▄▄▄█▄██▄▄▄▄▄▄▄█▄▄██▄███▄▄▄▄█▄█▄█▄██

Scan this QR code:
▄▄▄▄▄▄▄▄▄▄▄▄▄▄▄▄▄▄▄▄▄▄▄▄▄▄▄▄▄▄▄▄▄▄▄▄▄▄▄▄▄▄▄▄▄▄▄▄▄▄▄▄▄▄▄▄▄▄▄
█ ▄▄▄▄▄ █▄▀▄ ▄▄▄▄█▀█ ▀ █   ▀▀▀▄ ▄▄▀▀▄█▄█▄▀ ▄▀▀ ▄ ██ ▄▄▄▄▄ █
█ █   █ █ █▀██ ████ ▄███ ▀ █ █▄▀▀█▄▀▄ ▄▀▄█▀█ ▄▀▄ ██ █   █ █
█ █▄▄▄█ █▄██▀▄▄█▀▀▄  ▀▄  █▀ ▄▄▄   ▀█▀▄   ▄ ▀▄█▄▀▄██ █▄▄▄█ █
█▄▄▄▄▄▄▄█▄█ ▀▄█ █▄█▄▀▄▀ ▀▄█ █▄█ ▀ ▀ █ █ ▀ █▄▀▄▀▄█ █▄▄▄▄▄▄▄█
█ ▄  ▀▀▄▀▄▄▀▀▀▀█████▀█ ▄  █ ▄▄   █ ▄▀▀▀█ ▄▄ ▄███▀  ██ ▄ ▀ █
█ █ ▄██▄▄ ▄▄▀▀ ▀▀  ██ ▄▄ ▄▄█▄▀  █ ▀▀▄▀█▄█ ▀▄█▀█▄▄  ▄ ▀ ▄  █
██▄▀ ▀▀▄▄▄ ▄▄▀▄ ▀▄█▄▀▀█▄▄▄▄ ▀██▀█████ ▀▀█▀▄█▀█▄██▄ ▀▀█▀ ▀██
█▀▀ ▀  ▄██▄▀  ▄███▀█ ▄  ▄█ █▀██▀▄▀▄█ ████ ▄▀▀██▀ ▀█▀█▀█▀▄██
█  █▀▀ ▄▀ ▄ ▀█    ████▄█ ▄█▄▄▄▀▄▀▄▄  ▀██ ▀▀▄▄▄▀  ▄█▄▄▀ ▄▀▄█
██▀▀ ▄▀▄ ██▀▀▀▀▀ ▀█▀▀ ▄█▀▄▄ █ ██▀▄█▄▀ ▀▀▄▀ ▄ █  ▄▄██▄ ██▄▀█
██▀▄▄ ▀▄▀▀ █▀  ██ ▄▀██ ▄▀█▀ ▄ █ ▄█▀█ ▀▀██ ▀  █▀▄▄  █ ▄██▀▀█
█▄█▀▀█▀▄▀▄▄▄█▀█▄▀▄   ▄    █▀▀▄▀▄▀█ ▄ █▄█▀█ █ ▄▄▄▀▄▀ ▀  ▄█▄█
█ ▀▀██ ▄██▄█▀██▀ ▄ ▄█ ███▄▀▀█▀▄█▄▄  ▄ ▀▀▀▀▄█ ▀▀▄▄█▄▀█▀▀█▄▄█
█ █▄▀ ▄▄▄ ▄ ▀█▀▄  ▄▄▀▀█▄█▀  ▄▄▄ ▀ ▀ ▄▄ ▄ ▀▄▄▀ █▀  ▄▄▄ █▀▀██
█ ▄▀  █▄█    ▀██  █▄█▄▀▀ ▄█ █▄█   █▀▀▀██▄▀▄▄▀▄▄ ▄ █▄█ █ ▄▄█
█▄▀▄█▄ ▄▄▄▀▀▄██ ▄  ▄██▄▄  ▀ ▄ ▄▄▀ ▀ █ ▀ ▀▀▄█▀▄█▄▀ ▄▄▄▄ █▄▀█
█▄ ▀   ▄█▄▀ ▄█ ██▄▄▀▀▄ ▄▄ █▄▄▄▀▀▀█ ▄█▀███   ▀▀▄▄█▄ ███ ▄█▀█
█▀██ ▄▄▄▄ █▄ ▀ ▄█▄ ███▄▄ ▀██▀▀ ██▄█ █▄ ▀█ █  ▄ ▀ ▄▄▄   ▄  █
█▄ ▄█▀ ▄ █▄█▄▀ ▀███ ▀███ ▄████ █▄▀ █▄▄█▀▀▀██ ██▄██ ██▄ ▀███
█▄█▄▀▀ ▄ ▀█▀▀▀   ▄ ▀   █▄▀█  ▄▀█▀▄▀██ ▄▄▀ ▀ ▄█▄▀ ▄▀█ ▄█ █▄█
█▀█▄▄▀ ▄▄██▀ ▀▄ ▀  ▀ █ ▀█▄▀ ▀  ▄█▄▄▀▀█▄█▄▀▀▄▄▄  ▄▀ █▀ █▄█▄█
█▀█ ▄█▀▄█▀▄█  ▀█ ██▄ ██ ██▀██▀▄ ▀▀██▀▄  █▄ ▄█▄ █▀▀ ▀█▄ ▄▄██
█  █ ▄ ▄█  ▄▄▀ ▄▄█▀▀▀▄ █▀▀█▀▄▄ ▀▀█▄█▄█▀▄    ▀▀██▀ ▀  █  ▄ █
█ ▀ ▀▀▄▄ ▀  ▄▀█ ▄▀▄▀ ▀ █▄▄▄█▄██▀  ▀█▄▄▄▄█▀▄▄▀▀▄▀   ▄▀ ██ ▄█
███████▄▄▀▀ █▀ █▀▄  ▀ █▀█▄▀ ▄▄▄  █ █▄▄ ▀█▀▀█ ▀▀██ ▄▄▄ ▄█▀▀█
█ ▄▄▄▄▄ ███▄▀▀█▄█▄██ ▄ ▀███ █▄█ █▀ █▄  ▀▄ ▄▄ ▀▄██ █▄█  ▀▀▀█
█ █   █ █▀▄ ▄▄█ ▀█▀█ ▄██ ▀█ ▄▄     ▀██▄█▀▀▄▄▀  ▀█ ▄▄ ▄▄▄ ▄█
█ █▄▄▄█ █ ▀   ▀▀  ▀ ▄▀███▀█▀▀▀█▀█   ▄ ▀▀▄▄ █▄█ ▄▀▄▀ ▄▀▄▄█▀█
█▄▄▄▄▄▄▄█▄▄▄▄▄█▄██▄█▄█▄▄█▄███▄███▄██▄█▄▄▄▄▄████▄█▄██▄▄█▄███

Scan this QR code:
▄▄▄▄▄▄▄▄▄▄▄▄▄▄▄▄▄▄▄▄▄▄▄▄▄▄▄▄▄▄▄▄▄▄▄▄▄▄▄▄▄▄▄▄▄▄▄▄▄▄▄▄▄▄▄▄▄▄▄
█ ▄▄▄▄▄ █▀ █▀ ▀▀▀▀█▀▄█▀▄█ ▄█▄▄▄▄ ▀▀▀▀▀▀▀█▄  ▄▀▄▄ ██ ▄▄▄▄▄ █
█ █   █ █▀  █  ███▀ █▄▄▄  ▀█▄█ ▄▀▄█ ▄▀█▀▀▄▄  ▄ ▄ ██ █   █ █
█ █▄▄▄█ █▀▀█ ██▀▄█▄█▄ ▄█▀ █ ▄▄▄ ▀█▀█▄ ▄▀ █▄▄ █▀▀▄██ █▄▄▄█ █
█▄▄▄▄▄▄▄█▄▀▄█▄▀ ▀▄▀ ▀ ▀ █ █ █▄█ ▀▄█ ▀▄█ █ █▄▀ ▀ ▀▄█▄▄▄▄▄▄▄█
█  ▄ ▄▀▄▄ ▀ ▀▄ ▀ ▄▀▄ █▀▀▄▀▄▄    ▀█▀█▀  █▀█   █▄▄ ▀ █▄▀▄▀▄▀█
█  ▀█▄▀▄██ █▀▀▄ ▄ ▀ ▀▀▀ █ ▀█▄▄ █▀▀ ██▀▀▄▀▀ ▀▀▀ ██ ▄▄▄█▀▀ ██
█▀▀ █▄▀▄▀█▄█  ▄▄▄█▀ ▄▄▀▄    █▀▀██▀▀█   █▀█ ▀█▀▄█ ▀▀▄█▀▀ ███
█  ▀▀▄▄▄▀▄ ▄▄▀▀█ ▄ ▀▀█ █▄ ▀█ █▀▄███▄ ██▄▄ █ █▀ █ █▀█ ▄ ▀ ██
█▀▀▀   ▄   ▄█▄▄█▄▄▀▄▄▄▀█▀ █▀▀  ▀▄▀▀▄  ██▄▀   █▄▄ ▀███▀ ▀█▄█
█▀██▀  ▄██▀▀▀▄▀█▄  ▄ ▄▄▀▄  ▄▀ ▀▄▀ ▀ ▄▀  ▄██▄ ▀█ ▀ ▄▄▄▀▀▀ ██
██▄ ▀█ ▄ ▀▀█ ▄▀█▄▀▄▄▄█▀█▀▄▀ ▀▀▀ ██▄█▄▄▀██▀▀ ▄█▄█▄▀ █▄▀█ ▀▀█
██▄██▀█▄▀▄▀▀ ▀▀▄▄ ▄ ▄█  ▀█▀ █▀█▄▄▄▄ ▄ █ ███▀█▄▄▀▄▀▄▄ ▀▀▀▀██
██ ▄ ▀ ▄█▄▀▄▄▀▀▄▄█  █▄██  ▀█▀▀█▀▄ ▄ ▄▄▀▄▀██▀▄█▄█   ▄███ ▄▄█
██ ▀▀ ▄▄▄ ▄ █ ▄██▄▄█ ▀▄█  █ ▄▄▄    █▄▀█ ▀▀ █▄█▄▄  ▄▄▄ ▀  ▀█
█▀▄▄  █▄█ ▀█▄▄█ ▀▄▄▀ █▄█▀ ▀ █▄█ ▄██▄  ▄███▀  ▀ ██ █▄█   ▄ █
█▀▄█▀▄▄▄▄▄▄█  █▀▀▄█▄█▄   ▀▄▄▄▄▄▄█▄█ █▀▄ ▄ ▄█▀▀▀ █▄▄▄  ▀  ▀█
█▀ ▀ ██▄  ▄▀█▄ █▄█ ▄▀▄▀▀▀▀▄▀█▄▀  █▀█ ▄▀█▄██ ▄█▄█▀ ▀  ▄▀ ▀▄█
█▀ ▀▀█▄▄ █ ▄▄ ▄ █▄▀ █▄███▀▄▄█▄▀ █▀▄▄▄▀▀ █▀ █▄▄▄▄ ▄ █▄▄   ▀█
██▀ █▀▄▄  ▄▄ ▄▄ ▀█▄▄▀▀▀█▄ █▄▀█ ▄▄███▄▄ ▄▄█▀  ▀█▄▀█ ███▀▄█▀█
██▀█▀█▀▄▄▀██▀▀ █▀█▀▄▀  ▀▄ █ ▀█▄  █ █▄▀▄█▄▀█▀ ▄▄▄▀▄▄▀ ▀▀▀▄▄█
█▄▄▄▄▀▀▄█ ▀ ▀█▄█▀▄  ▄▄▀▀▀▀█▀█▄ ▄▀█▀█▄ ▀▄▄█▀ ▄█ ██▄▀█▄▄  █▀█
█ ▀▄█ ▀▄█▀█▀ █▄ ██▀ ▄ ▀ ▀ █▀ ▀  ██▀▀▀▀ ▄▄█ ▀ ▀ ▄██ █▄█ ▀▀██
█ ▄▄  ▄▄▄█▀█▄ ▄▄██▀ ▄▄▀▄  ▄▄██ █ ███▄▄█▄███ ▀█▀▄█▄█▀█▄█▀█▀█
█ ▀ ▀▀▄▄▀▀▀█ ▄█▀ ▀▄▄█▄█▀██▄▄ ▀▀▄▀ ▄ ▄▄▄▄▄▄ ▀█ ▄ ▀▄▄▀ ▄▀▀ ▀█
███████▄█▀▀ ▀▀ ▀▀▄▀▄▀▄▀█▄▀▄ ▄▄▄  ▀▄█▀▄ ▄█▀▀  ████ ▄▄▄ █▄▀ █
█ ▄▄▄▄▄ █▄▄ ▄██ █▄ ▀█ ██▄▄█ █▄█ ▀▀▀▄▄ ▄▀ ▀▄▀▄  █  █▄█ ▀▀█▀█
█ █   █ █ █▀▀▀█ ▄▀▀▄▄██▀▀▄  ▄  ▄ ██▄▄ ▄███  ▀▀███  ▄▄▄█ ███
█ █▄▄▄█ █ ▀▄▀ █▄▄ ▀▄▄█ ▄▀██ ▀▀▀██▄█▀▀▀ ▄█▀▄▀▀   ▄  ▄██  ███
█▄▄▄▄▄▄▄█▄█▄▄▄▄▄██▄▄█▄██▄▄▄█▄▄█▄▄▄▄▄▄▄█▄▄██▄███▄▄▄▄███▄█▄██

❌ Bot disconnected (408), reconnecting in 5s...
❌ Bot disconnected (408), reconnecting in 5s...
Scan this QR code:
▄▄▄▄▄▄▄▄▄▄▄▄▄▄▄▄▄▄▄▄▄▄▄▄▄▄▄▄▄▄▄▄▄▄▄▄▄▄▄▄▄▄▄▄▄▄▄▄▄▄▄▄▄▄▄▄▄▄▄
█ ▄▄▄▄▄ █▀ █▀   ▄▀▄  ▀ █ ▄▄█▄▄▄▄ ▀▀▀█▄ ▀▀▄▄ ▀▀▄▄ ██ ▄▄▄▄▄ █
█ █   █ █▀  █▄ █▄▄▀ ██▄▄ ▀▀█▄█ ▄ ▄█ ▀ █▀▄█▄ ▀█ ▄ ██ █   █ █
█ █▄▄▄█ █▀█▀▀▄█▀▄█▄█▄ ▄█▀ █ ▄▄▄ ▀█▀█▀▄▄▀▀ ▄▄▀▄▀▀▄██ █▄▄▄█ █
█▄▄▄▄▄▄▄█▄█▄▀ ▀ ▀▄▀ ▀ ▀ █ █ █▄█ ▀▄█ ▀▄█ █ █▄▀ ▀ ▀▄█▄▄▄▄▄▄▄█
█  ▄  ▀▄▄▄▀█   ▀ ▄▀▄ █▀▀▄▀▄▄    ▀█▀█▀  █▀█   █▄▄ ▀ █ ▀▄▀▄▀█
█  ▀█▄ ▄ ██ ▄▀▄ ▄ ▀ ▀▀▀ █ ▄▄▄  █▀▀▄██▀█ ▀▀ █▀▀▄▀▀ █▄ ▀▀▀ ██
█▀▀▄▀▄▀▄▄▀▄▄  ▄▄▄█▀ ▄▄▀▄    ▀█▀██▀▄▄  ▀▄▀█  █▀▄█▀▀▀▄▀▀█▄███
█ ███▄▄▄ ▄ ▄▄▀▀█ ▄ ▄▀███▄ ▀█▀██▄██  ▄█▀▄ ▄████▀█▀ ▀█▀▄▀▀ ██
█ █▀   ▄   ▄█▄▄█ ▄▄▄▄▄▀▀█▀█▀▀ ▀ ▄▀▀▄▄ █▄▀█ ▀▄▀█▄ ▀███▀ ▀▀▄█
█▀▄▀▀  ▄██▀▀▀▄▀█   ▄▀█▄▀▄▄ ▄▀  █▀ ▀ ▄     ▄█ ██▀▀ ▄ ▄▀▀▀▄██
█▀▄ ▀▄█▄ ▀▀█▄ ▀█▄▀▄▄▄█▀█▀▄▀ ▀▀▀ ▄▀▄█▄▄▀█▀▀▀  █▄█▄▀▀▄▄▀█  ▀█
██▄██▄█▄█▄█▄▄▀ ▄▄ ▄ ▄█  ▀█▀ █▀█▄▄█▄ █▀█ ███▀█▄▄▀▄▀▀▄▄█▀▀▀██
██ ▄ ▄ ▄▀ ██ █▄ ▄█  █▄██  ▀█▀▀█▀▄ ▄ ▄▄▀▄▀██▀▄█▄█▀▀ █▀▀█ ▄▄█
██ ▀▀ ▄▄▄   ▀▄ ██▄▄█ ▀▄█    ▄▄▄   ▄▀▄▀█▄▀▀ █▄█ ▄▀ ▄▄▄ ▀  ▀█
█▀▄▄▄ █▄█ ▄█▄▄▄ ▀▄▄▀ █▄█▀ ▀ █▄█ ▄█▀█  ▀▄██▀  ▀▄▄  █▄█ ▄▀▄ █
██▄▀▀  ▄▄▄▄█  █▀▀▄▄ █▄ ▄ ▀▄ ▄▄▄▄█▄█ ██▄   ██▀▀▀   ▄▄▄▄▀▀ ▀█
█▄█▀▀██▄█ ▄▀█▄ ███ ▄▀█ ▀▀▀▄▀▀▄▀  █▀█  ▀██▀▀▀ ▀▄▄▀█▀ ▄▄▀▀▀ █
█▀██ █▄▄▀  ▄▄ ▄ ▄▄▀ ▀███  ▄▄ ▀▀ ▀█▄▄▀▀▀▀ █▀█▀█▄█ ▄ █▀█   ▀█
█▀▄ █▀▄▄  ▄▄▀▀▄ ▀█▄▄▀▀▀█▄ █▄▀█▀ ▄███▄▄ ▄██▀ ▄██▄▀█ ███▀▄▄ █
██▀█▀█▀▄▄▀▄   ▀ ▀█▀▄▀  ▀▄ █ ▀█▄  █ █▄ ▄█▄▀█▀ █▄▄▀▄▄▀ ▀▀▀▄▄█
█▄▄▄▄  ▄█ █▀  █ ▀▄  ▄▄▀▀▀▀█▀█▄ ▄▀█▀█▄ ▀▄▄█▀ ▄█ ██▄▄ ▄▄  █▀█
█ ▀▄█▄█▄█▀ ▀██▄▄██▀ ▄ ▀ ▀ ▀▀ ▀  ████▀▀▄ ▄█▄█ ▀▄▄█▄ ▀▄█  ▀██
█ ▄█▄▀▄▄█▄▀▀▄   ██▀ ▄▄▀▄  █▀██ █ ██▄▄▄▀███▀▀▀██▄█▀▄██████▀█
█ ▀ ▀▀▄▄██▀█ ▄█▀ ▀  █▄█ ██▄█ ▀▀▄▀ ▄▀▄ ▀   ▀█▀▄██  ▀▀ ▄▄  ▀█
███████▄█ ▀ ▀▀ ▀▄█▄  █▄▀ ▀▄ ▄▄▄  ▀▄█▄▄▀▄█▀▄▀ ▀█▄▀ ▄▄▄ ▄██▄█
█ ▄▄▄▄▄ █▄▄ ▄██ █  ▀▀▄██▄██ █▄█ ██▀▄ ██  █▄▀ ▄ █  █▄█ ▀▀▄██
█ █   █ █ █▀▀▀█ ▄▀▀▄▄██▀▀▄  ▄▄ ▄▄▀█▄▄ ▄██▀   ▀███  ▄ ▄█ █▄█
█ █▄▄▄█ █ ▄▀▄█ █▄ ▀▄▄█ ▄▀██ ██▀█▄▄█▀   ▄█ ▄▀ ▀  ▄  ▄█▀  ███
█▄▄▄▄▄▄▄█▄▄▄▄▄▄███▄▄█▄██▄▄▄█▄██▄▄▄▄▄▄▄█▄▄██▄███▄▄▄▄█▄▄▄█▄██

Scan this QR code:
▄▄▄▄▄▄▄▄▄▄▄▄▄▄▄▄▄▄▄▄▄▄▄▄▄▄▄▄▄▄▄▄▄▄▄▄▄▄▄▄▄▄▄▄▄▄▄▄▄▄▄▄▄▄▄▄▄▄▄
█ ▄▄▄▄▄ █▀█▄▄ ▄ ▄█▄▀█▀▄▄▄▄ ██▀ ▄▄ ▄▀▀ ▀▀█ ▄ ▀█▄▄ ██ ▄▄▄▄▄ █
█ █   █ █▀▄ ▀ ▀█▄▄█▀▄█▄▄▀ ▀█▀▄▄  ▄█ ▀▀█▀█▄▀▄▀▄ ▄ ██ █   █ █
█ █▄▄▄█ █▀ ██▀ ▄▄███▄ ▀▄▀ █ ▄▄▄ ▄▄▄▀▄█▄▀█▀▀▄██▀▀▄██ █▄▄▄█ █
█▄▄▄▄▄▄▄█▄▀ █ █▄▀▄▀ ▀ █ █ █ █▄█ ▀▄█ ▀▄█▄█ ▀ ▀ █▄▀▄█▄▄▄▄▄▄▄█
█ ▄  ▄█▄  ▄ ▄▀ █▄▄█▄ █▀█ ▀  ▄▄  ▀█▀█▀  █▀█▄▀██▄▄█▀ █ ▀▄▀ ▀█
██▀▀▀ ▄▄▀█▄ ▄▄▄ ▄▄▀ ▀▀▀ ▀▀ ▄▀▀▀█▀▀▄▀█▄██ ▄▄█▀ ▄▄█ ▄█▄ ▀▀▄▀█
█▀▄█ ▀█▄█ █▀ █▄▄█▄▀ ▀█▀▄  ██▄▀▀██▀ █▀▄▀▄▀▀ ▀▀▀█▄ ▀ █ █▀ ▀▀█
███▄█▀ ▄█▄█  ▀██▄▄▀ ▀▄▄ ▄▄▀█▀▄█ █▀█▄  ▄▄ █▄▀ ▀▄  ▄▄▀█▀█ ███
█▀▀█▀█▀▄█▀▀▄  ▄▀▄█   █▀█▄▀▀█▀ ▀▀██ █▄▄ ▄█▀ ▀▀██▄▀▀▀█▀█ ▀▀▀█
█ ▀█▀ █▄ ▀▀▀██▀█▀█▀██▀ █▀█▄▄▀ ▀ ▀▄▀▄█▄▀█▀█▄ ▀▀▄▀  ██  ▀▀ ██
█▄█▄█ █▄ ▀▀▄██▀█▄▀▄ ▄█▀█▀▄  █▀█▀ █ ▄█▄ ███▀▀ ▀ █▄▀▀▄▀██▄ ▀█
█▀▀ ▄▄█▄▀██  █▄▀▄ ▀█▄██▄▀█▀ ▄  ▀███ ▀  ▄▄▀▀ ▄█▀  ▀▄▄ ▄▀▀▀██
█▄▀█▀▄▀▄▀ ▀ ▄█▀ ▄▄▄ █▄▀█▀ █▀▀▀ ▀▄ ▄  ▄▀██▀ ▀ ██▄▄▀ ▄█▀█▀▄ █
█▀▄▄  ▄▄▄ ▀█ ▀██▀▀▄█ ▀▄██ █ ▄▄▄    █▄██ ▀ ▄▀  ▄▄█ ▄▄▄ ▀  ██
██  ▄ █▄█ █ ▀▄█▀█▄▄▀▀█▄█▀▀█ █▄█ ▄▀█▄ ▄██▀█  █████ █▄█ █▀ ██
█▄ ▄▀▄▄▄▄ █▀ ▀█▄  ▄ █▀█▄▄▄      ▀▄█▀▀ ▄ ▀██▄▀ ▄█▀▄ ▄ ▄▀ ▄██
██▄█▀▀ ▄▀▀ ▀▄▄▀██▄▀▄ █▀█▀ ▄▄▄█▀  █▀█▄▄▀▄▀█  ██ █▀█▀██▄▀▄▄██
█▄█▄▄ █▄ ▀  ▀▄▄█▀▄▀ ▀▄▀  █▀▄ ▄▀ ▀▀ ▄ ▄▄▀█▀▄▄ ▀█▄ ▀ █ ▄▀▀ ██
█▀▄ ▀▀▄▄ ▀ █   █▀█▀▄▀▀▀█▄ █▀▀█ ▄▀█▄█  ██▄█▀▀▀▀▀▄▀▀ ▀▀▄▄█▄ █
██▄▄   ▄▀▀▄▄▄▀██▀█  ▀ ▀▄▄ ▄ ▀█ ▄▀▄ ▄▄ █▄ ▀▀▀▄██  █ █▀██▀▄▄█
█▄▀█▀▄ ▄ ▄  ▀  ▄▄▄▀▄▄▄██▄▀█▀▄▄▀▀▀█▀█   ▄▀█ ▀ ██▄█▄ █▄▄▄▀▀██
███▄ ▀ ▄██▄▀▄█▄ ▄█▀  ▀▀ ▀▀█▀▀▀ ▄▀████ ▄▄▀▄▄▄█ ▄▀▀█▄▀▀▄█▀▄▀█
█▀▀▄▀▄ ▄▄▀▄▀▄ ▀▄█▄▀  ▄▀▄▀ ████   █ ▄▄▄▄█▀▀▄▀ ▀▀▄▀ ▄██▄ ▀█ █
█ ▀ ▀▀▄▄▀██▄█▄▀▀▀█▀ ▄ ▄ █▀▀ ▀▀▄▄▄▀█ ▀▀▄▄▄▀▄▀▀▄█▄▀ ▄█▀█▀ ▄██
███████▄█ █ ▀█ ▀██ ▄▀▄▀█▀▀▀ ▄▄▄  ▀▄█▄▄ █▄▀▄▀ ▀█▄▀ ▄▄▄ ▀▀█▀█
█ ▄▄▄▄▄ █▄▄█▀ ▄▄▄▄█▄█▀▀  ▀▄ █▄█  ▀▀▄    ▄ ██ ▀███ █▄█   ▄██
█ █   █ █ ▀▄▄▄▀▀▄▀  ▄█ ▀▀▄▀ ▄▄ ▄▀███▄▄ ▄ ▀█▀▄▀██▄▄ ▄▄▄█▀█▄█
█ █▄▄▄█ █ ▄▄▄▀ ▀▄ █▄▄█▀█▀█████▀██▄▄  ▄▀█ █▄▀▄▀▄▄█ ▀▄▀▀  ███
█▄▄▄▄▄▄▄█▄█▄▄▄▄█▄▄▄▄██████▄████▄▄▄▄▄▄▄█▄██▄▄▄█▄███▄█████▄██

Scan this QR code:
▄▄▄▄▄▄▄▄▄▄▄▄▄▄▄▄▄▄▄▄▄▄▄▄▄▄▄▄▄▄▄▄▄▄▄▄▄▄▄▄▄▄▄▄▄▄▄▄▄▄▄▄▄▄▄▄▄▄▄
█ ▄▄▄▄▄ █▀ █▀ ▀▀██▄▀ █ ▄▄▄▄█▄▄▄▄ ▀▀▀▀ ▄█▄█  ▄▀▄▄ ██ ▄▄▄▄▄ █
█ █   █ █▀  ▀  █▄█▀ █▄▄▄▀ ▀█▄█ ▄▀▄█   █▀▀▄▄ ▀▄ ▄ ██ █   █ █
█ █▄▄▄█ █▀█▀█▀█▀▄█▄█▄ ▄█▀ █ ▄▄▄ █▄▀███▄▀█ ▄▄▄▀▀▀▄██ █▄▄▄█ █
█▄▄▄▄▄▄▄█▄▀ ▀ ▀ ▀▄▀ ▀ ▀ █ █ █▄█ ▀▄█ ▀▄█ █ █▄▀ ▀ ▀▄█▄▄▄▄▄▄▄█
█  ▄  ▀▄▄▄█▄▄▄ ▀ ▄▀▄ █▀▀▄▀▄▄    ▀█▀█▀  █▀█   █▄▄▀▀ █▄▀▄▀▄▀█
█  ▀██ ▄▀▄▀▀▄▄▄ ▄ ▀ ▀▀▀ █  █▄  █▀▀▄██▀█▄▀▀ █▀▀ █  ▄▄▀█▀▀ ██
█▀▀▄█▄▀▄█▄▀   ▄▄▄█▀ ▄▄▀▄   ▀▄█▀██▀▄▄   █▀█▄ █▀██  ▀▄███ ███
█▄▀ ▄▄▄▄ █ ▄▄▀▀█ ▄█▄▀█▀ ▄ ▀█ ██ ██ █ ▀▀▄▄▄▄▀██▄▄█▄▀█▀█   ██
█▀ ██  ▄   ▄█▄▄███▄  ▄██  █▀▀ ▀▀▄▀▀▄▄▄▀███▀ ▄██▄ ▀███▀▀▀█▄█
██▀▀█  ▄██▀▀▀▄▀█ █ ▄█▄▄▀▄█ ▄▀  █▀ ▀ ▀▄▀▀  ▄▄███▀▀   ▄▀▀▀ ██
█▄▀ ▀ ▄▄ ▀▀█▄▄▀█▄▀▄▄▄█▀█▀▄▀ ▀▀▀ ▀█▄█▄ ▀███▀  ▀▄█▄▀▀▄▄▀█   █
██▄████▄▀ ▀  █▄▀▄ ▄ ▄█  ▀█▀ █▀█▄▄▄▄ ▄ █ █▄█▀▄█▄▀▄▀██▄▀▀▀▀██
██ ▄ ▀█▄ ▀▀▀▀▄ ▄▄█  █▄██  ▀█▀▀█▀▄ ▄ ▄▄▀▄▀██▀▄█▄█  ▄██▀█ ▄▄█
██ ▀▀ ▄▄▄  ▄ ██ █▄▄█ ▀▄█    ▄▄▄    ▀▄▀▀ ▀▀▄▀▄█ ▄  ▄▄▄ ▀  ▀█
█▀▄█▄ █▄█   ▄▄▀ ▀▄▄▀ █▄█▀ ▀ █▄█ ▄██▄  ▀███ ▀ ▀▀▄█ █▄█ █▄▄ █
█▄▄█▀▄▄▄▄▄▄█  █▀▀▄▀▀█▄▄▄ ▀█▄▄▄▄▄█▄▄▀██    ██▀▀▀▄    ▄    ▀█
█  ▄███▄█▀▄▀█▄ ███  ▄▄▄▀▀▀▄▀██▀  █▀█ ▄ ▄█▀▀▀▄▀ ██▀▀ ██▀ █▄█
█▄ █▄█▄▄█▄ ▄▄ ▄ ▀▀▀ ▄▀██ ▀▄▄ ▀▀ ██▄▄█▀▀▀   ▄▀▀█▄ ▄ █ ▀   ▀█
███ █▀▄▄  ▄▄▀ ▄ ▀█▄▄▀▀▀█▄ █▄▀█▄▄ ███▄▄ ▄▀█▀  ██▄▀█ ███▀▄█▀█
██▀█▀█▀▄▄▀ █▄▄█▀▀█▀▄▀  ▀▄ █ ▀█▀▄▀█ ██ ▄█▄▀█▀▀█▄▄▀▄▄▀ ▀▀▀▄▄█
█▄▄▄▄▀█▄█ ▀▀█  ▄▀▄  ▄▄▀▀▀▀█▀█▄ ▄▀█▀█▄ ▀▄▄█▀ ▄█ ██▄ █▄▄  █▀█
█ ▀▄█▀▀▄█▀▀██▀▀▀██▀ ▄ ▀ ▀ ▀▀ ▀  ██▀█▀▀▄ ▄█ ▀ ▀  ▀▄▄█▄█ ▀▀██
█ ▄█▀▄ ▄▀█▀ ▄ ▄ ██▀ ▄▄▀▄  █ ██ █ █▀█▄▄ ███▀▀▀█▄██ ██▄█▀▄█▀█
█ ▀ ▀▀▄▄▄ ▀█ ▄█▀ ▀ ▄█▄█▀██▄▄ ▀▀▄▀ █ ▄▄▄▀ ▄█▀▀▄▀▀ ▀▄▀  ▀  ▀█
███████▄█▀▀ ▀▀ ▀█▄   █▀█▄▀▄ ▄▄▄  ▀▄██  ██▀▀  ▀▀██ ▄▄▄ ▄▄▀ █
█ ▄▄▄▄▄ █▄▄ ▄██ ▀▄ ▀█▀██ ▀█ █▄█ ▀▀▀▄ ██▀▄ █ ▀▄ ▄  █▄█ ▀▀ ██
█ █   █ █ █▀ ▀█ ▄▀▀▄▄██▀▀▄  ▄▄ ▄ ▀█▄█ ▄█▄▀  ▄▀███  ▄▄ █ ███
█ █▄▄▄█ █ █▄  ▄ ▄ ▀▄▄█ ▄▀██ ▀█▀████▀▀▀ ▄▄▀▄▀▀   ▄  ▄█▀  ███
█▄▄▄▄▄▄▄█▄▄█▄█████▄▄█▄██▄▄▄█▄██▄▄▄▄▄▄▄█▄▄██▄███▄▄▄▄██▄▄█▄██

Scan this QR code:
▄▄▄▄▄▄▄▄▄▄▄▄▄▄▄▄▄▄▄▄▄▄▄▄▄▄▄▄▄▄▄▄▄▄▄▄▄▄▄▄▄▄▄▄▄▄▄▄▄▄▄▄▄▄▄▄▄▄▄
█ ▄▄▄▄▄ █▀█▄▄ ▄  ▀█  ▀█▄ ▄ ██▀ ▄▄ ██ ▀ ███▄  ▄▄▄ ██ ▄▄▄▄▄ █
█ █   █ █▀▄ ▀▄▀████▀▄▄▄▄▀ ▀█▀▄▄ ▀██ ▀ █▀▄▄▀▄ █ ▄ ██ █   █ █
█ █▄▄▄█ █▀▄█ █ ▄▄███▄ ▀▄▀ █ ▄▄▄ ▄▀▄▀▄█▄▀▄█▀▄▀▀▀▀▄██ █▄▄▄█ █
█▄▄▄▄▄▄▄█▄█ █ █▄▀▄▀ ▀ █ █ █ █▄█ ▀▄█ ▀▄█▄█ ▀ ▀ █▄▀▄█▄▄▄▄▄▄▄█
█ ▄  ▄▀▄   ██  █▄▄█▄ █▀█ ▀ ▄▄▄  ▀█▀█▀  █▀█▄▀██▄▄▀▀▄█ ▀▄▀ ▀█
██▀▀▀ █▄▀▀▄   ▄ ▄▄▀ ▀▀▀ ▀▀▀█▀█▀█▀▀ ▀█▄▀█ ▄▄█▀ ▄  ██▄▄▀▀▀▄▀█
█▀▄▀ ▀█▄ ▄█  █▄▄█▄▀ ▀█▀▄  ▄█▀█▀██▀▄█▀▄▀▄▀▀  ▀▀█▄▀  █▀▀█▄▀▀█
█▀█▄█▀ ▄█▄█  ▀██▄▄  ▀▄ ▄▄▄▀█ ▄▀▄█▀ █ ▄█▄▄▀▀▀ █▄▀██▄▀▄ ▀▀███
█  ▀▄█▀▄█▀▀▄  ▄▀██▄ ▀██▀  ▀█▀ ▀▀██▀█▀ ▀▄▄▀█▀ ▀██▀▀▀█▀█ ▀█▀█
█ ▄▀▄▄█▄ ▀▀▀██▀█▀█▀█▄▄ █ ▀▄▄▀   ▀▄▀▄█▄ █▄ ▄▀▄▄█   █▀  ▀▀▄██
█ ▄▄█  ▄ ▀▀▄█▄▀█▄▀▄ ▄█▀█▀▄  █▀█▀ ▀ ▄█▄ █▀▀▀▀▄▀ █▄▀▀▄▀██▄▀▀█
█▀▀ ▄█ ▄██▄▀▄ ▄▄▄ ▀█▄██▄▀█▀ ▄  ▀▄▄█ ▀  ▄█▀▀ ██▀  ▀▀▀▄▄▀▀▀██
█▄▀█▀ ▀▄▄ ▀█▄▀██▄▄▄ █▄▀█▀ ▀█▀▀ ▀▄ ▄  ▄▀██▀ ▀ ██▄▀▀ ▄███▀▄ █
█▀▄▄  ▄▄▄ ██ █▄ ▀▀▄█ ▀▄██ ▄ ▄▄▄   ▄▀▄██ ▀ ▄▀   ▄▄ ▄▄▄ ▀  ██
██ █  █▄█ █ ▀▄ ▄█▄▄▀▀█▄█▀▀▀ █▄█ ▄▀ █ ▄ ▄▀█  ██ ▄█ █▄█ ▄▀ ██
█▀▄██▄▄▄  █▀ ▀█▄   ▀█▀ █▄▄▀     ▀▄█ ▀▄██▀▀▄██ ▀▄▀▄    ▀ ▄██
█   ▀▀ ▄ █ ▀▄▄▀█▀▄▄ ▀▄█▀▀ ▄▄█▄▀  █▀█ ▄ █▀▀▀ ▄█▄█▀▀▀██▄ █ ▀█
█▀▀▄▄ █▄▄   ▀▄▄█ ▀▀ ▀▄▀  █▀▄  ▀ ██ ▄█▄█▀▀███▀ █▄▀▀ █ ▀▀▀▀██
███ ▀▀▄▄ ▀ █ ▄ █▀█▀▄▀▀▀█▄ █▀▀█ ▄ ▀▄█▄ ████▀▀▄█▀▄▀▀ ▀▀▄▄██ █
██▄▄   ▄▀▀▀▀   ▄▀█  ▀ ▀▄▄ ▄ ▀█▄▄ █ ▄▄ █▄  ▀▀▄██  █ █▀██▀▄▄█
█▄▀█▀█ ▄ ▄ ██▀▄▄▄▄▀▄▄▄██▄▀█▀▄▄▀▀▀█▀█   ▄▀█ ▀ ██▄█▄▀▀▄▄▄█▀██
███▄ █ ▄██   ▄ ▀▄█▀  ▀▀ ▀▀▀▀▀▀ ▄▀█▀▀█ ▄▄▀▄▄ █  █▀█▄█▀▄  ▄▀█
█▀▀  ▀▀▄ █  ▄  ▄█▄▀  ▄▀▄▀ ▄███   █▄█▄▄ ▄▀▀ ▀ ▀ ██▀██▀▄█ █ █
█ ▀ ▀▀▄▄▀ █▄█▄▀▀▀█▀█▄  ▀█▀▀ ▀▀▄▄▄▀▄ ▀███▄▀▄▀█▄ ▄█▄▀▀ ▄  ▄██
███████▄▄▀█ ▀█ ▀▀▄▄  █▀▀▀ ▀ ▄▄▄  ▀▄█▄ ▀▄█▀  ▄▀███ ▄▄▄ ▀ ▀▀█
█ ▄▄▄▄▄ █▄▄█▀ ▄▄███▄█▀▀ ▀▀▄ █▄█ ▄▀▀▄█▀▀▀▄▄███▀▄▄█ █▄█   ▄██
█ █   █ █ ▀▄█ ▀▀▄▀  ▄█ ▀▀▄▀    ▄ ███ ▄ ▄███▀ ▀██▄▄ ▄▄ █▀▄██
█ █▄▄▄█ █  ▄██▀▄▄ █▄▄█▀█▀████▀▀██▄▄ ▀▄▀█ ▄▄▀█ ▄▄█ ▀▄ ▀  ███
█▄▄▄▄▄▄▄█▄▄▄▄█▄▄▄▄▄▄██████▄█▄▄█▄▄▄▄▄▄▄█▄██▄▄▄█▄███▄██▄██▄██

Scan this QR code:
▄▄▄▄▄▄▄▄▄▄▄▄▄▄▄▄▄▄▄▄▄▄▄▄▄▄▄▄▄▄▄▄▄▄▄▄▄▄▄▄▄▄▄▄▄▄▄▄▄▄▄▄▄▄▄▄▄▄▄
█ ▄▄▄▄▄ █▀ █▀ ▀ █▀▄▀▀▀▀▄  ▄█▄▄▄▄ ▀▀█▀▀▄█ ▀▄▄ ▄▄▄ ██ ▄▄▄▄▄ █
█ █   █ █▀  ▀  █▄▄▀ ▄▄▄▄ ▀▀█▄█ ▄ ▄█ ▀ █▀▄▄▄  █ ▄ ██ █   █ █
█ █▄▄▄█ █▀▀▀▄▀█▀▄█▄█▄ ▄█▀ █ ▄▄▄ █▄▀█▄█▄▀█ ▄▄█▄▀▀▄██ █▄▄▄█ █
█▄▄▄▄▄▄▄█▄█▄█ ▀ ▀▄▀ ▀ ▀ █ █ █▄█ ▀▄█ ▀▄█ █ █▄▀ ▀ ▀▄█▄▄▄▄▄▄▄█
█  ▄ ▄█▄▄ ▄  █ ▀ ▄▀▄ █▀▀▄▀▄     ▀█▀█▀  █▀█   █▄▄ ▀ █▄▀▄▀▄▀█
█  ▀██ ▄█▀▀█▄ ▄ ▄ ▀ ▀▀▀ █ ██   █▀▀▄▀█▀█ ▀▀ ▀▀▀ ▀ ▀██▀▄▀▀ ██
█▀▀▄▀▄▀▄▄▀▀   ▄▄▄█▀ ▄▄▀▄  ▀ ██▀██▀▄█   █▀█▄ █▀ █ ▀▀▄█▀█ ███
██▀▀▀▄▄▄ ▄ ▄▄▀▀█ ▄█ ▀█▀█▄ ▀█ ▄█▄██▄▄ █  ▄ ▄▀▀▀▀▄█ ▀█ █ ▀ ██
█████  ▄   ▄█▄▄█▄▄▄▄█▄█▀▀▀█▀▀ ▀ ▄▀▀█▀▄▀█ ▀ ▀ █▄█ ▀███▀▀ ▀ █
█ ▄ ▀▄ ▄██▀▀▀▄▀█▄▀ ▄█▄▄▀█▀ ▄▀ ▀██ ▀ █▄   ▀▄▄▀▀▄▀▀  ▄▄▀▀▀▄▀█
█▄  ▀▀▀▄ ▀▀█▄▄▀█▄▀▄▄▄█▀█▀▄▀ ▀▀▀ ▄▀▄██ ▀█▄█▀ ▀█▄█▄▀▀▄▄▀█ ▀ █
██▄██▀ ▄▀▄ █ █  ▄ ▄ ▄█  ▀█▀ █▀█▄▄▄▄ ▄ █ ▄▄█▀▄█▄▀▄▀ ▀ █▀▀▀██
██ ▄ ▄█▄▀▀▀▀█ ▀█▄█  █▄██  ▀▀▀▀█▀▄ ▄ ▄▄▀▄▀██▀▄█▄█▀ █▄▀██ ▄▄█
██ ▀▀ ▄▄▄ █ ▄▄█ █▄▄█ ▀▄█    ▄▄▄    ▀▄▀▀▄▀▀▄█▄█ ▄  ▄▄▄ ▀  ▀█
█▀▄▄  █▄█ ██▄▄██▀▄▄▀ █▄█▀ ▀ █▄█ ▄█▄█   ███▄  ▀▄██ █▄█   ▄ █
██ █   ▄  ▄█  █▀▀▄███▄██ ▀█▄▄▄▄▄█▄▄▀▀▀█ ▄ ▀▀▀▀▀▀ ▄    █▀ ▀█
█▄▀▄▄██▄██▄▀█▄ █▄▄▄ ▄▄▀▀▄▀▄▀▀▄▀  █▀█▄ ▄█ ▀▀ ▀▀██▀▀▀ ▄█ ▀█ █
███ ▀█▄▄▄█ ▄▄ ▄ ▀▄▀ ▄▀██▀▀▄▄▄ ▀ ██▄▄██  ▄▄ ▄▀ ▄█ ▄ █▀   ▄▀█
█▀▄ █▀▄▄  ▄▄▄█▄ ▀█▄▄▀▀▀█▄ █▄▀█▄▄ ███   ▄▀▀▀  ▀█▄▀█ ███▀▄▄ █
██▀█▀█▀▄▄▀▄  █  ▀█▀▄▀  ▀▄ █ ▀█ ▄▀█ ██ ▄█▄ █▀▀▄▄▄▀▄▄▀ ▀▀▀▄▄█
█▄▄▄▄█ ▄█  ▄█▀▀ ▀▄  ▄▄▀▀▀▀█▀█▄ ▄▀█▀█▄ ▀▄▄█▀ ▄█ ██▄▄█▄▄▄▄█▀█
█ ▀▄█▄▀▄█▀▄ ▀ ▄███▀ ▄ ▀ ▀ █▀ ▀  ██▀▀▀▀▄ ▄█▄█ ▀▄▄▀█▀▀▄█  ▀██
█ ▄▄▄ ▄▄█ ▀█▄  ▄██▀ ▄▄▀▄  ▄███ █ ███▄▄▄███ ▀▀█▄▄▀▄ █▄██▀█▀█
█ ▀ ▀▀▄▄█ ▀█ ▄█▀ ▀▄ █▄ ▄███▄ ▀▀▄▀ █▀  ▄▄ ▄▄ █▄▄▀█▄▀▀██▀  ▀█
███████▄▄ ▀ ▀▀ ▀█▄  ▄▄▀█  ▄ ▄▄▄  ▀▄█▄▄ ████  ▀▄█▀ ▄▄▄ ▄▄█▄█
█ ▄▄▄▄▄ █▄▄ ▄██ ▀█ ▀▄▀██▀▄█ █▄█ █▀▀▄█ ▄▀▄▀▄▀▄  ██ █▄█ ▀▀▄██
█ █   █ █ █▀▀██ ▄▀▀▄▄██▀▀▄     ▄▄▀█▄  ▄█▀█  ▀▀██▄  ▄  █ █▄█
█ █▄▄▄█ █ ▀ ▄▄  ▄ ▀▄▄█ ▄▀██ ▀▀▀█▄██▀   ▄▄▀▄▀ ▀  ▄  ▄▀▀  ███
█▄▄▄▄▄▄▄█▄███▄▄███▄▄█▄██▄▄▄████▄▄▄▄▄▄▄█▄▄██▄███▄▄▄▄███▄█▄██

Scan this QR code:
▄▄▄▄▄▄▄▄▄▄▄▄▄▄▄▄▄▄▄▄▄▄▄▄▄▄▄▄▄▄▄▄▄▄▄▄▄▄▄▄▄▄▄▄▄▄▄▄▄▄▄▄▄▄▄▄▄▄▄
█ ▄▄▄▄▄ █▄▀▄ ▄████▀█▀▀▀█▄▄ ▀▀▀▄ ▄▄▀█▄▀▄█ ▄▄▄█▄ ▄ ██ ▄▄▄▄▄ █
█ █   █ █ █▀██ ██▄█ ████ ▀ █ █▄▀ ▄▄▀  ▄▀▄█▀█▀█▀▄ ██ █   █ █
█ █▄▄▄█ █▄██▀▄▄█▀▀▄  ▀▄  █▀ ▄▄▄ ▀ ▀█▀   ▄▄ ▀▀ ▄▀▄██ █▄▄▄█ █
█▄▄▄▄▄▄▄█▄▀ ▀ █ █▄█▄▀▄▀ ▀▄█ █▄█ ▀ ▀ █ █ ▀ █▄▀▄▀▄█ █▄▄▄▄▄▄▄█
█ ▄  ██▄▀ ▄▀▄▀▀█████▀█ ▄  █ ▄▄   █ ▄▀▀▀█ ▄▄ ▄███▀▀ ██ ▄ ▀ █
█ █ ▄█▄▄ ▄█▄▀█ ▀▀  ██ ▄▄ ▄▄█▄█  █ █▀▄▀▀▄█ █▄█▀▀ █▀▀█▄▄ ▄  █
██▄▀█▀▀▄█  █▄▀▄ ▀▄█▄▀▀█▄▄▄█ ███▀██▀▄█ ▀▀█▀▄█▀█▀▄██ ▀▀█▀ ▀██
█▀▄ ▄  ▄▄▄▄▀  ▄███ ▄ ▄██▄█ █ ▄█▀▄▀▀▄▄▀ ▄█  ▀▀█ ▄▄▄█▀▄ ▀▀▄██
█▀  ▀▀ ▄▀ ▄ ▀█  ▄ ████▄▀▀██▄▄▄█▄▀▄▄▀██ █ ▀ █ ▄▄▀ ▄█▄▄▀ ██ █
██▄ ▀▄█▄ ██▀▀▀▀▀▄▄█▀█▀▄█ █▄ █ ▄██ █▄    ▄▀ ▄▄▄▀ ▄▄██▄ ██▀▀█
█▀ ▄▄▀▀▄▀▀ █▀▀ ██ ▄▀██ ▄▀█▀ ▄ █ ▀▀▀███▀██ ▀ █▀▀▄▄  ▄ ▄██ ▀█
█▄█▀▀▀ ▄█ ██▀▀█▀▀▄   ▄    █▀▀▄▀▄▀█ ▄▀█▄█ █ █▀▄▄▄▀▄▀██  ▄█▄█
█ ▀▀███▄▄█▄▄ ██▄ ▄ ▄█ ███▄█▀█▀▄█▄▄  ▄ ▀▀▀▀▄█ ▀▀▄█▄▀ ▀▀▀█▄▄█
█ █▄▀ ▄▄▄   ▀ █   ▄▄▀▀█▄█▀▀ ▄▄▄ ▀ ▀ ▄▄▄  ▀▄ ▀ ███ ▄▄▄ ▀▀▀██
█ ▄ █ █▄█ ▀▄ ▀█   █▄█▄▀▀ ▄█ █▄█   █▀▀▀▄▄▄▀▀█▀▄    █▄█ █▀▄▄█
█▄█▀█  ▄  ▀▀▄██ ▄  ████▀    ▄ ▄▄▀ ▀ ▀ █▄█▀███ ▀▄▀ ▄  ▄▀█▄▀█
█▄▀▀   ▄▀ ▀ ▄█ ██▄▀██▄ ▄▄ █▄██▀▀▀█ ▄ █ █ ▄  ▀█▄▄██ ███ ▄▀▀█
█▄▄▄█▄▄▄▀██▄ ▀ ▄ █ █▀ ▄▄▄███ ▀ █▀ █ ▀█▀▀▄▄█  ▀▀  ▄▄▄ ▀ ▄▄▄█
█▀▀▄█▀ ▄ █▄██▄ ▀███ ▀███ ▄████████ █  █▀▀███ ██▄██ ██▄ ▀▄▄█
█▄█▄▀▀ ▄ ▀ ▄▀▀▀▄ ▄ ▀   █▄▀█  ▄ ▀ ▄▀██ ▄▄  ▀ ██▄▀ ▄▀█ ▄█ █▄█
█▀█▄▄▀ ▄▄█▀▄▄▀█▄▀  ▀ █ ▀█▄▀ ▀  ▄█▄▄▀▀█▄█▄▀▀▄▄▄  ▄▀█▄▀ ▀▄█▄█
█▀█ ▄██▄█▀ █▄▀ ▄ ██▄ ██ ██▀██▀▄ ▀▀██▀▄  █▄▄▄█▄▄█▀▀▀██▄▄█▄██
█     ▀▄▄▄ █▄▀ ▄▄█▀▀▀▄ █▀▀▄ ▄▄ ▀▀███▄█▀█    ▀▀█▄▀▄▀▀█▄▀ ▄ █
█ ▀ ▀▀▄▄▀▀  ▄▀█ ▄▀▄▄ ▀▄▀▄▄▄█▄██▀  ▀▄▄▄▀▀█▀▄▀▀▀██▄▀▄  ▄█▄ ▄█
███████▄█▀▀ █▀ █ █▄  ▀▀▀▄▄▀ ▄▄▄  █ █▄▄▄▀▀▀▀▄▄█▀▄█ ▄▄▄ █████
█ ▄▄▄▄▄ ███▄▀▀█▄▀▄██▀█ ▀█ █ █▄█ ██ ██▀▀ █ ▄▄  ▄▄█ █▄█  ▀█▀█
█ █   █ █▀▄ █ █ ▀█▀█ ▄██ ▀█ ▄▄  ▄  ▀█▀▄███▄▄▀  ▀█ ▄▄ ▄▄▄▀▄█
█ █▄▄▄█ █ ▀▀▄ ▄▄  ▀ ▄▀███▀█▀▀██▀▄▀  ▄ ▀▀▄▄ ███ ▄▀▄▀ ▄▀▄▄█▀█
█▄▄▄▄▄▄▄█▄▄▄██████▄█▄█▄▄█▄██▄▄███▄██▄█▄▄▄▄▄████▄█▄█████▄███

Scan this QR code:
▄▄▄▄▄▄▄▄▄▄▄▄▄▄▄▄▄▄▄▄▄▄▄▄▄▄▄▄▄▄▄▄▄▄▄▄▄▄▄▄▄▄▄▄▄▄▄▄▄▄▄▄▄▄▄▄▄▄▄
█ ▄▄▄▄▄ █▀ █▀ ▀▀█▀█ ▄▀ █▄ ▄█▄▄▄▄ ▀███▄ ▀▀ ▄  ▄▄▄ ██ ▄▄▄▄▄ █
█ █   █ █▀  █  ███▀ █▄▄▄  ▀█▄█ ▄ ██   █▀▄█▄  █ ▄ ██ █   █ █
█ █▄▄▄█ █▀▀█▀▄█▀▄█▄█▄ ▄█▀ █ ▄▄▄ ▀█▀█▄▄▄▀▄█▄▄▀▄▀▀▄██ █▄▄▄█ █
█▄▄▄▄▄▄▄█▄▀▄█▄▀ ▀▄▀ ▀ ▀ █ █ █▄█ ▀▄█ ▀▄█ █ █▄▀ ▀ ▀▄█▄▄▄▄▄▄▄█
█  ▄ ▄▀▄▄▄ ▄█▀ ▀ ▄▀▄ █▀▀▄▀      ▀█▀█▀  █▀█   █▄▄▀▀ █ ▀▄▀▄▀█
█  ▀█▄▀▄▄ █▀▄█▄ ▄ ▀ ▀▀▀ █ ▀▄   █▀▀ ▀█▀█ ▀▀ ▀▀▀ ▀▀▀███▀▀▀ ██
█▀▀▀█▄▀▄█     ▄▄▄█▀ ▄▄▀▄   ▀▀█▀██▀▄█  ██▀█ ▀█▀▄█▀▀▀▄▄█▀▄███
█▀▀██▄▄▄▀█ ▄▄▀▀█ ▄▀█▀███▄ ▀█▀█▀ ██ █ █ ▄  ▀█▀▀▄ ▄█▀█ █▀  ██
█▄ ▀   ▄   ▄█▄▄█▄▄  ▀█▀▀▀ █▀▀   ▄▀▀█▄ ▄██▀▀ ▀▀▄█ ▀███▀ ▀█▄█
█▄▄ █▄▄▄██▀▀▀▄▀█ ▄ ▄ █▄▀██ ▄▀ ▀▄▀ ▀ ██▀ ▀█▄▄▀▀▄▀▀  ▄▄▀▀▀ ██
█▀█ ▀▄█▄ ▀▀█▀ ▀█▄▀▄▄▄█▀█▀▄▀ ▀▀▀ █▀▄█  ▀██▀▀ ▄█▄█▄▀ ▄▄▀█  ▀█
██▄██ ▄▄█▄▄▄▄▀▄ ▄ ▄ ▄█  ▀█▀ █▀█▄▄█▄ █▀█ ███▀▄█▄▀▄▀█  █▀▀▀██
██ ▄ ▄▄▄█▄█▀█ ▄ ▄█  █▄██  ██▀▀█▀▄ ▄ ▄▄▀▄▀██▀▄█▄█▀▀▀█▀▀█ ▄▄█
██ ▀▀ ▄▄▄ █▀█▀ ██▄▄█ ▀▄█  ▀ ▄▄▄    █▄▀█▄▀▀▄█▄█▄   ▄▄▄ ▀  ▀█
█▀▄▄█ █▄█ █▀▄▄▀▄▀▄▄▀ █▄█▀ █ █▄█ ▄█▄▄   ▄██   ▀ ▄█ █▄█ █▄▄ █
█▀ ▄▀▄ ▄▄ ▄█  █▀▀▄▄▄█▄   ▀▄ ▄▄▄▄█▄▄ ▀██▀ ▄█▀▀██▄▀ ▄▄ ▄▀▀ ▀█
█ ▀█ ██▄▄▄▄▀█▄ █▄█▄▄ █▀▀▀▀▄▀▄▄▀  █▀██  ▄█▀ ▀▄▀ ██▀▀ ▄▄  ▀ █
██ ▄ █▄▄▀▀ ▄▄ ▄ ▀█▀  ▄██  ▄▄▄▀▀ ██▄▄▄▀ ▀▀ ▀▄█▄█▄ ▄ █▄█  ▀▀█
█▀  █▀▄▄  ▄▄ ▄▄ ▀█▄▄▀▀▀█▄ █▄▀██▀ ▀██   ▄▀▀▀ ▄██▄▀█ ███▀▄█ █
██▀█▀█▀▄▄▀▄   ██▀█▀▄▀  ▀▄ █ ▀█  ▀█ █▄▀▄█▄▀█▀ █▄▄▀▄▄▀ ▀▀▀▄▄█
█▄▄▄▄▄▀▄█  ▀▀ ▀▀▀▄  ▄▄▀▀▀▀█▀█▄ ▄▀█▀█▄ ▀▄▄█▀ ▄█ ██▄▄ ▄▄▄▄█▀█
█ ▀▄█▄▀▄█▀█ ▀▀ ▀██▀ ▄ ▀ ▀ █▀ ▀  ███▀▀▀▄ ▄█▄█ ▀▄▄▀▄ ▀▄█ ▀▀██
█ ▄▄▄▀▄▄   ▀▄ ▄▀██▀ ▄▄▀▄  █▄██ █ █▄█▄▄▀███ ▀▀█ █▀  ███▀ █▀█
█ ▀ ▀▀▄▄▀ ▀█ ▄█▀ ▀▄ █▄  ██▄▀ ▀▀▄▀ ▄ ▄▄▀▄  ▀▄▀ ▀▄ ▀ █▀▄ ▀ ▀█
███████▄▄ ▀ ▀▀ ▀▄█▄ ▄▄██▀ ▄ ▄▄▄  ▀▄█▄ ▀▄██▀▀ ▀▄██ ▄▄▄ ▄▄█▄█
█ ▄▄▄▄▄ █▄▄ ▄██ ▀█ ▀▀▄███▀█ █▄█ ▀▀▀▄█▀▄▀▄▀▄ ▄█ █  █▄█ ▀▀▄██
█ █   █ █ █▀▀ █ ▄▀▀▄▄██▀▀▄     ▄ ▀█▄ ▄▄█ █   ████  ▄  █ ▄▄█
█ █▄▄▄█ █  ▄▀ ▄▀▄ ▀▄▄█ ▄▀██ ▀▀▀█▄██▀▀  ▄█▀▄▀ ▀  ▄  ▄▀█  ███
█▄▄▄▄▄▄▄█▄▄▄█▄████▄▄█▄██▄▄▄█▄▄█▄▄▄▄▄▄▄█▄▄██▄███▄▄▄▄██▄▄█▄██

Scan this QR code:
▄▄▄▄▄▄▄▄▄▄▄▄▄▄▄▄▄▄▄▄▄▄▄▄▄▄▄▄▄▄▄▄▄▄▄▄▄▄▄▄▄▄▄▄▄▄▄▄▄▄▄▄▄▄▄▄▄▄▄
█ ▄▄▄▄▄ █▄▀▄ ▄█▄█▀ ███▀▄ ▄ ▀▀▀▄ ▄▄██▄▀▀██▄ ▄▄▀ ▄ ██ ▄▄▄▄▄ █
█ █   █ █ █▀█▀ ████ █▄██ ▀ █ █▄▀ ▄▄▀ ▀▄▀▄█▀█ █▀▄ ██ █   █ █
█ █▄▄▄█ █▄█▀ ▀▄█▀▀▄  ▀▄  █▀ ▄▄▄ ▄ ▀██▀   ▄ ▀  ▄▀▄██ █▄▄▄█ █
█▄▄▄▄▄▄▄█▄█▄█ █ █▄█▄▀▄▀ ▀▄█ █▄█ ▀ ▀ █ █ ▀ █▄▀▄▀▄█ █▄▄▄▄▄▄▄█
█ ▄  ▀▀▄█ ▄█▄ ▀█████▀█ ▄  ▀ ▄▄   █ ▄▀▀▀█ ▄▄ ▄███▀  ██▄▄ ▀ █
█ █ ▄█▄▄█▀▄▄█▀ ▀▀  ██ ▄▄ ▄▄█▄█  █ ▀▀▄▀█▄█ ▀ █▀▀  █ █▀▄ ▄  █
██▄▀ ▀▀▄███▄▄▀▄ ▀▄█▄▀▀█▄▄▄▄  ██▀██ ██ ▀▀█▀ █▀█ █▄▄ ▀ ██ ▀██
█▀▀▄█  ▄▄█▄▀  ▄█████ ▄▄▄▄█ █ ▄█▀▄▀██▄▀▄▄▀ ▄ █▀▀▀█▄█▀█▀▀▀▄██
██  █▀ ▄▀ ▄ ▀█  ▀▀█▀█▄▀█▀▄█▄▄▄█▄▀▄▄▀█▀██ █▀█▄▄ ▀ ▄█▄▄▀ ▄▀ █
██▄▀▀ ▀▄ ██▀▀▀▀▀ ██▀▄█▄█▀ ▄ █ ███ █▄▄ ▀ ▄▀ ▄ █  ▄▄█▀▄ ██ ██
█▀ ▄▄ ▀▄▀▀ █ ▀ ██ ▄▀██ ▄▀█▀ ▄ █ ██▀███▀██ ▀ ▄▀▀▄▄  █ ▄██ ▀█
█▄█▀▀▀▄▄█ ▄▄▄▄▄▀▀▄   ▄    █▀▀▄▀▄▀█ ▄ █▄█ ▄ █ █▄▄▀▄█▄▀  ▄█▄█
█ ▀▀██▄▄▄ ▄▀█ ██ ▄ ▄█ ███▄▀▀█▀▄█▄▄  ▄ ▀▀▀▀▄█ ▀▀▄██▀ ▀█▀█▄▄█
█ █▄▀ ▄▄▄ ▀▄  ▄▄  ▄▄▀▀█▄█▀  ▄▄▄ ▀ █ ▄▄▄▄ ▀▄ ▀ █▀  ▄▄▄ ▀▀▀██
█ ▄▀█ █▄█ ▄  ▀▀   █▄█▄▀▀ ▄█ █▄█   ▀ ▀▀ █▄▀▀▄▀▄▄▀  █▄█ █▄▄▄█
█▄▄ ▄▄▄▄▄▄▀▀▄██ ▄  ▀██▄█  ▀ ▄ ▄▄▀  ▀█ ▄▄█▀█▄▀▄▀▄  ▄▄▄▄▄█▄▀█
█▄▀▀█  ▄█ ▀ ▄█ █ █▄▀▀▄  ▀ █▄▄▄▀▀▀█ ▄▀▀▀█▄▄▀▀█▀▄█▀▄ █▄▄▀█▀██
█▀▄▀ ▄▄▄█▀█▄ ▀ ▄▀  █▄ ▄▄█▀████ █▀ █ ██▀ █▀▄ ▀▀▀ ▀▄▄▄██ ▄ ▄█
█▄▀▄█▀ ▄ █▄█   ▀███ ▀███ ▄█████▀ █ █▄ █▀▀███ ▀█▄██ ██▄ ▀█▄█
█▄█▄▀▀ ▄ ▀█▄▄▀█▀ ▄ ▀   █▄▀█  ▄ ▀▀█▀██▀▄▄ ▀▀ ▄▄▄▀ ▄▀█ ▄█ █▄█
█▀█▄▄▀▀▄▄█▄▄ █▄ ▀  ▀ █ ▀█▄▀ ▀  ▄█▄▄▀▀█▄█▄▀▀▄▄▄  ▄▀▄ ▀ ▀▄█▄█
█▀█ ▄█ ▄█▀ ▄█ ▄▄ ██▄ ██ ██▀██▀▄ ▀▀██▀▄▄ █▄▄▄█▄ █▀  ██▄█▄▄██
█  ▀ ██▄ ▄▀█▄▀ ▄▄█▀▀▀▄ █▀▀██▄▄ ▀▀█ ▄▄█ ▄  ▀ ▀▀▄█▀▄ █▄█ █▄ █
█ ▀ ▀▀▄▄▄▀  ▄▀█ ▄▀▄▄ ▀ █▄▄██▄██▀   ▄ ▄█▄▀██ ██ ▀ █ ▄▀█ ▄ ▄█
███████▄█▀▀ █▀ █ █▄▄▀▀█▀ █▀ ▄▄▄  █ █   ▀▀██▄ ▀▄██ ▄▄▄ ██▀██
█ ▄▄▄▄▄ ███▄▀▀█▄████ ▀ ▀▄ █ █▄█ ▀▀ █ █▀▀▀█▄▄▄▄▄█▄ █▄█  ▀▀██
█ █   █ █▀▄ █▀█ ▀█▀█ ▄██ ▀█ ▄   █  ▀▀▀▄█▄▀▄▄   ▀▄ ▄▄▄ ▄▄ ██
█ █▄▄▄█ █  █▀▀▀▀  ▀ ▄▀███▀█▀█▀█▀▄▀  ▄▀▀▀██ ███ ▄▀▄▀ ██▄▄█▀█
█▄▄▄▄▄▄▄█▄█▄▄█████▄█▄█▄▄█▄██▄▄███▄██▄█▄▄▄▄▄████▄█▄█████▄███

Scan this QR code:
▄▄▄▄▄▄▄▄▄▄▄▄▄▄▄▄▄▄▄▄▄▄▄▄▄▄▄▄▄▄▄▄▄▄▄▄▄▄▄▄▄▄▄▄▄▄▄▄▄▄▄▄▄▄▄▄▄▄▄
█ ▄▄▄▄▄ █▀ █▀ ▀▀▀██▀ █▀▄ ▄▄█▄▄▄▄ ▀██ ▀ ███▄▄▀▄▄▄ ██ ▄▄▄▄▄ █
█ █   █ █▀  █▄ ███▀ ██▄▄▀▀▀█▄█ ▄▄▄█   █▀▄█▄ ▀█ ▄ ██ █   █ █
█ █▄▄▄█ █▀█▀▄▄█▀▄█▄█▄ ▄█▀ █ ▄▄▄  ▄▀██ ▄▀██▄▄█ ▀▀▄██ █▄▄▄█ █
█▄▄▄▄▄▄▄█▄█▄█ ▀ ▀▄▀ ▀ ▀ █ █ █▄█ ▀▄█ ▀▄█ █ █▄▀ ▀ ▀▄█▄▄▄▄▄▄▄█
█  ▄  ▀▄ ▄▀█ █ ▀ ▄▀▄ █▀▀▄▀ ▄    ▀█▀█▀  █▀█   █▄▄ ▀▄█ ▀▄▀▄▀█
█  ▀██▀▄▄██▄▄▀▄ ▄ ▀ ▀▀▀ █  ▄ ▄ █▀▀▄██▀▀▄▀▀ █▀▀ █▄▀▄▄ ▄▀▀ ██
█▀▀██▄▀▄█▀█   ▄▄▄█▀ ▄▄▀▄  ▀▀▀▀▀██▀▄▄  ██▀█▀ █▀ █ ▀▀▄▀▀█▄███
█▄█▄▀▄▄▄ ▄ ▄▄▀▀█ ▄▄ ▀█▄▀▄ ▀█ ▄█ ████ █ ▄▄ ▀▄█▀  ▀ ▀█▀█▄  ██
█ ▀ ▀  ▄   ▄█▄▄███ ▄▀▄█▀█▀█▀▀ ▄ ▄▀▀█ ▄ █▄█▀  ▀▄▄ ▀███▀▀▀▀ █
█ ▄▀█ ▄▄██▀▀▀▄▀█▀▄ ▄█▄▄▀█▄ ▄▀  █▀ ▀ ▀    ██▄▄▀█▀▀ ▄ ▄▀▀▀ ██
██▀ ▀  ▄ ▀▀█▄ ▀█▄▀▄▄▄█▀█▀▄▀ ▀▀▀ ▄▀▄█▄▄▀███▀  ▀▄█▄▀▀█▄▀█ ▀ █
██▄██▀▄▄▀▄█ ██ █▄ ▄ ▄█  ▀█▀ █▀█▄██▄ █ █ ▄▄█▀▄▄▄▀▄▀▄█▄▀▀▀▀██
██ ▄  ▄▄  ▀▄▄▄█ ▄█  █▄██  ██▀▀█▀▄ ▄ ▄▄▀▄▀██▀▄█▄█▀ ▀█▀▀█ ▄▄█
██ ▀▀ ▄▄▄ █ ██▄▄█▄▄█ ▀▄█  ▀ ▄▄▄    █▄▀▀▄▀▀ █▄█  ▄ ▄▄▄ █  ▀█
█▀▄██ █▄█ ▀▀▄▄▄▄▀▄▄▀ █▄█▀ ▀ █▄█ ▄██▄  ▀███▀▀ ▀█▄  █▄█  █▄ █
█▄  ▄▄▄▄ ▄▄█  █▀▀▄▀▀█▄▄▄ ▀█▄▄▄▄▄█▄▄▀▀██▀ ▄▀ ▀███▄▄  ▄▄ ▀ ▀█
█ ▄  ██▄▀▄▄▀█▄ █▄█ ▄ █▀█▀ ▄▀██▀  █▀█  ▀▄█▀▀▀ ▀▄██▀▀ █▄▀▀▀ █
█ ▄█▄█▄▄▀▀ ▄▄ ▄ ██▀ ▄▀███ ▄▄▀▀▀ ██▄▄█ ▀   ▀▄▄▀▄▄▀▄ █ ▀   ▀█
█▄█ █▀▄▄  ▄▄▄ ▄ ▀█▄▄▀▀▀█▄ █▄▀█▀▀ ▀██ ▄ ▄█▀▀ ███▄▀█ ███▀▄▄▀█
██▀█▀█▀▄▄▀▄▀█▀ ▄▀█▀▄▀  ▀▄ █ ▀█   ▄ ██ ▄██▀█▀ █▄▄▀▄▄▀ ▀▀▀▄▄█
█▄▄▄▄▄▀▄█ ▄█ █ ▄▀▄  ▄▄▀▀▀▀█▀█▄ ▄▀█▀█▄ ▀▄▄█▀ ▄█ ██▄▀▀▄▄  █▀█
█ ▀▄█▀█▄█▀█▀█▀▄▀██▀ ▄ ▀ ▀ ▀▀ ▀  ██▀▀▀▀▄▄▄█▄█ ▀▄▄▀▄ ▀▄█▀ ▀██
█ ▄▄▀██▄ ▀ ▀▄ █▀██▀ ▄▄▀▄  ▄▀██ █ █ █▄▄▀▄██▀ ▀█▄▄███▄▄▄▀ █▀█
█ ▀ ▀▀▄▄█ ▀█ ▄█▀ ▀▀ █▄█ ███▄ ▀▀▄▀ █ ▄▄▀▀  ███▄▄▀█▄ █▄█▀▀ ▀█
███████▄▄ ▀ ▀▀ ▀▄█  ▀▄▀▀ ▀▄ ▄▄▄  ▀▄█  ▄███▄▀▄█▄▄▀ ▄▄▄ █▄▀▄█
█ ▄▄▄▄▄ █▄▄ ▄██ ▀▄ ▀ ▀█████ █▄█ ██▀▄ ▄▄ ▄█▄▀▄▀ ██ █▄█ ▀▀ ██
█ █   █ █ █▀▄██ ▄▀▀▄▄██▀▀▄  ▄▄ ▄▄██▄▀▄▄███  ▄███▄  ▄▄ █ ███
█ █▄▄▄█ █ █▀▀▄▄▄▄ ▀▄▄█ ▄▀██ ██▀████▀▀  ▄█▀▄▀ ▀  ▄  ▄▀▀  ███
█▄▄▄▄▄▄▄█▄█▄▄█▄███▄▄█▄██▄▄▄████▄▄▄▄▄▄▄█▄▄██▄███▄▄▄▄██▄▄█▄██

Scan this QR code:
▄▄▄▄▄▄▄▄▄▄▄▄▄▄▄▄▄▄▄▄▄▄▄▄▄▄▄▄▄▄▄▄▄▄▄▄▄▄▄▄▄▄▄▄▄▄▄▄▄▄▄▄▄▄▄▄▄▄▄
█ ▄▄▄▄▄ █▄▀▄ ▄█▄▀▀ ██▀▀█   ▀▀▀▄ ▄▄███▄ █▀▀█  █ ▄ ██ ▄▄▄▄▄ █
█ █   █ █ █▀▀█ ██▄█ ▄▄██ ▀ █ █▄▀ █▄▀▀▀▄▀█▄▀█▀▄▀▄ ██ █   █ █
█ █▄▄▄█ █▄███▀▄█▀▀▄  ▀▄  █▀ ▄▄▄  █▀█▀   ▄▄ ▀ ▄▄▀▄██ █▄▄▄█ █
█▄▄▄▄▄▄▄█▄▀ █ █ █▄█▄▀▄▀ ▀▄█ █▄█ ▀ ▀ █ █ ▀ █▄▀▄▀▄█ █▄▄▄▄▄▄▄█
█ ▄  ██▄█  █▀█▀█████▀█ ▄  █ ▄▄   █ ▄▀▀▀█ ▄▄ ▄███  ▄██ ▄ ▀ █
█ █ ▄██▄ ▀ ▄▄  ▀▀  ██ ▄▄ ▄█▄ █  █ █▀▄▀▀ █ ▀▄█▀█▄ ▄ █▀█ ▄  █
██▄▄▀▀▀▄ ▄▀▄▄▀▄ ▀▄█▄▀▀█▄▄▄▄▀███▀██ ▄█ ▀▀█▀█▄▀██▄█▄ ▀▀██ ▀██
█▄▄██  ▄█▄▄▀  ▄███▀█ ▄▀▄▄█ █ ███▄▀ █ █ ▄▀▄▀ █▀▄████▀█▀  ▄██
█▀▄██▀ ▄▀ ▄ ▀█  ▄ ▀███▄▀▀██▄▄▄▀▄▀▄▄▀ ▀▀▄▄▀▀█▄▄█  ▄█▄▄▀ ▄▀▄█
██▄█▄▄▀▄ ██▀▀▀▀▀█▀█▀█▀▄█▀█▄ █ ██▀▄█▄ ▄  █  ▄ ▄  ▄▄▀▀▄ ██▄▀█
█ ▄▄▄  ▄▀▀ █▀▄ ██ ▄▀██ ▄▀█▀ ▄ █  ▀▀█ █▀██ ▀ ▄█▀▄▄ ▀█ ▄██ ▀█
█▄█▀▀ ▀▄▀▄█▄ ▀█ ▀▄   ▄    █▀▀▄▀▄ █ ▄▀█▄█ ▄ █▀█▄▄▀▄▀█▀▄ ▄█▄█
█ ▀▀█ ▀▄▀▀█▀▀▄ ▀ ▄ ▄█ ███▄███▀▄█▄▄  ▄ ▀▀▀▀▄█ ▀▀▄▄▄▀▀██▀█▄▄█
█ █▄▀ ▄▄▄  ██▄ ▀  ▄▄▀▀█▄█▀█ ▄▄▄ ▀ █▄▄▄▄▄ ▀▄ ▀ ███ ▄▄▄ ▀▀▀██
█ ▄█▀ █▄█ ██ ▀▄█  █▄█▄▀▀ ▄▀ █▄█    ▀▀▀▄█▄▀▀█▀▄▀ █ █▄█ ▀ ▄▄█
█▀▄ ▀  ▄  ▀▀▄██ ▄ ▀▀██ ▀    ▄ ▄▄▀ ▀ █ ████ ▄█   ▄  ▄  ▄▄▄▀█
█▄▄▄▄  ▄█▀▀ ▄█ █▄█▄▀▀▄▄▄  █▄█▄▀▀▀█ ▄▀█ █ ▄  █▀▄█▀  █▄▄ ▄▀██
███▄▀▄▄▄ ▄█▄ ▀ ▄▄▀ █ ▀▄▄████▄  █▀ █ ▀▄ ▀▄▀█▀▄▄▀▀ ▄▄▄▀▀ ▄▄▄█
██▄▄█▀ ▄ █▄███ ▀███ ▀███ ▄█████▀██ █ ▄█▀████ ▀█▄██ ██▄ ▀███
█▄█▄▀▀ ▄ ▀▀█▄▀▄  ▄ ▀   █▄▀█  ▄ █▀█▀█▄▀▄▄  ▀ ██▄▀ ▄▀█ ▄█ █▄█
█▀█▄▄▄█▄▄███▄   ▀  ▀ █ ▀█▄▀ ▀  ▄█▄▄▀▀█▄█▄▀▀▄▄▄  ▄▀▄▀▀ ▀▄█▄█
█▀█ ▄██▄█▀█  ▀▄▄ ██▄ ██ ██▀██▀▄ ▀▀██▀▄  █▄ ▄█▄▄▀█  ▀█▄▄█▄██
█   █ ▄▄▀▄▄ ▄▀▄▄▄█▀▀▀▄ █▀▀█▀▄▄ ▀▀█ ▄▄██▄  █ ▀▀███ ▄▄███▄▄ █
█ ▀ ▀▀▄▄▄   ▄▀█ ▄▀ █ ▀▀ ▄▄▄ ▄██▀   ▄▄  █▀██▄█▀ ▄█▀  ▄▄ █ ▄█
███████▄▄▀▀ █▀ █ ▄▄ █ ▀▀██▀ ▄▄▄  █ █ ▄   ▀██ ▀ ▄▀ ▄▄▄ █▄█▀█
█ ▄▄▄▄▄ ███▄▀▀█▄▀█████ ▀█▀█ █▄█ ▀▀ █▄█▀▀▄███▀▀███ █▄█  ▀███
█ █   █ █▀▄ ▄██ ▀█▀█ ▄██ ▀█  ▄  ▄▄ ▀██▄█▄█▄▄▄▄ ▀█ ▄▄  ▄▄ ██
█ █▄▄▄█ █ ▀ ▀███  ▀ ▄▀███▀█▀███▀█▀  █ ▀▀██ █▄█ ▄▀▄▀ ▀▀▄▄█▀█
█▄▄▄▄▄▄▄█▄█▄▄██▄██▄█▄█▄▄█▄███████▄██▄█▄▄▄▄▄████▄█▄█████▄███

Scan this QR code:
▄▄▄▄▄▄▄▄▄▄▄▄▄▄▄▄▄▄▄▄▄▄▄▄▄▄▄▄▄▄▄▄▄▄▄▄▄▄▄▄▄▄▄▄▄▄▄▄▄▄▄▄▄▄▄▄▄▄▄
█ ▄▄▄▄▄ █▀ █▀  ▀██▄▀ █▀█  ▄█▄▄▄▄ ▀▀▀ ▄▄███▀▄█ ▄▄ ██ ▄▄▄▄▄ █
█ █   █ █▀  ▀  █▄█▀ ▄█▄▄▀▀▀█▄█ ▄▀██ ▀▀█▀ ▄▄ ▀▄ ▄ ██ █   █ █
█ █▄▄▄█ █▀█▀█▀█▀▄█▄█▄ ▄█▀ █ ▄▄▄ █▄▀█ ▀▄▀██▄▄▄▄▀▀▄██ █▄▄▄█ █
█▄▄▄▄▄▄▄█▄▀ ▀ ▀ ▀▄▀ ▀ ▀ █ █ █▄█ ▀▄█ ▀▄█ █ █▄▀ ▀ ▀▄█▄▄▄▄▄▄▄█
█  ▄  ▀▄ ▄▀█▀█ ▀ ▄▀▄ █▀▀▄▀ ▄    ▀█▀█▀  █▀█   █▄▄▀▀ █▄▀▄▀▄▀█
█  ▀██▀▄▄██ ▄▀▄ ▄ ▀ ▀▀▀ █  █▄  █▀▀▄▀█▀▀ ▀▀ █▀▀ █▄▀▄▄▀█▀▀ ██
█▀▀▀█▄▀▄ █▄▄  ▄▄▄█▀ ▄▄▀▄    ▀▀▀██▀▄▄   ▄▀█▀▀█▀██▄▀▀▄▀▀█▄███
█▀ █▄▄▄▄ ▄ ▄▄▀▀█ ▄█ ▀█▄▀▄ ▀█ █▀▄███ ▄█ ▄ ▄█▄██▄▄▀▀▀█ █ ▀ ██
█▄ ▀▄  ▄   ▄█▄▄█▄█  ▄▄ ▀▀ █▀▀ ▀ ▄▀▀▄▄▄ ▄██   ▀██ ▀███▀▀ █ █
██ ▀ ▄▄▄██▀▀▀▄▀█▄▄ ▄▄▀▄▀█  ▄▀ ▀█▀ ▀ ▀ ▀▀█▀▄█▄█▄ ▀   ▄▀▀▀ ██
█▄█ ▀██▄ ▀▀█▄█▀█▄▀▄▄▄█▀█▀▄▀ ▀▀▀ ▄▀▄█▄ ▀█▄█▀  ▀▄█▄▀▀█▄▀█ ▀ █
██▄██▀▀▄▀ ▀▀▀█▀ ▄ ▄ ▄█  ▀█▀ █▀█▄▄█▄ ▄ █ ▄██▀██▄▀▄▀██▄▀▀▀▀██
██ ▄ ▀█▄███ ▀  █▄█  █▄██  ██▀▀█▀▄ ▄ ▄▄▀▄▀██▀▄█▄█▄▀▄██▀█ ▄▄█
██ ▀▀ ▄▄▄ ▀▄ █▄▀█▄▄█ ▀▄█    ▄▄▄    ▀▄▀▀▄▀▀▄▀▄█▄▄  ▄▄▄ ▀  ▀█
█▀▄██ █▄█ ▄▀▄▄  ▀▄▄▀ █▄█▀ ▀ █▄█ ▄█ ▄  ████▀▀ ▀███ █▄█ ██▄ █
█▄▀▀▄  ▄  ▄█  █▀▀▄█ █▄▄  ▀█ ▄▄▄▄█▄▄ ▀█▀ ▄ ▄███▄█ ▄▄ ▄▄▀  ▀█
█▀▀ ▀██▄▀▄▄▀█▄ █▀▄ ▄▀▄▀█▄▀▄▀██▀  █▀█▄▄ ▄██▀ ▄██▄██▀ ▀▄ ▀█▄█
█  ▄ █▄▄█▄ ▄▄ ▄ ██▀ █▄██▀ ▄▄██▀ ▀█▄▄█▄▀ █▀▀▄█ ▄▄ ▄ █▄▀   ▀█
██▀ █▀▄▄  ▄▄▀▄▄ ▀█▄▄▀▀▀█▄ █▄▀█  ▄███   ▄██▀ ▄██▄▀█ ███▀▄▄▀█
██▀█▀█▀▄▄▀▀▀▀▀ █▀█▀▄▀  ▀▄ █ ▀█▄ ▀▄ █▄ ▄██ █▀ █▄▄▀▄▄▀ ▀▀▀▄▄█
█▄▄▄▄▄▄▄█ ▀█▄ █▄▀▄  ▄▄▀▀▀▀█▀█▄ ▄▀█▀█▄ ▀▄▄█▀ ▄█ ██▄ ▄▄▄▄▄█▀█
█ ▀▄█ █▄█▀  █▀█▄██▀ ▄ ▀ ▀ █▀ ▀  ███▀▀▀▄ ▄█▄█ ▀▄ █▄▄▀▄█  ▀██
█ ▄▄█▄ ▄█  ▄▄  ▀██▀ ▄▄▀▄  ▄▄██ █ ██▄▄▄ ▄██  ▀█▀▄██▀ ██▄██▀█
█ ▀ ▀▀▄▄▄ ▀█ ▄█▀ ▀█▄█▄█ ██▄▄ ▀▀▄▀ ▄▀ ▄ ▄▄ ▄▄▀ ▀▄█▄▄█▀▀   ▀█
███████▄█ ▀ ▀▀ ▀▄▄ ▄▀█▀▀▀ ▄ ▄▄▄  ▀▄█▄▄ ███▄ █▀█▄▀ ▄▄▄ █▄█▄█
█ ▄▄▄▄▄ █▄▄ ▄██  █ ▀ ▀██▀▄█ █▄█ ██▀▄▄▀█ ▀▀▄▀▄█▀█  █▄█ ▀▀ ▀█
█ █   █ █ █▀█▄█ ▄▀▀▄▄██▀▀▄   ▄ ▄ ▀█▄▄ ▄███  ▄███▄  ▄ ▄█ ▄██
█ █▄▄▄█ █  ██▀▄█▄ ▀▄▄█ ▄▀██ ▀█▀█▄██▀▀  ▄▄▀▄▀▀   ▄  ▄█▀  ███
█▄▄▄▄▄▄▄█▄██▄▄████▄▄█▄██▄▄▄█▄▄█▄▄▄▄▄▄▄█▄▄██▄███▄▄▄▄███▄█▄██

Scan this QR code:
▄▄▄▄▄▄▄▄▄▄▄▄▄▄▄▄▄▄▄▄▄▄▄▄▄▄▄▄▄▄▄▄▄▄▄▄▄▄▄▄▄▄▄▄▄▄▄▄▄▄▄▄▄▄▄▄▄▄▄
█ ▄▄▄▄▄ █  ▄▄  █▄██▀█▄▀█▄ █  ▀ ▄▀█▀▀ █▄▄▄▀▀▄ ▀▀▄ ██ ▄▄▄▄▄ █
█ █   █ █ ▄█ ▀▀█▄▀ ▄██▄▀██▀█▀▀▀█▄▄██▄██▀▄ ▄▀ ▄ ▄ ██ █   █ █
█ █▄▄▄█ █▀▀██ █▀▀███▀█▄▄▀   ▄▄▄ ▄▀▀▀██▀▄▄ ▀▄▀█▄▀▄██ █▄▄▄█ █
█▄▄▄▄▄▄▄█▄▀ ▀▄█▄▀ █▄▀ █▄▀▄█ █▄█ ▀▄█▄█ █▄█▄█▄▀ █ █ █▄▄▄▄▄▄▄█
█  ██  ▄▀▀▀█▄▄█ ▀▄█▄█ ▄█ ▀▀▄ ▄  ▄ ▄█▀ █ ▄█▄▀  ▀▄  █▀ █▄ ▄▄█
█ ▀▀▀█ ▄   ▄ ▄▄ ▄▀▄█▀▀▀█▄▄██▀ ▄ ▀▀ ▄ ▀█▀ ▀▀ ▀  ▀ ▄▄▄▄ ▄▄▄▀█
█▀▀█▄▀█▄▄▄█▀ █▀▀ ▄▀ ▄ ▄▄  ▀▀ █▀█ ▄██▀▄▄▀▄▀  ▄▄▄▄  █ ▄▀▀ ▄▄█
█▀▄▀█▄█▄█████▄██▄▀▀ ▀▄█▀▀▀▀█ ▀▄██▀▀█▀▀▄█▄▄▄█ █▀▀█ ▄▀▄█▄▄███
██▄  █▀▄ ▄▄▄  ▀▄▄▄ ▄▄▀▄▀▄▀▄ ▄  ▀  ██▄ █▀▀█  ▀▄ █▀▀▄ ▄█▀▀▄ █
██ █ █▄▄ ▀▀▄  ▀█▄▄▄ █▀  █▄▄▄▀█▄▄▀▄▀▀██▀▄▀▄ █▄▀██████ █▄▄ ▀█
█  ▀ ▄ ▄█▄▄▄▄▄▄ ▀▀▄ ▀ ▄█▀▄██ ▀█▀▀ █▄▄ █  █▀▀▄▄██▄▀█▀▄██▄▄▄█
█▄▀ ▄▄█▄█▀ ▀███ ▄█▄ ▄██▀▄ ▀ ▄██▄█▄██▄█ ▄█▄▄███▀██▄█  █▄▄▀██
█▄▄ ▄▀▄▄▀ █▄▄█▄ ▀▄▄  ▀▄█▀   ▄▀ ▀▀█▀  ▄▄  ▀ ▀█  ▄  ▄▀ ██▀▀██
█▄▄▄  ▄▄▄ ▀█ ▄ ▄▀▄▀  ▀▄  █▀ ▄▄▄   ▄ ▀ ▀▄▀█▀    ▀█ ▄▄▄ ▄█ ██
███ █ █▄█ █▀▀▄▄▀ ▄▄▀▄ ▀█▀▀▄ █▄█ ▀▄ ▄ ▄█▀▄█ ▀   ▄  █▄█ ▀ █ █
█▄▄▀█▄▄▄  █▄█▄█▄ █▀▀█▀▄▀▀▀▀  ▄▄▄▀▄█▄▄▀▄██ ▄▄▀▄▄ ▄▄   ▄██▄██
█▀█ ▄▀ ▄███▀▄▄▄ ▀█  █▀▄█ ▀▀▀ █▀ █ ▄██ █▀▄▀ ▀█ ▀▄█▄▄  █▀▄█ █
█▀▀ ██ ▄█▀ █▄▀▄██▄▄█▀▀▀██▄▀▄▄ ▄███ ▀▄██▀▄▄▀  ▄▄▀▄▄ █▄ ▄▄▄██
█ ▀█▄▀▄▄█▄██▄▀█ ▄█▀▄▄▄▄█▄  ▄▄█ ▀▀▄▀█▄   ▀▀▀▀▀▄▄▄▀▀█▄▄▄▄█ ▄█
█ ▄▄ ██▄▀▀▄█▄ ▄▀▀ ██▀ ▀▀▀█▄ ▀ █▀ ▄ ▀▀██▄▀▄▄▄█████  █▀  ▄▄▄█
█▄▄ ▄▄▀▄█▀▄ ▀▀▄▀▀▄▀▄▀▀ █▄▀ ▄▀▄▀▀▄ ▄█  █▀▄█ ▀█  ▄█▄▀█▀▄ █▄ █
█ █▄   ▄██ ▀  ▀▄▄ ▄█ ▀▀█▄▄█▀▀▄█▀▀██  █▄ ▀▀█▀█ ▄▄▄▀ ▀▀▀█▄▄▀█
█▀▄  █▀▄█   ▄    ▄▀ █▀▄▄▀ ▀▄ █  █ ▀▄▄▄▄ ▄▀█ █▄█▄█▄ █ ▄▀  ██
█ ▀ ▀▀▄▄  █▀ ▀▀▀▀ ▀▀▄ ██ ▄ ▄▀▄▀▀▄▀▄█▄ ▀▀ ▄█▄█ █▀ ▀ ▀██▄█▄██
███████▄▄▀  ▀██▄▀█▀▄▄ ▀▀▀▀▄ ▄▄▄ █▄▀█▄▄▀  █▀▀▀▄▀▄█ ▄▄▄ ▀▀▄▄█
█ ▄▄▄▄▄ █▀▄ ▄█▄▄█  ▀▄█▀█ ▀▄ █▄█ ▄▀▀▀ █  █▄▀▀▀▀▄▀▀ █▄█ ██▀██
█ █   █ █▄▄▄▄ ▄▄▀▀  ▀ █▀▀▄▄▄   ▄▀  █  █▀███▀▄  █▄▄▄   █▀▀▀█
█ █▄▄▄█ █▀▀█▀▀ ▀▄█ ▀▄█▀ ▄ ███ ▄ ▄█▄██ ▀█▀ ▀▄█ ▄▀ █▀▄  █████
█▄▄▄▄▄▄▄█▄█▄▄▄███▄▄▄▄▄▄████▄███▄███▄▄▄▄█▄█▄▄█▄█████▄▄▄███▄█

❌ Bot disconnected (408), reconnecting in 5s...
❌ Bot disconnected (408), reconnecting in 5s...
Scan this QR code:
▄▄▄▄▄▄▄▄▄▄▄▄▄▄▄▄▄▄▄▄▄▄▄▄▄▄▄▄▄▄▄▄▄▄▄▄▄▄▄▄▄▄▄▄▄▄▄▄▄▄▄▄▄▄▄▄▄▄▄
█ ▄▄▄▄▄ █ ██▀ ▄█▄▀█ █ ▄█  ▀ ▀▄▄▄█▄ █ █▀▄▄█▀▄▄▀▀▄ ██ ▄▄▄▄▄ █
█ █   █ █  █ ▀ ██▀▄██▄▄▀▄█▀█▄ █▀▀▄██ ▄█▀▄ ▀█▀█ ▄ ██ █   █ █
█ █▄▄▄█ █▀▄▀▄  ▄▀█▄█▀█▀█▀   ▄▄▄ ▀█▄██▄▀▄▀█▄▄ ▀▄▀▄██ █▄▄▄█ █
█▄▄▄▄▄▄▄█▄▀▄█▄▀ ▀ █▄▀ ▀▄▀▄█ █▄█ ▀▄█▄█ █ █▄▀ ▀ ▀▄█ █▄▄▄▄▄▄▄█
█ ▄▀█▄ ▄▀▀    █▄█▄▀▄█ ▄▀▄▀█▄▄   ▄ ▄█▀ █ ▄█  █ ▀▄▀▀█▀ █▄  ▄█
██ ▀█ ▄▄█▄▀▄▀▄▄ ▄█▄█▀▀▀█ █ ▄ ██ ▀▀▄▄ ▄▀ ▀▄█▄▀▀ ▄▀███▄▄▄▄ ██
█▀▄▀█▄▀▄▄▄ █  ▀▀▀█▀ ▀▀▄▄  ▄█ ▀▀█ ▄ ▄    ▄█   ▄▀▄ ▀▄▀ ██   █
██▄ ▀▀▀▄▀▄ ▀▀▄▀█ ▀▄█▀█  ▀█▀█ ▀▄▀██▀ ▀▄ ▄ ████▀ ▀▄█▀█  █▄ ██
█▀  █  ▄███▄█▄▀ ▀▄ ▄▄ ▄▀ ▀ ▄▄ ▀▀▀▄▄█▄▄█ ▄▀  █  █ ▀   ▀ ▀▄██
█▄▄▀ ▀█▄██▀▄▄▀▀█ ██▀▀▄▄▄▄▄ ▄▀██ █▄▀█ █ ▀▄█   ▀██▄█▄▄▄▄▄▄ ██
██▀█▄▄█▄█▄▄█ ▄▄ ▀▀▄▄▀ ▄█▀▄▄█▄▀▀ █▄▀█▄▄▄ █▀▀ ▄ ▀█▄▀▄▀▀▀█ ▄▄█
█ ▄██▄▄▄▀▄███▀ █▄█▀█▄█ █▄ ▀ █▄ ▀▄█▄█▀██ ▄▀ ▄██▄▄▀▄▀▀▄▄▄▄▀██
███▀█▄ ▄▄▀ █▄█▄█▀█   ▀ █  ▄▄▄▀█▀▀█▀ ▄▄▄▀▄██▀▀ ▀█▀ ▄  ██ ▀▀█
█  ▀▀ ▄▄▄ ▀█  ███▀▀  ▀▄ ██  ▄▄▄     ▀▄▀▄▀▄▀▄▄█▄▀▄ ▄▄▄ ▄█ ▀█
█▀▀▄  █▄█ ▀█▄▄█▀▄▄▄▀█ ▀█▀ ▄ █▄█ ▀ ▀█  ▄  █▄ █▄▀█▄ █▄█ █▄▀██
█ ▄██▄ ▄  ▄ ███▀▀▀ ▄█▄ ▀█▄▄ ▄   █▄▄▄▄ █  █ ▄█▀▀▀  ▄▄  ▄█ ▀█
█ █ ▄██▄▀▀▀▀█▄█ ▀▄  ▄▀▀▀ ▀▀▄▀▄▀ █ ▄█ ▄▄▀ ▀▄ █ ██▀█▄█▄▄   ▀█
█▀▄▄  ▀▄   ▀▀█▄  ▀▄████ ██▄▄▄█▄██▀▄▀▄  ▀▀▄█ ▄▄█▀▄▀ █▀▀██ ▀█
█▄██ ▀▄▄██▀▄▄█▀█▄█▄▄▄▄▄█▄  ▀▄██▄▀▄ █▄▄█▀ █▀ ▀  ▄▀██  █▀▄▀██
█ ▀█▀ ▄▄▄▀██▀▀▀█▀ ▄▀▀  ▄▀██ ▀ ▄▀ █   █▄██▄ ▄▀▄▄▀▄▀▄▀ ▄▄▄▄▄█
█▄▀▀▀█ ▄ █▀▀▀██ ▄▄  ▀▀▄▀▀▀ ▄ ▄ ▄▄ ▄█▄ ▄▀▀█▀ ▀ ███▄▄▀▀▄▄  ▄█
██▀▄█ █▄█▀ ▀  ▀██ ▄█▄ ▀█▄██▀ ▄█████▄▄▄▄▄▄ ▀  ▀▄▀ ▀ ▀▄ ▀█▀██
█ ▀ █▀ ▄▄██▀▄ ▀▄ █▀ ▀▀▄▄  ▀█ █ ██ ▀▄▄▄▄▀ █ ▀▄ █▄▀▀▀ ▄▄▄▀ ▄█
█ ▀ ▀▀▄▄▀▄▀ █▀█▀ ▄▄▀█▄    █  ▄▄▀▀ ▄█▀▀█  █ ▄█▄█▀  ▀▀█▀▄▄ ▀█
███████▄█▀▄ ▀▀█▄▀█ ▄█▀ ▀▀ ▀ ▄▄▄ █▄▀█  ▄  █ ▀█  ██ ▄▄▄ ▄█ ▀█
█ ▄▄▄▄▄ █▀▄█▀ █ █ █▄▄▄█ ▀▀█ █▄█ ▀▀▀▀ ▀█▀ █▀▄█▀▀▀  █▄█ ▄▄ ██
█ █   █ █▄ ▀▀▀ █▀▀▀▄▀  ▀▀▄█▄▄  ▄▄  ▄ ▄▀  ▀  ▀  █▄ ▄   █ ▀▀█
█ █▄▄▄█ █▀█▀▀█ ▄▄█▄▀▄█ ▀▄ █ █ ▄ █▄█▄▄█ ▄▄▄▀▄▀  █▀█ ▄▀ █████
█▄▄▄▄▄▄▄█▄▄█▄█▄█▄█▄▄▄█▄█▄▄█▄███▄███▄▄▄▄████▄▄▄▄▄▄▄█▄██▄██▄█

Scan this QR code:
▄▄▄▄▄▄▄▄▄▄▄▄▄▄▄▄▄▄▄▄▄▄▄▄▄▄▄▄▄▄▄▄▄▄▄▄▄▄▄▄▄▄▄▄▄▄▄▄▄▄▄▄▄▄▄▄▄▄▄
█ ▄▄▄▄▄ █▀█▄▄ █ ██▄▀▄▀▄▄▄▄ ██▀ ▄▄ ▀█▀ ▀▀█▀▀▄  ▄▄ ██ ▄▄▄▄▄ █
█ █   █ █▀▄ ▀ ▀█▄▄█▀█▄▄▄▀▀▀█▀▄▄ ▀██ ▀ █▀▄▄▀▄▀█ ▄ ██ █   █ █
█ █▄▄▄█ █▀▄▀█  ▄▄███▄ ▀▄▀ █ ▄▄▄ ▀▄▄▀ ▀▄▀▄▄▀▄█▄▀▀▄██ █▄▄▄█ █
█▄▄▄▄▄▄▄█▄▀▄▀ █▄▀▄▀ ▀ █ █ █ █▄█ ▀▄█ ▀▄█▄█ ▀ ▀ █▄▀▄█▄▄▄▄▄▄▄█
█ ▄  ▄▀▄  ▄ ▄█ █▄▄█▄ █▀█ ▀ ▄▄▄  ▀█▀█▀  █▀█▄▀██▄▄ ▀ █ ▀▄▀ ▀█
██▀▀▀ █▄█▀██▄ ▄ ▄▄▀ ▀▀▀ ▀▀▀▄█▀▀█▀▀ ▀█▄█▀ ▄▄█▀ ▄▄ ▄██ ▄▀▀▄▀█
█▀▄▄█▀█▄█▄ ▀ █▄▄█▄▀ ▀█▀▄  █▄▀▀▀██▀▄▄▀▄▄█▀▀ ▀▀▀█▄▀  ██▀▀ ▀▀█
█ ▄█▄▀ ▄▄▄█  ▀██▄▄▄ ▀▄▀▄▄▄▀█▀▄▀ █▀ ▀▄▄▄▄ ▀  ▄▀█▄▄▀▄▀▄▀  ███
█ ▄█▄█▀▄█▀▀▄  ▄▀█▄█▄▀▄█▀ ▀▀█▀  ▀██▀█▄▄▀▄▀▀▀▀ █▄█▀▀▀█▀█  █▀█
██▀▄▀▄▀▄ ▀▀▀██▀█▀▄▀█   █▀▀▄▄▀  ▀▀ ▀▄▀ ▀█▄▀█ ██▄   ▀▀  ▀▀ ▀█
█ ▀▄█▄ ▄ ▀▀▄█▀▀█▄▀▄ ▄█▀█▀▄  █▀█▀▀▀ ▄   ██▀▀▀ ▀ █▄▀▀▄▀██▄▀▀█
█▀▀ ▄▄ ▄█▀ ▄▀ █▀▄ ▀█▄██▄▀█▀ ▄  ▀▄██ ▀  ▄█▀▀ ▄█▀  ▀▀█  ▀▀▀██
█▄▀█▀ ▄▄▄ ▄█▄█ █▄▄▄ █▄▀█▀ █▀▀▀ ▀▄ ▄  ▄▀██▀ ▀ ██▄▀ ▀████▀▄ █
█▀▄▄  ▄▄▄ █▀  █▄▀▀▄█ ▀▄██ ▄ ▄▄▄    ▀▄██ ▀  ▀   ▄▄ ▄▄▄ █  ██
██ █▀ █▄█ ▄ ▀▄█▀█▄▄▀▀█▄█▀▀▀ █▄█ ▄▀▄▄ ▄▀█▀█▀▀███▄▀ █▄█ ▄█ ██
█▄█▄ ▄ ▄▄ █▀ ▀█▄  ▀██▀ █▄▄▀     ▀▄▄ ▀ ▄▄▀███▀▄▄▀ ▄▄ ▄▄▀▀▄██
█ ▄▀ ▀ ▄█  ▀▄▄▀█▄█▄▄█▄▀▀▀▀▄▄▄█▀  █▀█▄  ▄██▄  █▄█▀▀▀█▄█ █▄██
█▄██▄ █▄▄▄  ▀▄▄███▀ █▀▀ ▄ ▀▄  ▀ ▀▀ ▄  █ ▄▀██▀█▄▄ ▀ █ ▀▀▀ ██
█▄▄ ▀▀▄▄ ▀ █▀▄ █▀█▀▄▀▀▀█▄ █▀▀█▄▄ ▀▄█  ████▀▀ ▀▀▄▀▀ ▀▀▄▄█▄ █
██▄▄   ▄▀▀   █▀▀▀█  ▀ ▀▄▄ ▄ ▀█  ▀▄ ▄█▀█▄ ▀▀▀███  █ █▀██▀▄▄█
█▄▀█▀ ▄▄ ▄█▀█ ▀▀▄▄▀▄▄▄██▄▀█▀▄▄▀▀▀█▀█   ▄▀█ ▀ ██▄█▄▀█▄▄▄█▀██
███▄ ▄▀▄██▀▄ ▄ ▄▄█▀  ▀▀ ▀▀█▀▀▀ ▄▀████  ▄▀▄  █  ▀▀▀▀▀▀▄▄ ▄▀█
█▀▀▀█ █▄█▄▄ ▄  ▄█▄▀  ▄▀▄▀ ▄███   █▄█▄▄ █▀▀▀▀ ▀████▄ ██▄▀█ █
█ ▀ ▀▀▄▄███▄█▄▀▀▀█ ▄▄ ▄ █▀ ▀▀▀▄▄▄▀▄▀▀█▀▄▄███▀▄▀▀▀ ▄▀█▄ ▀▄██
███████▄█ █ ▀█ ▀▄▄▀▄ ▄▀█ ▀▀ ▄▄▄  ▀▄█  ▀▄▀▀ ▀▄█▀█▀ ▄▄▄   ███
█ ▄▄▄▄▄ █▄▄█▀ ▄▄▀▀█▄  ▀ ▄▀▄ █▄█ ▄▀▀▄█  ▀▄ ██▀▀█▄█ █▄█    ▀█
█ █   █ █ ▀▄ ▄▀▀▄▀  ▄█ ▀▀▄▀ ▄▄ ▄▀▀██ ▄ ▄▀▀█▀▄▀███▄ ▄▄ █▀▄██
█ █▄▄▄█ █ ▄▀ ██▀▄ █▄▄█▀█▀███▀█▀███▄  ▄▀█▀█▄▀▄▀▄▄█ ▀▄ █  ███
█▄▄▄▄▄▄▄█▄▄▄▄██▄▄▄▄▄██████▄████▄▄▄▄▄▄▄█▄██▄▄▄█▄███▄█▄▄██▄██

Scan this QR code:
▄▄▄▄▄▄▄▄▄▄▄▄▄▄▄▄▄▄▄▄▄▄▄▄▄▄▄▄▄▄▄▄▄▄▄▄▄▄▄▄▄▄▄▄▄▄▄▄▄▄▄▄▄▄▄▄▄▄▄
█ ▄▄▄▄▄ █ ██▀ ████▄ █ ██ ▄▀ ▀▄▄▄█▄ ▀ ▀▀▄█▀▀▄█▀▀▄ ██ ▄▄▄▄▄ █
█ █   █ █  █▄▀ █▄▀▄██▄▄▀▄▄▀█▄ █▀ ███▄██▀▄ ▀█▀▄ ▄ ██ █   █ █
█ █▄▄▄█ █▀ █   ▄▀█▄█▀█▀█▀   ▄▄▄ ▄ ▄█  ▀▄ ▄▄▄▀ ▄▀▄██ █▄▄▄█ █
█▄▄▄▄▄▄▄█▄▀ █▄▀ ▀ █▄▀ ▀▄▀▄█ █▄█ ▀▄█▄█ █ █▄▀ ▀ ▀▄█ █▄▄▄▄▄▄▄█
█ ▄▀█▄▄▄█▀▄▄▄▄█▄█▄▀▄█ ▄▀▄▀▀▄▄   ▄ ▄█▀ █ ▄█  █ ▀▄▀▀█▀▄▀▄  ▄█
██ ▀█▀█▄▄▄▄ ▄▄▄ ▄█▄█▀▀▀█ █ █ ██ ▀▀ ▄ ▄█▄▀▄█▄▀▀  ▄▄█▄█ ▄▄ ██
█▀▄▄▄▄▀▄█  ▄  ▀▀▀█▀ ▀▀▄▄  ▄█ ▀▀█ ▄█▄  █ ▄█▀▀ ▄ ▄▀ ▄▀ ██   █
█▄ ██▀▀▄▀█ ▀▀▄▀█ ▀▄█▀█ █▀█▀█ ▀▄████▀█ ▀▀ ▀ ▄██████▀█ ▀▄▄ ██
█▀  █  ▄███▄█▄▀ ▄▄  ▄▀▄█▀  ▄▄ ▀▀▀▄▄▄  ▄▀▄▀▀ ▀▄▄█ ▀   ▀▀ ▄▀█
█▀ █▀██▄██▀▄▄▀▀█▀▄█▀█▄▄▄█▄ ▄▀█▄ █ ▀█▄█▀ ▀▄  ████▄█ ▄▄▄▄▄▄██
█ ▄█▄  ▄█▄▄█ ▀▄ ▀▀▄▄▀ ▄█▀▄▄█▄▀▀ █ ▀█ ▄▄  ▀▀ ▀ ▀█▄▀▄▀▀▀█ █▄█
█ ▄██ ▄▄▀ ▄  ▄█▄▄█▀█▄█ █▄ ▀ █▄ ▀██▄█▀▄█ ▄  ▄█▄▄▄▀▄ ▄  ▄▄▀██
███▀█▀▄▄██▄█▄▀ █▀█   ▀ █  ▄▄▄▀█▀▀█▀ ▄▄▄▀▄██▀▀ ▀█▄▀▄▀ ██ ▀▀█
█  ▀▀ ▄▄▄ ▄▄ ▄▄▄█▀▀  ▀▄ ██▀ ▄▄▄   ▄ ▀▄▀▄▀▄█▄▄█ █▀ ▄▄▄ ▄█ ▀█
█▀▀█▄ █▄█ █ ▄▄▄▀▄▄▄▀█ ▀█▀   █▄█ ▀ ▀█  ▄  █▄ █▄▀▄▄ █▄█ █▄▀██
██▀█ ▄▄▄▄▄▄ ███▀▀▀ ██▄▀ █▄▄ ▄   █▄█▄▄▄█ ▄█▀▄██  █▄ ▄  ██ ▀█
█ █ ▄██▄▀▀▀▀█▄█  █ ▄▀▀▄█  ▀▄▀▄▀ █ ▄█▄▄█▀▄█  █  ▄▀█▄█ █▀▀▄██
█ ▄▄█ ▀▄▀█ ▀▀█▄ ▀ ▄█▄▀█ ██▄▄▄▀▄█▀█▄▀ ▄  ▄▀█  █▄ █▀ █ ███ ██
█▀▀█ ▀▄▄██▀▄▀▀▀█▄█▄▄▄▄▄█▄  ▀▄█▄▄▀▄ █▄▄█▀▄▀▀ █▄ ▄▀██  █▀▄ ██
█ ▀█▀ ▄▄▄▀▀▄█▄██▀ ▄▀▀  ▄▀██ ▀ ▀▀ █  ▀█▄█▄█ ▄ █▄▀▄▀▄▀ ▄▄▄▄▄█
█▄▀▀▀█▀▄ ███ ▄█ ▄▄  ▀▀▄▀▀▀ ▄ ▄ ▄▄ ▄█▄ ▄▀▀█▀ ▀ ███▄▄▄▀▄▄▄ ▄█
██▀▄█▀▀▄█▀██▀▄▀██ ▄█▄ ▀█▄██▀ ▄█████ ▄▄  ▄ ▀▄ ▀ █▄▀ █▄ ▄▄▀██
█ ▀▀ ▄█▄█▀  ▄ ▀▀ █▀ ▀▀▄▄   ▀ █ ██  █▄▄▄▀ █▄▀▄ █▄▀█ █ █ ▀ ▄█
█ ▀ ▀▀▄▄█▄▀ █▀█▀ ▄ ██▄▀   ▄▄ ▄▄▀▀ ▄████▀ ▀▀ ▀ ▀█▄█▀▀██▀█ ▀█
███████▄▄ ▄ ▀▀█▄ ▄  ▄▀▄▀▀▀▀ ▄▄▄ █▄▀█ ▄█  █▀ ▀▄▀█▀ ▄▄▄ ██▄▀█
█ ▄▄▄▄▄ █▀▄█▀ █ █ █▄ ██ ███ █▄█ ▀█▀▀ ██  ▀ ▄▀▀  ▀ █▄█ ▄▄ ██
█ █   █ █▄ ▀   █▀▀▀▄▀  ▀▀▄█▄▄  ▄█▄ ▄  ▀ ▄█   ▄ ██ ▄ ▄▄█ ▀ █
█ █▄▄▄█ █▀█  ▀  ▄█▄▀▄█ ▀▄ █ █ ▄ ███▄██ ▄█▄▀▄ ▀ █▀█ ▄▀ █████
█▄▄▄▄▄▄▄█▄▄▄█▄▄█▄█▄▄▄█▄█▄▄█▄▄██▄███▄▄▄▄████▄▄▄▄▄▄▄█▄██▄██▄█

Scan this QR code:
▄▄▄▄▄▄▄▄▄▄▄▄▄▄▄▄▄▄▄▄▄▄▄▄▄▄▄▄▄▄▄▄▄▄▄▄▄▄▄▄▄▄▄▄▄▄▄▄▄▄▄▄▄▄▄▄▄▄▄
█ ▄▄▄▄▄ █▀█▄▄ ▄ ▀██ ▄█▄█▄▄ ██▀ ▄▄ ██▀ ▄▀▀█▄▄ █▄▄ ██ ▄▄▄▄▄ █
█ █   █ █▀▄ ▀ ▀████▀▄█▄▄  ▀█▀▄▄ ▀██ ▀ █▀█▄▀▄ █ ▄ ██ █   █ █
█ █▄▄▄█ █▀▄▀██ ▄▄███▄ ▀▄▀ █ ▄▄▄  █▄▀ █▄▀▄▄▀▄  ▀▀▄██ █▄▄▄█ █
█▄▄▄▄▄▄▄█▄█▄█▄█▄▀▄▀ ▀ █ █ █ █▄█ ▀▄█ ▀▄█▄█ ▀ ▀ █▄▀▄█▄▄▄▄▄▄▄█
█ ▄   ▀▄▄▄▄▀▀▀ █▄▄█▄ █▀█ ▀ ▄▄▄  ▀█▀█▀  █▀█▄▀██▄▄▀  █▄█▄▀ ▀█
██▀▀▀ ▄▄ ▄▄ █▄▄ ▄▄▀ ▀▀▀ ▀▀ ██▀▀█▀▀ ██▄██ ▄ ▀▀ ▄ ▄▄█▄█▄▀▀▄▀█
█▀▄▄ ▀█▄▄▀▄▀ █▄▄█▄▀ ▀█▀▄  █▄▀▀▀██▀██▀▄▀▄▀▀▀ ▀▀█▄█▀ █▀██ ▀▀█
███▄ ▀ ▄███  ▀██▄▄▄█▀▄ ▄▄▄▀█▀█▀▄█▀ █▄   ▄█ █ ▀▄▄▄ ▄▀▄▀▄ ███
█   ██▀▄█▀▀▄  ▄▀▄█▄ ▀▄█▀▄▀▀█▀   ██▀█▄▄▀▄▀▀▀▀██▄█▀▀▀█▀█▀▀███
█▄█▀▀ █▄ ▀▀▀██▀█▄▀▀█▀▄ █ ▀▄▄▀  ▀▀ ▀▄▄█ █▄▄▄ ▄ ▄▀  █▀  ▀▀ ██
███▄█ █▄ ▀▀▄█▄▀█▄▀▄ ▄█▀█▀▄  █▀█▀▀▀ ▄   █▀█▀▀ ▀ █▄▀ █▀██▄▀▀█
█▀▀ ▄ █▄▀▀█▀█▀█ ▄ ▀█▄██▄▀█▀ ▄  ▀▄██ ▀  ▄▄▀▀ ██▀  ▀▄▄  ▀▀▀██
█▄▀█▀▄▀▄ ▀██▀▄█▀▄▄▄ █▄▀█▀ ██▀▀ ▀▄ ▄  ▄▀██▀ ▀ ██▄ ▀ ▄▀▀█▀▄ █
█▀▄▄  ▄▄▄   ▀ ▄▀▀▀▄█ ▀▄██ ▀ ▄▄▄   ▄▀▄██▄▀  ▀  ▄ █ ▄▄▄ ▀  ██
██  ▄ █▄█ ██▀▄ ██▄▄▀▀█▄█▀▀█ █▄█ ▄▀▄█ ▄ ▄▀█▄ ██▄█▄ █▄█ ▀▄ ██
██▀▀█▄▄▄▄ █▀ ▀█▄  ▄▄█▀ ▀▄▄ ▄    ▀▄█▀█▄▄ █▀ ▀█  ▄ ▄  ▄▄ ▀▄██
█ ▀▄▄▀ ▄▄▄ ▀▄▄▀█▄▄▄▄ ▄█▀▄▀▄▄▄█▀  █▀█▄ ▄█▀█▀▀ ███▀ ▀█▀▄ █ ██
█▄▀▄▀ █▄ ▄  ▀▄▄█▄▄▀  █▀   ▀▄▀▀▀ ▀▀ ▄▀█▄ ▄ █▄▀ ▄▄ ▀ ██ ▀▀▄▀█
█▀█ ▀▀▄▄ ▀ █▄▀ █▀█▀▄▀▀▀█▄ █▀▀█▄▄▀▀▄██▄██ ▀▀▀ █▀▄▀▀ ▀▀▄▄██ █
██▄▄   ▄▀▀▄ ▄ ▀▄▀█  ▀ ▀▄▄ ▄ ▀█▄ ▀█ ▄█ █▄  ▀▀███  █ █▀██▀▄▄█
█▄▀█▀▀█▄ ▄▀▄▀ ▄▀▄▄▀▄▄▄██▄▀█▀▄▄▀▀▀█▀█   ▄▀█ ▀ ██▄█▄ █▄▄▄█▀██
███▄ ██▄██▄▄▀ ▀ ▄█▀  ▀▀ ▀▀▀▀▀▀ ▄▀█▀██  ▄▀▄▄▄█  ██▄ ▀▀▄█▀▄▀█
█▀▀   █▄█▄▄▀▄ ▄▀█▄▀  ▄▀▄▀ ▄▀██   ██▄▄▄▀█▀▀▄  ▀▄▄████▄█▀▀█ █
█ ▀ ▀▀▄▄▄▄█▄█▄▀▀▀█▄█▄ ▄██▀▀▄▀▀▄▄▄▀▄▀█▀█ ▄█ █▀ ██▀█▄▀▀▄█ ▄██
███████▄█▀█ ▀█ ▀▀▄▄  ▄██▄▀▀ ▄▄▄  ▀▄█   █▀▀▄▀▀██▄▀ ▄▄▄  ▀█▀█
█ ▄▄▄▄▄ █▄▄█▀ ▄▄▄██▄▀▄▀   ▄ █▄█ ▄▀▀▄▄█▀▀▀▀▄█▀▄██  █▄█    ██
█ █   █ █ ▀▄▄█▀▀▄▀  ▄█ ▀▀▄▀    ▄▄▀██ ▄ ▄███▀▄▀███▄ ▄ ▄█▀███
█ █▄▄▄█ █  █▄▄█ ▄ █▄▄█▀█▀████▀▀█▄█▄  █▀█ ▄▄▀█▀▄▄█ ▀▄█▀  ███
█▄▄▄▄▄▄▄█▄█▄███▄▄▄▄▄██████▄████▄▄▄▄▄▄▄█▄██▄▄▄█▄███▄██▄██▄██

Scan this QR code:
▄▄▄▄▄▄▄▄▄▄▄▄▄▄▄▄▄▄▄▄▄▄▄▄▄▄▄▄▄▄▄▄▄▄▄▄▄▄▄▄▄▄▄▄▄▄▄▄▄▄▄▄▄▄▄▄▄▄▄
█ ▄▄▄▄▄ █▀ █▀  ▀▀▀█ ▄▀ █ ▄▄█▄▄▄▄ ▀▀▀▄▄▄█ ▄ ▄▀█▄▄ ██ ▄▄▄▄▄ █
█ █   █ █▀  █  █▄█▀ ██▄▄ ▀▀█▄█ ▄ ▄█ ▀▀█▀█▄▄ ▀█ ▄ ██ █   █ █
█ █▄▄▄█ █▀▀▀▄ █▀▄█▄█▄ ▄█▀ █ ▄▄▄ ▀ ▀██▀▄▀█▄▄▄▄▀▀▀▄██ █▄▄▄█ █
█▄▄▄▄▄▄▄█▄█▄▀ ▀ ▀▄▀ ▀ ▀ █ █ █▄█ ▀▄█ ▀▄█ █ █▄▀ ▀ ▀▄█▄▄▄▄▄▄▄█
█  ▄ ▄▀▄  ██ █ ▀ ▄▀▄ █▀▀▄▀ ▄    ▀█▀█▀  █▀█   █▄▄▀▀ █▄█▄▀▄▀█
█  ▀██ ▄▄█▀▀▄█▄ ▄ ▀ ▀▀▀ █ ▀█ ▄ █▀▀ ██▀█▄▀▀▄▀▀▀▄█▄▄█▄ ▀▀▀ ██
█▀▀▀█▄▀▄▀█▀▄  ▄▄▄█▀ ▄▄▀▄  ▀ ██▀██▀▀▄  ▀▄▀█▄▀█▀▀█  ▀▄▀▀▀ ███
█▀▀  ▄▄▄ ▄ ▄▄▀▀█ ▄▀▀▀█ ▀▄ ▀█▀██▄███ ▄█ ▄▄  ▀▀██ ▄▄▀█▀█   ██
█   █  ▄   ▄█▄▄█▀▄ ▄▄▄▀█▀▀█▀▀ ▀ ▄▀▀▄ ▄ ▄▀█ ▀ ███ ▀███▀▀▀█▄█
███ ▄  ▄██▀▀▀▄▀█▄▀ ▄▄ ▄▀▀  ▄▀ ▀▄█▄▀ ▄▄  ▀█▄█▄▄▄▀▀  ▄▄▀▀▀▄▀█
█ ▀ ▀▀▀▄ ▀▀█  ▀█▄▀▄▄▄█▀█▀▄▀ ▀▀▀  █▄█▄▄▀██▀▀  ▀▄█▄▀▀█▄▀█   █
██▄██▀▀▄█  █▄▄██▄ ▄ ▄█  ▀█▀ █▀█▄▄█▄ ▄▀█ ▄██▀██▄▀▄▀▀ ▄▀▀▀▀██
██ ▄ ▄ ▄▄▄ ▀█▄▄▄▄█  █▄██  █▀▀▀█▀▄ ▄ ▄▄▀▄▀██▀▄█▄█  ▀█▀▀█ ▄▄█
██ ▀▀ ▄▄▄ ▀▀█▀▀▀█▄▄█ ▀▄█  █ ▄▄▄    █▄▀▀▄▀▀ ▀▄█▄▄  ▄▄▄ ▀  ▀█
█▀▄▄█ █▄█ ▄▄▄▄▄█▀▄▄▀ █▄█▀ █ █▄█ ▄██▄   ███▀▀ ▀▀▄█ █▄█ ██▄ █
█ ▀█▄▄ ▄▄ ▄█  █▀▀▄▀ █▄██ ▀▄ ▄▄▄▄█▄▄ ▀██▀▄▄███▀▀  ▄▄  ▄▀  ▀█
█ ▄ ▄██▄▀▄▄▀█▄ █▄▄▄▄▀▄██ ▀▄▀▄▄▀  █▀█▄ ▀▄███▀ ▀▄▄▀▄▀ ▄█▀▀█ █
█  ▄ █▄▄▄▀ ▄▄ ▄  ▀▀ ████▀█▄▄▀ ▀ ▀▀▄▄▄▀▀  ▀ █ ███ ▄ ██    ▀█
█▀▄ █▀▄▄  ▄▄ █▄ ▀█▄▄▀▀▀█▄ █▄▀█ █▄███▄▄ ▄██▀  ▀█▄▀█ ███▀▄█▀█
██▀█▀█▀▄▄▀█▄ ▀█▀▀█▀▄▀  ▀▄ █ ▀█   ▄ ██▀▄█▄▀█▀▀▄▄▄▀▄▄▀ ▀▀▀▄▄█
█▄▄▄▄▄▀▄█ ▀█  █ ▀▄  ▄▄▀▀▀▀█▀█▄ ▄▀█▀█▄ ▀▄▄█▀ ▄█ ██▄█▀▄▄▄▄█▀█
█ ▀▄█ █▄█▀▀ ▀ ▄ ██▀ ▄ ▀ ▀ █▀ ▀  ████▀▀  ▄█ ▀ ▀▄▄█▄▄▀▄█▀▀▀██
█ ▄▄▄▄▄▄▄▀█▀▄ ▄███▀ ▄▄▀▄  █▀██ █ █ █▄▄▀▄██▀ ▀█ █▀█▄▄█▄▄██▀█
█ ▀ ▀▀▄▄█▄▀█ ▄█▀ ▀ ▄█▄▄▀██▄█ ▀▀▄▀ █ ▄▄█▄ ▄  █ ▄▄▀▄▄█▄    ▀█
███████▄█ ▀ ▀▀ ▀▄█▄ ▄▄▀█▀▀▄ ▄▄▄  ▀▄█   █▀█▄  ████ ▄▄▄ ███ █
█ ▄▄▄▄▄ █▄▄ ▄██ █▄ ▀▀▄██ ██ █▄█ ██▀▄▄▄█▀▄▄▄▀▄▀ █▄ █▄█ ▀▀▄▀█
█ █   █ █ █▀▄██ ▄▀▀▄▄██▀▀▄     ▄▄▀█▄  ▄██▀  ▀▀██▄  ▄  █ ▄██
█ █▄▄▄█ █  █▀▀▀▄▄ ▀▄▄█ ▄▀██  █▀█▄██▀▀▀ ▄█▀▄▀▀   ▄  ▄ █  ███
█▄▄▄▄▄▄▄█▄██▄▄▄███▄▄█▄██▄▄▄████▄▄▄▄▄▄▄█▄▄██▄███▄▄▄▄███▄█▄██

Scan this QR code:
▄▄▄▄▄▄▄▄▄▄▄▄▄▄▄▄▄▄▄▄▄▄▄▄▄▄▄▄▄▄▄▄▄▄▄▄▄▄▄▄▄▄▄▄▄▄▄▄▄▄▄▄▄▄▄▄▄▄▄
█ ▄▄▄▄▄ █  ▄▄ ▀█ █▄▀▄  ▄▄▄█  ▀ ▄▀█ █ ▄▀▄▀ ▄  ▀▀▄ ██ ▄▄▄▄▄ █
█ █   █ █ ▄█▄▀▀█▄  ▄██▄▀▄▄▀█▀▀▀█▀▄██▄██▀█ ▄▀ ▄ ▄ ██ █   █ █
█ █▄▄▄█ █▀█▀▄██▀▀███▀█▄▄▀   ▄▄▄ █ ▀▀ ▀▀▄▄ ▀▄ █▄▀▄██ █▄▄▄█ █
█▄▄▄▄▄▄▄█▄█▄█▄█▄▀ █▄▀ █▄▀▄█ █▄█ ▀▄█▄█ █▄█▄█▄▀ █ █ █▄▄▄▄▄▄▄█
█  ██▄▄▄▀█▀ ▀▀█ ▀▄█▄█ ▄█ ▀▀▄ ▄  ▄ ▄█▀ █ ▄█▄▀  ▀▄  █▀▄▀▄ ▄▄█
█ ▀▀▀▄▀▄ █▀█  ▄ ▄▀▄█▀▀▀█▄▄ ▄▀▄▄ ▀▀▄▄ ▀▀█ ▀█▄▀  ▀▄██▄█▄▄▄▄▀█
█▀▀█▀▀█▄▀ ▀▄ █▀▀ ▄▀ ▄ ▄▄     █▀█ ▄ ▄▀▄█ ▄▀▀▀▄▄▀█  █  ██ ▄▄█
█▄▀▄ ▄█▄█▄███▄██▄▀▀█▀▄  ▀▀▀█▀  ▀█▀▀▀▀▀█▀ ▄ ▀ ▀▀ █▄▄▀▄▄█████
█▀▄███▀▄ ▄▄▄  ▀▄ ▄▄▄▄▀▄█ ▀▄ ▄ ▀▀  ▄█▄ █ ▄█ ▀█▄ █▀▀▄ ▄█▀ ▄▄█
█▀▄▀▀█▄▄ ▀▀▄  ▀██▀▄ █▀   █▄▄▀██▄█▄▀▀█ ▀█ ▀▀▄▄ █████▀ █▄▄▀██
██▄▀ █▄▄█▄▄▄  ▄ ▀▀▄ ▀ ▄█▀▄██ ▀█▀█▄█▄  █  █▀▀█ ██▄▀▄▀▄██▄▄▄█
█▄▀ ▄▄▄▄▀██▀█▄ █▄█▄ ▄██▀▄ ▀ ▄██▄█▄████ ▄▄▄▄███▀██▄█ ▄█▄▄▀██
█▄▄ ▄█▄▄▄ ██▄██▄▀▄▄  ▀▄█▀ ▄▄▄▀ ▀▀█▀  ▄▄  ▀ ▀█  ▄▀▀▄ ▀██▀▀██
█▄▄▄  ▄▄▄ ▄▄▀▄ ▀▀▄▀  ▀▄  ██ ▄▄▄     ▀ █▄▀█▀    ▀▄ ▄▄▄ ▄█ ██
███ ▀ █▄█ ▀▄▀▄██ ▄▄▀▄ ▀█▀▀▄ █▄█ ▀▄ █ ▄▀ ▄█    █▄▄ █▄█ ▀▀█ █
███▄▄ ▄▄ ▄█▄█▄█▄ ██▄█▀█ ▀▀▀▄ ▄▄▄▀▄██ █  █ ▄▄█  █▀   ▄ █▄▄██
█▄█▄▄▀ ▄▀ █▀▄▄▄ ▄▄▄ ▄▀▄▀ ▀▀▀▄▄▀ █ ▄█▄▄█  █ ▀▀▄████▄ ▀█ ▄█ █
█ ▀▄▀█ ▄▄  █▄▀▄█  ▄█ ▄▀█▄▄▀▄ █▄██▀ ▀▄▀█ █▄▀▀█▀█▀▄▄ █▀ ▄▄ ██
█  █▄▀▄▄█▄██  █ ▄█▀▄▄▄▄█▄  ▄▄█▀▄▀ ▀██   ▄▀▀▀▀ ▄▄▀▀█▄▄▄▄█▀██
█ ▄▄ ██▄▀▀▄▄▀ ▀▄▀ ██▀ ▀▀▀█▄ ▀ ▄▀ ▄ ▀▀██▄▀▄▄▄▄▄███  █▀  ▄▄▄█
█▄▄ ▄ ▀▄█▀ ▀███▀▀▄▀▄▀▀ █▄▀ ▄▀▄▀▀▄ ▄█  █▀▄█ ▀█  ▄█▄▀▄▀▄▄█▄ █
█ █▄ ▄▀▄██ ▀▄█  ▄ ▄█ ▀▀█▄▄█▀▀▄█▀▀██  █ ▄▀▀▀██  ▄▄▄ █▀▀▀▄▄▀█
█▀▄▀█▀▄▄▀ ▀█▄ ██ ▄▀ █▀▄▄▀  ▀ █  █  █▄▄█▀▄▀▀▀█▄▄▄▀▀   ▄ ▀ ██
█ ▀ ▀▀▄▄▄ █▀ ▀▀▀▀ ▄▀▄ ██ ▄▀▄▀▄▀▀▄▀██▄▄ █▄▄  ▀▄▀▀▄▀▀▀▀▀▄▄▄██
███████▄█▀  ▀██▄ ▄ ▄▄▀▄▀▀▀▄ ▄▄▄ █▄▀█▄ █▀▄▀▀▀█ ▀▄█ ▄▄▄ ▀   █
█ ▄▄▄▄▄ █▀▄ ▄█▄▄▄▀ ▀ █▀█▄▄▄ █▄█ ▄█▀▀█▀ ▀██ ▀▄▄▄▀  █▄█ ██ ██
█ █   █ █▄▄▄▀▄▄▄▀▀  ▀ █▀▀▄▄▄▄  ▄▀▄ ██ █▀▀██▀█▄ █▄▄▄   █▀  █
█ █▄▄▄█ █▀█▄▀  ▀▄█ ▀▄█▀ ▄ ██▀ ▄ ▄█▄█▄ ▀█  ▀▄█▀▄▀ █▀▄▀ █████
█▄▄▄▄▄▄▄█▄█▄███▄█▄▄▄▄▄▄████▄▄██▄███▄▄▄▄█▄█▄▄█▄█████▄▄████▄█

Scan this QR code:
Scan this QR code:
▄▄▄▄▄▄▄▄▄▄▄▄▄▄▄▄▄▄▄▄▄▄▄▄▄▄▄▄▄▄▄▄▄▄▄▄▄▄▄▄▄▄▄▄▄▄▄▄▄▄▄▄▄▄▄▄▄▄▄
█ ▄▄▄▄▄ █▀ █▀   █▀▄▀ ▀ █  ▄█▄▄▄▄ ▀███▄▄▀▀█▀▄ ▄▄▄ ██ ▄▄▄▄▄ █
█ █   █ █▀  ▀▄ ███▀ ▄▄▄▄▀▀▀█▄█ ▄▀▄█ ▄▀█▀██▄  █ ▄ ██ █   █ █
█ █▄▄▄█ █▀▀▀█▀█▀▄█▄█▄ ▄█▀ █ ▄▄▄ ▀▄▀█ █▄▀▄█▄▄ ▄▀▀▄██ █▄▄▄█ █
█▄▄▄▄▄▄▄█▄█▄▀▄▀ ▀▄▀ ▀ ▀ █ █ █▄█ ▀▄█ ▀▄█ █ █▄▀ ▀ ▀▄█▄▄▄▄▄▄▄█
█  ▄ ▄▀▄ ▄ ▄▄█ ▀ ▄▀▄ █▀▀▄▀ ▄    ▀█▀█▀  █▀█   █▄▄  ▄█▄▀▄▀▄▀█
█  ▀██▀▄▀▄▀▀▄▄▄ ▄ ▀ ▀▀▀ █  ▄   █▀▀ ██▀█ ▀▀ ▀▀▀ █  ▄▄▄▀▀▀ ██
█▀▀▀█▄▀▄ ▄▀   ▄▄▄█▀ ▄▄▀▄   ▀█▀▀██▀██  ▀█▀█▀ █▀ █ ▀▀▄ ██ ███
██▄█▄▄▄▄ ▄ ▄▄▀▀█ ▄██▀█▀ ▄ ▀█ █▀▄██ ▄▄▀█ ▄ █▄▀█▀  ▀▀█▀█ ▀ ██
██▀▄▄  ▄   ▄█▄▄██▄  █▄█▀  █▀▀ ▀ ▄▀▀█ ▄▀▄▀█▀ ▄███ ▀███▀  ▀▄█
█▄█▄ ▄▄▄██▀▀▀▄▀█▀█ ▄█▀▄▀ ▀ ▄▀ ▀██ ▀ ██  ██▄▄▀ █ ▀  ▄▄▀▀▀ ▀█
██▄ ▀▄ ▄ ▀▀█▀▀▀█▄▀▄▄▄█▀█▀▄▀ ▀▀▀ ▄▀▄█▄ ▀███▀ ▀█▄█▄▀ ▄▄▀█ ▀ █
██▄██▀█▄▀▄▄█▀▀██▄ ▄ ▄█  ▀█▀ █▀█▄██▄ █ █ ███▀█▄▄▀▄▀▄▀ ▀▀▀▀██
██ ▄  ▄▄▄█   ▄  ▄█  █▄██  █▀▀▀█▀▄ ▄ ▄▄▀▄▀██▀▄█▄█ ▀▄█▀▀█ ▄▄█
██ ▀▀ ▄▄▄ ▀▀▄ ▄▀█▄▄█ ▀▄█  ▄ ▄▄▄    █▄▀▀▄▀▀▄█▄█  █ ▄▄▄ █  ▀█
█▀▄▄▀ █▄█ █▄▄▄▄▄▀▄▄▀ █▄█▀ ▀ █▄█ ▄██▄  ▄▄██ ▀ ▀ █▄ █▄█ ▄█▄ █
█▄▄██▄▄▄▄ ▄█  █▀▀▄▀▄█▄█▀ ▀▄▄▄▄▄▄█▄▄▀███▄▄ ▄ ▀▀▀     ▄▄▀  ▀█
█▄   ██▄▄ ▄▀█▄ █▀▄▄▄ █▄▀▄▀▄▀▀▄▀  █▀█   ▄▀▀  ▄▀███ ▀ ▄▄▀▀█▄█
█ ▀ ██▄▄▀▄ ▄▄ ▄ █▄▀ ▀ ██▀ ▄▄▄▄▀ ▀█▄▄ ▀▀ ██▀█ █▄█▀▄ ███   ██
█ █ █▀▄▄  ▄▄▄▄▄ ▀█▄▄▀▀▀█▄ █▄▀█▀█ ▀██▄  ▄▀█▀  ▀█▄▀█ ███▀▄▄ █
██▀█▀█▀▄▄▀▀ ▄▄█▀▀█▀▄▀  ▀▄ █ ▀█  ▀█ ██▀▄█▄▀█▀▀▄▄▄▀▄▄▀ ▀▀▀▄▄█
█▄▄▄▄█▄▄█ ▄▀█▄▄ ▀▄  ▄▄▀▀▀▀█▀█▄ ▄▀█▀█▄ ▀▄▄█▀ ▄█ ██▄▀▀▄▄▄▄█▀█
█ ▀▄██ ▄█▀▄█▀▄▀▀██▀ ▄ ▀ ▀ ▀▀ ▀  ███▀▀▀  ▄█▄▀ ▀▄▄█▄▄▀▄█  ▀██
█ ▄▄█▀ ▄█▀ ▄▄  ▀██▀ ▄▄▀▄  █▄██ █ ███▄▄▄▄██▀▀▀██▄▀█▀▄▄▄▄▄█▀█
█ ▀ ▀▀▄▄▀▄▀█ ▄█▀ ▀▄██▄▄▀██▄  ▀▀▄▀ ▄ ▄▄▄▄▄ ▀ ▀ █▀██ ▀▄██  ▀█
███████▄█▀▀ ▀▀ ▀█▄▄▄▀▄▀▀▀▀▄ ▄▄▄  ▀▄█ ▄ ▄▀█▀▀█▀▄█▀ ▄▄▄ ▄██ █
█ ▄▄▄▄▄ █▄▄ ▄██ █▀ ▀▄ ██ ▀█ █▄█ ██▀▄███ ▄▄█ ▄  ▄█ █▄█ ▀▀▄▀█
█ █   █ █ █▀███ ▄▀▀▄▄██▀▀▄     ▄ ██▄  ▄█▀█  ▄████  ▄▄ █ ▄██
█ █▄▄▄█ █ ▄ ▀█▀▀▄ ▀▄▄█ ▄▀██ █▀▀█▄▄█▀▀▀ ▄▄ ▄▀▀   ▄  ▄▀█  ███
█▄▄▄▄▄▄▄█▄▄▄▄▄█▄██▄▄█▄██▄▄▄█▄██▄▄▄▄▄▄▄█▄▄██▄███▄▄▄▄█▄█▄█▄██

▄▄▄▄▄▄▄▄▄▄▄▄▄▄▄▄▄▄▄▄▄▄▄▄▄▄▄▄▄▄▄▄▄▄▄▄▄▄▄▄▄▄▄▄▄▄▄▄▄▄▄▄▄▄▄▄▄▄▄
█ ▄▄▄▄▄ █▄▀▄ ▄▄███▀▄▄▀▀█   ▀▀▀▄ ▄▄▀███ █▄ █    ▄ ██ ▄▄▄▄▄ █
█ █   █ █ █▀█▀ █▄██ ▄▄██▀  █ █▄▀ █▄▀▀▀▄▀██▀█ █▀▄ ██ █   █ █
█ █▄▄▄█ █▄██▀▀▄█▀▀▄  ▀▄  █▀ ▄▄▄  █▀█▄▄  ▄  ▀ █▄▀▄██ █▄▄▄█ █
█▄▄▄▄▄▄▄█▄▀▄▀ █ █▄█▄▀▄▀ ▀▄█ █▄█ ▀ ▀ █ █ ▀ █▄▀▄▀▄█ █▄▄▄▄▄▄▄█
█ ▄  █▀▄█▄▄▄ ▄▀█████▀█ ▄  ▀▄▄▄   █ ▄▀▀▀█ ▄▄ ▄███   █▀ ▄ ▀ █
█ █ ▄█▄▄▀▄█ █▀ ▀▀  ██ ▄▄ ▄▀▄▄█  █ █▀▄▀▀▄█ █ █▀▀ █▀▀▄▀▀ ▄  █
██▄▀▄▀▀▄ █ ▄▄▀▄ ▀▄█▄▀▀█▄▄▄▄ ▀▀█▀██▄▄█   █▀█▄▀█▀▄█▄ ▀▀█▀▄▀██
█▀█▀▄  ▄█▄▄▀  ▄███ ▄ ▄█▄▄█ █▀▄██▄▀ █▄█ ██▄▄█▀█▄▄█▀█▀█▀▀ ▄██
███▀█▀ ▄▀ ▄ ▀█  ▀ ██ █▀█ ▄█▄▄▄ █▀▄▄▀▀█▄█ ▀ █     ▄█▄▄▀ █▀ █
█ █▀█▄█▄ ██▀▀▀▀▀▄██▀▄█▄█▀▀▄ █ ▄▄▀▄█▄▀ ▀ █▀▀▄▀ ▀▀▄▄█▀▄ ██ ▀█
█▄ ▄▄  ▄▀▀ █ ▄ ██ ▄▀██ ▄▀█▀ ▄ █ ▀▀▀█▄█▀█  ▀ ██▀▄▄ ▀█ ▄██ ▀█
█▄█▀▀▀▀▄█▄█▄█ ▄ ▀▄   ▄    █▀▀▄▀▄ ▄ ▄▀█▄█ █ █▀█▄▄▀▄██▀  ▄█▄█
█ ▀▀█▄ ▄▄▀▀█▀▄ ▄ ▄ ▄█ ███▄▀▀█▀▄█▄▄  ▄ ▀▀▀▀▄█ ▀▀▄ █▀ ██▀█▄▄█
█ █▄▀ ▄▄▄ ▄▀▄█    ▄▄▀▀█▄█▀█ ▄▄▄ ▀ ▀▄▄▄   ▀▄ ▀ ███ ▄▄▄ ▀▀▀██
█ ▄██ █▄█ ██ ▀█▄  █▄█▄▀▀ ▄█ █▄█     ▀▀██▄▀▀▄▀▄    █▄█ ▄▀▄▄█
██▀▄▀ ▄▄ ▄▀▀▄██ ▄ █▄██ ▄    ▄ ▄▄▀  ▀█ ▀▀█▀▄█▀▄▀▄  ▄▄▄  █▄▀█
█▄▀▄▄  ▄▀▄▀ ▄█ █▄▄ █ ▄█   █▄ █▀▀▀█ ▄▄█ ▄▄ ▀ ▀█▄█▀█ █▄▄ ▄▀▀█
██▀▀▀▄▄▄ ▀█▄ ▀ ▄▄▀ █▄▀▄▄ ▄██▀▄ ██▄█ ▀▄▀▀██▄ ▄▀▀  ▄▄▄▄  ▄  █
█▀█▄█▀ ▄ █▄█▄  ▀███ ▀███ ▄████   ▀ █▄▄█▀█▀██▀▀█▄██ ██▄ ▀███
█▄█▄▀▀ ▄ ▀█▄▀█▄▄ ▄ ▀   █▄▀█  ▄██▀█▀██ ▄▄▀ ▀ ▄▄▄▀ ▄▀█ ▄█ █▄█
█▀█▄▄▄▄▄▄█████▄▀▀  ▀ █ ▀█▄▀ ▀  ▄█▄▄▀▀█▄█▄▀▀▄▄▄  ▄▀█▄▀ ▀▄█▄█
█▀█ ▄ ▄▄█▀ ▄▄▀▀▀ ██▄ ██ ██▀██▀▄ ▀▀██▀▄▄▄█▄ ▄█▄▄▀██ ▀█▄▄▄▄██
█  ▀▄ █▄▀▀  ▄▀ ▄▄█▀▀▀▄ █▀▀▄▀▄▄ ▀▀███▄█▀█    ▀▀███ █▄▄█ ▀▄ █
█ ▀ ▀▀▄▄ ▄  ▄▀█ ▄▀▄  ▀██▄▄▄█▄██▀  ▀█▄▄█▀▀▀▄█▀██ ▀▀▄▄▄ ▀▄ ▄█
███████▄█ ▀ █▀ █ ▄▄▄▀ ▄▀██▀ ▄▄▄  █ █  ▀ ██▄█ ██▄▀ ▄▄▄ █▄▀▀█
█ ▄▄▄▄▄ ███▄▀▀█▄  ███  ▀  █ █▄█ ▀▀ █▀ ▀  ▀██▄▀▄█▄ █▄█  ▀█▀█
█ █   █ █▀▄   █ ▀█▀█ ▄██ ▀█ ▄      ▀▀█▄█ █▄▄ ▄ ▀▄ ▄▄▄ ▄▄▀▄█
█ █▄▄▄█ █ ▀█▄ ▀▀  ▀ ▄▀███▀█▀▀▀█▀█▀  █▀▀▀▄▄ █▄▄ ▄▀▄▀ ▀█▄▄█▀█
█▄▄▄▄▄▄▄█▄█▄▄▄▄███▄█▄█▄▄█▄███████▄██▄█▄▄▄▄▄████▄█▄███▄█▄███

Scan this QR code:
Scan this QR code:
▄▄▄▄▄▄▄▄▄▄▄▄▄▄▄▄▄▄▄▄▄▄▄▄▄▄▄▄▄▄▄▄▄▄▄▄▄▄▄▄▄▄▄▄▄▄▄▄▄▄▄▄▄▄▄▄▄▄▄
█ ▄▄▄▄▄ █▀ █▀   █▀▄  ▀ █▄▄▄█▄▄▄▄ ▀████▄▀█ ▄▄█▄▄▄ ██ ▄▄▄▄▄ █
█ █   █ █▀  ▀▄ ██▄▀ ██▄▄  ▀█▄█ ▄ ██ ▀ █▀▄▄▄  █ ▄ ██ █   █ █
█ █▄▄▄█ █▀██▄██▀▄█▄█▄ ▄█▀ █ ▄▄▄ ▀█▀██▄▄▀ █▄▄ ▄▀▀▄██ █▄▄▄█ █
█▄▄▄▄▄▄▄█▄█▄▀▄▀ ▀▄▀ ▀ ▀ █ █ █▄█ ▀▄█ ▀▄█ █ █▄▀ ▀ ▀▄█▄▄▄▄▄▄▄█
█  ▄ ▄▀▄ ▄▄██▄ ▀ ▄▀▄ █▀▀▄▀      ▀█▀█▀  █▀█   █▄▄   █ ▀▄▀▄▀█
█  ▀█▄ ▄▀▀▀ ▀█▄ ▄ ▀ ▀▀▀ █  ▄ ▄ █▀▀ ▀█▀▀ ▀▀▄█▀▀ █▀▀▄▄█▀▀▀ ██
█▀▀ ▀▄▀▄▄ ▄█  ▄▄▄█▀ ▄▄▀▄    ██▀██▀█▄  ▀▄▀█▀ █▀ ▄▄▀▀▄██▀ ███
█▀ ▀▀▄▄▄ ▄ ▄▄▀▀█ ▄▄▄▀█▀▀▄ ▀█ ▄█▄██▀▀▄██    ▀▀▀█▄▀█▀█ █▀▀ ██
█  ▄   ▄   ▄█▄▄█▄█  ▄▄▀█  █▀▀ ▄ ▄▀▀█▄▄▀██▀▄ ▀▀█▄ ▀███▀  █▄█
█▄█ ▄ ▄▄██▀▀▀▄▀█▀▀ ▄▄█▄▀▀  ▄▀ ▀██▄▀ █▀▀▀▄███  █ ▀ ▄▄▄▀▀▀ ▀█
█▄▀ ▀▄▄▄ ▀▀██ ▀█▄▀▄▄▄█▀█▀▄▀ ▀▀▀ ▄▀▄█  ▀██▀▀  █▄█▄▀ ▄▄▀█   █
██▄██ ▀▄▀ ▀██   ▄ ▄ ▄█  ▀█▀ █▀█▄█▄▄ █ █ ▄▄█▀▄█▄▀▄▀ ▄ ▀▀▀▀██
██ ▄ ▀ ▄ ▀▀▄█ ▀▄▄█  █▄██  ██▀▀█▀▄ ▄ ▄▄▀▄▀██▀▄█▄█▄▀▀▄▀▀█ ▄▄█
██ ▀▀ ▄▄▄ ▄█▀▀▀██▄▄█ ▀▄█  ▄ ▄▄▄    ▀▄▀█▄▀▀▄█▄█ ▄  ▄▄▄ ▀  ▀█
█▀▄▀▄ █▄█ █ ▄▄▀█▀▄▄▀ █▄█▀ ▀ █▄█ ▄███  █▄███  ▀▄▄  █▄█ █▀▄ █
██▄█ ▄ ▄  ▄█  █▀▀▄▄ █▄█▀ ▀▄▄▄▄▄▄█▄█▀█▀▀ ▄ ▄███▄▄▀▄▄  ▄▄  ▀█
█ ▀▄ ██▄█ ▄▀█▄ ██▄▄▄ ▄▄▀▀ ▄▀▀▄▀  █▀█   ██▀ ▀▄▀█▄▀█▀ ▄█▀▀█ █
█▄█▀▄█▄▄██ ▄▄ ▄ ▄▄▀ █▀██▄▄▄▄ ▄▀ ██▄▄█  ▀▀█ ▄ ▀█▄▀▄ ██▄  ▄▀█
█▄▀ █▀▄▄  ▄▄▄█▄ ▀█▄▄▀▀▀█▄ █▄▀█ █▄▀██▄  ▄▀▀▀ ▀▀█▄▀█ ███▀▄▄ █
██▀█▀█▀▄▄▀  █▀▀▀▀█▀▄▀  ▀▄ █ ▀█  ▀▄ █▄ ▄█▄▀█▀▀█▄▄▀▄▄▀ ▀▀▀▄▄█
█▄▄▄▄█▄▄█ ▀▄ ▀▄ ▀▄  ▄▄▀▀▀▀█▀█▄ ▄▀█▀█▄ ▀▄▄█▀ ▄█ ██▄█ ▄▄ ▄█▀█
█ ▀▄█▀ ▄█▀▀█▀▀█▀██▀ ▄ ▀ ▀ ▀▀ ▀  ████▀▀▄ ▄█ ▀ ▀▄ ▀▄ ▀▄█▀ ▀██
█ ▄▄▄▄█▄ ▄ ▄▄ ▄▄██▀ ▄▄▀▄  ▄ ██ █ █▄█▄▄ ▄██  ▀█▀▄███▀█▄███▀█
█ ▀ ▀▀▄▄ ▀▀█ ▄█▀ ▀▀▄█▄▄████▄ ▀▀▄▀ █  ▄ █  ███ ▀ ██ ▀ ▀ ▀ ▀█
███████▄█ ▀ ▀▀ ▀██▀▄▀▄▀▀▀▀▄ ▄▄▄  ▀▄█▀  ▄██▀▀▄▀▄▄█ ▄▄▄ █▄█ █
█ ▄▄▄▄▄ █▄▄ ▄██ ▄▄ ▀█ ██▀▀█ █▄█ █▀▀▄ ▄█▀▀█▄ ▄  █▀ █▄█ ▀▀▄▀█
█ █   █ █ █▀▀▄█ ▄▀▀▄▄██▀▀▄     ▄▄▀█▄█▄▄███  ▄▀███  ▄▄▄█ ▄██
█ █▄▄▄█ █ █▀█▄▄ ▄ ▀▄▄█ ▄▀██ ▀█▀████▀   ▄▄▀▄▀▀▀  ▄  ▄▀▀  ███
█▄▄▄▄▄▄▄█▄▄▄██▄▄██▄▄█▄██▄▄▄████▄▄▄▄▄▄▄█▄▄██▄███▄▄▄▄█▄▄▄█▄██

▄▄▄▄▄▄▄▄▄▄▄▄▄▄▄▄▄▄▄▄▄▄▄▄▄▄▄▄▄▄▄▄▄▄▄▄▄▄▄▄▄▄▄▄▄▄▄▄▄▄▄▄▄▄▄▄▄▄▄
█ ▄▄▄▄▄ █▄▀▄ ▄██▀█ ██▀▀█   ▀▀▀▄ ▄▄▀▀▀  ▀█▀▄▄ ▀ ▄ ██ ▄▄▄▄▄ █
█ █   █ █ █▀██ ██▄█ █▄██▀▀ █ █▄▀█▄▄▀  ▄▀█▄▀█ █▀▄ ██ █   █ █
█ █▄▄▄█ █▄▀▀▄▀▄█▀▀▄  ▀▄  █▀ ▄▄▄  █▀█ ▄     ▀▄▄▄▀▄██ █▄▄▄█ █
█▄▄▄▄▄▄▄█▄█ ▀ █ █▄█▄▀▄▀ ▀▄█ █▄█ ▀ ▀ █ █ ▀ █▄▀▄▀▄█ █▄▄▄▄▄▄▄█
█ ▄  ▀█▄█ ▀▀ ▀▀█████▀█ ▄  ▀▄▄▄   █ ▄▀▀▀█ ▄▄ ▄███   ██▄▄ ▀ █
█ █ ▄█▄▄▄▀▀█▄▀ ▀▀  ██ ▄▄ ▄█▄ █  █ ▀▀▄▀█ █ █ █▀█  █▀█▄█ ▄  █
██▄ █▀▀▄▀█▀█▄▀▄ ▀▄█▄▀▀█▄▄▄█  ██▀██▀██   █▀▄▄▀█ █ █ ▀█▀▀ ▀██
█ ▄▀▄  ▄█▄▄▀  ▄█████ ▄▀▄▄█ █▀█▀▀▄▀ █▄██ █▄▄███▀▀ ▄█▀█ ▀▀▄██
██▄▀█▀ ▄▀ ▄ ▀█  ▀▀ ▀██ █ ██▄▄▄ ▄▀▄▄ ▀▀▄▄▄▀▀█  ▀▀ ▄█▄▄▀▀▄▀▄█
█▀▄▀▀ █▄ ██▀▀▀▀▀ ▄█▀▄█▄█▀▀▄ █ █▄▀▄█▄▄▀  ▄▄ ▄█   ▄▄██▄ ██▄██
██ ▄▄ ▄▄▀▀ █ ▄ ██ ▄▀██ ▄▀█▀ ▄ █ ▄█▀██▀▀█▄▄▀ ▀▀▀▄▄ ▀▄ ▄██▀▀█
█▄█▀▀ ▀▄▀ ▀▄▀▀█ ▀▄   ▄    █▀▀▄▀▄ ▄ ▄ ▄▄█ █ █ █▄▄▀▄▀▀▀▄ ▄█▄█
█ ▀▀█▀ ▄█▀█▀████ ▄ ▄█ ███▄███▀▄█▄▄  ▄ ▀▀▀▀▄█ ▀▀▄▄▄▄  ▀▀█▄▄█
█ █▄▀ ▄▄▄ █ ▄▄█▄  ▄▄▀▀█▄█▀▄ ▄▄▄ ▀ ▀▄▄▄▄▄ ▀▄▄▀ ▀▀▀ ▄▄▄ ▀▀▀██
█ ▄▄  █▄█ ▄  ▀    █▄█▄▀▀ ▄█ █▄█   ▀ ▀▀▄█▄▀ █▀▄█   █▄█ ▄▀▄▄█
█▀▀▀█▄ ▄ ▄▀▀▄██ ▄ ████ ▄  ▀▄▄ ▄▄▀   ▀ █ ▀█ ▀█ █▄▀  ▄ ▄▀▄▄▀█
█ █▀█  ▄▄▄▀ ▄█ █▄▄ ▀▀▄  ▀▀█▄▄▄▀▀▀█ ▄▄▀▀█▄▄▀▀█████▀ █▄▄▀▄███
██▀ █▄▄▄▀██▄ ▀ ▄▀▀ █▀▄▄▄▀ ██ ▄ █▀ █ ▀ ▀  ▀█ ▀  ▀▀▄▄▄▄█ ▄ ▄█
█▀▀▄█▀ ▄ █▄█▀█ ▀███ ▀███ ▄██████ █ ██▄█▀▀███ ██▄██ ██▄ ▀▄██
█▄█▄▀▀ ▄ ▀▄▄▄ █  ▄ ▀   █▄▀█  ▄▄▀ ▄▀██▀▄▄ ▀▀ █▄▄▀ ▄▀█ ▄█ █▄█
█▀█▄▄▄ ▄▄█▄█▄██ ▀  ▀ █ ▀█▄▀ ▀  ▄█▄▄▀▀█▄█▄▀▀▄▄▄  ▄▀▄▀▀ █▄█▄█
█▀█ ▄  ▄█▀▄▀ ██▀ ██▄ ██ ██▀██▀▄ ▀▀▀█▀▄▄ █▄▄▄█▄ █▀▀▄██▄▄▄▄██
█   █▄ ▄▄ ██▄▀ ▄▄█▀▀▀▄ █▀▀▄▀▄▄ ▀▀█▄█▄██▄   ▀▀▀▄█▀█▀██▄▄█▄ █
█ ▀ ▀▀▄▄▀▀  ▄▀█ ▄▀▀▀ ▀▄ ▄▄██▄██▀  ▀▄▄▄▄▀▀█████▄     ▀▀▀▄ ▄█
███████▄█ ▀ █▀ ██▄▄▄  ▀▀▀█▀ ▄▄▄  █ █▄▄ ▀ ▀█▄ █ ██ ▄▄▄ ▄████
█ ▄▄▄▄▄ ███▄▀▀█▄▀█████ ▀▀██ █▄█ █▀ █▀▀▀ ▀████▀▄█▄ █▄█  ▀▀▀█
█ █   █ █▀▄ ▀ █ ▀█▀█ ▄██ ▀█ ▄▄  ▀  ▀██▄█ ▀▄▄ ▄ ▀█ ▄▄ ▄▄▄▀██
█ █▄▄▄█ █ ▀ ▄█ █  ▀ ▄▀███▀█▀█▀█▀▄   ▄ ▀▀██ █▄█ ▄▀▄▀ ██▄▄█▀█
█▄▄▄▄▄▄▄█▄█▄▄▄▄███▄█▄█▄▄█▄███▄███▄██▄█▄▄▄▄▄████▄█▄███▄█▄███

❌ Bot disconnected (428), reconnecting in 5s...
❌ Bot disconnected (428), reconnecting in 5s...
Scan this QR code:
▄▄▄▄▄▄▄▄▄▄▄▄▄▄▄▄▄▄▄▄▄▄▄▄▄▄▄▄▄▄▄▄▄▄▄▄▄▄▄▄▄▄▄▄▄▄▄▄▄▄▄▄▄▄▄▄▄▄▄
█ ▄▄▄▄▄ █▀ █▀   ▀██  ▀▀█ ▄▄█▄▄▄▄ ▀▄▀▄  ██  ▄▄█▄▄ ██ ▄▄▄▄▄ █
█ █   █ █▀  █▄ ██▄▀ ██▄▄  ▀█▄█ ▄▄▄█ ▄▀█▀▄█▄ █▄ ▄ ██ █   █ █
█ █▄▄▄█ █▀▀▀ ▀█▀▄█▄█▄ ▄█▀ █ ▄▄▄ ▄█▀█ ▀▄▀▀ ▄▄▄▄▀▀▄██ █▄▄▄█ █
█▄▄▄▄▄▄▄█▄▀ ▀ ▀ ▀▄▀ ▀ ▀ █ █ █▄█ ▀▄█ ▀▄█ █ █▄▀ ▀ ▀▄█▄▄▄▄▄▄▄█
█  ▄  █▄  ▄▀▄▄ ▀ ▄▀▄ █▀▀▄▀ ▄    ▀█▀█▀  █▀█   █▄▄ ▀ █ ▀▄▀▄▀█
█  ▀██▀▄ ▀▀▀██▄ ▄ ▀ ▀▀▀ █  ▄   █▀▀▄██▀▀ ▀▀ █▀▀▄█▄▄██▀▀▀▀ ██
█▀▀  ▄▀▄ ▀▀▀  ▄▄▄█▀ ▄▄▀▄   ▀▀█▀██▀█▄  ▄█▀█ ▀█▀▀█▄▀▀▄▀██ ███
███▀█▄▄▄▀▄ ▄▄▀▀█ ▄▄▄▀█ ▀▄ ▀█▀█▀ ██ █▄▀ ▄ ▄▄▀▀▀▄▄▀▄▀█ ▄█▀ ██
█▀▄█   ▄   ▄█▄▄█▄▄   ██▀▀ █▀▀ █ ▄▀ █ ▄████ ▀▄█ ▄ ▀███▀ ▀▀▄█
█ ▄█   ▄██▀▀▀▄▀██▄ ▄█▄▄▀   ▄▀  █▀ ▀ ▀▄   ▀▄█▄██ ▀  ▄▄▀▀▀▄██
█ ▄ ▀█ ▄ ▀▀█▀▀▀█▄▀▄▄▄█▀█▀▄▀ ▀▀▀ ▀█▄█  ▀█▀█▀  █▄█▄▀▀▄▄▀█  ▀█
██▄██▄ ▄▀▄▄ █  ▀▄ ▄ ▄█  ▀█▀ █▀█▄██▄ █▀█ ███▀▄█▄▀▄▀▀ ▄█▀▀▀██
██ ▄   ▄█ █  █▄▄▄█  █▄██  █▀▀▀█▀▄ ▄ ▄▄▀▄▀██▀▄█▄█▀ ▀▄███ ▄▄█
██ ▀▀ ▄▄▄ ▄▄█▀ ██▄▄█ ▀▄█  ▀ ▄▄▄    ▀▄▀█▄▀▀ ▀▄█  ▀ ▄▄▄ ▀  ▀█
█▀▄▄▄ █▄█  ▄▄▄▀ ▀▄▄▀ █▄█▀ ▀ █▄█ ▄███  ▀███▀  ▀█▄█ █▄█ ▀▀▄ █
█ ▀▄▀ ▄▄▄ ▄█  █▀▀▄▄▄█▄ ▀ ▀▄▄▄▄▄▄█▄▄ ▀███ ▄▄ ██▀▄█▄▄  ▄▀▀ ▀█
██▀█ ██▄▄▀▄▀█▄ █▀▄▄ ▄▄▀█ ▀▄▀█▄▀  █▀█▀▄▀█▀█ ▀ █▄▄▀▄▀ ▄█  ▀ █
██▄ ▄█▄▄▀▄ ▄▄ ▄ ▀ ▀ ▄▀██ ▀▄▄▄ ▀ ▀▀▄▄█▀  ▀▀▀█▀ ▄▄▀▄ █▀▀  ███
██▀ █▀▄▄  ▄▄▄█▄ ▀█▄▄▀▀▀█▄ █▄▀█   ▀██▄▄ ▄▀▀▀  ▀█▄▀█ ███▀▄▄▀█
██▀█▀█▀▄▄▀ ▀  ▀▀▀█▀▄▀  ▀▄ █ ▀█  ▀█ ██▀▄█▄ █▀▀▄▄▄▀▄▄▀ ▀▀▀▄▄█
█▄▄▄▄▄█▄█ █▄ ▀▄▄▀▄  ▄▄▀▀▀▀█▀█▄ ▄▀█▀█▄ ▀▄▄█▀ ▄█ ██▄  ▄▄  █▀█
█ ▀▄█▄▄▄█▀▀█   ███▀ ▄ ▀ ▀ █▀ ▀  ███▀▀▀  ▄█▄▀ ▀ ▄█▄ █▄█  ▀██
█ ▄▀▀█ ▄█ ▄█▄ █▄██▀ ▄▄▀▄  █ ██ █ █▄▄▄▄ ███ ▀▀█▄█▀▀ ▀▄▄█▄█▀█
█ ▀ ▀▀▄▄██▀█ ▄█▀ ▀▄▄█▄█▀██▄▄ ▀▀▄▀ ▄▀▄ ▄█▄▄ ▄█▄▄▄▀▀▀▀▄▄▀  ▀█
███████▄█▀▀ ▀▀ ▀▄▄▄▄▄▄█▀  ▄ ▄▄▄  ▀▄█  ▄▄██ ▀ ▀▀▄█ ▄▄▄ ▄█▀▄█
█ ▄▄▄▄▄ █▄▄ ▄██ ▄▄ ▀█▄██ ▄█ █▄█ ▀▀▀▄█ ▄  ▄█ ██▀▄█ █▄█ ▀▀ ██
█ █   █ █ █▀▀▀█ ▄▀▀▄▄██▀▀▄     ▄███▄▄ ▄█▀█   ▀███  ▄▄▄█ █▄█
█ █▄▄▄█ █   ▄▀▄█▄ ▀▄▄█ ▄▀██ ▀█▀██▄█▀▀▀ ▄█▀▄▀▀▀  ▄  ▄▀▀  ███
█▄▄▄▄▄▄▄█▄▄▄▄▄▄███▄▄█▄██▄▄▄█▄██▄▄▄▄▄▄▄█▄▄██▄███▄▄▄▄██▄▄█▄██

Scan this QR code:
▄▄▄▄▄▄▄▄▄▄▄▄▄▄▄▄▄▄▄▄▄▄▄▄▄▄▄▄▄▄▄▄▄▄▄▄▄▄▄▄▄▄▄▄▄▄▄▄▄▄▄▄▄▄▄▄▄▄▄
█ ▄▄▄▄▄ █▄▀▄ ▄█▄▀█ ▄ █ █ ▄ ▀▀▀▄ ▄▄█▀▄█▄▀█▀▄    ▄ ██ ▄▄▄▄▄ █
█ █   █ █ █▀█▀ ██▄█ █▄██▀  █ █▄▀▀▄▄▀▀ ▄▀█▄▀█ ▄▀▄ ██ █   █ █
█ █▄▄▄█ █▄██ ▄▄█▀▀▄  ▀▄  █▀ ▄▄▄ ▀▄▀██   ▄▄ ▀▄▄▄▀▄██ █▄▄▄█ █
█▄▄▄▄▄▄▄█▄█ █ █ █▄█▄▀▄▀ ▀▄█ █▄█ ▀ ▀ █ █ ▀ █▄▀▄▀▄█ █▄▄▄▄▄▄▄█
█ ▄  ▀█▄▀ ▄  ▀▀█████▀█ ▄  █▄▄▄   █ ▄▀▀▀█ ▄▄ ▄███ ▀ ██▄▄ ▀ █
█ █ ▄▄▄▄▀█ ██▀ ▀▀  ██ ▄▄ ▄▄▄ █  █ ▀▀▄▀▀ █ ▀▄█▀█▄▀▄ █▄▄ ▄  █
██▄  ▀▀▄██▀▀▄▀▄ ▀▄█▄▀▀█▄▄▄█ █▀█▀██ ▄█  ▀█▀██▀██▄██ ▀█▀█▄▀██
█▄▄    ▄▄▄▄▀  ▄███ █ ▄█▄▄█ █▀▄█▀▄▀ ▀ █ ▄█▄▄ ▀███▄▀█▀█  ▀▄██
██▀▄▀▀ ▄▀ ▄ ▀█   ▀ ▀██▄█▀▄█▄▄▄▀▄▀▄▄  ▀█▄▄▀▀█  ▀▀ ▄█▄▄▀▀██ █
█▀  ▀ █▄ ██▀▀▀▀▀▀██▀█▀▄██▀▄ █ ██▀ █▄▀▄▀ ▄▄▀█ ▄ ▀▄▄▀▀▄ █████
█▄ ▄▄▀▄▄▀▀ ██  ██ ▄▀██ ▄▀█▀ ▄ █ █▀▀█▄█▀█ ▄▀  ▀▀▄▄ ▀█ ▄██▀▀█
█▄█▀▀ █▄▀▄▀ ██▀▄▀▄   ▄    █▀▀▄▀▄▀▄ ▄▀█▄█▀▄ █▀▄▄▄▀▄█▄█▄ ▄█▄█
█ ▀▀█ ▀▄▄▄ █▄▄██ ▄ ▄█ ███▄█▀█▀▄█▄▄  ▄ ▀▀▀▀▄█ ▀▀▄██▀ ██▀█▄▄█
█ █▄▀ ▄▄▄ ▄█▀███  ▄▄▀▀█▄█▀█ ▄▄▄ ▀ ▀▄▄▄   ▀▄ ▀ █▀▀ ▄▄▄ ▀▀▀██
█ ▄▄█ █▄█  ▀ ▀ █  █▄█▄▀▀ ▄█ █▄█   ▀▀▀▀██▄▀ ▄▀▄  █ █▄█  █▄▄█
██ █▀ ▄▄  ▀▀▄██ ▄  ▄██▀     ▄ ▄▄▀ ▀▀█ ▄▄▀▀▀ █▄▄▄▄▄▄▄ ▄██▄▀█
██▀▀   ▄▀ ▀ ▄█ █▄█ ▀▀▄█ ▀ █▄ █▀▀▀█ ▄▄█ ▄▄ ▀ █▀▀█▀▀ █▄▄▀▄█▀█
█ ▄▀█▄▄▄█ █▄ ▀ ▄█▄ █▄▀▄▄▄▄███▄ █▀▄█ ▄  ▀▄▀█▀█▄  ▀▄▄▄   ▄  █
█▀▀▄█▀ ▄ █▄█▀█ ▀███ ▀███ ▄████▄  █ █ ▄█▀█▀██ ▀█▄██ ██▄ ▀███
█▄█▄▀▀ ▄ ▀█▀ ▄   ▄ ▀   █▄▀█  ▄▄▀▀█▀█▄▀▄▄▀▀▀ ▄█▄▀ ▄▀█ ▄█ █▄█
█▀█▄▄▄▄▄▄██ █▀█▄▀  ▀ █ ▀█▄▀ ▀  ▄█▄▄▀▀█▄█▄▀▀▄▄▄  ▄▀█▀▀ █ █▄█
█▀█ ▄▀▄▄█▀█ ▀█▄▀ ██▄ ██ ██▀██▀▄ ▀▀█▀▀▄▄▄█▄  █▄ ██ ▄██▄█▄▄██
█  ██ ▄▄▄▄▀█▄▀██▄█▀▀▀▄ █▀▀▄▀▄▄ ▀▀█▄▄▄█ ▄  ▄▀▀▀▄▄▀ ▄▄▄▄▀▄▄ █
█ ▀ ▀▀▄▄██  ▄▀█ ▄▀▀█ ▀█ ▄▄█▀▄██▀  ▀▄ ▄▀██▀█▄█▀▀▀▄ █  ▀ ▄ ▄█
███████▄█ ▀ █▀ █▀▄ ▄█ ▀█▄█▀ ▄▄▄  █ █ ▄█ ▀██▄▄▀▄█▀ ▄▄▄ █▄███
█ ▄▄▄▄▄ ███▄▀▀█▄████▀█ ▀█▄█ █▄█ ██ █ █▀ ▄▄██  ▄█▀ █▄█  ▀▀▀█
█ █   █ █▀▄ █▄█ ▀█▀█ ▄██ ▀█ ▄▄   ▄ ▀▀█▄█ ▀▄▄█  ▀▄ ▄▄ ▄▄▄▀▄█
█ █▄▄▄█ █  █▄▄▄▄  ▀ ▄▀███▀█▀▀▀█▀█   █▀▀▀██ ███ ▄▀▄▀ ▄█▄▄█▀█
█▄▄▄▄▄▄▄█▄▄█▄█████▄█▄█▄▄█▄███▄███▄██▄█▄▄▄▄▄████▄█▄█████▄███

❌ Bot disconnected (428), reconnecting in 5s...
❌ Bot disconnected (428), reconnecting in 5s...
Scan this QR code:
▄▄▄▄▄▄▄▄▄▄▄▄▄▄▄▄▄▄▄▄▄▄▄▄▄▄▄▄▄▄▄▄▄▄▄▄▄▄▄▄▄▄▄▄▄▄▄▄▄▄▄▄▄▄▄▄▄▄▄
█ ▄▄▄▄▄ █▄▀▄ ▄▄▄ █ ▄ █ ▄▄▄ ▀▀▀▄ ▄▄ ▀▄ ▄▀▀█▄  ▀ ▄ ██ ▄▄▄▄▄ █
█ █   █ █ █▀▀█ ██▄█ █▄██▀▀ █ █▄▀ ▄▄▀▀▀▄▀▄█▀█ █▀▄ ██ █   █ █
█ █▄▄▄█ █▄▀▀▄▄▄█▀▀▄  ▀▄  █▀ ▄▄▄  ▀▀██    ▄ ▀ ▄▄▀▄██ █▄▄▄█ █
█▄▄▄▄▄▄▄█▄█ ▀▄█ █▄█▄▀▄▀ ▀▄█ █▄█ ▀ ▀ █ █ ▀ █▄▀▄▀▄█ █▄▄▄▄▄▄▄█
█ ▄  ▀█▄▀▄▀▀▄█▀█████▀█ ▄  ▀▄▄▄   █ ▄▀▀▀█ ▄▄ ▄███▄  ██▄▄ ▀ █
█ █ ▄▄█▄█▀▀  ▄ ▀▀  ██ ▄▄ ▄▄█▄▀  █ ▀▀▄▀█▄█ ▀▄█▀▀ ▀▄▀█▀▄ ▄  █
██▄  ▀▀▄▄▄█▀▄▀▄ ▀▄█▄▀▀█▄▄▄█▀▀██▀██▀▄█   █▀██▀█ ██▄ ▀▄▀█▄▀██
█▀▀██  ▄██▄▀  ▄███▀█ ▄▀ ▄█ █▀██▀▄▀ ▄▄▀▄▀█ █ ▀▀▀█▄▀█▀▄▀  ▄██
██▀█ ▀ ▄▀ ▄ ▀█  ▀ █▀▀█▄▀ ▄█▄▄▄▀▄▀▄█▀▀█▄▄▄▀▀▄▀ ▄  ▄█▄▄▀ ██ █
██▀▄█ ▀▄ ██▀▀▀▀▀▀██▀▀ ▄█▄▀▄ █ ███▄█▄▀▀▀ ▄ ▀█▀█▀ ▄▄▀▀▄ █████
█▀▀▄▄█ ▄▀▀ █▄▄ ██ ▄▀██ ▄▀█▀ ▄ █  █▀█▄▀▀██ ▀ ▀█▀▄▄ █▄ ▄██▀▀█
█▄█▀▀ █▄█ ▄ ▄▄▀▄▀▄   ▄    █▀▀▄▀▄ ▄ ▄▀█▄█ ▄ █▀█▄▄▀▄ █▀▄ ▄█▄█
█ ▀▀██ ▄▀▀▄██▄██ ▄ ▄█ ███▄███▀▄█▄▄  ▄ ▀▀▀▀▄█ ▀▀▄▄█ ▀▄▀▀█▄▄█
█ █▄▀ ▄▄▄  ▀ █▀▄  ▄▄▀▀█▄█▀█ ▄▄▄ ▀ ▀▄▄▄▄  ▀  ▀ ▀▀▄ ▄▄▄ ▀▀▀██
█ ▄▀█ █▄█ ██ ▀▀▀  █▄█▄▀▀ ▄█ █▄█    ▀▀▀█▄▄▀▀█▀▄ ▀  █▄█ ▄ ▄▄█
█▀▀ █▄▄▄ ▄▀▀▄██ ▄ ▄ ██▄    ▄▄ ▄▄▀  ▀▀  ▄██ █▀▄▄▀▀   ▄▄██▄▀█
█▀ █   ▄█▄▀ ▄█ ███▀█ █  ▀▀█▄ █▀▀▀█ ▄ █▀█▄ ▀ ▄██▄█  ██▄ ▄▀██
█▀ █▀▄▄▄▀▀█▄ ▀ ▄▀▀ █ ▀▄▄▄▄██▄▀ ██ █ ▀▀  ██▄ █▀▀ ▀▄▄▄▄█ ▄▄▄█
█ █▄█▀ ▄ █▄█▄▄ ▀███ ▀███ ▄████ ▀▄▀ ██▄█▀▄███ ██▄██ ██▄ ▀█▄█
█▄█▄▀▀ ▄ ▀▀▀██▀  ▄ ▀   █▄▀█  ▄▄█ █▀██ ▄▄  ▀ █▄▄▀ ▄▀█ ▄█ █▄█
█▀█▄▄  ▄▄█▀▀▄▄▀▀▀  ▀ █ ▀█▄▀ ▀  ▄█▄▄▀▀█▄█▄▀▀▄▄▄  ▄▀█ ▀ █▄█▄█
█▀█ ▄ █▄█▀▄ ▀█ █ ██▄ ██ █████▀▄ ▀▀██▀▄▄▄█▄ ▄█▄▄▀▀▀ ▀█▄▄▄▄██
█  █   ▄▀▀▄ ▄▀██▄█▀▀▀▄ █▀▀█ ▄▄ ▀▀███▄█▀█  ▀ ▀▀▄█▀ ▄█████▄ █
█ ▀ ▀▀▄▄ █  ▄▀█ ▄▀█▀ ▀ █▄▄▄ ▄██▀  ▀▄▄ █▄▀█▄▀█▀█▄▄▀ ▄▀▀ █ ▄█
███████▄▄▀▀ █▀ █▀█▀ █ ▀█▄▄▀ ▄▄▄  █ █  ▄ ▀██▄▀█▄██ ▄▄▄ █████
█ ▄▄▄▄▄ ███▄▀▀█▄ ▀██ █ ▀▄ █ █▄█ ▀▀ █ █▀ █▀█▄▄█▄█▀ █▄█  ▀███
█ █   █ █▀▄ ▄██ ▀█▀█ ▄██ ▀█  ▄  ▄▄ ▀▀█▄█▄█▄▄ ▄ ▀▄ ▄▄ ▄▄▄▀▄█
█ █▄▄▄█ █ ▄█▄▀▀   ▀ ▄▀███▀█▀███▀▄▀  █▀▀▀▄▄ █▄█ ▄▀▄▀  █▄▄█▀█
█▄▄▄▄▄▄▄█▄███▄████▄█▄█▄▄█▄██▄▄███▄██▄█▄▄▄▄▄████▄█▄██▄██▄███

Scan this QR code:
▄▄▄▄▄▄▄▄▄▄▄▄▄▄▄▄▄▄▄▄▄▄▄▄▄▄▄▄▄▄▄▄▄▄▄▄▄▄▄▄▄▄▄▄▄▄▄▄▄▄▄▄▄▄▄▄▄▄▄
█ ▄▄▄▄▄ █▀ █▀   ▄▀▄▀█▀ ▄  ▄█▄▄▄▄ ▀█▀▀ ▄██▄▄▄ █▄▄ ██ ▄▄▄▄▄ █
█ █   █ █▀  ▀  ██▄▀ ▄█▄▄▀ ▀█▄█ ▄ ▄█ ▀▀█▀▀▄▄ ▀▄ ▄ ██ █   █ █
█ █▄▄▄█ █▀▀▀▄ █▀▄█▄█▄ ▄█▀ █ ▄▄▄ █▄▀█▀▀▄▀██▄▄▄▄▀▀▄██ █▄▄▄█ █
█▄▄▄▄▄▄▄█▄█ █ ▀ ▀▄▀ ▀ ▀ █ █ █▄█ ▀▄█ ▀▄█ █ █▄▀ ▀ ▀▄█▄▄▄▄▄▄▄█
█  ▄ ▄▀▄   ▄▄█ ▀ ▄▀▄ █▀▀▄▀▄     ▀█▀█▀  █▀█   █▄▄  ▄█ █▄▀▄▀█
█  ▀██ ▄▄█▀█▀ ▄ ▄ ▀ ▀▀▀ █  █ ▄ █▀▀▄▀█▀▀▄▀▀▄█▀▀▄█▄█▄▄ ▀▀▀ ██
█▀▀██▄▀▄▀▄    ▄▄▄█▀ ▄▄▀▄    ██▀██▀ ▄  ██▀█▀▀█▀▄█▀▀▀▄██▀ ███
██ ▀█▄▄▄▀▄ ▄▄▀▀█ ▄▄ ▀█ ▄▄ ▀█▀█▀ ██▀▄▄▀▀ ▄ ▄▄▀▀▄█▀▄▀█▀█▀▀ ██
███ ▀  ▄   ▄█▄▄█▄█▄▄▀██▀▀ █▀▀  ▀▄▀▀▄ ▄█▄▀▀▀▀█▀▄█ ▀███▀▀ ▀ █
█▀ ▀  ▄▄██▀▀▀▄▀█ █ ▄██▄▀█▄ ▄▀ ▀▄█ ▀  █  █▀██▀▄▄▀▀ ▄ ▄▀▀▀ ██
█▀▄ ▀▄▀▄ ▀▀█▄▀▀█▄▀▄▄▄█▀█▀▄▀ ▀▀▀  █▄██ ▀███▀ ▄▀▄█▄▀ ▄▄▀█ ▀ █
██▄██▄▀▄█ █▀▄██▀▄ ▄ ▄█  ▀█▀ █▀█▄▄▄▄ █▀█ ▄▄█▀▄█▄▀▄▀█▀▄█▀▀▀██
██ ▄  █▄▀█ █ ▄▄▀▄█  █▄██  ██▀▀█▀▄ ▄ ▄▄▀▄▀██▀▄█▄█▀▀ █▀▀█ ▄▄█
██ ▀▀ ▄▄▄   ▀▄  █▄▄█ ▀▄█  █ ▄▄▄    █▄▀▀ ▀▀▄█▄█▄▄  ▄▄▄ ▀  ▀█
█▀▄▀█ █▄█ ▀ ▄▄█ ▀▄▄▀ █▄█▀ ▀ █▄█ ▄██▄   ▄██▀▀ ▀▄█  █▄█ ▀ ▄ █
█▄▀█   ▄  ▄█  █▀▀▄ ██▄█▀ ▀█▄▄▄▄▄█▄▄▀█▀ █  ▀▄▀█  ▀▄▄▄  ▀▀ ▀█
███▀▀██▄█▀▄▀█▄ ██▄▄▄▄▄██  ▄▀██▀  █▀█▄▄▀███▀ ▄▀████▀ ▀▄  ▀ █
█▀  ▄█▄▄▄█ ▄▄ ▄  ▄▀ ▀███▄▄▄▄▀▄▀ █▀▄▄█▀  ▀█▀█ ▀▄█▀▄ █▀▀  ▄▀█
█▀▄ █▀▄▄  ▄▄▀▀▄ ▀█▄▄▀▀▀█▄ █▄▀██▀ ███ ▄ ▄██▀ ███▄▀█ ███▀▄█ █
██▀█▀█▀▄▄▀▀    ▄▀█▀▄▀  ▀▄ █ ▀█ ▄▀▄ ██▀▄██ █▀ ▄▄▄▀▄▄▀ ▀▀▀▄▄█
█▄▄▄▄█▄▄█ ▀ ▀▀  ▀▄  ▄▄▀▀▀▀█▀█▄ ▄▀█▀█▄ ▀▄▄█▀ ▄█ ██▄▄▄▄▄▄▄█▀█
█ ▀▄█ ▄▄█▀█▄▄ ▀███▀ ▄ ▀ ▀ █▀ ▀  ██▀█▀▀ ▄▄█ █ ▀ ▄▀▄ ▀▄█▀▀▀██
█ ▄▀█▀▀▄█▄▀ ▄ ████▀ ▄▄▀▄  █▄██ █ █▄▄▄▄▀███  ▀███▀▄  █████▀█
█ ▀ ▀▀▄▄ ▄▀█ ▄█▀ ▀▄██▄█▀███  ▀▀▄▀ ▄▀  ▄▀  █▀▀▄███▄▄█▄█▀  ▀█
███████▄▄▀▀ ▀▀ ▀█▄ ▄ █▀█▀▀▄ ▄▄▄  ▀▄█ ▄ █▀▀▄  ▀ █▀ ▄▄▄ █▄▀ █
█ ▄▄▄▄▄ █▄▄ ▄██ ▄█ ▀▀ ██▄ █ █▄█ ▀▀▀▄▄██ ▀▀▄▀█▄ ▄█ █▄█ ▀▀ ██
█ █   █ █ █▀▄ █ ▄▀▀▄▄██▀▀▄   ▄ ▄ ▀█▄▀ ▄███   ████  ▄▄ █ ▄██
█ █▄▄▄█ █ ▀▀█▄▀▄▄ ▀▄▄█ ▄▀██ █▀▀██▄█▀   ▄█ ▄▀▀▀  ▄  ▄ ▀  ███
█▄▄▄▄▄▄▄█▄▄▄▄█▄▄██▄▄█▄██▄▄▄█▄██▄▄▄▄▄▄▄█▄▄██▄███▄▄▄▄█▄█▄█▄██

❌ Bot disconnected (428), reconnecting in 5s...
❌ Bot disconnected (428), reconnecting in 5s...
Scan this QR code:
▄▄▄▄▄▄▄▄▄▄▄▄▄▄▄▄▄▄▄▄▄▄▄▄▄▄▄▄▄▄▄▄▄▄▄▄▄▄▄▄▄▄▄▄▄▄▄▄▄▄▄▄▄▄▄▄▄▄▄
█ ▄▄▄▄▄ █▀ █▀ ▀▀█▀▄▀▄▀▀▄▄▄▄█▄▄▄▄ ▀██▄ ▄██▀ ▄█ ▄▄ ██ ▄▄▄▄▄ █
█ █   █ █▀  ▀  █▄█▀ █▄▄▄▀▀▀█▄█ ▄▀▄█ ▀ █▀▄█▄ ▄▄ ▄ ██ █   █ █
█ █▄▄▄█ █▀██▄ █▀▄█▄█▄ ▄█▀ █ ▄▄▄  ▀▀█  ▄▀█ ▄▄█▄▀▀▄██ █▄▄▄█ █
█▄▄▄▄▄▄▄█▄▀▄█ ▀ ▀▄▀ ▀ ▀ █ █ █▄█ ▀▄█ ▀▄█ █ █▄▀ ▀ ▀▄█▄▄▄▄▄▄▄█
█  ▄  █▄ ▄ █▀▄ ▀ ▄▀▄ █▀▀▄▀      ▀█▀█▀  █▀█   █▄▄▀  █▄█▄▀▄▀█
█  ▀█▄▀▄▄▄██ █▄ ▄ ▀ ▀▀▀ █ ▀█   █▀▀▄▀█▀▀ ▀▀▄█▀▀▄█▄███▄ ▀▀ ██
█▀▀ ▀▄▀▄██▀▄  ▄▄▄█▀ ▄▄▀▄    ▀▀▀██▀▄▄  ▄▄▀█  █▀█▄▄▀▀▄ ▀█▄███
███▀ ▄▄▄▀▄ ▄▄▀▀█ ▄██▀█▄▄▄ ▀█▀██▄██ ▀ █ ▄    ▀█ ▀▀ ▀█ ▄▄▀ ██
██▀██  ▄   ▄█▄▄█▄█▄▄ ███ ▀█▀▀ ▀ ▄▀▀█▀  ██▀▀ ▄███ ▀███▀ ▀█ █
█▄█▄▀  ▄██▀▀▀▄▀█▀▄ ▄▄▄▄▀█▄ ▄▀  ██ ▀ ▀▄▀  ███ █▄ ▀ ▄▄▄▀▀▀▀██
██  ▀ █▄ ▀▀██▄▀█▄▀▄▄▄█▀█▀▄▀ ▀▀▀ ▄▀▄██▄▀██▀▀ ▄█▄█▄▀▀▄▄▀█ ▀ █
██▄████▄█▄█▀▀█▄▀▄ ▄ ▄█  ▀█▀ █▀█▄█▄▄ ▄ █ ▄▄█▀▄█▄▀▄▀█ ▄▀▀▀▀██
██ ▄ █ ▄█▄██▄▀▀ ▄█  █▄██  ▀█▀▀█▀▄ ▄ ▄▄▀▄▀██▀▄█▄█▀ ██▀██ ▄▄█
██ ▀▀ ▄▄▄ ▄▄▀▄▄▀█▄▄█ ▀▄█  ▀ ▄▄▄   ▄█▄▀▀▄▀▀▄▀▄█▄ ▀ ▄▄▄ ▀  ▀█
█▀▄█  █▄█ █▀▄▄█▀▀▄▄▀ █▄█▀ ▀ █▄█ ▄██▄  ▀▄██ ▀ ▀█▄█ █▄█ █ ▄ █
█▀███  ▄ ▄▄█  █▀▀▄▀ █▄   ▀█ ▄▄▄▄█▄▄ █▀▄ ▄▄ ███▀▀    ▄▄ ▀ ▀█
██ █▄██▄▀ ▄▀█▄ ███▄▄▀█▄▀▀ ▄▀▀▄▀  █▀█▄  █▀█▄ ▄▀▄██▀▀ █▄▀▀█▄█
██▄ ▄█▄▄▀▀ ▄▄ ▄   ▀ █ ██▀▀▄▄▄ ▀ ▀█▄▄▄█  ▀▀▀█▄▄▄█ ▄ █▄▄   ██
█▀  █▀▄▄  ▄▄▀ ▄ ▀█▄▄▀▀▀█▄ █▄▀██  ███▄  ▄▄▀▀ ▄▀█▄▀█ ███▀▄█▀█
██▀█▀█▀▄▄▀▀    ▄▀█▀▄▀  ▀▄ █ ▀█ ▄▀█ █▄ ▄█▄▀█▀▀▄▄▄▀▄▄▀ ▀▀▀▄▄█
█▄▄▄▄██▄█ █ ▀ ▄▄▀▄  ▄▄▀▀▀▀█▀█▄ ▄▀█▀█▄ ▀▄▄█▀ ▄█ ██▄▄█▄▄ ▄█▀█
█ ▀▄██▀▄█▀▀██ ▄▀██▀ ▄ ▀ ▀ █▀ ▀  ██▀▀▀▀ ▄▄█ ▀ ▀ ▄██▀▀▄█  ▀██
█ ▄▀▄█▄▄▀▀ ▀▄ ▄ ██▀ ▄▄▀▄  █ ██ █ ██▄▄▄ ███  ▀█▀█▀▄▀██▄▀ █▀█
█ ▀ ▀▀▄▄▄▄▀█ ▄█▀ ▀▄ █▄▀▀███  ▀▀▄▀ █▀▄ █▄ ▄▀██ █▄ ▄▄▀ ▄ ▀ ▀█
███████▄▄ ▀ ▀▀ ▀▄█▀▄▀█▀▀▀ ▄ ▄▄▄  ▀▄█ ▄ ▄██ ▀▄▀▄██ ▄▄▄ █▄█ █
█ ▄▄▄▄▄ █▄▄ ▄██ ▄█ ▀  ██▀▀█ █▄█ ▀▀▀▄█ ▄▀▄▄▄▀ ▀▀▄█ █▄█ ▀▀▄▀█
█ █   █ █ █▀▄██ ▄▀▀▄▄██▀▀▄     ▄▀▀█▄  ▄███  ▄▀███  ▄  █ █▄█
█ █▄▄▄█ █ ▄ ▀  █▄ ▀▄▄█ ▄▀██ █▀▀█▄██▀ ▀ ▄▄▀▄▀▀▀  ▄  ▄▀▀  ███
█▄▄▄▄▄▄▄█▄█▄▄▄▄███▄▄█▄██▄▄▄█▄██▄▄▄▄▄▄▄█▄▄██▄███▄▄▄▄█▄█▄█▄██

Scan this QR code:
▄▄▄▄▄▄▄▄▄▄▄▄▄▄▄▄▄▄▄▄▄▄▄▄▄▄▄▄▄▄▄▄▄▄▄▄▄▄▄▄▄▄▄▄▄▄▄▄▄▄▄▄▄▄▄▄▄▄▄
█ ▄▄▄▄▄ █▄▀▄ ▄▄▄█▀▀▄▄█▀▄▄▄ ▀▀▀▄ ▄▄▀█▀█ ▀▄▀█ ▀  ▄ ██ ▄▄▄▄▄ █
█ █   █ █ █▀▀▀ █▄▄█ ▄███▀  █ █▄▀ ▄▄▀ ▀▄▀▄█▀██▄▀▄ ██ █   █ █
█ █▄▄▄█ █▄█▀█▄▄█▀▀▄  ▀▄  █▀ ▄▄▄ ▄█▀█▀▀  ▄█ ▀ █▄▀▄██ █▄▄▄█ █
█▄▄▄▄▄▄▄█▄█ █ █ █▄█▄▀▄▀ ▀▄█ █▄█ ▀ ▀ █ █ ▀ █▄▀▄▀▄█ █▄▄▄▄▄▄▄█
█ ▄  ▀▀▄█▄█  ▀▀█████▀█ ▄  █▄▄▄   █ ▄▀▀▀█ ▄▄ ▄███   ██ ▄ ▀ █
█ █ ▄▄█▄ ▄▄▀▀  ▀▀  ██ ▄▄ ▄█▄ ▀  █ █▀▄▀█▄█ ▀▄█▀▀▄ ▀▀▄██ ▄  █
██▄██▀▀▄██▄█▄▀▄ ▀▄█▄▀▀█▄▄▄█▀▀██▀██▀▄█ ▀▀█▀▄▄▀█▀▄▀█ ▀▀█▀ ▀██
█▀█▄▄  ▄█▄▄▀  ▄█████ ▄  ▄█ █ █▀▀▄▀   ███▀ ▀▀██▄█▄▀█▀▄▀▄▀▄██
██ ▀█▀ ▄▀ ▄ ▀█    ▀▀▄█▄██▄█▄▄▄▀▄▀▄▄▀ █▄█▄█ █ ▄▀▀ ▄█▄▄▀▀▄█ █
█▄▀▄  █▄ ██▀▀▀▀▀ ██▀██▄█▀█▄ █ ██▀▄█▄ ▀▀ ▀▀ █▄▀▀▀▄▄██▄ ██▀██
█  ▄▄█▄▄▀▀ ██▀ ██ ▄▀██ ▄▀█▀ ▄ █ ▄▀▀█ █▀█▀▄▀ ██▀▄▄  █ ▄██ ▀█
█▄█▀▀  ▄█▄█▄█▄█ ▀▄   ▄    █▀▀▄▀▄ ▄ ▄ █▄█ ▄ █▀█▄▄▀▄▀ █▄ ▄█▄█
█ ▀▀█  ▄▄  ██ ▀  ▄ ▄█ ███▄▀██▀▄█▄▄  ▄ ▀▀▀▀▄█ ▀▀▄██ ▀█▀▀█▄▄█
█ █▄▀ ▄▄▄  ▄ ▀ ▄  ▄▄▀▀█▄█▀▀ ▄▄▄ ▀ ▀▄▄▄ ▄ ▀▄▄▀ ▀▀▀ ▄▄▄ █▀▀██
█ ▄▄▀ █▄█ █▄ ▀█   █▄█▄▀▀ ▄▀ █▄█   █▀▀▀▄█▄▀ █▀▄▀▀  █▄█ ▄▄▄▄█
█ ▀▄█ ▄▄  ▀▀▄██ ▄  ▄███▀   ▄▄ ▄▄▀ ▀ ▀▄▀▀▀▀▀▄▀▄ █▀ ▄  ▄▄▄▄▀█
█▄▀    ▄ ▀▀ ▄█ █▄█▀█ ▄  ▄ █▄██▀▀▀█ ▄▄█ █ ▄▀ █▀▄█▀█ ██▄▀█▀██
██▀█ ▄▄▄█▄█▄ ▀ ▄▄  █▄▄▄▄▀███▄  ██ █ ▄ ▀ ▄██ ▄ ▀▀ ▄▄▄ ▄ ▄▄ █
█ █▄█▀ ▄ █▄█ ▀ ▀███ ▀███ ▄████▀▀▄█ █ ▄█▀▀███▄▀█▄██ ██▄ ▀▄██
█▄█▄▀▀ ▄ ▀ ▄▀█▄█ ▄ ▀   █▄▀█  ▄▄█▀█▀██ ▄▄ ▀▀ ▄▄▄▀ ▄▀█ ▄█ █▄█
█▀█▄▄▀ ▄▄█  ▄ ▀ ▀  ▀ █ ▀█▄▀ ▀  ▄█▄▄▀▀█▄█▄▀▀▄▄▄  ▄▀██▀ ▀ █▄█
█▀█ ▄█ ▄█▀█ ▀█ ▄ ██▄ ██ █████▀▄ ▀▀██▀▄▄ █▄  █▄▄██▀▄▀█▄ █▄██
█  █ ▀█▄ ▄ █▄▀ ▄▄█▀▀▀▄ █▀▀▄▄▄▄ ▀▀███▄█ ▄  █▀▀▀██▀▀█ ▄▄  ▄ █
█ ▀ ▀▀▄▄█   ▄▀█ ▄▀██ ▀  ▄▄██▄██▀   ▄  ▀▀███ ██   ▄ ▄▀▀ ▄ ▄█
███████▄█ ▀ █▀ █ ▄  ▀▀▀█ █▀ ▄▄▄  █ █ ▄  ▀███ █ ██ ▄▄▄ ▄▄█▀█
█ ▄▄▄▄▄ ███▄▀▀█▄▄▀██▀█ ▀▀ █ █▄█ ▀▀ █▀▄ ▀▀▄▄▄█▄██  █▄█  ▀█▀█
█ █   █ █▀▄  ██ ▀█▀█ ▄██ ▀█ ▄▄  ▀▄ ▀▄▀▄█▄█▄▄▄▄ ▀█ ▄▄▄▄▄▄▀██
█ █▄▄▄█ █ ▄▄▀▄ ▄  ▀ ▄▀███▀█▀█▀█▀▄▀  █ ▀▀▄█ ███ ▄▀▄▀  ▀▄▄█▀█
█▄▄▄▄▄▄▄█▄██▄█▄███▄█▄█▄▄█▄███▄███▄██▄█▄▄▄▄▄████▄█▄███▄█▄███

❌ Bot disconnected (408), reconnecting in 5s...
❌ Bot disconnected (408), reconnecting in 5s...
Scan this QR code:
▄▄▄▄▄▄▄▄▄▄▄▄▄▄▄▄▄▄▄▄▄▄▄▄▄▄▄▄▄▄▄▄▄▄▄▄▄▄▄▄▄▄▄▄▄▄▄▄▄▄▄▄▄▄▄▄▄▄▄
█ ▄▄▄▄▄ █▄▀▄ ▄█▄▀█ ▄ █ █ ▄ ▀▀▀▄ ▄▄ ▀██▄█▄▄▄ █  ▄ ██ ▄▄▄▄▄ █
█ █   █ █ █▀█▀ ██▄█ ████ ▀ █ █▄▀ ▄▄▀▀▀▄▀█▄▀█ ▄▀▄ ██ █   █ █
█ █▄▄▄█ █▄▀█▀▄▄█▀▀▄  ▀▄  █▀ ▄▄▄ █▀▀██▄  ▀▀ ▀▀ ▄▀▄██ █▄▄▄█ █
█▄▄▄▄▄▄▄█▄█ ▀ █ █▄█▄▀▄▀ ▀▄█ █▄█ ▀ ▀ █ █ ▀ █▄▀▄▀▄█ █▄▄▄▄▄▄▄█
█ ▄  █▀▄▀▄ ▀▀▄▀█████▀█ ▄  ▀▄▄▄   █ ▄▀▀▀█ ▄▄ ▄███  ▄██▄▄ ▀ █
█ █ ▄▄▄▄█▄█▄█  ▀▀  ██ ▄▄ ▄█▄▄▀  █ ██▄▀█ █ █▄█▀█ ▄▀ █ ▀ ▄  █
██▄ █▀▀▄ ▀ █▄▀▄ ▀▄█▄▀▀█▄▄▄█▀▀▀█▀██ ██   █▀▄▄▀███▄▄ ▀█▀▀▄▀██
█▀▄    ▄██▄▀  ▄████▀ ▄▄ ▄█ █ ███▄▀▀ ▄▀▄▄▀▄▀ ▀█ ████▀▄▀  ▄██
███▄▀▀ ▄▀ ▄ ▀█  ▀ █▀▄▄ ▀ ██▄▄▄ █▀▄█▀▀█▄█ ▀ ▄▄ █  ▄█▄▄▀ ██▄█
█▄▀   █▄ ██▀▀▀▀▀█ █▀▀▀▄█▄█▄ █ ▄▄█ █▄█▄  ▀█▀▄▀▀▀ ▄▄█▀▄ ██ ██
█▀▄▄▄▀ ▄▀▀ ██▀ ██ ▄▀██ ▄▀█▀ ▄ █ █▀▀█▄█▀█  ▀ █▀▀▄▄ ▀▄ ▄██ ▀█
█▄█▀▀▀▀▄█ ███▄▀█▀▄   ▄    █▀▀▄▀▄▀█ ▄▀▄▄█ █ █▀█▄▄▀▄ ▄█  ▄█▄█
█ ▀▀█▀▄▄▄▀    ▄▀ ▄ ▄█ ███▄▀██▀▄█▄▄  ▄ ▀▀▀▀▄█ ▀▀▄██▀▀▀█▀█▄▄█
█ █▄▀ ▄▄▄ ▀ ▄▀▄█  ▄▄▀▀█▄█▀█ ▄▄▄ ▀ ▀ ▄▄   ▀▄▄▀ ██▀ ▄▄▄ ▀▀▀██
█ ▄█▄ █▄█ █  ▀▄   █▄█▄▀▀ ▄█ █▄█   ▀ ▀▀ █▄▀ ▄▀▄▀▀  █▄█ █▄▄▄█
█▀▀█  ▄▄▄▄▀▀▄██ ▄ ▀███ █   ▄▄ ▄▄▀   ▀▄▀ ▀█ ▀█▄█▄▀ ▄ ▄▄ ▄▄▀█
█ ▄▀▀  ▄██▀ ▄█ ███ ▀▀██   █▄▀█▀▀▀█ ▄▄█ █▄▄▀▀▀▀█▄█  ███ ▄▀██
██ █▄▄▄▄▀ █▄ ▀ ▄▄▀ █▄▄▄▄████▄█ █▀▄█ ▄█▀▀▄█▄  █▀ ▀▄▄▄ █ ▄ ▄█
█▄█▄█▀ ▄ █▄█▀▄ ▀███ ▀███ ▄████▄▄▄█ █  █▀█▀██ ▀█▄██ ██▄ ▀███
█▄█▄▀▀ ▄ ▀█▀█ ▄▄ ▄ ▀   █▄▀█  ▄▄▀ ▄▀█▄ ▄▄▀ ▀ █▄▄▀ ▄▀█ ▄█ █▄█
█▀█▄▄██▄▄█▀▄█ ▀▄▀  ▀ █ ▀█▄▀ ▀  ▄█▄▄▀▀█▄█▄▀▀▄▄▄  ▄▀█▄▀ ▀▄█▄█
█▀█ ▄█▄▄█▀█▄▀▄   ██▄ ██ █████▀▄ ▀▀██▀▄▄▄█▄ ▄█▄ ██▀▀██▄ █▄██
█    ▄▀▄ ▀ ▄▄▀▀▀▄█▀▀▀▄ █▀▀▄█▄▄ ▀▀█▄█▄█▀▄   ▀▀▀██▀▄▄▀ █▀ ▄ █
█ ▀ ▀▀▄▄▄▀  ▄▀█ ▄▀▀█ ▀▀ ▄▄▄█▄██▀   █ ▄█▀▀█▄ ▀███▄ ▄▄█▄ █ ▄█
███████▄▄▀▀ █▀ █▀▄   ▀▀██▄▀ ▄▄▄  █ █▄▄▀▀ ▀▀█▄▀▀▄█ ▄▄▄ ██▀▀█
█ ▄▄▄▄▄ ███▄▀▀█▄█ ██▀█ ▀▀██ █▄█ ▀█ █▄▀ ▀ ▄▄▄█▄███ █▄█  ▀▀██
█ █   █ █▀▄ ▄ █ ▀█▀█ ▄██ ▀█ ▄▄  ▄▄ ▀██▄█▄█▄▄ ▄ ▀█ ▄▄▄▄▄▄▀▄█
█ █▄▄▄█ █ ▄ █ ▄█  ▀ ▄▀███▀█▀█▀█▀█   ▄▀▀▀█▄ █▄█ ▄▀▄▀ ▀▀▄▄█▀█
█▄▄▄▄▄▄▄█▄▄▄█▄▄███▄█▄█▄▄█▄███████▄██▄█▄▄▄▄▄████▄█▄██▄██▄███

Scan this QR code:
▄▄▄▄▄▄▄▄▄▄▄▄▄▄▄▄▄▄▄▄▄▄▄▄▄▄▄▄▄▄▄▄▄▄▄▄▄▄▄▄▄▄▄▄▄▄▄▄▄▄▄▄▄▄▄▄▄▄▄
█ ▄▄▄▄▄ █▀ █▀    ▀█  █ █ ▄▄█▄▄▄▄ ▀▀▀█ ▄███▄  █▄▄ ██ ▄▄▄▄▄ █
█ █   █ █▀  ▀▄ █▄█▀ ██▄▄▀ ▀█▄█ ▄ ██  ▀█▀▄█▄  █ ▄ ██ █   █ █
█ █▄▄▄█ █▀▀▀ ▀█▀▄█▄█▄ ▄█▀ █ ▄▄▄ ▄▄▀█▄▀▄▀██▄▄▄▄▀▀▄██ █▄▄▄█ █
█▄▄▄▄▄▄▄█▄█ █▄▀ ▀▄▀ ▀ ▀ █ █ █▄█ ▀▄█ ▀▄█ █ █▄▀ ▀ ▀▄█▄▄▄▄▄▄▄█
█  ▄  █▄  █▄▀█ ▀ ▄▀▄ █▀▀▄▀▄▄    ▀█▀█▀  █▀█   █▄▄▄▀ █▄▀▄▀▄▀█
█  ▀██ ▄██ █▄▄▄ ▄ ▀ ▀▀▀ █ ▀▄   █▀▀▄██▀▀▄▀▀ ▀▀▀▄█▄▄▄█▄▀▀▀ ██
█▀▀  ▄▀▄▀▄▀   ▄▄▄█▀ ▄▄▀▄  ▀ ▀▀▀██▀▄▄  ▀▄▀█  █▀▄▄▄▀▀▄▄▀▀ ███
█▄▀█▀▄▄▄ █ ▄▄▀▀█ ▄▀█▀██▄▄ ▀█▀██▄██▄█ ▀▄▀▄▄▄▀████▄▀▀█▀█   ██
█▀▄█▄  ▄   ▄█▄▄█▀▄▄▄▀█▄▀▀▀█▀▀ █ ▄▀▀▄ ▄ ▄▀▀▄ ▄▀ █ ▀███▀▀▀█ █
█  ▀  ▄▄██▀▀▀▄▀█▄█ ▄█ ▄▀▀  ▄▀  ██ ▀ ▄ ▀ ▀ ▄█▄▄█ ▀ ▄ ▄▀▀▀ ▀█
██▀ ▀▀▄▄ ▀▀█▀█▀█▄▀▄▄▄█▀█▀▄▀ ▀▀▀ ▄▀▄█▄ ▀█▀▀▀ ▄█▄█▄▀▄█▄▀█ ▀ █
██▄██▄▄▄▀▄█▄▀▀ ▀▄ ▄ ▄█  ▀█▀ █▀█▄██▄ █ █ █▄█▀▄█▄▀▄▀▄▄▄█▀▀▀██
██ ▄ █ ▄▀ ██ █▄█▄█  █▄██  █▀▀▀█▀▄ ▄ ▄▄▀▄▀██▀▄█▄█▀  ██▀█ ▄▄█
██ ▀▀ ▄▄▄   █ █▄█▄▄█ ▀▄█  █ ▄▄▄   ▄▀▄▀█▄▀▀▄▀▄█▄▄▀ ▄▄▄ ▀  ▀█
█▀▄▄  █▄█  ▄▄▄ ▄▀▄▄▀ █▄█▀ █ █▄█ ▄███   ███▀  ▀▄▄▄ █▄█ █▄▄ █
█▄▀█ ▄ ▄▄▄▄█  █▀▀▄▄ █▄▄▄ ▀▄ ▄▄▄▄█▄█ ▀▀▀▀ ▄█ ██ ▀▀▄ ▄ ▄▀▀ ▀█
█  ████▄██▄▀█▄ █▀▄▀▄ ▄▀▀▄▀▄▀▀▄▀  █▀█▄  ▄▀▀▀▀ ▀ ███▀ ▀▄ ▀█ █
█ ▀  █▄▄▀▄ ▄▄ ▄ ██▀ █▄███▀▄▄ ▄▀ █▀▄▄▀▀   █▀▄█▀█▄ ▄ ███  ███
███ █▀▄▄  ▄▄▀ ▄ ▀█▄▄▀▀▀█▄ █▄▀██ ▄▀██▄  ▄██▀  ██▄▀█ ███▀▄▄▀█
██▀█▀█▀▄▄▀▀▀▄ ▀▄▀█▀▄▀  ▀▄ █ ▀█   █ ██▀▄██▀█▀▀▄▄▄▀▄▄▀ ▀▀▀▄▄█
█▄▄▄▄▀█▄█  ▄  ▀█▀▄  ▄▄▀▀▀▀█▀█▄ ▄▀█▀█▄ ▀▄▄█▀ ▄█ ██▄▄▀▄▄  █▀█
█ ▀▄██▀▄█▀▀   ▄▀██▀ ▄ ▀ ▀ █▀ ▀  ████▀▀▄ ▄█ ▀ ▀ ▄▀█▀▀▄█▀ ▀██
█ ▄  ▀ ▄▀▀ ▄▄ ▀███▀ ▄▄▀▄  ▄ ██ █ █▀▄▄▄▀███  ▀█▄▄█  ▀▀▄ ▀█▀█
█ ▀ ▀▀▄▄█▀▀█ ▄█▀ ▀  █▄▄ ███  ▀▀▄▀ █  ▄▄█▄ ▀ ▀    ▄▀▀██ ▀ ▀█
███████▄█▀▀ ▀▀ ▀█▄ ▄▀█▄▀▀ ▄ ▄▄▄  ▀▄██  ▄ ▀ ▀█▀▄█▀ ▄▄▄ █▄▀▄█
█ ▄▄▄▄▄ █▄▄ ▄██ ██ ▀█▀██ ▀█ █▄█ ▀█▀▄▄▄█ ▄▀▄ ▀▀▀▄▄ █▄█ ▀▀ ██
█ █   █ █ █▀ ██ ▄▀▀▄▄██▀▀▄  ▄  ▄ ██▄▄▄▄█▄█  ▄▀███  ▄▄ █ ▄██
█ █▄▄▄█ █ ██  ▀▄▄ ▀▄▄█ ▄▀██  █▀████▀▀▀ ▄▄ ▄▀    ▄  ▄▀█  ███
█▄▄▄▄▄▄▄█▄▄█▄▄████▄▄█▄██▄▄▄████▄▄▄▄▄▄▄█▄▄██▄███▄▄▄▄█▄█▄█▄██

❌ Bot disconnected (428), reconnecting in 5s...
❌ Bot disconnected (428), reconnecting in 5s...
Scan this QR code:
▄▄▄▄▄▄▄▄▄▄▄▄▄▄▄▄▄▄▄▄▄▄▄▄▄▄▄▄▄▄▄▄▄▄▄▄▄▄▄▄▄▄▄▄▄▄▄▄▄▄▄▄▄▄▄▄▄▄▄
█ ▄▄▄▄▄ █▀█▄▄ █ ▀█▄▀▀▀█▄▀▄ ██▀ ▄▄ ▀▀ █▄▀▀▀▄▄▀█▄▄ ██ ▄▄▄▄▄ █
█ █   █ █▀▄ █▄▀█▄██▀▄▄▄▄  ▀█▀▄▄ ▀▄█ ▄▀█▀█▄▀▄▄▄ ▄ ██ █   █ █
█ █▄▄▄█ █▀▄▀▀  ▄▄███▄ ▀▄▀ █ ▄▄▄ ▀▄▄▀▀ ▄▀█ ▀▄▀▄▀▀▄██ █▄▄▄█ █
█▄▄▄▄▄▄▄█▄▀▄▀▄█▄▀▄▀ ▀ █ █ █ █▄█ ▀▄█ ▀▄█▄█ ▀ ▀ █▄▀▄█▄▄▄▄▄▄▄█
█ ▄   ▀▄▄ █▀██ █▄▄█▄ █▀█ ▀▄▄▄▄  ▀█▀█▀  █▀█▄▀██▄▄ ▀ █ ▀▄▀ ▀█
██▀▀▀▀█▄▀██  ▄▄ ▄▄▀ ▀▀▀ ▀▀▀██▀▀█▀▀ ▀█▄██ ▄ ▀▀  ▄ ██▄▄ ▀▀▄▀█
█▀▄▀ ▀█▄▄ █▄ █▄▄█▄▀ ▀█▀▄  ▄█ █▀██▀▄█▀▄▀█▀▀▀ ▀▀██ ▀ ██▀▀▄▀▀█
█▄█▀▀▀ ▄▄▄█  ▀██▄▄  ▀▄▀█▄▄▀█▀▄█ █▀▄▀▄   ▄▀ ▀▄▀ ▀█▄▄▀▄  ▀███
██ █▄█▀▄█▀▀▄  ▄▀▀▄▄▄▀▄▀▀ ▀▀█▀   ██▀▄ ▄ █ ▀▀▀▄█▄█▀▀▀█▀█▀ ███
█▀  █ █▄ ▀▀▀██▀█▀▀▀█▄▀ █  ▄▄▀ ▀ ▀▄▀▄▄▄▀▄▀▀█▀ ▀▄   █▀  ▀▀▄██
██ ▄█ █▄ ▀▀▄▄▄▀█▄▀▄ ▄█▀█▀▄  █▀█▀▄▀ ▄▄  ██▀▀▀▀█ █▄▀██▀██▄▀ █
█▀▀ ▄▄ ▄▀█ ▀ █ █▄ ▀█▄██▄▀█▀ ▄  ▀█▄█ ▀▀ ▄█▀▀ ▄█▀  ▀ ▄▄▄▀▀▀██
█▄▀█▀ ▀▄█▀█▀█▄█▄▄▄▄ █▄▀█▀ █▀▀▀ ▀▄ ▄  ▄▀██▀ ▀ ██▄▀ ▀█▀██▀▄ █
█▀▄▄  ▄▄▄ ▀██▀▀ ▀▀▄█ ▀▄██ ▀ ▄▄▄   ▄▀▄██ ▀  ▀  ▄ ▄ ▄▄▄ ▀  ██
██ ▀▀ █▄█ ▀█▀▄ ██▄▄▀▀█▄█▀▀▀ █▄█ ▄▀▄█ ▄▀▄▀█  ██▄█  █▄█ ▀▄ ██
█▄███ ▄▄▄▄█▀ ▀█▄  █▀█▀▀▄▄▄      ▀▄▄ █▄ █▀▀ ▄▀ ▄ █▄▄▄  ▀▀▄██
██▀ ▄▀ ▄██ ▀▄▄▀█▀▄▄▄▄▄▀▀▄▀▄▄▄▄▀  █▀█▄▄ ▄▀▀▄▀▀██▄▀▀▀█ ▄▀█ ▀█
██ ██ █▄█▄  ▀▄▄█▄▀▀ ▀█▀  █▀▄ █▀ ██ ▄ ▄▄ ▄▀▄█▀▄▄▄▀▀ █▀▄▀▀▀██
█▄▄ ▀▀▄▄ ▀ █   █▀█▀▄▀▀▀█▄ █▀▀█ ▀▄▀▄██ ███▀▀▀▄▀▀▄▀▀ ▀▀▄▄██▀█
██▄▄   ▄▀▀▄▀▀▀ ▄▀█  ▀ ▀▄▄ ▄ ▀█▄ ▀█ ▄▄ █▄▀▀▀▀███  █ █▀██▀▄▄█
█▄▀█▀ █▄ ▄  ▄▄▄█▄▄▀▄▄▄██▄▀█▀▄▄▀▀▀█▀█   ▄▀█ ▀ ██▄█▄▄▀▄▄ ▀▀██
███▄ █▄▄██▀▀ ▄█▄▄█▀  ▀▀ ▀▀▀▀▀▀ ▄▀██▀█  ▄▀▄▄ █  █▀▄ ▀▀▄ ▀▄▀█
█▀▀▄▄ █▄▀▄▀▄▄ ▀██▄▀  ▄▀▄▀ █▀██   ██▄▄▄▄█▀▀   ▀█▄█▄▀▀███▀█ █
█ ▀ ▀▀▄▄▄██▄█▄▀▀▀█▄▀▄ ▀▀█▀ ▄▀▀▄▄▄▀▄ ██ ▄ █▄▀█▄ ▀▀█▄▀█   ▄██
███████▄▄ █ ▀█ ▀▄▄▄▄▄▄▀▀▀▀▀ ▄▄▄  ▀▄█ ▄ ▄▀██▀▄▀█▄▀ ▄▄▄ ▀ █▀█
█ ▄▄▄▄▄ █▄▄█▀ ▄▄  █▄ █▀ ▀ ▄ █▄█  ▀▀▄ ▄  ▄▀▄█  ▄█▀ █▄█   ▄██
█ █   █ █ ▀▄ ▀▀▀▄▀  ▄█ ▀▀▄▀ ▄  ▄▀▀██   ▄▄▀█▀▀▀███▄ ▄▄▄█▀▄██
█ █▄▄▄█ █ █▄▄██▄▄ █▄▄█▀█▀███▀▀▀█▄█▄  ▄▀█ █▄▀█ ▄▄█ ▀▄█▀  ███
█▄▄▄▄▄▄▄█▄███▄▄▄▄▄▄▄██████▄██▄█▄▄▄▄▄▄▄█▄██▄▄▄█▄███▄█████▄██

Scan this QR code:
▄▄▄▄▄▄▄▄▄▄▄▄▄▄▄▄▄▄▄▄▄▄▄▄▄▄▄▄▄▄▄▄▄▄▄▄▄▄▄▄▄▄▄▄▄▄▄▄▄▄▄▄▄▄▄▄▄▄▄
█ ▄▄▄▄▄ █▀ █▀  ▀▀▀▄▀ █▀█▄▄▄█▄▄▄▄ ▀▀█▄▀▄▀▄▄▄▄▄█▄▄ ██ ▄▄▄▄▄ █
█ █   █ █▀  ▀  █▄▄▀ ▄█▄▄▀▀▀█▄█ ▄▀▄█ ▀▀█▀██▄ ▀█ ▄ ██ █   █ █
█ █▄▄▄█ █▀██ ▀█▀▄█▄█▄ ▄█▀ █ ▄▄▄ ▄▄▀█▀ ▄▀ ▀▄▄▀▀▀▀▄██ █▄▄▄█ █
█▄▄▄▄▄▄▄█▄█▄█▄▀ ▀▄▀ ▀ ▀ █ █ █▄█ ▀▄█ ▀▄█ █ █▄▀ ▀ ▀▄█▄▄▄▄▄▄▄█
█  ▄  ▀▄ ▄ ▀▄▀ ▀ ▄▀▄ █▀▀▄▀ ▄    ▀█▀█▀  █▀█   █▄▄▀  █▄▀▄▀▄▀█
█  ▀██ ▄  █▀ ▀▄ ▄ ▀ ▀▀▀ █ ██ ▄ █▀▀ ██▀█▄▀▀▄█▀▀ ▀▄ ███ ▀▀ ██
█▀▀ ▀▄▀▄▄▄▄▀  ▄▄▄█▀ ▄▄▀▄    █▀▀██▀██  ▄█▀█  █▀▄█  ▀▄ ▀█▄███
█   ▄▄▄▄▀█ ▄▄▀▀█ ▄▄▄▀██▀▄ ▀█ ██▄██ ▀▄█    █▀▀▀▄   ▀█ █ ▀ ██
█▀ ▄   ▄   ▄█▄▄█▄█▄ ▄▄█▀▀▀█▀▀  ▀▄▀▀█ ▄ ▄█▀▄▀█▀ ▄ ▀███▀▀ █▄█
█▄ ▄▄  ▄██▀▀▀▄▀██▄ ▄ █▄▀▄█ ▄▀ ▀█▀ ▀ ▀▄  ▀███▄██ ▀  ▄▄▀▀▀▄▀█
█   ▀▀▀▄ ▀▀█ ▄▀█▄▀▄▄▄█▀█▀▄▀ ▀▀▀ ▄█▄██▄▀███▀  ▀▄█▄▀ ▄▄▀█ ▀▀█
██▄██ ▄▄█▄█ ▀▄ ▄▄ ▄ ▄█  ▀█▀ █▀█▄▄▄▄ █ █ ▄██▀▄█▄▀▄▀██ ▀▀▀▀██
██ ▄ █▀▄    ▀█▄ ▄█  █▄██  █▀▀▀█▀▄ ▄ ▄▄▀▄▀██▀▄█▄█▄▀ █ ▀█ ▄▄█
██ ▀▀ ▄▄▄ ▀▀██▄ █▄▄█ ▀▄█  █ ▄▄▄   ▄█▄▀▀▄▀▀▄▀▄█▄   ▄▄▄ ▀  ▀█
█▀▄█  █▄█ ▀█▄▄ ▄▀▄▄▀ █▄█▀ █ █▄█ ▄█▄█  ▀███▀▀ ▀ ▄▄ █▄█ ▀ ▄ █
█▀▀ █▄ ▄▄ ▄█  █▀▀▄▄▄█▄   ▀▄▄▄▄▄▄█▄█ ████▄ ▀█▀▀▀▄▄▄▄  ▄▀  ▀█
█ ▄▀▄██▄▄ ▄▀█▄ █▄▄   ███▀▀▄▀▄▄▀  █▀█▄▄▄██▀▄▀ █▄▄█▄▀ ▄█ ▀▀ █
█   ██▄▄ ▄ ▄▄ ▄ ▄█▀  ▄██▄ ▄▄█ ▀ █▀▄▄█▄   █ █▄ █▄▀▄ █▀▀  ███
█▀▀ █▀▄▄  ▄▄▀█▄ ▀█▄▄▀▀▀█▄ █▄▀█▀█ ███▄▄ ▄██▀  ██▄▀█ ███▀▄█ █
██▀█▀█▀▄▄▀▀█▀▀▀ ▀█▀▄▀  ▀▄ █ ▀█ ▄▀█ ██ ▄██ █▀ ▄▄▄▀▄▄▀ ▀▀▀▄▄█
█▄▄▄▄██▄█ ▀█▀ ▄ ▀▄  ▄▄▀▀▀▀█▀█▄ ▄▀█▀█▄ ▀▄▄█▀ ▄█ ██▄▀█▄▄  █▀█
█ ▀▄██▀▄█▀█ ▄ ▀ ██▀ ▄ ▀ ▀ ▀▀ ▀  ██▀▀▀▀▄ ▄█▄▀ ▀▄▄▀▄▄█▄█  ▀██
█ ▄█▀▄▀▄▀█ █▄ ████▀ ▄▄▀▄  ▄▀██ █ █▄█▄▄ ███▀▀▀██▄▀▄▄▄▄▄▄▄█▀█
█ ▀ ▀▀▄▄▄▄▀█ ▄█▀ ▀ ▄█▄▄▀███▄ ▀▀▄▀ █    █▄ ▀ █▄▄██▄ ▀▄█▀▀ ▀█
███████▄█▀▀ ▀▀ ▀▄▄▀▄ █▄▀  ▄ ▄▄▄  ▀▄█▄▄ ▄▀▀   ▀▄██ ▄▄▄ █▄█▄█
█ ▄▄▄▄▄ █▄▄ ▄██ ▀▄ ▀▄███▀▄█ █▄█ ▀█▀▄  ▄▀▀ █▀▄█▀██ █▄█ ▀▀▄██
█ █   █ █ █▀█ █ ▄▀▀▄▄██▀▀▄   ▄ ▄▄▀█▄▄ ▄█▀▀   ███▄  ▄▄▄█ ▄██
█ █▄▄▄█ █ ▄▀▄ ▄ ▄ ▀▄▄█ ▄▀██ ▀▀▀█▄██▀▀  ▄▄▀▄▀▀▀  ▄  ▄▀▀  ███
█▄▄▄▄▄▄▄█▄▄▄▄█████▄▄█▄██▄▄▄█▄██▄▄▄▄▄▄▄█▄▄██▄███▄▄▄▄███▄█▄██

Scan this QR code:
▄▄▄▄▄▄▄▄▄▄▄▄▄▄▄▄▄▄▄▄▄▄▄▄▄▄▄▄▄▄▄▄▄▄▄▄▄▄▄▄▄▄▄▄▄▄▄▄▄▄▄▄▄▄▄▄▄▄▄
█ ▄▄▄▄▄ █▄▀▄ ▄▄█▀▀▀▄ █▀█   ▀▀▀▄ ▄▄ ▀▀▀▄█ ▀▀ ▀  ▄ ██ ▄▄▄▄▄ █
█ █   █ █ █▀▀▀ █▄██ ████ ▀ █ █▄▀ █▄▀▄ ▄▀▄▄▀█▀▄▀▄ ██ █   █ █
█ █▄▄▄█ █▄▀▀▀█▄█▀▀▄  ▀▄  █▀ ▄▄▄ ▀█▀██▀  █  ▀▄▀▄▀▄██ █▄▄▄█ █
█▄▄▄▄▄▄▄█▄█▄▀▄█ █▄█▄▀▄▀ ▀▄█ █▄█ ▀ ▀ █ █ ▀ █▄▀▄▀▄█ █▄▄▄▄▄▄▄█
█ ▄  ██▄▀ ▀▀ ▄▀█████▀█ ▄  █▄▄▄   █ ▄▀▀▀█ ▄▄ ▄███   ██ ▄ ▀ █
█ █ ▄▄▄▄▄▀█ █▄ ▀▀  ██ ▄▄ ▄ █ █  █ █▀▄▀▀▄█ █ █▀█▄█▀ █ ▀ ▄  █
██▄▀▀▀▀▄ █▄▄▄▀▄ ▀▄█▄▀▀█▄▄▄▄ ▀██▀██▀██  ▀█▀▀█▀█ ▄▄█ ▀▀▀█▄▀██
█ ▀▀█  ▄██▄▀  ▄███ █ ▄▀▄▄█ █▀█▀▀▄▀▀  ▀▄▄▀▄▀▄▀▀▀ ▀▄█▀▄  ▀▄██
█▄▀▄▀▀ ▄▀ ▄ ▀█  ▀▀█▀▄█▄▀ ██▄▄▄ ▄▀▄█▀██▄█▄█▀▄█ ▄▀ ▄█▄▄▀ ▄█ █
███▄▄▄█▄ ██▀▀▀▀▀█▄█▀█ ▄█▄█▄ █ ▄█▀▄█▄▄▄   ▀ ▄█▀  ▄▄▀▀▄ ██▀██
█▄▄▄▄▀▄▄▀▀ █ █ ██ ▄▀██ ▄▀█▀ ▄ █  █▀█ █▀██▄▀ ██▀▄▄  ▄ ▄██ ▀█
█▄█▀▀▄█▄▀  █▄▄▀▀▀▄   ▄    █▀▀▄▀▄▀█ ▄ █▄█▀▄ █ ▄▄▄▀▄██▀  ▄█▄█
█ ▀▀█▀ ▄ ▄▀██▀█  ▄ ▄█ ███▄▀▀█▀▄█▄▄  ▄ ▀▀▀▀▄█ ▀▀▄▄▄▀▀██▀█▄▄█
█ █▄▀ ▄▄▄ ▀▄█▄ █  ▄▄▀▀█▄█▀█ ▄▄▄ ▀ █ ▄▄▄▄ ▀▄▄▀ █▀█ ▄▄▄ ▀▀▀██
█ ▄▄▄ █▄█  ▄ ▀▄█  █▄█▄▀▀ ▄█ █▄█     ▀▀▄▄▄▀▀▄▀▄▀ █ █▄█ ▄ ▄▄█
█ ▄▀▀ ▄▄  ▀▀▄██ ▄ ▄███ ▀  ▀ ▄ ▄▄▀ ▀ ▀▄█ ▀▀ ██ █ █  ▄▄▄▀▄▄▀█
█▄▄█▀  ▄  ▀ ▄█ ███ █▀▄  ▀ █▄▄▄▀▀▀█ ▄ █▀▄▀ █▀▀▀▄█▀  ██▄▀▄█▀█
█ █ ▄▄▄▄▄▄█▄ ▀ ▄▀█ ███▄▄█▀████ ██ █ ▀█▀▀▀██ ▀█ ▀ ▄▄▄▄  ▄  █
█▀▀▄█▀ ▄ █▄█▄█ ▀███ ▀███ ▄████▀  █ █ ▄█▀▄▀██▄██▄██ ██▄ ▀▄▄█
█▄█▄▀▀ ▄ ▀  ▄▀   ▄ ▀   █▄▀█  ▄██ ▄▀██ ▄▄ ▀▀ █▄▄▀ ▄▀█ ▄█ █▄█
█▀█▄▄▄ ▄▄█▀ █▄▄▀▀  ▀ █ ▀█▄▀ ▀  ▄█▄▄▀▀█▄█▄▀▀▄▄▄  ▄▀▀█▀ ▀ █▄█
█▀█ ▄█ ▄█▀▀█▀█▀▀ ██▄ ██ █████▀▄ ▀▀██▀▄▄▄█▄ ▄█▄▄▀██▀██▄ ▄▄██
█  ▀█ █▄█▄▀▀▄▀ ▄▄█▀▀▀▄ █▀▀▄▄▄▄ ▀▀█▄█▄█▀▄  ▀ ▀▀▄▄▀▄▄ ▄██▄▄ █
█ ▀ ▀▀▄▄█▄  ▄▀█ ▄▀▀█ ▀▀ ▄▄▄▀▄██▀   █ ▄▀▄██▄ ▀▀▄▀▄ ▄ ▄█▀▄ ▄█
███████▄█▀▀ █▀ █ ▄ ▄   ▀▄▄▀ ▄▄▄  █ █▄ ▀ █▀▄▄ █ ▄█ ▄▄▄ ▄▄█▀█
█ ▄▄▄▄▄ ███▄▀▀█▄████▀█ ▀  █ █▄█ █▀ █▄▄ ▀ ▄▄▄█▀██▀ █▄█  ▀▀██
█ █   █ █▀▄ ▄ █ ▀█▀█ ▄██ ▀█ ▄▄  ▄▄ ▀▀▀▄█▄▀▄▄▄▄ ▀▄ ▄▄ ▄▄▄▀██
█ █▄▄▄█ █ ▄▀██▄▀  ▀ ▄▀███▀█▀▀▀█▀▄▀  ▄ ▀▀█▄ ██▄ ▄▀▄▀  ▀▄▄█▀█
█▄▄▄▄▄▄▄█▄▄█▄▄█▄██▄█▄█▄▄█▄███████▄██▄█▄▄▄▄▄████▄█▄██▄██▄███

Scan this QR code:
▄▄▄▄▄▄▄▄▄▄▄▄▄▄▄▄▄▄▄▄▄▄▄▄▄▄▄▄▄▄▄▄▄▄▄▄▄▄▄▄▄▄▄▄▄▄▄▄▄▄▄▄▄▄▄▄▄▄▄
█ ▄▄▄▄▄ █▀ █▀   ███▀ ▀▀▄▄▄▄█▄▄▄▄ ▀▀█▄ ▀▀▄▄  █ ▄▄ ██ ▄▄▄▄▄ █
█ █   █ █▀  █  █▄▄▀ ▄█▄▄  ▀█▄█ ▄▀██  ▀█▀██▄  ▄ ▄ ██ █   █ █
█ █▄▄▄█ █▀█▀ ██▀▄█▄█▄ ▄█▀ █ ▄▄▄  ▄▀██ ▄▀▀▀▄▄█▀▀▀▄██ █▄▄▄█ █
█▄▄▄▄▄▄▄█▄▀ ▀▄▀ ▀▄▀ ▀ ▀ █ █ █▄█ ▀▄█ ▀▄█ █ █▄▀ ▀ ▀▄█▄▄▄▄▄▄▄█
█  ▄ ▄▀▄   ▄ ▀ ▀ ▄▀▄ █▀▀▄▀▄▄    ▀█▀█▀  █▀█   █▄▄   █▄▀▄▀▄▀█
█  ▀██▀▄▀▄▀▀▄▄▄ ▄ ▀ ▀▀▀ █  █ ▄ █▀▀▄██▀█ ▀▀▄█▀▀ █▄▀▄█ ▀▀▀ ██
█▀▀▄▄▄▀▄█▄█▀  ▄▄▄█▀ ▄▄▀▄  ▀ ▀▀▀██▀██  ▀▄▀█▄ █▀██▀▀▀▄▀██▄███
█▀▄▄ ▄▄▄ ▄ ▄▄▀▀█ ▄▄▀▀█ ▀▄ ▀█ █▀ ███▄▄██▀▄ ▀▀█▀▄▄▀ ▀█ ▄▀  ██
█▄▀▀▀  ▄   ▄█▄▄█▄█▀▄ █▀▀▄▀█▀▀   ▄▀▀█▄ ▀█▄█▀  ▀█▄ ▀███▀▀ ▀ █
█▄██▀▄▄▄██▀▀▀▄▀███ ▄▄▄▄▀█▀ ▄▀ ▀██ ▀  ▄▀▀ ▄███ ▄▀▀ ▄▄▄▀▀▀ ██
█▀█ ▀▀▄▄ ▀▀█ ▀▀█▄▀▄▄▄█▀█▀▄▀ ▀▀▀ ▄▀▄█▀ ▀███▀  ▀▄█▄▀ █▄▀█ ▀ █
██▄██ ▄▄█ ▄▄███▀▄ ▄ ▄█  ▀█▀ █▀█▄█▄▄ ▄ █ ▄▄█▀▄█▄▀▄▀ █▄▀▀▀▀██
██ ▄ ▄▀▄▀▀▀███▄█▄█  █▄██  █▀▀▀█▀▄ ▄ ▄▄▀▄▀██▀▄█▄█ ▀██▀██ ▄▄█
██ ▀▀ ▄▄▄ ▄█▀█ ▄█▄▄█ ▀▄█    ▄▄▄   ▄█▄▀█ ▀▀▄█▄█  ▀ ▄▄▄ █  ▀█
█▀▄█▀ █▄█ ▄ ▄▄ ▄▀▄▄▀ █▄█▀ ▀ █▄█ ▄█▄█  ▄███▄▀ ▀▄█  █▄█  ▀▄ █
█ █ █▄▄▄▄ ▄█  █▀▀▄█▄█▄▄█ ▀█ ▄▄▄▄█▄▄▀▀█  ▄ ▄██▀▄▀     ▄▀▀ ▀█
█▄█▀▀██▄▄▀▄▀█▄ █▄▄▄▄▀█▀▀▀▀▄▀▀▄▀  █▀██▄▀█ █▀▀█▀▀█▀▀▀ ▄▄ ▀▀ █
██ ▄██▄▄▄▄ ▄▄ ▄ ██▀ ▀▄██  ▄▄ ▀▀ ▀▀▄▄█▀▀ █▀▀▄▀ ▄▄▀▄ ███  ███
█▄▀ █▀▄▄  ▄▄██▄ ▀█▄▄▀▀▀█▄ █▄▀█▀  ███   ▄▄▀▀ ▀██▄▀█ ███▀▄█▀█
██▀█▀█▀▄▄▀  ▄ ▄█▀█▀▄▀  ▀▄ █ ▀█▄▄▀█ █▄▀▄█▄▀█▀▀█▄▄▀▄▄▀ ▀▀▀▄▄█
█▄▄▄▄  ▄█ █ ▄ ▄█▀▄  ▄▄▀▀▀▀█▀█▄ ▄▀█▀█▄ ▀▄▄█▀ ▄█ ██▄█▀▄▄  █▀█
█ ▀▄█▀▄▄█▀█▀▀▄▀▀██▀ ▄ ▀ ▀ █▀ ▀  ███▀▀▀ ▄▄█▄▀ ▀▄ █▄▄▀▄█▀▀▀██
█ ▄█ ▀ ▄▀▄ ▄▄   ██▀ ▄▄▀▄  ▄███ █ ███▄▄ ▄██ ▀▀█▄█▀ ▄▀██  █▀█
█ ▀ ▀▀▄▄ █▀█ ▄█▀ ▀▄▄█▄█▀██▄█ ▀▀▄▀ █   ▄▀  █▄█▄▀▀ ▀ ▀█▄ ▀ ▀█
███████▄▄ ▀ ▀▀ ▀▀▄▄ ▀▄▀▀▀ ▄ ▄▄▄  ▀▄█▄▄▀█▀▀   █▀▄█ ▄▄▄ ▄█▀ █
█ ▄▄▄▄▄ █▄▄ ▄██  ▀ ▀▀ ██ ██ █▄█ ▀▀▀▄█ █ ▀ █ █▀▀▄█ █▄█ ▀▀▀██
█ █   █ █ █▀ ██ ▄▀▀▄▄██▀▀▄  ▄  ▄▄██▄▄ ▄█▀▀  ▄███▄  ▄  █ ▄██
█ █▄▄▄█ █  █▀█▀▀▄ ▀▄▄█ ▄▀██  ▀▀█▄██▀▀▀ ▄▄ ▄▀▀   ▄  ▄▀█  ███
█▄▄▄▄▄▄▄█▄▄▄▄▄▄███▄▄█▄██▄▄▄█▄▄█▄▄▄▄▄▄▄█▄▄██▄███▄▄▄▄█▄█▄█▄██

Scan this QR code:
▄▄▄▄▄▄▄▄▄▄▄▄▄▄▄▄▄▄▄▄▄▄▄▄▄▄▄▄▄▄▄▄▄▄▄▄▄▄▄▄▄▄▄▄▄▄▄▄▄▄▄▄▄▄▄▄▄▄▄
█ ▄▄▄▄▄ █▀█▄▄ ▄▀▀▀▄▀▀██▄ ▄ ██▀ ▄▄ ▀▀ ▀▄█ ▄  ▄ ▄▄ ██ ▄▄▄▄▄ █
█ █   █ █▀▄ █▄▀█▄██▀▄█▄▄  ▀█▀▄▄ ▀██  ▀█▀▄▄▀▄▀█ ▄ ██ █   █ █
█ █▄▄▄█ █▀▄▀▄▀ ▄▄███▄ ▀▄▀ █ ▄▄▄  ▄▄▀ ▄▄▀▀▀▀▄▀▄▀▀▄██ █▄▄▄█ █
█▄▄▄▄▄▄▄█▄█ █ █▄▀▄▀ ▀ █ █ █ █▄█ ▀▄█ ▀▄█▄█ ▀ ▀ █▄▀▄█▄▄▄▄▄▄▄█
█ ▄   █▄ ▄█    █▄▄█▄ █▀█ ▀▄ ▄▄  ▀█▀█▀  █▀█▄▀██▄▄ ▀▄█▄▀▄▀ ▀█
██▀▀▀ ▄▄▄▄▀▀  ▄ ▄▄▀ ▀▀▀ ▀▀██▀▀▀█▀▀▄██▄█▀ ▄ ▀▀  ▄▀▀▄▄▀▀▀▀▄▀█
█▀▄ ▄▀█▄ ▄█▀ █▄▄█▄▀ ▀█▀▄  ▄▄█▀▀██▀▄▄▀▄ ▄▀▀ ▀▀▀█▄ ▀ ████ ▀▀█
█▄▄▄█▀ ▄███  ▀██▄▄▄▄▀▄▀▀▄▄▀█▀██ █▀ ▄ ▄▄ ▄█▄█▄▀▄▄▄▀▄▀▄▀▀▀███
█▀▄█▀█▀▄█▀▀▄  ▄▀▀▄ ▄▀█▀█▄▀▀█▀ █▀██▀▄▀▄ ██▀   █▀█▀▀▀█▀█ ▀███
██▀  ▄█▄ ▀▀▀██▀██▄▀█ ▄ ██▀▄▄▀  ▀█▄▀▄█▄ ▄▀▀█▀▀ █   █▀  ▀▀▄██
█ █▄██ ▄ ▀▀▄▄█▀█▄▀▄ ▄█▀█▀▄  █▀█▀ ▀ ▄▄  █▀█▀▀█▀ █▄▀▀█▀██▄  █
█▀▀ ▄█▄▄███▄▄   ▄ ▀█▄██▄▀█▀ ▄  ▀███ ▀  ▄█ ▀ ▄▄▀  ▀▄▄▄ ▀▀▀██
█▄▀█▀█ ▄ ▀  ▀█▀ ▄▄▄ █▄▀█▀ █▀▀▀ ▀▄ ▄  ▄▀██▀ ▀ ██▄▄▀▀▄▄██▀▄ █
█▀▄▄  ▄▄▄ ██ ▄▄ ▀▀▄█ ▀▄██ ▀ ▄▄▄   ▄▀▄██▄▀  ▀  ▄▄  ▄▄▄ ▀  ██
██ ▄▀ █▄█  ▀▀▄ ██▄▄▀▀█▄█▀▀▀ █▄█ ▄▀▄▄ ▄▀▄▀██▀██▄██ █▄█ █▄ ██
█▀▄  ▄ ▄▄ █▀ ▀█▄  ▀▀█▀█ ▄▄▀▄    ▀▄█▀█▄ ▄██ ▀▀ ▄█▄▄▄ ▄▄▀ ▄██
█▄▄ █▀ ▄   ▀▄▄▀█▄█   ▄█▀▀▀▄▄██▀  █▀█ ▄▄█▀▀▄▀██▄▄▀ ▀█▄█ ▄▄▀█
██▄█▀ █▄▀█  ▀▄▄██▀▀ ▄█▀ █ ▀▄██▀ ▀▀ ▄ █▄ ▀▀▄██ █▄▀▀ █▄█▀▀ ▀█
█   ▀▀▄▄ ▀ ██▄ █▀█▀▄▀▀▀█▄ █▀▀█  ██▄██ ██▀▀▀▀ █▀▄▀▀ ▀▀▄▄█▄▀█
██▄▄   ▄▀▀▀▀▀█ ▄▀█  ▀ ▀▄▄ ▄ ▀█▄▄▀▄ ▄█▀█▄▀▀▀▀▄▄█  █ █▀██▀▄▄█
█▄▀█▀▄█▄ ▄▀█▀█▀█▄▄▀▄▄▄██▄▀█▀▄▄▀▀▀█▀█   ▄▀█ ▀ ██▄█▄█ ▄▄ █▀██
███▄  █▄██▀█ ▀█▀▄█▀  ▀▀ ▀▀█▀▀▀ ▄▀█▀▀█  ▄▀▄  █  ▀██ ▀▀▄  ▄▀█
█▀▀▄▀▄▄▄  ▄█▄ ▀██▄▀  ▄▀▄▀ █▀██   █▄▄▄▄▀█▀▀▀▀ ▀▄█▀▀ ▀▀▄ ▀█ █
█ ▀ ▀▀▄▄███▄█▄▀▀▀█▄ ▄ ▄██▀ ▀▀▀▄▄▄▀▄▀█▀▄▄▄▀▀▀▀  █▄▄█▀█▄▄ ▄██
███████▄▄▀█ ▀█ ▀▄█   ██▀ ▀▀ ▄▄▄  ▀▄█  ▀▄█▀ ▀▄▀█▄▀ ▄▄▄  ▀▀▀█
█ ▄▄▄▄▄ █▄▄█▀ ▄▄█▄█▄█▀▀   ▄ █▄█ ▄█▀▄█▀   █████▄▄█ █▄█   █▀█
█ █   █ █ ▀▄█▄▀▀▄▀  ▄█ ▀▀▄▀ ▄  ▄▄███ ▄ ▄▀██▀▄████▄ ▄▄▄█▀███
█ █▄▄▄█ █ ▄ █▄▄▀▄ █▄▄█▀█▀███▄▀▀██▄▄ ▀▄▀█▀█▄▀▄ ▄▄█ ▀▄▀▀  ███
█▄▄▄▄▄▄▄█▄██████▄▄▄▄██████▄█▄▄█▄▄▄▄▄▄▄█▄██▄▄▄█▄███▄█████▄██

Scan this QR code:
▄▄▄▄▄▄▄▄▄▄▄▄▄▄▄▄▄▄▄▄▄▄▄▄▄▄▄▄▄▄▄▄▄▄▄▄▄▄▄▄▄▄▄▄▄▄▄▄▄▄▄▄▄▄▄▄▄▄▄
█ ▄▄▄▄▄ █▀ █▀ ▀▀▀▀█ ▄█▀▄▄▄▄█▄▄▄▄ ▀▀█ ▀ ██▀▄ ▄▀▄▄ ██ ▄▄▄▄▄ █
█ █   █ █▀  █  █▄█▀ █▄▄▄ ▀▀█▄█ ▄ ▄█   █▀▄█▄ ▀▄ ▄ ██ █   █ █
█ █▄▄▄█ █▀▀▀▄▄█▀▄█▄█▄ ▄█▀ █ ▄▄▄ ▄▀▀███▄▀█▀▄▄▄▄▀▀▄██ █▄▄▄█ █
█▄▄▄▄▄▄▄█▄█ █▄▀ ▀▄▀ ▀ ▀ █ █ █▄█ ▀▄█ ▀▄█ █ █▄▀ ▀ ▀▄█▄▄▄▄▄▄▄█
█  ▄  ▀▄▄ ▀▄▄█ ▀ ▄▀▄ █▀▀▄▀ ▄    ▀█▀█▀  █▀█   █▄▄ ▀ █ █▄▀▄▀█
█  ▀██▀▄▀▄█▄██▄ ▄ ▀ ▀▀▀ █  ▄▄▄ █▀▀ ▀█▀█▄▀▀▄█▀▀ ▀▄ ▄█▄▄▀▀ ██
█▀▀▄▀▄▀▄ █ ▀  ▄▄▄█▀ ▄▄▀▄  ▀ ██▀██▀██  █▄▀█ ▀█▀▄█▀▀▀▄█▀▀▄███
█▀ █▀▄▄▄▀█ ▄▄▀▀█ ▄ █▀███▄ ▀█ ██▄██▄  █▄▄  █▄██▀▄▄ ▀█ ▄▀▀ ██
██▄▄   ▄   ▄█▄▄█▀▄▄  ▄▀█▀▀█▀▀ ▀▀▄▀▀██ ████▀▀ ▀█▄ ▀███▀ ▀█ █
█  ▄▀▄▄▄██▀▀▀▄▀█ ▄ ▄▀▀▄▀▄  ▄▀  ▄█ ▀ ▀▄   █▄▄▀█▄ ▀ ▄ ▄▀▀▀ ▀█
█▀▄ ▀▀ ▄ ▀▀█ ▀▀█▄▀▄▄▄█▀█▀▄▀ ▀▀▀ ▄█▄█ ▄▀██▀▀ ▄▀▄█▄▀ █▄▀█ ▀▀█
██▄██▀█▄█ ▄▄ ▀  ▄ ▄ ▄█  ▀█▀ █▀█▄█▄▄ ▄ █ ███▀▄█▄▀▄▀█▄▄▀▀▀▀██
██ ▄ ██▄▄ ▀▀▄▄▄ ▄█  █▄██  █▀▀▀█▀▄ ▄ ▄▄▀▄▀██▀▄█▄█ ▀▄▄▄██ ▄▄█
██ ▀▀ ▄▄▄ █▄▄█  █▄▄█ ▀▄█  █ ▄▄▄   ▄█▄▀▀▄▀▀▄█▄█    ▄▄▄ ▀  ▀█
█▀▄█▄ █▄█  ▄▄▄▀█▀▄▄▀ █▄█▀ █ █▄█ ▄██▄   ███   ▀▀█▄ █▄█ █▄▄ █
█ █ █  ▄▄▄▄█  █▀▀▄▀▀█▄█▄ ▀▄ ▄▄▄▄█▄▄ ▀█▀█▄▄▄ ██▄▄▀▄▄ ▄▄   ▀█
██▄ ███▄▀▀▄▀█▄ █▄▄▄▄▀▄▀▀▄▀▄▀█▄▀  █▀█▀ ▀█▀▀▀ ▄▀███▀▀  ▄▀▀█ █
█ █▀██▄▄▄█ ▄▄ ▄  █▀ █ ██▀▀▄▄  ▀ ██▄▄▄▄  █▀▀█▀▀█▄▀▄ ██    ██
█▀▄ █▀▄▄  ▄▄▄▄▄ ▀█▄▄▀▀▀█▄ █▄▀█▄  ▀██   ▄██▀ ▀██▄▀█ ███▀▄▄▀█
██▀█▀█▀▄▄▀▄█▀▄▄▄▀█▀▄▀  ▀▄ █ ▀█  ▀█ ██ ▄██▀█▀ ▄▄▄▀▄▄▀ ▀▀▀▄▄█
█▄▄▄▄  ▄█ ▀ ▀ █▀▀▄  ▄▄▀▀▀▀█▀█▄ ▄▀█▀█▄ ▀▄▄█▀ ▄█ ██▄▀▀▄▄▄▄█▀█
█ ▀▄█▀▀▄█▀▀▄▀▀ ▀██▀ ▄ ▀ ▀ █▀ ▀  ████▀▀  ▄█▄▀ ▀▄ ▀█ █▄█  ▀██
█ ▄▄█▀▀▄▀▄██▄ ████▀ ▄▄▀▄  ▄███ █ █▀▄▄▄▀███ ▀▀██▄▀ ▀ ▄██▄█▀█
█ ▀ ▀▀▄▄▄▀▀█ ▄█▀ ▀▀ █▄▄▄██▄▄ ▀▀▄▀ ▄   ▀█ ▄██▀ ██ ▄▄█▄█▀  ▀█
███████▄█▀▀ ▀▀ ▀█▄▄▄▀▄▄▀▄▀▄ ▄▄▄  ▀▄█ ▄ ▄▀▀▀▀▄▀██▀ ▄▄▄ ███▄█
█ ▄▄▄▄▄ █▄▄ ▄██ ▄  ▀█▀██  █ █▄█ ▀█▀▄▀ ▄▀█▀▄▀█▄ ▄▄ █▄█ ▀▀▄▀█
█ █   █ █ █▀▀ █ ▄▀▀▄▄██▀▀▄  ▄▄ ▄ ▀█▄▄▄▄█▄█   ▀███  ▄  █ █▄█
█ █▄▄▄█ █ █ ▀██ ▄ ▀▄▄█ ▄▀██ ▀█▀█▄▄█▀▀  ▄▄ ▄▀▀▀  ▄  ▄ ▀  ███
█▄▄▄▄▄▄▄█▄▄█▄▄▄▄██▄▄█▄██▄▄▄█▄▄█▄▄▄▄▄▄▄█▄▄██▄███▄▄▄▄█▄█▄█▄██

Scan this QR code:
▄▄▄▄▄▄▄▄▄▄▄▄▄▄▄▄▄▄▄▄▄▄▄▄▄▄▄▄▄▄▄▄▄▄▄▄▄▄▄▄▄▄▄▄▄▄▄▄▄▄▄▄▄▄▄▄▄▄▄
█ ▄▄▄▄▄ █▀█▄▄ █ ▀▀█  █▄▄▄▄ ██▀ ▄▄ ▄▀█▀▄▀ ▄ ▄▀▄▄▄ ██ ▄▄▄▄▄ █
█ █   █ █▀▄ █▄▀██▄█▀▄▄▄▄▀▀▀█▀▄▄ ▀▄█ ▀▀█▀▄▄▀▄ █ ▄ ██ █   █ █
█ █▄▄▄█ █▀▄▀█  ▄▄███▄ ▀▄▀ █ ▄▄▄ ▀█▄▀▄ ▄▀▄█▀▄█▄▀▀▄██ █▄▄▄█ █
█▄▄▄▄▄▄▄█▄▀ ▀ █▄▀▄▀ ▀ █ █ █ █▄█ ▀▄█ ▀▄█▄█ ▀ ▀ █▄▀▄█▄▄▄▄▄▄▄█
█ ▄   █▄ ▄ ▀▄▄ █▄▄█▄ █▀█ ▀ ▄▄▄  ▀█▀█▀  █▀█▄▀██▄▄▀  █ █▄▀ ▀█
██▀▀▀▀▄▄▄▄ ▀█▀▄ ▄▄▀ ▀▀▀ ▀▀ ▄██▀█▀▀▄▀█▄▀█ ▄▄█▀  ▄ ▄█▄▄▀▀▀▄▀█
█▀▄▀█▀█▄▄▄█▄ █▄▄█▄▀ ▀█▀▄  ▄▄▀█▀██▀█▄▀▄▀▄▀▀▀ ▀▀█▄▄▀ █▄█▀▄▀▀█
█▄▀▀▀▀ ▄█▄█  ▀██▄▄▀ ▀▄▀▄▄▄▀█ ▄▀▄█▀▄█▄ █ ▄█▄▀ ▀▄▄██▄▀▄  ▀███
█▀   █▀▄█▀▀▄  ▄▀▄█  ▀█ ▀▀ ▀█▀   ██ █  ▀██▀ ▀▄▀██▀▀▀█▀█ ▀█▀█
█   █ █▄ ▀▀▀██▀█  ▀███ ██▀▄▄▀ ▀ ▀▄▀▄▀█▀██▀▄▀█▀▄▀  ██  ▀▀▄▀█
█▄ ▄██ ▄ ▀▀▄▀▀▀█▄▀▄ ▄█▀█▀▄  █▀█▀▄█ ▄▀  █ ▀▀▀ █ █▄▀▀█▀██▄ ▀█
█▀▀ ▄  ▄████▀ ▀ ▄ ▀█▄██▄▀█▀ ▄  ▀███ ▀  ▄█▀▀ █▄▀  ▀▀█▄▄▀▀▀██
█▄▀█▀█▄▄▄█▀▀▀ █▀▄▄▄ █▄▀█▀ █▀▀▀ ▀▄ ▄  ▄▀██▀ ▀ ██▄▀ ██▀██▀▄ █
█▀▄▄  ▄▄▄ ██▄▄ ▀▀▀▄█ ▀▄██ ▄ ▄▄▄   ▄█▄██ ▀ ▄▀  ▄   ▄▄▄ ▀  ██
██ ▀█ █▄█ ▄█▀▄▄▀█▄▄▀▀█▄█▀▀▀ █▄█ ▄▀▄▄ ▄▀▄▀█ ▀██▄█▄ █▄█  ▀ ██
█▄ █ ▄▄▄ ▄█▀ ▀█▄  ▀▀█▀▄ ▄▄▀▄    ▀▄█ █▄█▀█▀█▀▀ ▄▄█▄    █▀▄██
█▀▄██▀ ▄▀▄ ▀▄▄▀█▄▄▄  ▄█▀▀ ▄▄▄█▀  █▀█  ▀▄▄▀  ▄▀█▄█▀▀█▄█▀█▄██
█▄ ▀█ █▄ █  ▀▄▄█▀ ▀  ▄▀  █▀▄ ▄▀ ▀▀ ▄█▀█ ▄▀▄▄█ █▄▀▀ █▄█▀▀ ▀█
███ ▀▀▄▄ ▀ █ ▄ █▀█▀▄▀▀▀█▄ █▀▀█▄█▀█▄█  ██▄▀▀▀▄█▀▄▀▀ ▀▀▄▄██ █
██▄▄   ▄▀▀█▀▀ ▀▀▀█  ▀ ▀▄▄ ▄ ▀██▄▀█ ▄█▀█▄ ▀▀▀▄██  █ █▀██▀▄▄█
█▄▀█▀▀▄▄ ▄█▄█ ▄█▄▄▀▄▄▄██▄▀█▀▄▄▀▀▀█▀█   ▄▀█ ▀ ██▄█▄▄█▄▄ ▀▀██
███▄ █▀▄██ ▀▀▄▄▀▄█▀  ▀▀ ▀▀▀▀▀▀ ▄▀█▀██   ▀▄ ▄█  █▀█▄█▀▄  ▄▀█
█▀▀ ██▀▄▄ ▀ ▄ ███▄▀  ▄▀▄▀ ▄▄██   █ ▄▄▄▄█▀▀▀▀ ▀█▄█▄▄█▄█▄██ █
█ ▀ ▀▀▄▄█▄█▄█▄▀▀▀█ ▀▄  ██▀▀ ▀▀▄▄▄▀█ ▀█  ▄▀██▀  ▄ ▀▄██ ▄▀▄██
███████▄█▀█ ▀█ ▀▄▄  ▀█▀█▀▀▀ ▄▄▄  ▀▄█   █▄█  ▄███▀ ▄▄▄ ▀▀███
█ ▄▄▄▄▄ █▄▄█▀ ▄▄▀▄█▄ ▀▀ ▄▀▄ █▄█ ▄█▀▄▀█ ▀▀█▄█▄▀▄██ █▄█   ▄▀█
█ █   █ █ ▀▄█ ▀▀▄▀  ▄█ ▀▀▄▀ ▄  ▄ ███▄  ▄▀██▀▄▀███▄ ▄  █▀█▄█
█ █▄▄▄█ █   ▄▀  ▄ █▄▄█▀█▀███▄▀▀█▄█▄ ▀█▀█▀█▄▀█ ▄▄█ ▀▄▀▀  ███
█▄▄▄▄▄▄▄█▄█▄▄▄█▄▄▄▄▄██████▄██▄█▄▄▄▄▄▄▄█▄██▄▄▄█▄███▄█▄▄██▄██

Scan this QR code:
▄▄▄▄▄▄▄▄▄▄▄▄▄▄▄▄▄▄▄▄▄▄▄▄▄▄▄▄▄▄▄▄▄▄▄▄▄▄▄▄▄▄▄▄▄▄▄▄▄▄▄▄▄▄▄▄▄▄▄
█ ▄▄▄▄▄ █▀ █▀  ▀██▄▀ ▀▀▄ ▄▄█▄▄▄▄ ▀▄▀█▄▄▀▀▀ ▄▄█▄▄ ██ ▄▄▄▄▄ █
█ █   █ █▀  █  ███▀ ▄▄▄▄▀ ▀█▄█ ▄▀██ ▀▀█▀▄█▄  █ ▄ ██ █   █ █
█ █▄▄▄█ █▀▀▀█ █▀▄█▄█▄ ▄█▀ █ ▄▄▄   ▀█▀▄▄▀▄▄▄▄██▀▀▄██ █▄▄▄█ █
█▄▄▄▄▄▄▄█▄▀ ▀ ▀ ▀▄▀ ▀ ▀ █ █ █▄█ ▀▄█ ▀▄█ █ █▄▀ ▀ ▀▄█▄▄▄▄▄▄▄█
█  ▄  ▀▄▄ █▄▀  ▀ ▄▀▄ █▀▀▄▀▄▄    ▀█▀█▀  █▀█   █▄▄▄▀ █ █▄▀▄▀█
█  ▀██ ▄▀ ▄▄ ▄▄ ▄ ▀ ▀▀▀ █  ▄ ▄ █▀▀▄██▀█ ▀▀▄█▀▀▄▀ ▄▄█▄▄▀▀ ██
█▀▀▄▄▄▀▄▄▄▀▀  ▄▄▄█▀ ▄▄▀▄   ▀█▀▀██▀▄█  ▀▄▀█▀▀█▀██▀▀▀▄█▀█▄███
█▀█▀▀▄▄▄▀▄ ▄▄▀▀█ ▄▀▄▀█▀█▄ ▀█ ██▄██ ▀▄█ █▄▄▀ ▀▀██▀ ▀█▀█▀▀ ██
█▀     ▄   ▄█▄▄███  ▀█▀█▄▀█▀▀ ▀ ▄▀ █  █▄▀█▀ ▄███ ▀███▀▀▀▀▄█
█▀ ██  ▄██▀▀▀▄▀█▄  ▄▀█▄▀▀▄ ▄▀  ██ ▀ ██  ▀ █▄▀▀█▀▀ ▄ ▄▀▀▀ ██
█▄█ ▀▄ ▄ ▀▀█ ▀▀█▄▀▄▄▄█▀█▀▄▀ ▀▀▀ ▄█▄█▄▄▀█▀█▀ █▀▄█▄▀▀█▄▀█  ▀█
██▄███▀▄█▄ ▀▀▀██▄ ▄ ▄█  ▀█▀ █▀█▄▄█▄ █ █ ███▀▄▄▄▀▄▀▄▀ ▀▀▀▀██
██ ▄  █▄▀▀▀  █ █▄█  █▄██  ▀█▀▀█▀▄ ▄ ▄▄▀▄▀██▀▄█▄█▀▀▀▄███ ▄▄█
██ ▀▀ ▄▄▄  █ ▄█ █▄▄█ ▀▄█  █ ▄▄▄   ▄█▄▀▀▄▀▀▄█▄█▄▄  ▄▄▄ ▀  ▀█
█▀▄▄▀ █▄█  ▀▄▄  ▀▄▄▀ █▄█▀ ▀ █▄█ ▄██▄   ▄██   ▀██▀ █▄█ ▀▀▄ █
█▄ ▀▀ ▄▄▄▄▄█  █▀▀▄▀▄█▄▀▄ ▀█ ▄▄▄▄█▄█ ▀█▄█  █ ▀▀▀█ ▄▄ ▄▄▀  ▀█
█▀▄▄ ██▄▀█▄▀█▄ █▄█▄▄▄▄▀█▀ ▄▀▄█▀  █▀█▀▄ ▄██▀▀▄▀▄█▀▀▀ ▄█▀▀█▄█
█ █ ▄█▄▄▀▄ ▄▄ ▄  ▄▀ ▄▄██▀ ▄▄█▄▀ ▀█▄▄▀█▀▀▄▄▀▄█ ▄▄▀▄ █▀▄   ▀█
█▄▀ █▀▄▄  ▄▄▄ ▄ ▀█▄▄▀▀▀█▄ █▄▀█  ▄▀██▀▄ ▄██▀  ██▄▀█ ███▀▄▄▀█
██▀█▀█▀▄▄▀ █ █▀▄▀█▀▄▀  ▀▄ █ ▀█▄  ▄ ██▀▄█▄ █▀ █▄▄▀▄▄▀ ▀▀▀▄▄█
█▄▄▄▄ █▄█ ▄ ▄▀ █▀▄  ▄▄▀▀▀▀█▀█▄ ▄▀█▀█▄ ▀▄▄█▀ ▄█ ██▄▀▄▄▄ ▄█▀█
█ ▀▄██▀▄█▀  ▄▄▄███▀ ▄ ▀ ▀ ▀▀ ▀  ██▀▀▀▀▄▄▄█▄█ ▀ ▄▀▄▄█▄█▄ ▀██
█ ▄▀▄ ▀▄█▀██▄ ▄ ██▀ ▄▄▀▄  ████ █ ███▄▄████ ▀▀████▀▄ ▄▄▄██▀█
█ ▀ ▀▀▄▄█ ▀█ ▄█▀ ▀█▄█▄█████▄ ▀▀▄▀ ▄▀▄ ▄▄▄ ▄ █▄█▀▄▄▀▀▀█▀▀ ▀█
███████▄█▀▀ ▀▀ ▀▀▄  ▀▄▀▀ ▀▄ ▄▄▄  ▀▄█▄▄ ███▀▀ █ █▀ ▄▄▄ ▄█▀ █
█ ▄▄▄▄▄ █▄▄ ▄██  █ ▀▀ ██ ██ █▄█ █▀▀▄▄██ ▄▀█▀▀▄▀▄▀ █▄█ ▀▀▄██
█ █   █ █ █▀█▀█ ▄▀▀▄▄██▀▀▄  ▄  ▄ ██▄▀ ▄███  ▄████  ▄  █ █▄█
█ █▄▄▄█ █ ▀▀▀▀█ ▄ ▀▄▄█ ▄▀██ █▀▀█▄▄█▀▀  ▄▄▀▄▀ ▀  ▄  ▄█▀  ███
█▄▄▄▄▄▄▄█▄█▄▄█████▄▄█▄██▄▄▄████▄▄▄▄▄▄▄█▄▄██▄███▄▄▄▄█▄█▄█▄██

Scan this QR code:
▄▄▄▄▄▄▄▄▄▄▄▄▄▄▄▄▄▄▄▄▄▄▄▄▄▄▄▄▄▄▄▄▄▄▄▄▄▄▄▄▄▄▄▄▄▄▄▄▄▄▄▄▄▄▄▄▄▄▄
█ ▄▄▄▄▄ █▄▀▄ ▄█▄█▀ ███▀█ ▄ ▀▀▀▄ ▄▄█▀▄▄▀██  ▄██ ▄ ██ ▄▄▄▄▄ █
█ █   █ █ █▀▀▀ ██▄█ ▄▄██▀  █ █▄▀ ▄▄▀▀▀▄▀▄█▀█ █▀▄ ██ █   █ █
█ █▄▄▄█ █▄▀█ █▄█▀▀▄  ▀▄  █▀ ▄▄▄ ▄█▀██▄  ▄▀ ▀█▀▄▀▄██ █▄▄▄█ █
█▄▄▄▄▄▄▄█▄▀ ▀▄█ █▄█▄▀▄▀ ▀▄█ █▄█ ▀ ▀ █ █ ▀ █▄▀▄▀▄█ █▄▄▄▄▄▄▄█
█ ▄  ▀▀▄▀ ▀ █▄▀█████▀█ ▄  █ ▄▄   █ ▄▀▀▀█ ▄▄ ▄███ ▀ █▀ ▄ ▀ █
█ █ ▄██▄  ▄▀ █ ▀▀  ██ ▄▄ ▄ ▄ █  █ ▀▀▄▀▀ █ ▀▄█▀█ ▀▄ █ █ ▄  █
██▄██▀▀▄█▀▀▀▄▀▄ ▀▄█▄▀▀█▄▄▄▄  ▀█▀██▀▄█ ▀▀█▀▄█▀█▀▄██ ▀▀▀▀▄▀██
█▄ ▀▄  ▄█▄▄▀  ▄███ ▀ ▄▀▀▄█ █ ▄▀█▄▀▄▀ ▀██▀  ▄▀▀▀▄  █▀█ ▀ ▄██
█   █▀ ▄▀ ▄ ▀█   ▀██▄█ ▀█▄█▄▄▄▀▄▀▄▄ ▀▀▀▄ █ ██ ▀▀ ▄█▄▄▀ █▀ █
██ ▀  █▄ ██▀▀▀▀▀█ █▀▄▀▄█ ▀▄ █ ▄██ █▄▄▀  █ ▀█▄  ▀▄▄██▄ ██ ▀█
█ █▄▄█▄▄▀▀ ██  ██ ▄▀██ ▄▀█▀ ▄ █ ▀█▀█ █▀█▄▄▀ ██▀▄▄  █ ▄██▀▀█
█▄█▀▀  ▄█ █▄█▄▄▄▀▄   ▄    █▀▀▄▀▄ ▄ ▄▀▄▄█▀█ █ █▄▄▀▄██▀  ▄█▄█
█ ▀▀█ ▀▄▄  ▄▄█▄▄ ▄ ▄█ ███▄▀▀█▀▄█▄▄  ▄ ▀▀▀▀▄█ ▀▀▄██  █▀▀█▄▄█
█ █▄▀ ▄▄▄ ██▄███  ▄▄▀▀█▄█▀█ ▄▄▄ ▀ █▄▄▄ ▄ ▀▄ ▀ ██▀ ▄▄▄ ▀▀▀██
█ ▄ ▄ █▄█    ▀▄█  █▄█▄▀▀ ▄█ █▄█   ▀▀▀▀██▄▀ ▄▀▄ ▀▄ █▄█ ▀▀▄▄█
█▀██ ▄▄▄ ▄▀▀▄██ ▄ ▄ ██ █   ▄▄ ▄▄▀   ▀ ▀ █▀ ██▄█   ▄▄▄▄█▄▄▀█
█▀ ▀▀  ▄▄▀▀ ▄█ █▀█ ▀█▄  ▀ █▄██▀▀▀█ ▄▀▀ ▄▄   ▀█ █▀▄ ███ ██▀█
█▀█ ▄▄▄▄ ▄█▄ ▀ ▄   █ ▄▄▄▄ ██▄▄ ██▄█ ▄▄▀▀███ ▀▄   ▄▄▄██ ▄  █
█▀▀▄█▀ ▄ █▄█▄  ▀███ ▀███ ▄████▀▄ █ █ ▄█▀▀███ ▀█▄██ ██▄ ▀▄██
█▄█▄▀▀ ▄ ▀█▄█▄ █ ▄ ▀   █▄▀█  ▄▄█▀█▀██▀▄▄▀▀▀ ▄▄▄▀ ▄▀█ ▄█ █▄█
█▀█▄▄▄▀▄▄█▀█  ▀█▀  ▀ █ ▀█▄▀ ▀  ▄█▄▄▀▀█▄█▄▀▀▄▄▄  ▄▀ ▄▀ █▄█▄█
█▀█ ▄█▀▄█▀█  ▄▄  ██▄ ██ ██▀██▀▄ ▀▀██▀▄  █▄▄▄█▄ ██ ▄██▄▄█▄██
█  █▄▀ ▄█ ▀█▄▀▀ ▄█▀▀▀▄ █▀▀██▄▄ ▀▀███▄█ ▄  ▀ ▀▀ █▀ ██ █ ▀▄ █
█ ▀ ▀▀▄▄▄   ▄▀█ ▄▀ █ ▀ ▀▄▄██▄██▀  ▀█▄▄▄▄█▀ ██▀▀   ▄▄▄██▄ ▄█
███████▄▄▀▀ █▀ █▀█ ▄▄ ▀█▄█▀ ▄▄▄  █ █▄ ▀▀▀█▄█ ▀█▄█ ▄▄▄ ▄█▀██
█ ▄▄▄▄▄ ███▄▀▀█▄  ██▀█ ▀ ██ █▄█ ▀▀ █▀█ ▀▄ █▄ ▀▄█  █▄█  ▀ ██
█ █   █ █▀▄ ▄██ ▀█▀█ ▄██ ▀█ ▄   ▄  ▀▀█▄█ ▀▄▄█  ▀▄ ▄▄ ▄▄▄▀▄█
█ █▄▄▄█ █ █▄▄▄▀   ▀ ▄▀███▀█▀▀▀█▀▄   █ ▀▀▄▄ ██▄ ▄▀▄▀ ██▄▄█▀█
█▄▄▄▄▄▄▄█▄▄██▄▄▄██▄█▄█▄▄█▄███████▄██▄█▄▄▄▄▄████▄█▄███▄█▄███

Scan this QR code:
▄▄▄▄▄▄▄▄▄▄▄▄▄▄▄▄▄▄▄▄▄▄▄▄▄▄▄▄▄▄▄▄▄▄▄▄▄▄▄▄▄▄▄▄▄▄▄▄▄▄▄▄▄▄▄▄▄▄▄
█ ▄▄▄▄▄ █▀▀ █▄▀ ▄  ▄▄ ▀▀█ ▄▄█▀    █▄▀ ▄▄ █▀  ▄█▄ ██ ▄▄▄▄▄ █
█ █   █ █▄▀▀▄▄▄█▄▄▄▄ ▄██▄▄███▄█ █▄▄▀▄▄▀▀█▄▀▄▄█▀▄ ██ █   █ █
█ █▄▄▄█ █ ▄▀   ▄██▄▀▀███▀▄  ▄▄▄ █  █▄ ▀▄ █▄ ▄  ▀▄██ █▄▄▄█ █
█▄▄▄▄▄▄▄█ ▀▄█▄▀ ▀ █▄▀ ▀▄▀▄█ █▄█ ▀▄█▄█ █ █▄▀ ▀ ▀▄█ █▄▄▄▄▄▄▄█
█▄▄█ █▀▄ ▀▄▄▄ ▄▀▀█▄ ▄█  ▀█▄   ▄▄██ ▄▄▄▄█ ▄█▄▄██████▄▄▄▀▄ ▀█
█▄█▄▄█ ▄▄█▄▀█ ▀██ ▀▄▄▄  █▄█ ▀▄ ▀▄▄█▀██▄█ ▀ █▄▄█▀▀   █▀▀██ █
██▀▀█▀█▄█▄▄█▄▄▄██ █▄▄█ ▀▄▄▀   █▀█ █ ▄▄▄▄  ▄▄█ ▄ ██▀█▄▄▀ █▄█
█▀█ ▄█▀▄█▄▀█▀███▀█▀ ███▀▀▄██▀▄▄▄▀█  ▀▀▀▄▀▀█▀█▀▀▀█▀██▀▄ ▄▄██
█▀█▀▀  ▄██▀▄█ ▀ ▄█▄ ▄▀ ▀ ▄ ▄  ▀█▀▄▀█  ▄▀▄█ █▀▄██ █  ▄▀▀█ ▀█
███▀█▀▄▄█▄ ▄█ ▀▄ ▀▄ █▄█▄██ █ ██▀█▀ █▀ ▀  ▄  ▀ ▄▄█▄▄▀█▄██▄▄█
██   ▄▄▄▄▀ ▄█▀███ ▀  █ ▄▄ █   ▄▄ ▀█▄█▄██  ▄▄███▄▀█▄██  ▄█ █
█▀▀ ▄▀▀▄ ▀▄▀▄ ▀██ ▄▄▀ ▀ ▀▀▄█▄▀█ ▀▀█ █▄ ██▄██  █▀▄██ ██▀█▄ █
█▀ █▀▄▀▄▀ ▀▀▀ ▀██ ▄▄██▄ ▄▄▀▄ ▄▀█▄▀██  ▀█  ▀█▄▄█ █▄▀█ ▄▀▄▄██
█▀▄▀  ▄▄▄ ▄▀▄▄▀▀▄█▀▀▄▀█▄█▄▀ ▄▄▄ ▄ █▄▀█▀   ▀█ █▀▀█ ▄▄▄ ▄▄▄▀█
██▀ ▀ █▄█ ▀▄▄  ▄ ▄▄██ ██▀▄▄ █▄█ ▀ ▄▄ ▄█▀▄█▀██▄██▄ █▄█  ▀▀██
█▄█    ▄  █ ▄▄█  ▀▀████▀▄██▄▄   ██▄█▀██▀▀▀▀▀█ ▀▄█▄▄▄▄ ▄█  █
█▀▀▄▄▄ ▄ ▀█   ▄█▄█▀▄▄█ ▄█▄ ▀▄▄▄▄▄█ ▄▀ ▄█ ▄ █▄███  █ █▄█▄▀ █
██▀█▀█▄▄▄▀▀▄▄▄▀█▄█▀▄▄█▄█▄ ▀▀ █▀▄ ▄█▄█ █▄▄▀ ▀████▀ █ ▀  ▄▀▄█
█  ▀▄▄ ▄ ▀█▀██▄▀    ▀    ▄██   ▀▄▄▄ ▄▄ █▄▄█▄▄ ▄▀█▀ ▄▄ █ ▄▀█
█▀██ ▄▄▄ ▀▀▀█ ▄▄ ▄▄ █ ▀ ▀▄▀  ▄█ ██▀▄ █ █▄▀ ██▄██▄  ▀▀ ▄█ ▄█
█ ▀▀█▀▀▄ ████▀▄█ ▄ ▄▀▀ ▀▀█ ▄▄▄  ▄  █▄▄▄▀██▀▄▀ ▀██ ▀ █▄▄  ▄█
█▄▀█▄ █▄█ █▀▄▀ █▄ █▄▄▀ ██▄█ ▀▄▄▄█▄▄ ██ ▀█  ▀  ▀██▀ ▄█ █▄▀▄█
█▄ ████▄▄▄ ▄▀▄▄ ▄▄▄▄ ▄ ██▄  ▄▄█▀▄█▄▄▀ ▀█▄▄▄████▄▄█ ▄▄█▀▄▀▀█
█ ▀ ▀▀▄▄█  █   ▄▀▀▄  ▀▀ █▀▀█▀▀▀ ▄█▄▀  ▀▀▀ ▄█ ██▄  ▀ ▄ ▀██▄█
███████▄▄  ███  █▀ ▄▀█  ▄▄▄ ▄▄▄   █ █▄ ▄   ▄  ▄▀▀ ▄▄▄ ▀ █▀█
█ ▄▄▄▄▄ █▄█▀▀▀▀ ▄▀███ ▄▄ ▀▀ █▄█ ██ █▀▄▀▀▀▀▀██▄▀▄▀ █▄█ ▄█▄▀█
█ █   █ █▀▄▀▄█ ██▀▀ ▀ ▄▀▀ █▄ ▄  ▀ ▄▄▄▄▀  ▀ ▄█ ▄█▄▄▄ ▄ █▄ ▀█
█ █▄▄▄█ █▀▄▄█▀▄▀███ ▄▄▀▀█▀█▀ ▄█▀██▄▄▄▄ █▄▄ █▀ ▀█ ▄ █▄ ▄▄█▄█
█▄▄▄▄▄▄▄█▄██▄█▄█▄▄█▄█▄▄▄█▄▄██▄▄▄▄▄███▄█▄█▄▄▄██▄██▄▄█████▄██

Scan this QR code:
▄▄▄▄▄▄▄▄▄▄▄▄▄▄▄▄▄▄▄▄▄▄▄▄▄▄▄▄▄▄▄▄▄▄▄▄▄▄▄▄▄▄▄▄▄▄▄▄▄▄▄▄▄▄▄▄▄▄▄
█ ▄▄▄▄▄ █  ▄▄  █▄▀▄▀▄▄▀█▄ █  ▀ ▄▀█▄█▄ █ █▀█▄██▀▄ ██ ▄▄▄▄▄ █
█ █   █ █ ▄█▄█▀██▀ ▄▄▄▄▀▄█▀█▀▀▀█▄▄█████▀▄ ▄▀▀▄ ▄ ██ █   █ █
█ █▄▄▄█ █▀▀██ █▀▀███▀█▄▄▀   ▄▄▄ ▀ ▀▀▀▀▀▄▄▀▀▄█▀▄▀▄██ █▄▄▄█ █
█▄▄▄▄▄▄▄█▄█ ▀▄█▄▀ █▄▀ █▄▀▄█ █▄█ ▀▄█▄█ █▄█▄█▄▀ █ █ █▄▄▄▄▄▄▄█
█  ██ ▄▄██ █▄▀█ ▀▄█▄█ ▄█ ▀▀▄ ▄  ▄ ▄█▀ █ ▄█▄▀  ▀▄ ▀█▀ ▀▄ ▄▄█
█ ▀▀▀▄ ▄▄ ▄▀▀ ▄ ▄▀▄█▀▀▀█▄▄▄▄▀▄▄ ▀▀ ▄ ▀██ ▀▀▄▀ ▄▀██▄█▄▀▄▄▄▀█
█▀▀▄▄▀█▄▄▀▄█ █▀▀ ▄▀ ▄ ▄▄  ▀▀▀█▀█ ▄ █▀▄▄▀▄▀ ▀▄▄ ▄▀ █ ▄▀█ ▄▄█
█▄ ▄ ▄█▄█████▄██▄▀█▀▀▄██▀▀▀█ ▀ ██▀▀██▀ ▄▄▄▀ ▄▀▀ ▀▄▄▀▄▄▄▄███
█ █ ▀█▀▄ ▄▄▄  ▀▄▀▄  ▄▀▄█▄▀▄ ▄  ▀  ▄██ ▀ █▀ ▀█▄ █▀▀▄ ▄█▀ ▄ █
██▄▄▄█▄▄ ▀▀▄  ▀█▄▀▄ █▄  █ ▄▄▀█▄▄▀ ▀▀▄  ▄▀▀ ██▄█▄██▀█ █▄▄ ▀█
█ ▄▀ ▀█▄█▄▄▄▄ ▄ ▀▀▄ ▀ ▄█▀▄██ ▀█▀▀ █▄▀▄█ ▄▀▀▀▀▄██▄▀ ▀▄██▄▄██
█▄▀ ▄▀ ▄██ ▄████▄█▄ ▄██▀▄ ▀ ▄██▄█▄████ ▄▄█▄███▀██▄▀▄ █▄▄▀██
█▄▄ ▄▀▄▄██▀▀▄▀▀▀▀▄▄  ▀▄█▀   ▄▀ ▀▀█▀  ▄▄  ▀ ▀█  ▄▀▀ ▀ ▀█▀▀██
█▄▄▄  ▄▄▄ ▀ ▄▀ ▄▀▄▀  ▀▄  █▀ ▄▄▄    ▄▀ ▀▄▀█▀▄  ▄▀  ▄▄▄ ▄█ ██
███▄▄ █▄█ ▀▄▀▄▄▀ ▄▄▀▄ ▀█▀▀▄ █▄█ ▀▄▀▄ ▄▄▀▄█▀▀   ▄▀ █▄█ ▀▄█ █
█▄█▄▀ ▄▄ ▄█▄█▄█▄ █▄██▀█▀▀▀▀  ▄▄▄▀▄█▄▄█▀▄▀ ███ ▀█▀     ██▄██
█▄▀ ▀▀ ▄▄██▀▄▄▄ ▀▄ ▄█▀▀▀█▀▀▀ █▀ █ ▄█▄ █▀ ▀ ▀█ ▀█▀█▄  █▀█▀ █
█ ▄▄██ ▄▀  █▄▀▄█▀▄▄█ ▄▀██ ▀▄▀█▄█▀▀ ▀▀ █  ▀    ▄▀▄▄ █▀▀▄▄ ██
██ █▄▀▄▄█▄██▄ █ ▄█▀▄▄▄▄█▄  ▄▄█▄ █▄▀█    ▄█▀▀█▄▄▄▀▀█▄▄▄▄█ ██
█ ▄▄ ██▄▀▀ ▄▄▀█▄▀ ██▀ ▀▀▀█▄ ▀  ▀ ▄ ▀ ██▄▀▄▄▄█████  █▀  ▄▄▄█
█▄▄ ▄█▄▄█▀ █▄▄█▄▀▄▀▄▀▀ █▄▀ ▄▀▄▀▀▄ ▄█  █▀▄█ ▀█  ▄█▄██▀▄ █▄ █
█ █▄ ▀▀▄██ ▄ █  ▄ ▄█ ▀▀█▄▄█▀▀▄█▀▀██  █▄ ▀▀▀██  ▄▄▄ █▀▀█▄▄▀█
█▀▄█▄▄▀▄█▄▄█▄ ▄  ▄▀ █▀▄▄▀  ▀ █  █ ██▄▄▄▀▄▀▀ █▄▀▄█ ▄▀ ▄▀▄ ██
█ ▀ ▀▀▄▄▀▀█▀ ▀▀▀▀ ▀▀▄ ▀▄ ▄▀ ▀▄▀▀▄▀▄█ ▄█▀ ▄ ▀█  ▄▀▀▄▀ ▄▄█▄██
███████▄█▀  ▀██▄▄▄  ▄ ▄██▀▄ ▄▄▄ █▄▀█▄ ▄▀▀▀ ▀█▄ ██ ▄▄▄ ▀ ▄▄█
█ ▄▄▄▄▄ █▀▄ ▄█▄▄ ▀ ▀ ▄▀███▄ █▄█ ▄▀▀▀▀▀▀▀▄  ▀  ▄ ▄ █▄█ ██▄▀█
█ █   █ █▄▄▄▄ ▄▄▀▀  ▀ █▀▀▄▄▄▄▄ ▄█▄ █  █▀ ▀█▀   ██▄▄ ▄▄█▀▀ █
█ █▄▄▄█ █▀█ █▄▀▄▄█ ▀▄█▀ ▄ ███▄▄ ▄▄▄██ ▀█▀▀▀▄▄▀▄▀ █▀▄▀▄█████
█▄▄▄▄▄▄▄█▄▄███▄▄█▄▄▄▄▄▄████▄▄▄█▄███▄▄▄▄█▄█▄▄█▄█████▄▄▄███▄█

Scan this QR code:
▄▄▄▄▄▄▄▄▄▄▄▄▄▄▄▄▄▄▄▄▄▄▄▄▄▄▄▄▄▄▄▄▄▄▄▄▄▄▄▄▄▄▄▄▄▄▄▄▄▄▄▄▄▄▄▄▄▄▄
█ ▄▄▄▄▄ █▀ █▀ ▀ ▀▀█  ▀▀▄▀ ▄█▄▄▄▄ ▀▀█▄  █ ▄▄ █ ▄▄ ██ ▄▄▄▄▄ █
█ █   █ █▀  ▀  █▄▄▀ █▄▄▄▀▀▀█▄█ ▄▀██ ▄▀█▀▄▄▄ ▀█ ▄ ██ █   █ █
█ █▄▄▄█ █▀▀█▄██▀▄█▄█▄ ▄█▀ █ ▄▄▄ █▀▀█▀▀▄▀▀▀▄▄█▄▀▀▄██ █▄▄▄█ █
█▄▄▄▄▄▄▄█▄█ ▀▄▀ ▀▄▀ ▀ ▀ █ █ █▄█ ▀▄█ ▀▄█ █ █▄▀ ▀ ▀▄█▄▄▄▄▄▄▄█
█  ▄  █▄  ▄▀█▀ ▀ ▄▀▄ █▀▀▄▀▄     ▀█▀█▀  █▀█   █▄▄▀▀▄█ █▄▀▄▀█
█  ▀█▄ ▄   ▀  ▄ ▄ ▀ ▀▀▀ █ ▀█ ▄ █▀▀ ██▀▀▄▀▀ █▀▀ █▀▄▄▄ ▄▀▀ ██
█▀▀██▄▀▄▄ █   ▄▄▄█▀ ▄▄▀▄   ▀█▀▀██▀██  ▀█▀█ ▀█▀▀█▀ ▀▄▀██▄███
██ █▀▄▄▄ █ ▄▄▀▀█ ▄ ▀▀██▀▄ ▀█▀█▀▄███▀ ██▄▄▄▄▄▀█▀ ▄▀▀█▀▄▀  ██
█▀█▀▀  ▄   ▄█▄▄██▄  ▀▄▀▀  █▀▀  ▀▄▀▀█ ▄ ▄▀█   ▀▄▄ ▀███▀ ▀█ █
███    ▄██▀▀▀▄▀█▀█ ▄█▄▄▀   ▄▀ ▀█▀▄▀ ▄▄▀▀▄ █▄▄▀█▀▀ ▄ ▄▀▀▀▄▀█
█ █ ▀▀▄▄ ▀▀█▀ ▀█▄▀▄▄▄█▀█▀▄▀ ▀▀▀ ▄▀▄█ ▄▀█ ▀▀  ▀▄█▄▀ █▄▀█ ▀▀█
██▄████▄█ ▀▀▄▄▀█▄ ▄ ▄█  ▀█▀ █▀█▄██▄ █ █ ███▀▄█▄▀▄▀██▄█▀▀▀██
██ ▄  ▄▄▄▀▄▀▀ ▀▄▄█  █▄██  ▀█▀▀█▀▄ ▄ ▄▄▀▄▀██▀▄█▄█▀ █████ ▄▄█
██ ▀▀ ▄▄▄ ▀▄▄█▀▄█▄▄█ ▀▄█  █ ▄▄▄   ▄█▄▀▀ ▀▀ ▀▄█▄▄▀ ▄▄▄ ▀  ▀█
█▀▄█  █▄█ ▄ ▄▄ ▀▀▄▄▀ █▄█▀ ▀ █▄█ ▄█ ▄  █▄██ ▀ ▀█▄█ █▄█ ▀ ▄ █
████ ▄ ▄ ▄▄█  █▀▀▄█ █▄█▄ ▀█▄▄▄▄▄█▄█ ▀▀ ▄   ███▄█    ▄ ▀  ▀█
█ █ ▀██▄▄▄▄▀█▄ ███ ▄▀███▄▀▄▀█▄▀  █▀█▄▄▀█▀█  ▄▀██▀ ▀ ▄█  █ █
█▀  ▀█▄▄▀▀ ▄▄ ▄ ██▀ ▀███  ▄▄ █▀ ▀█▄▄▀▄▀ ▀▀▀▄▀▀▄█▀▄ ███   ██
██▀ █▀▄▄  ▄▄█▀▄ ▀█▄▄▀▀▀█▄ █▄▀██▄▄▀██▀  ▄██▀ █▀█▄▀█ ███▀▄█▀█
██▀█▀█▀▄▄▀▄█ ▀▀▀▀█▀▄▀  ▀▄ █ ▀█ ▄ █ ██▀▄█▄▀█▀▀▄▄▄▀▄▄▀ ▀▀▀▄▄█
█▄▄▄▄█ ▄█ ▄▄ ▀██▀▄  ▄▄▀▀▀▀█▀█▄ ▄▀█▀█▄ ▀▄▄█▀ ▄█ ██▄█▀▄▄▄▄█▀█
█ ▀▄█▄█▄█▀█▀█▄▄███▀ ▄ ▀ ▀ ▀▀ ▀  ██▀█▀▀ ▄▄█▄▀ ▀▄▄█▄ █▄█▀ ▀██
█ ▄   ▄▄█ ██▄ ████▀ ▄▄▀▄  ▄███ █ █▄█▄▄▀███▀ ▀█▄▄███▀▄████▀█
█ ▀ ▀▀▄▄█▄▀█ ▄█▀ ▀  █▄▄▀██▄▄ ▀▀▄▀ ▄  ▄▀▄▄ █▄█ ▄██▄▄▀ ▀   ▀█
███████▄█ ▀ ▀▀ ▀██ ▄ ▄██▀▀▄ ▄▄▄  ▀▄█▄ ▀▄ █▀  ██▄█ ▄▄▄ ▄▄█ █
█ ▄▄▄▄▄ █▄▄ ▄██  ▄ ▀▄▀██  █ █▄█ █▀▀▄  █▀▄ █▀█▄▀█▄ █▄█ ▀▀▄██
█ █   █ █ █▀▀██ ▄▀▀▄▄██▀▀▄  ▄▄ ▄ ▀█▄▄▄▄█▄█   ▀██▄  ▄▄▄█ ▄██
█ █▄▄▄█ █  ▀█ ▄▀▄ ▀▄▄█ ▄▀██ ▀▀▀██▄█▀   ▄█ ▄▀    ▄  ▄▀█  ███
█▄▄▄▄▄▄▄█▄█▄█▄█▄██▄▄█▄██▄▄▄█▄██▄▄▄▄▄▄▄█▄▄██▄███▄▄▄▄██▄▄█▄██

❌ Bot disconnected (408), reconnecting in 5s...
❌ Bot disconnected (408), reconnecting in 5s...
Scan this QR code:
▄▄▄▄▄▄▄▄▄▄▄▄▄▄▄▄▄▄▄▄▄▄▄▄▄▄▄▄▄▄▄▄▄▄▄▄▄▄▄▄▄▄▄▄▄▄▄▄▄▄▄▄▄▄▄▄▄▄▄
█ ▄▄▄▄▄ █▀█▄▄ █ █▀█  ██▄█  ██▀ ▄▄ █▀ ▄▄▀█ ▄  ▀▄▄ ██ ▄▄▄▄▄ █
█ █   █ █▀▄ █▄▀█▄██▀▄▄▄▄  ▀█▀▄▄ ▀▄█   █▀▄▄▀▄▀█ ▄ ██ █   █ █
█ █▄▄▄█ █▀▄▀█  ▄▄███▄ ▀▄▀ █ ▄▄▄ ▄▄▄▀▀ ▄▀▄█▀▄▄▄▀▀▄██ █▄▄▄█ █
█▄▄▄▄▄▄▄█▄█ ▀▄█▄▀▄▀ ▀ █ █ █ █▄█ ▀▄█ ▀▄█▄█ ▀ ▀ █▄▀▄█▄▄▄▄▄▄▄█
█ ▄   █▄ ▄██▄▄ █▄▄█▄ █▀█ ▀ ▄▄▄  ▀█▀█▀  █▀█▄▀██▄▄▀▀ █ ▀▄▀ ▀█
██▀▀▀▀█▄█  ▄  ▄ ▄▄▀ ▀▀▀ ▀▀ █▀█▀█▀▀ ██▄▀▀ ▄▄▀▀  ▄ ███▀ ▀▀▄▀█
█▀▄▄█▀█▄██▄█ █▄▄█▄▀ ▀█▀▄  ▄▄█▀▀██▀█▄▀▄▄█▀▀  ▀▀▄▄▄▀ █▀██ ▀▀█
█▀█▀█▀ ▄█▄█  ▀██▄▄█▀▀▄ ▀▄▄▀█▀▄█▄█▀ █▄▄   ▀█ ▄█▄█ █▄▀▄▀█▀███
█▀ ▄ █▀▄█▀▀▄  ▄▀▀▄▄ ▀▄█▀ ▀▀█▀ ▄▀██▀▄  ▄▄▄▀ ▀▄█▀█▀▀▀█▀█▀▀█▀█
█▄ █▄ █▄ ▀▀▀██▀█▀▀▀██▄ █  ▄▄▀ ▀▀▀ ▀▄█▄▀▄▀▄█ █ ▄   ▀▀  ▀▀ ██
██ ▄█ ▀▄ ▀▀▄▄ ▀█▄▀▄ ▄█▀█▀▄  █▀█▀▄▀ ▄   ██▀▀▀ █ █▄▀▀█▀██▄▀ █
█▀▀ ▄▀▀▄█▀▀ ▀██▄▄ ▀█▄██▄▀█▀ ▄  ▀▄██ ▀▀ ▄▄▀▀ █▄▀  ▀██  ▀▀▀██
█▄▀█▀██▄   ▄▀▄██▄▄▄ █▄▀█▀ ▀█▀▀ ▀▄ ▄  ▄▀██▀ ▀ ██▄▀ ▀▄███▀▄ █
█▀▄▄  ▄▄▄ ▀  ▀█ ▀▀▄█ ▀▄██   ▄▄▄   ▄█▄█▀▄▀ ▄█      ▄▄▄ ▀  ██
██ ▀█ █▄█ ▄▄▀▄█▀█▄▄▀▀█▄█▀▀▀ █▄█ ▄▀▄█ ▄██▀█▀ █████ █▄█ ██ ██
█ ▄▄▀  ▄  █▀ ▀█▄  ▄██▀  ▄▄▀▄    ▀▄▄▀▀▄  ▀▀  ▀▄▄ ▀ ▄    ▀▄██
██▀ ▀▀ ▄ █ ▀▄▄▀█▀▄   █▄▀ ▀▄▄▄█▀  █▀█▄  ▄█▀ ▀▄▀▀▄▀▄▀██▄▀▄ ▀█
██ ██ █▄▀   ▀▄▄█▀▀▀ ▀▀▀  ▀▀▄ █▀ █▀ ▄█▀█ ▀███▀▀█▄▀▀ █▄ ▀▀ ▀█
█▀▄ ▀▀▄▄ ▀ ██  █▀█▀▄▀▀▀█▄ █▀▀█▀█▄▀▄█ ▄███▀▀▀█▀▀▄▀▀ ▀▀▄▄██ █
██▄▄   ▄▀▀██▀ ▄▀▀█  ▀ ▀▄▄ ▄ ▀█▄  █ ▄▄▀█▄ ▀▀▀█▄█  █ █▀██▀▄▄█
█▄▀█▀  ▄ ▄▄  ▄█ ▄▄▀▄▄▄██▄▀█▀▄▄▀▀▀█▀█   ▄▀█ ▀ ██▄█▄█▀▄▄ ▀▀██
███▄ ▄█▄██ █ ▄▄█▄█▀  ▀▀ ▀▀▀▀▀▀ ▄▀█▀██  ▄▀▄▄▄█ ▄▀▀▄ ▀▀▄▀▀▄▀█
█▀▀▄▀▄▄▄█▀▀▀▄   █▄▀  ▄▀▄▀ █▀██   █▀▄▄▄▀▄▀▀   ▀█▄▀ █▀▄▄███ █
█ ▀ ▀▀▄▄▄▄█▄█▄▀▀▀██ ▄  ▄█▀ ▄▀▀▄▄▄▀█ ▀█▀  █ ▄█▄  ▀▄▄▀▄▄▀ ▄██
███████▄▄ █ ▀█ ▀▀▄▀▄▀█▄▀▄▀▀ ▄▄▄  ▀▄█  ▀█▀▀ ▀▄▀▄█▀ ▄▄▄ ▀▀█▀█
█ ▄▄▄▄▄ █▄▄█▀ ▄▄▀▀█▄▄▀▀  █▄ █▄█  █▀▄▄   █▄█▄█▀▄▄▀ █▄█    ██
█ █   █ █ ▀▄▀ ▀▀▄▀  ▄█ ▀▀▄▀ ▄▄ ▄ ███   ▄███▀▄████▄ ▄ ▄█▀█▄█
█ █▄▄▄█ █ █▀██ ▀▄ █▄▄█▀█▀███▀▀▀██▄▄ ▀▄▀█ █▄▀▄▀▄▄█ ▀▄▀█  ███
█▄▄▄▄▄▄▄█▄▄████▄▄▄▄▄██████▄██▄█▄▄▄▄▄▄▄█▄██▄▄▄█▄███▄█████▄██

Scan this QR code:
▄▄▄▄▄▄▄▄▄▄▄▄▄▄▄▄▄▄▄▄▄▄▄▄▄▄▄▄▄▄▄▄▄▄▄▄▄▄▄▄▄▄▄▄▄▄▄▄▄▄▄▄▄▄▄▄▄▄▄
█ ▄▄▄▄▄ █▀ █▀ ▀▀▀██▀▄▀▀█ ▄▄█▄▄▄▄ ▀▀█▄▀ ▀  ▄  █▄▄ ██ ▄▄▄▄▄ █
█ █   █ █▀  ▀▄ █▄▄▀ ██▄▄▀▀▀█▄█ ▄ ▄█ ▀▀█▀▀▄▄ ▄▄ ▄ ██ █   █ █
█ █▄▄▄█ █▀█▀███▀▄█▄█▄ ▄█▀ █ ▄▄▄  █▀██ ▄▀▀ ▄▄ ▄▀▀▄██ █▄▄▄█ █
█▄▄▄▄▄▄▄█▄▀ █▄▀ ▀▄▀ ▀ ▀ █ █ █▄█ ▀▄█ ▀▄█ █ █▄▀ ▀ ▀▄█▄▄▄▄▄▄▄█
█  ▄  ▀▄▄▄▀█▄  ▀ ▄▀▄ █▀▀▄▀▄▄    ▀█▀█▀  █▀█   █▄▄▄▀ █▄▀▄▀▄▀█
█  ▀█▄▀▄   ▄ ▀▄ ▄ ▀ ▀▀▀ █ ██▄  █▀▀ ██▀▀▄▀▀▄▀▀▀▄▀█▀██▄ ▀▀ ██
█▀▀ ▄▄▀▄▄     ▄▄▄█▀ ▄▄▀▄    ▀▀▀██▀█▄  ▀█▀█ ▀█▀██▀ ▀▄▀▀█▄███
█▀▀ ▀▄▄▄▀▄ ▄▄▀▀█ ▄▄▄▀█ ▄▄ ▀█▀▄█ ██▄█▄▀▀█▄▄▄▄█▀▄█  ▀█ █▀  ██
██▄ ▄  ▄   ▄█▄▄███▄ ▄▄▀██▀█▀▀ ▀▀▄▀▀█▄▄██▀▀▀ ▄▀██ ▀███▀▀ ▀ █
█▀█▀█  ▄██▀▀▀▄▀█   ▄▄█▄▀ ▀ ▄▀ ▀▄▀ ▀     ▀▀▄▄▄ █▀▀  ▄▄▀▀▀█▀█
██  ▀▀▄▄ ▀▀█ ▄▀█▄▀▄▄▄█▀█▀▄▀ ▀▀▀  █▄█▄▄▀█ █▀ ▄█▄█▄▀▄█▄▀█ ▀▀█
██▄████▄█ ▀▀▀█▀▀▄ ▄ ▄█  ▀█▀ █▀█▄██▄ ▄ █ █▄█▀█▄▄▀▄▀▄▄ █▀▀▀██
██ ▄   ▄▄▄ ▀█ ▀█▄█  █▄██  █▀▀▀█▀▄ ▄ ▄▄▀▄▀██▀▄█▄█▀▀ █▀▀█ ▄▄█
██ ▀▀ ▄▄▄ ▀▄█▄███▄▄█ ▀▄█  ▀ ▄▄▄    ▀▄▀█▄▀▀▄█▄█▄ ▀ ▄▄▄ ▀  ▀█
█▀▄ ▀ █▄█   ▄▄▀█▀▄▄▀ █▄█▀ █ █▄█ ▄███  ▀▄██▀  ▀▄█▄ █▄█ ▄█▄ █
█▄ ▄   ▄  ▄█  █▀▀▄▀ █▄▀  ▀▄ ▄▄▄▄█▄█▀█▀█▀ ▄▄▀█▀▄█▄▄▄▄▄ ▀  ▀█
█▀▀ ▄██▄█▄▄▀█▄ █▄▄ ▄ ▄▀▀  ▄▀▄█▀  █▀█▄▄▀█▀█ ▀ █▄██ ▀ ▄█ ▀▀ █
█▄▀█▀█▄▄ █ ▄▄ ▄  █▀  █████▄▄█▄▀ ▀▀▄▄█▀▀    ▄ ▀██ ▄ █    ▄▀█
█▄▄ █▀▄▄  ▄▄█▄▄ ▀█▄▄▀▀▀█▄ █▄▀█  █▀██▄  ▄██▀ █▀█▄▀█ ███▀▄▄▀█
██▀█▀█▀▄▄▀ ▀▄ ▄▄▀█▀▄▀  ▀▄ █ ▀█▄  █ ██ ▄█▄ █▀▀█▄▄▀▄▄▀ ▀▀▀▄▄█
█▄▄▄▄▀ ▄█ ▀  █▄█▀▄  ▄▄▀▀▀▀█▀█▄ ▄▀█▀█▄ ▀▄▄█▀ ▄█ ██▄▄█▄▄  █▀█
█ ▀▄█▄ ▄█▀▀ ▀▄▄▀██▀ ▄ ▀ ▀ █▀ ▀  ██▀▀▀▀  ▄█ ▀ ▀  ▀▀ ▀▄█▀ ▀██
█ ▄▄ █▄▄ ██ ▄ ▀▄██▀ ▄▄▀▄  █▀██ █ █▄█▄▄▀▄██▀▀▀███▀ ▄▄▄█▄▀█▀█
█ ▀ ▀▀▄▄▄▄▀█ ▄█▀ ▀▀▄█▄▄▄██▄▄ ▀▀▄▀ █ ▄▄▄ ▄▄█ ▀ █▄▀▄ ▀     ▀█
███████▄█▀▀ ▀▀ ▀██  ▀███▀▀▄ ▄▄▄  ▀▄█ ▄ ▄██▀▀█▀▀▄▀ ▄▄▄ ▄█▀ █
█ ▄▄▄▄▄ █▄▄ ▄██    ▀▄███▄ █ █▄█ ██▀▄ ▄█▀ ▀█▀ ▀▀▄  █▄█ ▀▀▄██
█ █   █ █ █▀▀▄█ ▄▀▀▄▄██▀▀▄     ▄▄██▄ ▄▄███   ████  ▄▄▄█ ▄██
█ █▄▄▄█ █ ▄▀▄█ ▄▄ ▀▄▄█ ▄▀██ ▀▀▀██▄█▀   ▄█ ▄▀▀   ▄  ▄█▀  ███
█▄▄▄▄▄▄▄█▄████████▄▄█▄██▄▄▄██▄█▄▄▄▄▄▄▄█▄▄██▄███▄▄▄▄███▄█▄██

Scan this QR code:
▄▄▄▄▄▄▄▄▄▄▄▄▄▄▄▄▄▄▄▄▄▄▄▄▄▄▄▄▄▄▄▄▄▄▄▄▄▄▄▄▄▄▄▄▄▄▄▄▄▄▄▄▄▄▄▄▄▄▄
█ ▄▄▄▄▄ █▀█▄▄ █ █▀█▀▄▀█▄▀▄ ██▀ ▄▄ ██▄█▄█▀▀▀▄ ▄▄▄ ██ ▄▄▄▄▄ █
█ █   █ █▀▄ ▀ ▀█▄██▀██▄▄▀ ▀█▀▄▄ ▀▄█ ▀ █▀▄▄▀▄▀█ ▄ ██ █   █ █
█ █▄▄▄█ █▀ ▀ ▄ ▄▄███▄ ▀▄▀ █ ▄▄▄ ▄ ▄▀▀█▄▀█▄▀▄█ ▀▀▄██ █▄▄▄█ █
█▄▄▄▄▄▄▄█▄█ ▀ █▄▀▄▀ ▀ █ █ █ █▄█ ▀▄█ ▀▄█▄█ ▀ ▀ █▄▀▄█▄▄▄▄▄▄▄█
█ ▄  ▄█▄▄▄  ▀▄ █▄▄█▄ █▀█ ▀  ▄▄  ▀█▀█▀  █▀█▄▀██▄▄▀  █ ▀▄▀ ▀█
██▀▀▀ █▄▀█▀ █ ▄ ▄▄▀ ▀▀▀ ▀▀ ▄▀▀▀█▀▀▄██▄▀▀ ▄▄▀▀   ▀▀█▄▀▀▀▀▄▀█
█▀▄█▄▀█▄▄▄▄  █▄▄█▄▀ ▀█▀▄  ██ █▀██▀▄▄▀▄▀▄▀▀█▀▀▀▄█▀  █▀█▀▄▀▀█
█▀▄██▀ ▄▄██  ▀██▄▄▄█▀▄ ▀▄▄▀█ ▄▀ █▀▄█▄ █ ▄▀▄▀ ▀▀ ▄▄▄▀█▀▀ ███
█▀▄ ▄█▀▄█▀▀▄  ▄▀▄▄  ▄▄██ ▀▀█▀   ██▀█▄▄▄▄ █▀ ▄█▄█▀▀▀█▀█▀▀█▀█
█▄ ▄▄▄▀▄ ▀▀▀██▀█▄█▀█   ██▄▄▄▀ ▀▀█ ▀▄▄▄ ▄██▄ ▀▀▄   ██  ▀▀ ▀█
██▄▄█▄▄▄ ▀▀▄  ▀█▄▀▄ ▄█▀█▀▄  █▀█▀██ ▄▄▄ ███▀▀▄█ █▄▀▀▄▀██▄▀▀█
█▀▀ ▄▄▄▄▀███▄ ██▄ ▀█▄██▄▀█▀ ▄  ▀█▄█    ▄▄ ▀ ▄█▀  ▀▀▀▄ ▀▀▀██
█▄▀█▀  ▄▄  ██  ▀▄▄▄ █▄▀█▀ ██▀▀ ▀▄ ▄  ▄▀██▀ ▀ ██▄▄▀ █▄▀█▀▄ █
█▀▄▄  ▄▄▄   ██▀▀▀▀▄█ ▀▄██ ▀ ▄▄▄    █▄█▀ ▀ ▄▀   ▄█ ▄▄▄ ▀  ██
██ ▄  █▄█  ▀▀▄ ██▄▄▀▀█▄█▀▀▀ █▄█ ▄▀█▄ ▄█▄▀█ ▀████▀ █▄█ █▄ ██
█▀▀ █▄▄▄▄ █▀ ▀█▄  ▀▀█▀▄█▄▄ ▄    ▀▄█▀▀  ▄██▄ ▀ ▄▄    ▄   ▄██
███ ▄▀ ▄█▄ ▀▄▄▀█▄▄▄▄█▄▀█▀▀▄▄██▀  █▀█▄ ██▀██  ▀██▀ ▀█▀▄▀▄▄▀█
█ █▀▀ █▄██  ▀▄▄█▄▄▀  ▄▀ ▄ ▀▄ ▀▀ ▀▀ ▄ ▄▄ ▄▄▄█▄██▄▀▀ █▀ ▀▀▄██
█▄▀ ▀▀▄▄ ▀ █▀▀ █▀█▀▄▀▀▀█▄ █▀▀█▄▄ ▀▄█  ██▀▀▀▀ █▀▄▀▀ ▀▀▄▄█▄▀█
██▄▄   ▄▀▀▄██▀█▀▀█  ▀ ▀▄▄ ▄ ▀█ ▄▀█ ▄▄ █▄▀▀▀▀▄██  █ █▀██▀▄▄█
█▄▀█▀  ▄ ▄▀   █▀▄▄▀▄▄▄██▄▀█▀▄▄▀▀▀█▀█   ▄▀█ ▀ ██▄█▄█ ▄▄ █▀██
███▄ ▀▀▄██ █▀ ▀█▄█▀  ▀▀ ▀▀▀▀▀▀ ▄▀█▀▀█ ▄▄▀▄  █ ▄▀█▄▄█▀▄▄ ▄▀█
█▀▀ ▀▄▄▄█▄█▄▄ █▀█▄▀  ▄▀▄▀ ▄ ██   █▄▄▄▄ ▄▀▀▀  ▀▄▄██▀█▄█▄▀█ █
█ ▀ ▀▀▄▄█▄█▄█▄▀▀▀█ ▀▄ ▀██▀  ▀▀▄▄▄▀█ ▀█▀▄ ▀ ▀█ ▄▄ ▀▄█▄█  ▄██
███████▄█ █ ▀█ ▀▄▄▄▄▀▄▀█▀ ▀ ▄▄▄  ▀▄██ ▄▄▀▀ ▀ ▀▄▄█ ▄▄▄   ▀██
█ ▄▄▄▄▄ █▄▄█▀ ▄▄▄▀█▄ █▀ █▄▄ █▄█ ▄▀▀▄▀█  ▄ ██ ▄▄▄  █▄█    ██
█ █   █ █ ▀▄  ▀▀▄▀  ▄█ ▀▀▄▀  ▄ ▄ ▀██▀▄ ▄▀██▀ ████▄ ▄  █▀▄██
█ █▄▄▄█ █ ▀▀▄▄▀█▄ █▄▄█▀█▀███▀▀▀███▄ ▀▄▀█ ▄▄▀▄▀▄▄█ ▀▄██  ███
█▄▄▄▄▄▄▄█▄██████▄▄▄▄██████▄█▄▄█▄▄▄▄▄▄▄█▄██▄▄▄█▄███▄█████▄██

Scan this QR code:
▄▄▄▄▄▄▄▄▄▄▄▄▄▄▄▄▄▄▄▄▄▄▄▄▄▄▄▄▄▄▄▄▄▄▄▄▄▄▄▄▄▄▄▄▄▄▄▄▄▄▄▄▄▄▄▄▄▄▄
█ ▄▄▄▄▄ █▀ █▀   ██▄▀▀█▀█▄▄▄█▄▄▄▄ ▀▀██▀ ▀▀█▀▄█ ▄▄ ██ ▄▄▄▄▄ █
█ █   █ █▀  ▀▄ ███▀ ▄█▄▄▀ ▀█▄█ ▄▀▄█   █▀▀▄▄ ▄▄ ▄ ██ █   █ █
█ █▄▄▄█ █▀▀█▄▄█▀▄█▄█▄ ▄█▀ █ ▄▄▄  █▀███▄▀█▀▄▄▀▄▀▀▄██ █▄▄▄█ █
█▄▄▄▄▄▄▄█▄▀▄█▄▀ ▀▄▀ ▀ ▀ █ █ █▄█ ▀▄█ ▀▄█ █ █▄▀ ▀ ▀▄█▄▄▄▄▄▄▄█
█  ▄  █▄ ▄ ▀▀  ▀ ▄▀▄ █▀▀▄▀▄     ▀█▀█▀  █▀█   █▄▄▄▀ █ █▄▀▄▀█
█  ▀█▄ ▄▄▄ ▀█▄▄ ▄ ▀ ▀▀▀ █ ▀█▄▄ █▀▀▄██▀█ ▀▀▄▀▀▀ ▀▄ █▄ ▄▀▀ ██
█▀▀██▄▀▄█ ▄▀  ▄▄▄█▀ ▄▄▀▄  ▀▀▀▀▀██▀█▄  ▄█▀█ ▀█▀▄▄▀▀▀▄▀█▀ ███
██▀█▀▄▄▄▀█ ▄▄▀▀█ ▄▀▄▀███▄ ▀█▀██▄██▄▀ █▄ ▄ ▄▀▀████▀▀█ ▄▄  ██
█▄█ █  ▄   ▄█▄▄█▀▄   ▄██  █▀▀ ▄▀▄▀▀█▄ ▄█▀█   ██▄ ▀███▀ ▀▀ █
█▀    ▄▄██▀▀▀▄▀█▀▄ ▄ ▀▄▀ ▄ ▄▀ ▀██ ▀ ▄    ▄█▄▄ █ ▀  ▄▄▀▀▀▀██
█▄  ▀▀█▄ ▀▀██▄▀█▄▀▄▄▄█▀█▀▄▀ ▀▀▀  ▀▄█ ▄▀███▀  █▄█▄▀ █▄▀█ ▀▀█
██▄██▄█▄▀▄█▄  █ ▄ ▄ ▄█  ▀█▀ █▀█▄▄█▄ ▄▀█ ███▀█▄▄▀▄▀█▄▄█▀▀▀██
██ ▄ ██▄▄   ▄▄█▄▄█  █▄██  ▀█▀▀█▀▄ ▄ ▄▄▀▄▀██▀▄█▄█▀ ▀▄█▀█ ▄▄█
██ ▀▀ ▄▄▄ █▀█  ▀█▄▄█ ▀▄█  █ ▄▄▄   ▄█▄▀▀▄▀▀▄▀▄█▄▄█ ▄▄▄ ▀  ▀█
█▀▄█  █▄█ ▀█▄▄ █▀▄▄▀ █▄█▀ ▀ █▄█ ▄███   ▄██▀  ▀▀█▄ █▄█ █ ▄ █
█▄▄▄▄▄▄▄▄ ▄█  █▀▀▄█▄█▄ ▄ ▀▄▄▄▄▄▄█▄▄ ▀█ ▄▄ ▀███▀ ▄▄▄▄ ▄▀  ▀█
█▄▀▄▄██▄▀▄▄▀█▄ █▀▄▀▄▀█▀▀▀ ▄▀▄█▀  █▀█   █▀▀  ▄█▄█▀█▀ ▀▄▀ █ █
█▀████▄▄█▀ ▄▄ ▄  ▀▀ ▄▄██ █▄▄▄ ▀ ▀█▄▄▄ ▀▀█▀▀▄▀ ▄▄ ▄ █▀▄  ▄▀█
██▀ █▀▄▄  ▄▄██▄ ▀█▄▄▀▀▀█▄ █▄▀█ █ ███   ▄▀▀▀ ▄▀█▄▀█ ███▀▄▄ █
██▀█▀█▀▄▄▀▀ █▀  ▀█▀▄▀  ▀▄ █ ▀█▄  █ █▄▀▄██▀█▀ █▄▄▀▄▄▀ ▀▀▀▄▄█
█▄▄▄▄▀▄▄█  ▄▄▄█ ▀▄  ▄▄▀▀▀▀█▀█▄ ▄▀█▀█▄ ▀▄▄█▀ ▄█ ██▄ █▄▄▄▄█▀█
█ ▀▄███▄█▀▄██ █▄██▀ ▄ ▀ ▀ █▀ ▀  ████▀▀▄ ▄█ ▀ ▀▄▄▀▄▀▀▄█▀▀▀██
█ ▄ ▀▄▄▄▄ ▄▀▄ ▄███▀ ▄▄▀▄  ▄▀██ █ ██▄▄▄▀▄██▀ ▀██▄▀▀█▄▄██▄█▀█
█ ▀ ▀▀▄▄▄▀▀█ ▄█▀ ▀█▀█▄▀▄███  ▀▀▄▀ ▄▀ ▄▄█▄▄█▄▀▄ ▀█▄ ███▄  ▀█
███████▄█▀▀ ▀▀ ▀▀▄ ▄▀█▀█▀ ▄ ▄▄▄  ▀▄█   ██▀▀▀ ▀▄██ ▄▄▄ ▄██ █
█ ▄▄▄▄▄ █▄▄ ▄██ ██ ▀█ ███▀█ █▄█ ▀▀▀▄██▄▀▀▀▄ ▄  ██ █▄█ ▀▀▄██
█ █   █ █ █▀▄ █ ▄▀▀▄▄██▀▀▄   ▄ ▄ ██▄▄▄▄█▀▀   ███▄  ▄▄ █ ███
█ █▄▄▄█ █  ▀▄ █ ▄ ▀▄▄█ ▄▀██ ██▀████▀   ▄▄▀▄▀ ▀  ▄  ▄█▀  ███
█▄▄▄▄▄▄▄█▄▄▄▄██▄██▄▄█▄██▄▄▄█▄▄█▄▄▄▄▄▄▄█▄▄██▄███▄▄▄▄█▄█▄█▄██

Scan this QR code:
▄▄▄▄▄▄▄▄▄▄▄▄▄▄▄▄▄▄▄▄▄▄▄▄▄▄▄▄▄▄▄▄▄▄▄▄▄▄▄▄▄▄▄▄▄▄▄▄▄▄▄▄▄▄▄▄▄▄▄
█ ▄▄▄▄▄ █▀▄▀ ▄▄▀ ▄ ▄▄ ▄▀▀▄ ▄▄▄▄ ▄▀  █▄    ▄▄▀▄█▄ ██ ▄▄▄▄▄ █
█ █   █ █▄█▀  ██▄▄ █ ▄███▄██ █▀▄█▄▄▀█▄▀▀██▄ ▄█▀▄ ██ █   █ █
█ █▄▄▄█ █ █▀▄██▀███▀▀█ ▄▀▄  ▄▄▄   █▀▄ ▀▄ █▀ ▄▄ ▀▄██ █▄▄▄█ █
█▄▄▄▄▄▄▄█ ▀ ▀ █▄▀ █▄▀ █▄▀▄█ █▄█ ▀▄█▄█ █▄█▄█▄▀ █ █ █▄▄▄▄▄▄▄█
█▄ ▀ ██▄ ▀██ ▄▄███  ▄█ ▄██ ▄▄▄▄▄██ ▄▄▄▄█ ▄▀█▀████▄▀▄  ▀▄▄▀█
█▀▄▄  ▄▄▄█ █ ▀▀██▄▀▄▄▄  ▀██ ▄█▀▀▄▄███  ▄▀▄▄▀▄██▄ ▄▀▀█ ▀█▀▄█
██▄██▄▀▄▀▄▄▀▄▀▄█▄▀█▄▀▄ ▀▄▄▄█▄ █▀█ █ █  ▄ ▄█▄▀ █▀▄▄ ▄▄ ▀ ▀ █
█▄▄ █ █▄▀█▄▀██▀███ ▀█▄▀▄▀ ██▀▄▄ ▀▀█▄▀▄▀██ ▀▄▄▀▀▄▀▄ ▀█ ▄█▀██
██▀▀██▀▄ ▄ ▄ ▄▀▄██▄ ▄ ▄▀▀█▄    █   █▄▄▄ ▄▀ ▄▀▄▄▄▀█▄  █▀█▄ █
█▀▀ ▄▀▀▄   ▄▀▀▀▄ ▄█▀▄ ▀ ▄▄▄█ ███▀█ ▀█▄▀█▄ ▀▄██▄█▄▄█▄▀███▄ █
█▀ ▄▄█▀▄▄▀ █▄████ ▀▄ █ ▄▄ ▄ ▄  █ ▀▀██ ▄█ ▄▄█▄█▀▄▀█▄▄ ▄  ▄ █
██▄██▀▀▄▄▄▀ ▀▄███ ▀▀▀ ▄▄▀▀▄██  █ ▀▄  ██▀▄ ▀▄▀    █▀▄▀▄▀█▄ █
█ ▀▄ █▀▄▀▄█▀▀ ▄██▀ ▄██  █▄▀▄ ▄▄█▄▀██▄ ▀▄▄▄▄█ ▄▄▀▄█▀▄ ▄▀█▄▀█
██ ▄▀ ▄▄▄ ▀▀▀▀    ▀▀▄▀█▄ ▄  ▄▄▄ ▄ █▄▀▀█▄ ▀▀▀▄ ▀██ ▄▄▄ ▄▄▄██
█▀█▄  █▄█ ▀█▀ █▄▄▄▄█▄ ██▀█▄ █▄█ ▀▄▄▄  ▄▀ ██▄  ▄██ █▄█  ▀█ █
█▄▄▀▄▄▄▄ ▄▄▄▄███▀█ ██ ▄▄  ▀  ▄▄▄▀█▄██▄█ ▄▄ ███  █ ▄  ▄▀▄▄▄█
█ ▄█▄ █▄██▀ ▀ ███▄▀ ██▄▄▄▄ ▄▄█▄▄▄█ ▄▀ █▄▀▄██▄▀ ▄  ██▄▄█▀ ▀█
█▀▄█▀ █▄██▀ ▀ ▀ ▀▄▀▄▀▄   ▄▄▀ █▀▄ ▄▀▄█ ▀▄  ▄ ▀▀▄▄▀██ ▀▄▀██ █
█▀▀▀ ▄ ▄  ▀ ▄▄ ▄  █ ▀    ▄█   ▄▄▄▄█ █▄█▄▄ ██▄  ▀██   ▀ ▀█▀█
█▀ ▄▀▀█▄█▀▄██ ▀▄ ▄█▄█  █▀▄   ▄█ ▄█▀█▀▄▀▄  ▄█▀█▄▀█▀▄█ ▄ █ ▄█
█ ▄  █ ▄█▀▄██▀█ █▄▀ ▀▀▄█▄█ ▄█▄▀█▄  █ ▄█▀ █ ██ ▄▄█ ▄▀█▄ █▄ █
█▀██▀██▄█▄▀▄▀█ ▀█ █▄   ████  ▄▄ ▀▄▄ ▀▄ ▀ ▀ ▄█▀▀ ▀ ▄  ▀▀▄▄ █
████▀ █▄ ▀▀█▀▄▄▀▄█▄▄▄▄ █▄▄  ▄▄█▄▄███▀ ▀█  ██▄▀▄▄   █▄███▀ █
█ ▀ ▀▀▄▄▀▄▄▄█ ▄▄ █▀▄▀█▀▄██▄▀ ▀▄ ▀▄▄ ▀▀▄▀▀██▄ ▀▀   ▀▄▄▄ ▄▀ █
███████▄▄▀▄██▀  █▀▄  ██▄██▀ ▄▄▄   █ ▀▄ ▄▄ ▄▄    ▀ ▄▄▄ █▄█ █
█ ▄▄▄▄▄ █▄█▄▄▄ ▄ ▄  ▄▄ ▀█▀  █▄█  ▀ █  ▄  ▄  ▄▀▄█▀ █▄█ █▄ ██
█ █   █ █▀ ▄ ▀▄▄█▀ ▄▀ ▀▀▀ ▄▄▄   ▀▄▄█  █▀▄███▄ ▄██ ▄ ▄ ██▀ █
█ █▄▄▄█ █▀▄ █▄▀▄██▀ ▄▄  █▀█▄  █▀█▄███▀▀▄▀▀ ██▀█▀▀▄▀█▄ ▄▄█▄█
█▄▄▄▄▄▄▄█▄█▄▄▄▄████▄██▄▄▄█▄██▄▄▄▄▄███▄█▄▄▄█▄▄██▄▄█▄███▄█▄██

Scan this QR code:
▄▄▄▄▄▄▄▄▄▄▄▄▄▄▄▄▄▄▄▄▄▄▄▄▄▄▄▄▄▄▄▄▄▄▄▄▄▄▄▄▄▄▄▄▄▄▄▄▄▄▄▄▄▄▄▄▄▄▄
█ ▄▄▄▄▄ █▀ █▀ ▀ ▀█▄  █▀▄█ ▄█▄▄▄▄ ▀▄▀▄▀▄▀ ▀▄▄█▄▄▄ ██ ▄▄▄▄▄ █
█ █   █ █▀  █▄ █▄▄▀ █▄▄▄▀▀▀█▄█ ▄▀▄█ ▄▀█▀▄█▄ ▀█ ▄ ██ █   █ █
█ █▄▄▄█ █▀███▄█▀▄█▄█▄ ▄█▀ █ ▄▄▄ █ ▀█▀▀▄▀▀ ▄▄▄▀▀▀▄██ █▄▄▄█ █
█▄▄▄▄▄▄▄█▄▀ ▀ ▀ ▀▄▀ ▀ ▀ █ █ █▄█ ▀▄█ ▀▄█ █ █▄▀ ▀ ▀▄█▄▄▄▄▄▄▄█
█  ▄  ▀▄▄  ▄▄  ▀ ▄▀▄ █▀▀▄▀▄     ▀█▀█▀  █▀█   █▄▄▀▀ █▄█▄▀▄▀█
█  ▀██ ▄██▄█▄▀▄ ▄ ▀ ▀▀▀ █ ▄▄   █▀▀▄██▀█▄▀▀ █▀▀ ▀▀▀█▄ ▄▀▀ ██
█▀▀█▀▄▀▄█▀██  ▄▄▄█▀ ▄▄▀▄     ▀▀██▀█▄   █▀█▄▀█▀▄█  ▀▄███ ███
███ ▄▄▄▄▀█ ▄▄▀▀█ ▄▀▄▀██▀▄ ▀█▀██▄██▀█ ▀▀   ▄█▀▀ ▀▀█▀█ ▄▀▀ ██
█ ▄▄▀  ▄   ▄█▄▄██▄  ▄▄█▀▀ █▀▀ ▄▀▄▀ █▄▄ █▀█ ▀█▀█▄ ▀███▀ ▀█ █
█▀▄█▀ ▄▄██▀▀▀▄▀█▀▀ ▄█ ▄▀▄█ ▄▀  ██▄▀ ▄▀ ▀  ██ ██▀▀ ▄▄▄▀▀▀ ██
█▄  ▀█▀▄ ▀▀█  ▀█▄▀▄▄▄█▀█▀▄▀ ▀▀▀  ▀▄█  ▀█ █▀  ▀▄█▄▀ █▄▀█ ▀ █
██▄███▀▄▀▄    ▄▄▄ ▄ ▄█  ▀█▀ █▀█▄▄█▄ ▄▀█ ▄██▀█▄▄▀▄▀▄█▄█▀▀▀██
██ ▄   ▄█▀▀▄▄▀ ▀▄█  █▄██  █▀▀▀█▀▄ ▄ ▄▄▀▄▀██▀▄█▄█▀ █▄▀██ ▄▄█
██ ▀▀ ▄▄▄ █ ▄▀█ █▄▄█ ▀▄█  █ ▄▄▄   ▄█▄▀▀ ▀▀ ▀▄█▄   ▄▄▄ ▀  ▀█
█▀▄██ █▄█ █▀▄▄  ▀▄▄▀ █▄█▀ █ █▄█ ▄██▄   ▄██   ▀▄▄  █▄█ █▄▄ █
█▄█▄▀  ▄ ▄▄█  █▀▀▄█▄█▄▀▀ ▀▄ ▄▄▄▄█▄█ █▀ █▄▄ ▄▀█ ▄▀▄    ▀  ▀█
█▄ ▀▀██▄▀█▄▀█▄ ██▄ ▄ █▀▀▀ ▄▀██▀  █▀█▄ ▀█▀▀ ▀ ▀▄▄█▀▀ ▄█▀ █ █
█▀█▄ █▄▄█▄ ▄▄ ▄  ▄▀ ▄▀███▀▄▄▀▀▀ █▀▄▄█▀ ▀▄▄ ▄▄ ▄█▀▄ █▄▄   ██
█ █ █▀▄▄  ▄▄  ▄ ▀█▄▄▀▀▀█▄ █▄▀█▄▄▄▀██ ▄ ▄▀▀▀ ▀▀█▄▀█ ███▀▄█▀█
██▀█▀█▀▄▄▀▄▀▀█▀▄▀█▀▄▀  ▀▄ █ ▀█▄  █ ██ ▄██▀█▀▀█▄▄▀▄▄▀ ▀▀▀▄▄█
█▄▄▄▄ ▄▄█ █▀▀ ▀▄▀▄  ▄▄▀▀▀▀█▀█▄ ▄▀█▀█▄ ▀▄▄█▀ ▄█ ██▄▀█▄▄ ▄█▀█
█ ▀▄█▄▀▄█▀█ ██ ▀██▀ ▄ ▀ ▀ ▀▀ ▀  ██▀█▀▀▄▄▄█▄▀ ▀ ▄▀  █▄█▀▀▀██
█ ▄ ██ ▄ ▀▀█▄ ▀ ██▀ ▄▄▀▄  █▀██ █ ██▄▄▄▄▄██ ▀▀█▄▄██▄██▄█ █▀█
█ ▀ ▀▀▄▄▄▀▀█ ▄█▀ ▀ ▄█▄▄ ██▄█ ▀▀▄▀ ▄▀ ▄ ▄▄▄  █ ▄  ▀▄█▀▄▀▀ ▀█
███████▄█▀▀ ▀▀ ▀▄█▄▄▀██▀  ▄ ▄▄▄  ▀▄██▄█████  ▀█▄▀ ▄▄▄ ███ █
█ ▄▄▄▄▄ █▄▄ ▄██ ▄▀ ▀█▀██▄██ █▄█ ▀█▀▄▀ ▄ ▄▀▄▀▀█ ▄  █▄█ ▀▀ ██
█ █   █ █ █▀ ▀█ ▄▀▀▄▄██▀▀▄  ▄  ▄▄▀█▄ ▄▄█▀▀   ▀███  ▄  █ ▄██
█ █▄▄▄█ █ ▀  ▀█▄▄ ▀▄▄█ ▄▀██ ▄▀▀██▄█▀▀  ▄█▀▄▀▀▀  ▄  ▄▀▀  ███
█▄▄▄▄▄▄▄█▄███▄█▄██▄▄█▄██▄▄▄██▄█▄▄▄▄▄▄▄█▄▄██▄███▄▄▄▄███▄█▄██

Scan this QR code:
▄▄▄▄▄▄▄▄▄▄▄▄▄▄▄▄▄▄▄▄▄▄▄▄▄▄▄▄▄▄▄▄▄▄▄▄▄▄▄▄▄▄▄▄▄▄▄▄▄▄▄▄▄▄▄▄▄▄▄
█ ▄▄▄▄▄ █▄▀▄ ▄▄▄██▀█▄█ ▄▄▄ ▀▀▀▄ ▄▄█▀▀ ▄█▀▄█ ▄█ ▄ ██ ▄▄▄▄▄ █
█ █   █ █ █▀█▀ ████ ▄▄██▀▀ █ █▄▀ █▄▀▀ ▄▀ █▀██▄▀▄ ██ █   █ █
█ █▄▄▄█ █▄▀▀▀▄▄█▀▀▄  ▀▄  █▀ ▄▄▄ ▀▄▀█▄█  ▀▀ ▀█▄▄▀▄██ █▄▄▄█ █
█▄▄▄▄▄▄▄█▄▀ ▀▄█ █▄█▄▀▄▀ ▀▄█ █▄█ ▀ ▀ █ █ ▀ █▄▀▄▀▄█ █▄▄▄▄▄▄▄█
█ ▄  ██▄▀ ▀▀█ ▀█████▀█ ▄  ▀ ▄▄   █ ▄▀▀▀█ ▄▄ ▄███▄ ▄██ ▄ ▀ █
█ █ ▄▄█▄▄▀▀▄▀▀ ▀▀  ██ ▄▄ ▄▄█▄█  █ ▀▀▄▀▀ █ ▀▄█▀█▄▄▄ █▄  ▄  █
██▄▀▀▀▀▄▀▀██▄▀▄ ▀▄█▄▀▀█▄▄▄█▀▀██▀██ ▄█ ▀▀█▀▀▄▀█ ███ ▀██▀ ▀██
██ ▀▀  ▄▄▄▄▀  ▄████  ▄█ ▄█ █▀▄██▄▀█▄ █ ▄█   ▀▀   ▀█▀█ ▀ ▄██
█▀▀▀▄▀ ▄▀ ▄ ▀█  ▀▀██▄▄▄▀ ▄█▄▄▄▀█▀▄▄  ██▄▄███▄▄▄▀ ▄█▄▄▀ ▄▀ █
█ ▄ ▄ ▀▄ ██▀▀▀▀▀█▄█▀▄▀▄█  ▄ █ ▄█▀▄█▄█ ▀▀▀█ █▀█  ▄▄█▀▄ ██▄▀█
█▄ ▄▄▀▀▄▀▀ ███ ██ ▄▀██ ▄▀█▀ ▄ █ ██▀█ ▀▀█▄ ▀  ▀▀▄▄ █▄ ▄██▀ █
█▄█▀▀ ▄▄█ █   ▀▄▀▄   ▄    █▀▀▄▀▄ ▄ ▄ █▄█ █ █▀█▄▄▀▄ ██  ▄█▄█
█ ▀▀█▄█▄▀ ██▄ ▄█ ▄ ▄█ ███▄█▀█▀▄█▄▄  ▄ ▀▀▀▀▄█ ▀▀▄▄▄  ▀█▀█▄▄█
█ █▄▀ ▄▄▄ █▀ ▀▄   ▄▄▀▀█▄█▀  ▄▄▄ ▀ ▀ ▄▄▄▄ ▀▄ ▀ ▀█  ▄▄▄ ▀▀▀██
█ ▄▀▄ █▄█ ▀▄ ▀▄▄  █▄█▄▀▀ ▄█ █▄█   █ ▀▀██▄▀ █▀▄ ▀▄ █▄█ ▀▀▄▄█
█▀█ █▄ ▄ ▄▀▀▄██ ▄ ▄▀██▀▀  ▀ ▄ ▄▄▀ ▀ █ ██▀█ ██   ▄▄  ▄▄█▄▄▀█
█ ▄▀   ▄▀▀▀ ▄█ █▄▄▀█▀▄▄ ▀▀█▄▄█▀▀▀█ ▄▀█▀▄ ▄ ▀▀█▄██▀ █▄█▀▄█▀█
█▄█▀█▄▄▄▄██▄ ▀ ▄▄▀ ██▄▄▄▄ ██▀▀ ██ █ █ ▀ ▀▄█ ▀█▀ ▀▄▄▄█  ▄  █
█  ▄█▀ ▄ █▄█▄█ ▀███ ▀███ ▄████ ▄▀█ █▄▄█▀█▀██ ▀█▄██ ██▄ ▀███
█▄█▄▀▀ ▄ ▀▀█▀▄   ▄ ▀   █▄▀█  ▄ ▀ █▀█▄▀▄▄▀ ▀ ██▄▀ ▄▀█ ▄█ █▄█
█▀█▄▄▄▄▄▄███  ▄ ▀  ▀ █ ▀█▄▀ ▀  ▄█▄▄▀▀█▄█▄▀▀▄▄▄  ▄▀█▄▀ ▀▄█▄█
█▀█ ▄▀ ▄█▀▄ ▀▄▀▀ ██▄ ██ ██▀██▀▄ ▀▀▀█▀▄▄▄█▄ ▄█▄ ▀▀▀ ██▄██▄██
█  ▀▀  ▄  █▄▄▀▀ ▄█▀▀▀▄ █▀▀█ ▄▄ ▀▀█▄█▄█ ▄  ▀▀▀▀▀▄▀  ███▄▄▄ █
█ ▀ ▀▀▄▄▀   ▄▀█ ▄▀ █ ▀▀▀▄▄▄█▄██▀  ▀▄▄▄██▀█▄ ▀▀█▄▄▀  █  █ ▄█
███████▄█▀▀ █▀ █▀▄   ▀█▀▄█▀ ▄▄▄  █ █▄▄  ▄▀█▄ ▀ ▄▀ ▄▄▄ █▄▀▀█
█ ▄▄▄▄▄ ███▄▀▀█▄▀▀██▄▀ ▀  █ █▄█ ██ █ ▀▀▀█ █▄ ██▄▄ █▄█  ▀█▀█
█ █   █ █▀▄ █ █ ▀█▀█ ▄██ ▀█     ▄  ▀██▄█▀█▄▄▄  ▀▄ ▄▄▄▄▄▄ ▄█
█ █▄▄▄█ █ █  █▄   ▀ ▄▀███▀█▀▀▀█▀█▀  █▀▀▀██ █▄▄ ▄▀▄▀ █▀▄▄█▀█
█▄▄▄▄▄▄▄█▄▄▄▄█▄▄██▄█▄█▄▄█▄███▄███▄██▄█▄▄▄▄▄████▄█▄███▄█▄███

Scan this QR code:
▄▄▄▄▄▄▄▄▄▄▄▄▄▄▄▄▄▄▄▄▄▄▄▄▄▄▄▄▄▄▄▄▄▄▄▄▄▄▄▄▄▄▄▄▄▄▄▄▄▄▄▄▄▄▄▄▄▄▄
█ ▄▄▄▄▄ █▀ █▀ ▀▀█▀█ ▄█ ▄▄▄▄█▄▄▄▄ ▀▄▀█▀ ██▀▀▄█ ▄▄ ██ ▄▄▄▄▄ █
█ █   █ █▀  █  █▄█▀ ▄█▄▄▀▀▀█▄█ ▄ ▄█   █▀▄▄▄ ▀▄ ▄ ██ █   █ █
█ █▄▄▄█ █▀▀▀▄▄█▀▄█▄█▄ ▄█▀ █ ▄▄▄ ▀█▀█▄▄▄▀ █▄▄  ▀▀▄██ █▄▄▄█ █
█▄▄▄▄▄▄▄█▄▀ ▀▄▀ ▀▄▀ ▀ ▀ █ █ █▄█ ▀▄█ ▀▄█ █ █▄▀ ▀ ▀▄█▄▄▄▄▄▄▄█
█  ▄  ▀▄▄▄ █▄█ ▀ ▄▀▄ █▀▀▄▀ ▄    ▀█▀█▀  █▀█   █▄▄▄▀ █ █▄▀▄▀█
█  ▀█▄▀▄█ █▀▄█▄ ▄ ▀ ▀▀▀ █ ▄█▄▄ █▀▀ ▀█▀▀ ▀▀ █▀▀ ▀▀▀██▀█▀▀ ██
█▀▀▄▄▄▀▄█▄█▄  ▄▄▄█▀ ▄▄▀▄    ██▀██▀▄█  ▀█▀█▀ █▀██▀▀▀▄▀▀█ ███
██ █▀▄▄▄ █ ▄▄▀▀█ ▄ ▀▀█▀ ▄ ▀█▀██ ██▀▀ ▀▄   █ ██▀▀▀ ▀█▀█▀▀ ██
█ █▀█  ▄   ▄█▄▄█▀▄▄  █▀▀▀▀█▀▀ ▀▀▄▀ █▄ ▀▄▀█ ▀ █▄█ ▀███▀▀ █▄█
█     ▄▄██▀▀▀▄▀█ ▀ ▄  ▄▀▄▄ ▄▀ ▀██ ▀ ██ ▀█████ ▄▀▀  ▄▄▀▀▀▄██
██▀ ▀██▄ ▀▀█▄▄▀█▄▀▄▄▄█▀█▀▄▀ ▀▀▀  ▀▄█▄▄▀███▀ ▄▀▄█▄▀ ▄▄▀█   █
██▄██  ▄▀▄█  █▄ ▄ ▄ ▄█  ▀█▀ █▀█▄██▄ ▄▀█ ▄▄█▀██▄▀▄▀▀▄▄▀▀▀▀██
██ ▄ ▀▀▄██▀  ▄█ ▄█  █▄██  █▀▀▀█▀▄ ▄ ▄▄▀▄▀██▀▄█▄█▀  ▄ ▀█ ▄▄█
██ ▀▀ ▄▄▄   ▄▀█▄█▄▄█ ▀▄█  █ ▄▄▄    ▀▄▀▀▄▀▀ ▀▄█▄▄▄ ▄▄▄ ▀  ▀█
█▀▄   █▄█ ██▄▄▄ ▀▄▄▀ █▄█▀ █ █▄█ ▄███  ▀▄██ ▀ ▀█▄▄ █▄█  ▄▄ █
█▀█  ▄ ▄  ▄█  █▀▀▄▄██▄ ▄ ▀▄▄▄▄▄▄█▄▄▀██▄▀▄▄ ███▀▀  ▄▄▄▄▀▀ ▀█
█▀▀  ██▄▀ ▄▀█▄ ██▄ ▄▀███▄▀▄▀▀▄▀  █▀█   ███▀ ▄▀▀▄█ ▀ ▄▄▀▀█▄█
█▄█ ▄█▄▄█  ▄▄ ▄ ▀▄▀ ▀ ██▀█▄▄  ▀ ▀▀▄▄▄▄  █▀ █ ██▄ ▄ █▄▄  ▄▀█
██▀ █▀▄▄  ▄▄▄█▄ ▀█▄▄▀▀▀█▄ █▄▀██▀█▀██▄▄ ▄ █▀ ▄▀█▄▀█ ███▀▄▄▀█
██▀█▀█▀▄▄▀▄▄ ▄▄█▀█▀▄▀  ▀▄ █ ▀██▄▀█ █▄▀▄█▄ █▀▀▄▄▄▀▄▄▀ ▀▀▀▄▄█
█▄▄▄▄▀▀▄█  █▀▀▄█▀▄  ▄▄▀▀▀▀█▀█▄ ▄▀█▀█▄ ▀▄▄█▀ ▄█ ██▄ ▀▄▄▄ █▀█
█ ▀▄█▄▀▄█▀▄█  ▄ ██▀ ▄ ▀ ▀ ▀▀ ▀  ██▀▀▀▀▄▄▄█▄█ ▀ ▄█▄▄▀▄█ ▀▀██
█ ▄█ ▀█▄ ▄ █▄ ▄▄██▀ ▄▄▀▄  ▄▀██ █ █▀█▄▄▄▄██▀ ▀██▄█▀ ▄█▄▀▄█▀█
█ ▀ ▀▀▄▄▀▄▀█ ▄█▀ ▀ ▄█▄█████▄ ▀▀▄▀ █  ▄▄▄▄   ▀ ▄▄ ▄ ▀ █▀  ▀█
███████▄█▀▀ ▀▀ ▀▄█▄▄▀██▀▀▀▄ ▄▄▄  ▀▄██  ▄▄█▀ ▄█▄█▀ ▄▄▄ ▄▄▀ █
█ ▄▄▄▄▄ █▄▄ ▄██ ▄█ ▀▄▄██▄██ █▄█ ▀▀▀▄█▀█▀█ █  █▀█  █▄█ ▀▀▀██
█ █   █ █ █▀ ▀█ ▄▀▀▄▄██▀▀▄  ▄  ▄▄██▄  ▄██▀  ▄▀██▄  ▄▄ █ ▄▄█
█ █▄▄▄█ █  ▄  ▀▀▄ ▀▄▄█ ▄▀██ █▀▀█▄██▀▀▀ ▄█▀▄▀▀▀  ▄  ▄▄▀  ███
█▄▄▄▄▄▄▄█▄█▄▄██▄██▄▄█▄██▄▄▄█▄▄█▄▄▄▄▄▄▄█▄▄██▄███▄▄▄▄██▄▄█▄██

Scan this QR code:
▄▄▄▄▄▄▄▄▄▄▄▄▄▄▄▄▄▄▄▄▄▄▄▄▄▄▄▄▄▄▄▄▄▄▄▄▄▄▄▄▄▄▄▄▄▄▄▄▄▄▄▄▄▄▄▄▄▄▄
█ ▄▄▄▄▄ █▀█▄▄ ▄▀█▀▄▀▀▀██▄▄ ██▀ ▄▄ ▀█▄▀▀▀▄ ▄▄ █▄▄ ██ ▄▄▄▄▄ █
█ █   █ █▀▄ ▀▄▀██▄█▀██▄▄▀▀▀█▀▄▄ ▀██ ▀▀█▀▀▄▀▄▀▄ ▄ ██ █   █ █
█ █▄▄▄█ █▀▄█ █ ▄▄███▄ ▀▄▀ █ ▄▄▄ █▀▄▀  ▄▀█ ▀▄█▄▀▀▄██ █▄▄▄█ █
█▄▄▄▄▄▄▄█▄▀ █ █▄▀▄▀ ▀ █ █ █ █▄█ ▀▄█ ▀▄█▄█ ▀ ▀ █▄▀▄█▄▄▄▄▄▄▄█
█ ▄  ▄█▄▄ ▀ ▀▀ █▄▄█▄ █▀█ ▀ ▄▄▄  ▀█▀█▀  █▀█▄▀██▄▄▀▀ █▄▀▄▀ ▀█
██▀▀▀ ▄▄▄▀██▄ ▄ ▄▄▀ ▀▀▀ ▀▀ ▄█▀▀█▀▀ ▀█▄██ ▄▄▀▀ ▄▄▄▄█▄█▄▀▀▄▀█
█▀▄█ ▀█▄█ ▀▄ █▄▄█▄▀ ▀█▀▄  ██ ▀▀██▀██▀▄ █▀▀ ▀▀▀▄▄   █▀▀▀ ▀▀█
██ ▄█▀ ▄▄▄█  ▀██▄▄▀ ▀▄█▀▄▄▀█ ▄▀ █▀▄█▄ ██ █  ▄█ █▄▄▄▀█▀ ▀███
█  █▄█▀▄█▀▀▄  ▄▀ ▄▄▄▀█ ▀▀▀▀█▀ ▀▀██▀█  ▀██▀█ ▄██▄▀▀▀█▀█  ▀▀█
█ ▀▀█ █▄ ▀▀▀██▀█▀▄▀█▀█ █ ▄▄▄▀  ▀▀ ▀▄▀█▀█▀ ▄▀▀▄▄   █▀  ▀▀▄██
█▄▄▄█▄▀▄ ▀▀▄▄ ▀█▄▀▄ ▄█▀█▀▄  █▀█▀▄█ ▄▄  █▀▀▀▀ █ █▄▀▀▄▀██▄▀▀█
█▀▀ ▄  ▄▀██ ▀▄▀█▄ ▀█▄██▄▀█▀ ▄  ▀█▄█ ▀  ▄▄▀▀ ▄▄▀  ▀ ▀ ▄▀▀▀██
█▄▀█▀▀ ▄█▀▄▄▄ ▀█▄▄▄ █▄▀█▀ ██▀▀ ▀▄ ▄  ▄▀██▀ ▀ ██▄▀ ▀████▀▄ █
█▀▄▄  ▄▄▄ ▄██▀ █▀▀▄█ ▀▄██   ▄▄▄   ▄█▄██▄▀ ▄█  ▄▄█ ▄▄▄ █  ██
██ ▀▀ █▄█ ▀ ▀▄█▄█▄▄▀▀█▄█▀▀▀ █▄█ ▄▀█▄ ▄█▄▀█▀ ██▄█▄ █▄█ ▄█ ██
███▄▀ ▄▄  █▀ ▀█▄  ▀▀█▀▄ ▄▄ ▄    ▀▄█ ▀ ▄ ▀█  ▀▄▀ █▄▄▄▄ ▀▀▄██
█▀▄ █▀ ▄█▀ ▀▄▄▀███▄▄ ███▀ ▄▄██▀  █▀█▄▄ ▄▀█▀▀▄█████▀█▄▄▀▄ ▀█
██▄▀▄ █▄▀█  ▀▄▄█  ▀ ██▀ █▀▀▄▀█▀ █▀ ▄▀▄▄ █ ▄▄█▀▄█ ▀ █  ▀▀▄██
█ █ ▀▀▄▄ ▀ ███ █▀█▀▄▀▀▀█▄ █▀▀█▀▄▄█▄██▄██▀█▀▀ █▀▄▀▀ ▀▀▄▄██▀█
██▄▄   ▄▀▀█▄▀ █▄▀█  ▀ ▀▄▄ ▄ ▀█▄▄▀█ ▄▄ █▄▀▀▀▀█▄█  █ █▀██▀▄▄█
█▄▀█▀▄▀▄ ▄▀▀ ▄▀▄▄▄▀▄▄▄██▄▀█▀▄▄▀▀▀█▀█   ▄▀█ ▀ ██▄█▄▀▀▄▄▄█▀██
███▄ ██▄██  ▀▄ ▀▄█▀  ▀▀ ▀▀█▀▀▀ ▄▀█▀██  ▄▀▄▄ █  █▀█▄▀▀▄  ▄▀█
█▀▀ ▄▄▀▄▄▄█▄▄ ███▄▀  ▄▀▄▀ █▄██   ███▄▄█▄▀▀   ▀▄▄▀▄▄▀▄▄▀██ █
█ ▀ ▀▀▄▄█▄█▄█▄▀▀▀█▄ ▄  ██▀ ▀▀▀▄▄▄▀▄ ▀▀ ▄ █▄ ▀▄  █▄ █▄█▄ ▄██
███████▄▄ █ ▀█ ▀▄▄ ▄ █▀▀▀ ▀ ▄▄▄  ▀▄█▄  ▄██▀  █▄▄▀ ▄▄▄  ▀▀██
█ ▄▄▄▄▄ █▄▄█▀ ▄▄ ▀█▄▀ ▀ ▄▀▄ █▄█  ▀▀▄ ▄ ▀ █▄█ ▀█▄█ █▄█   ▄██
█ █   █ █ ▀▄▀█▀▀▄▀  ▄█ ▀▀▄▀ ▄  ▄▀███ ▄ ▄▀▀█▀█▀██▄▄ ▄ ▄█▀███
█ █▄▄▄█ █ █ █  █▄ █▄▄█▀█▀███▄▀▀███▄ ▀▄▀█ ▄▄▀▄▀▄▄█ ▀▄██  ███
█▄▄▄▄▄▄▄█▄█▄█▄█▄▄▄▄▄██████▄█▄▄█▄▄▄▄▄▄▄█▄██▄▄▄█▄███▄█████▄██

Scan this QR code:
▄▄▄▄▄▄▄▄▄▄▄▄▄▄▄▄▄▄▄▄▄▄▄▄▄▄▄▄▄▄▄▄▄▄▄▄▄▄▄▄▄▄▄▄▄▄▄▄▄▄▄▄▄▄▄▄▄▄▄
█ ▄▄▄▄▄ █▀ █▀   ▄█▄▀ ▀▀█  ▄█▄▄▄▄ ▀█▀▀▄▄█  ▄ █ ▄▄ ██ ▄▄▄▄▄ █
█ █   █ █▀  ▀▄ █▄▄▀ █▄▄▄▀ ▀█▄█ ▄▀▄█  ▀█▀█▄▄  █ ▄ ██ █   █ █
█ █▄▄▄█ █▀▀▀███▀▄█▄█▄ ▄█▀ █ ▄▄▄ ▀▀▀█ █▄▀▀▄▄▄▀▀▀▀▄██ █▄▄▄█ █
█▄▄▄▄▄▄▄█▄█▄▀ ▀ ▀▄▀ ▀ ▀ █ █ █▄█ ▀▄█ ▀▄█ █ █▄▀ ▀ ▀▄█▄▄▄▄▄▄▄█
█  ▄ ▄▀▄▄    █ ▀ ▄▀▄ █▀▀▄▀      ▀█▀█▀  █▀█   █▄▄ ▀ █▄▀▄▀▄▀█
█  ▀██▀▄██ ▀▀▄▄ ▄ ▀ ▀▀▀ █  █   █▀▀ ▀█▀█▄▀▀▄▀▀▀▄▀█ ██▀▄▀▀ ██
█▀▀▀▀▄▀▄█ █▀  ▄▄▄█▀ ▄▄▀▄  ▀▀██▀██▀██  ▄▄▀█▀▀█▀█▄▀ ▀▄██▀ ███
█ ▄▀▀▄▄▄ █ ▄▄▀▀█ ▄▀▄▀█▀▀▄ ▀█ ▄▀▄██▄█▄█▀▄▄ █▄██▀▀██▀█ █▀  ██
██▀█▀  ▄   ▄█▄▄█▄█▄▄█▄██▄▀█▀▀ ▀▀▄▀▀▄  ██▀▀▀  ▀▄█ ▀███▀▀ ▀▄█
██▄▄▄▄ ▄██▀▀▀▄▀███ ▄█▀▄▀▄▄ ▄▀  ██▄▀ █▄  ▄ █▄█▀▄▀▀ ▄ ▄▀▀▀▄▀█
██▄ ▀  ▄ ▀▀█▀█▀█▄▀▄▄▄█▀█▀▄▀ ▀▀▀ ▄▀▄█ ▄▀███▀  ▀▄█▄▀ █▄▀█ ▀ █
██▄██▀ ▄█ ▀▀  █▀▄ ▄ ▄█  ▀█▀ █▀█▄█▄▄ █ █ ▄▄█▀██▄▀▄▀▀▄ ▀▀▀▀██
██ ▄  █▄▀  █ ▄█ ▄█  █▄██  ▀█▀▀█▀▄ ▄ ▄▄▀▄▀██▀▄█▄█▄▀ █▄██ ▄▄█
██ ▀▀ ▄▄▄  ▄▀▄▄▀█▄▄█ ▀▄█  ▄ ▄▄▄    ▀▄▀▀ ▀▀▄▀▄█  █ ▄▄▄ ▀  ▀█
█▀▄▄▀ █▄█  █▄▄ ▀▀▄▄▀ █▄█▀ ▀ █▄█ ▄█ ▄   ▄██▄▀ ▀▄▄▄ █▄█ ▀▀▄ █
██▀▀▀ ▄▄ ▄▄█  █▀▀▄▀▄█▄ ▀ ▀█ ▄▄▄▄█▄█ ▀█▄▀▄  █▀▀ ▄█▄   ▄▄  ▀█
█▀▄▄▀██▄ ▄▄▀█▄ ███▄▄ ▄█▀▀▀▄▀▄█▀  █▀█ ▄▀█▀▀ ▀████▀▀▀ ▄▄ ▀█ █
█ ██ █▄▄██ ▄▄ ▄ ▀█▀ █▄██▀▄▄▄ █▀ ▀█▄▄▄▄  █▀▀█ ▀█▄▀▄ █▄█  ▄▀█
█▄  █▀▄▄  ▄▄ ▀▄ ▀█▄▄▀▀▀█▄ █▄▀█▀▀ ▀██▄  ▄ █▀ ███▄▀█ ███▀▄█▀█
██▀█▀█▀▄▄▀▄▀ ▄▀█▀█▀▄▀  ▀▄ █ ▀█▄ ▀█ █▄ ▄█▄ █▀▀█▄▄▀▄▄▀ ▀▀▀▄▄█
█▄▄▄▄ ▄▄█ ██▀█▄▀▀▄  ▄▄▀▀▀▀█▀█▄ ▄▀█▀█▄ ▀▄▄█▀ ▄█ ██▄▀ ▄▄  █▀█
█ ▀▄█▀▄▄█▀  ▄█████▀ ▄ ▀ ▀ █▀ ▀  ██▀█▀▀▄▄▄█▄▀ ▀▄ ▀▄ ▀▄█  ▀██
█ ▄ ▄▄ ▄▄ █▄▄  ▄██▀ ▄▄▀▄  ▄███ █ ███▄▄█▄██▀ ▀██▄█▀▀██▄▄▀█▀█
█ ▀ ▀▀▄▄▄▄▀█ ▄█▀ ▀▀▄█▄ ▄██▄  ▀▀▄▀ █▀▄▄ ▄▄▄▀▀▀   ▀█ █▀▀█▀ ▀█
███████▄▄▀▀ ▀▀ ▀▄▄▄  ▄▀█▀ ▄ ▄▄▄  ▀▄█ ▄▀▄█▀   ████ ▄▄▄ ▄█▀ █
█ ▄▄▄▄▄ █▄▄ ▄██ █▄ ▀▀▄███ █ █▄█ █▀▀▄ ▀█▀▀██▀   ▄█ █▄█ ▀▀▄██
█ █   █ █ █▀█ █ ▄▀▀▄▄██▀▀▄  ▄  ▄ ██▄ ▄▄█▀▀   ▀██▄  ▄  █ ▄██
█ █▄▄▄█ █ ██▀  ▀▄ ▀▄▄█ ▄▀██ ▄█▀██▄█▀   ▄█ ▄▀ ▀  ▄  ▄▀█  ███
█▄▄▄▄▄▄▄█▄▄▄█▄▄▄██▄▄█▄██▄▄▄█▄██▄▄▄▄▄▄▄█▄▄██▄███▄▄▄▄█▄▄▄█▄██

Scan this QR code:
▄▄▄▄▄▄▄▄▄▄▄▄▄▄▄▄▄▄▄▄▄▄▄▄▄▄▄▄▄▄▄▄▄▄▄▄▄▄▄▄▄▄▄▄▄▄▄▄▄▄▄▄▄▄▄▄▄▄▄
█ ▄▄▄▄▄ █  ▄▄  ▄ ▀▄ █▄ █▄ █  ▀ ▄▀█▄██ ▄▄█ ▄▄ ▄▀▄ ██ ▄▄▄▄▄ █
█ █   █ █ ▄█ ▀▀█▄▀ ▄▄▄▄▀▄█▀█▀▀▀█▀▄███▄█▀▀▀▄▀▀▄ ▄ ██ █   █ █
█ █▄▄▄█ █▀▀▀▀▄█▀▀███▀█▄▄▀   ▄▄▄ ▄█▀▀█▄▀▄▀ ▀▄█▀▄▀▄██ █▄▄▄█ █
█▄▄▄▄▄▄▄█▄█▄▀▄█▄▀ █▄▀ █▄▀▄█ █▄█ ▀▄█▄█ █▄█▄█▄▀ █ █ █▄▄▄▄▄▄▄█
█  ██▄ ▄▀▀█▀▀ █ ▀▄█▄█ ▄█ ▀█  ▄  ▄ ▄█▀ █ ▄█▄▀  ▀▄▀ █▀▄█▄ ▄▄█
█ ▀▀▀▄ ▄▀▄▄▄▀ ▄ ▄▀▄█▀▀▀█▄▄ ██▄▄ ▀▀ ▄ ▀▀█ ▀█ ▀  ██▄▄█▄█▄▄▄▀█
█▀▀▄█▀█▄ ██▄ █▀▀ ▄▀ ▄ ▄▄    ▄▀▀█ ▄▄█▀▄▄ ▄▀▀ ▄▄█▄▀▀█  ▀█ ▄▄█
█▀▄▀▄▄█▄█▄███▄██▄▀▄▄▀▄▄ ▀▀▀█  ▄▀█▀▀██▀▀▄  █▄▄██▀ ▀▄▀▄▄█▄███
█▄▄▀██▀▄ ▄▄▄  ▀▄█▄▄▄ ▀ █ ▀▄ ▄ ▀▀  ▄█▄▄▄▀ █▄▀█  █▀▀▄ ▄█▀▀▄ █
█ ██ ▀▄▄ ▀▀▄  ▀█▄ ▄ ▄   ▄▄▄▄▀█▄▄█ ▀▀█▀▀█ ▀▀▄ ▀▄███▀█ █▄▄ ▀█
█▄ ▀ ▀█▄█▄▄▄ █▄ ▀▀▄ ▀ ▄█▀▄██ ▀█▀█ █▄▀▄█  █▀▀█ ██▄▀ ▀▄██▄█▄█
█▄▀ ▄▄▀▄▀█▀▀▀ ▀▄▄█▄ ▄██▀▄ ▀ ▄██▄▄█████ ▄▄█▄█▄█▀██▄▄ ▄█▄▄▀██
█▄▄ ▄ █▄▄▀█ █▄▀ ▀▄▄  ▀▄█▀  ▄▄▀ ▀▀█▀  ▄▄  ▀ ▀█  ▄▀ █ ▀██▀▀██
█▄▄▄  ▄▄▄  █ ▀▀▀▀▄▀  ▀▄  ██ ▄▄▄   ▄ ▀ █ ▀██▄   █▀ ▄▄▄ ▄█ ██
███ █ █▄█ █▀▀▄▄▄ ▄▄▀▄ ▀█▀▀▄ █▄█ ▀▄▀█ ▄█▀▄█▀   ██▄ █▄█ ▄▀█ █
██ █ ▄ ▄▄ █▄█▄█▄ █▀ █▀ ▀▀▀▀▄ ▄▄▄▀▄▄█▄█ ▀█  ▀▀ ▀▀  ▄▄ ▄█▄▄██
█   █▀ ▄█ █▀▄▄▄  █▄▄▄ ▄▀▀▀▀▀▄▄▀ █ ▄█  ▄▀ ▀  █▄▄▄▀█▄  ▄▀██▄█
█▄▄ ██ ▄█▀ █▄▀▄█▄▀▄█▄▀▀███▀▄█ ▄█▀▀ ▀▄▄█ ▀▀  █▀█▀▄▄ █▀█▄▄ ▀█
█▄▄█▄▀▄▄█▄██ ▄█ ▄█▀▄▄▄▄█▄  ▄▄█▄▄  ▀█▄▄   ▀▀▀▀▄▄▄▀▀█▄▄▄▄█▀▄█
█ ▄▄ ██▄▀▀▀▄ ▄█ ▀ ██▀ ▀▀▀█▄ ▀ █▀▀▄ ▀ ▄█▄ ▄▄▄█▄███  █▀  ▄▄▄█
█▄▄ ▄▄ ▄█▀▄ ▀ ██▀▄▀▄▀▀ █▄▀ ▄▀▄▀▀▄ ▄█  █▀▄█ ▀█  ▄█▄▀ ▀▄▄▀▄ █
█ █▄ ▀▀▄██ ▀▄█▄█▄ ▄█ ▀▀█▄▄▀▀▀▄█▀▀██▄ █▄ ▀▀█▀█     ▄▀▀▀██▄▀█
█▀▄ █ █▄▀ █ ▄ ▄▄ ▄▀ █▀▄▄▀ ▀  █  █ ██▄▄ ▀▄▀ ▀█▄▀███▀█▄▄██ ██
█ ▀ ▀▀▄▄███▀ ▀▀▀▀ ▄█▄ █▀ ▄ ▄▀▄▀▀▄▀██▄ ▄    ▄█  ▄▀ ▄▀▀▄█▄▄██
███████▄▄▀  ▀██▄ █ ▄█▀▄▀▀▀▄ ▄▄▄ █▄▀██ █▀▄██▀▀▄ ██ ▄▄▄  ▀▄ █
█ ▄▄▄▄▄ █▀▄ ▄█▄▄▀  ▀▄ ▀█▀ ▄ █▄█  ▀▀▀  ▀▀ ▀▀ █ █   █▄█ ██▄██
█ █   █ █▄▄▄█▀▄▄▀▀  ▀ █▀▀▄▄▄▄  ▄█  █ ▄█▀ ▀█▀▀▄ █▄▄▄ ▄ █▀▀▀█
█ █▄▄▄█ █▀ ▄█▄▀▀▄█ ▀▄█▀ ▄ ███ ▄ █▄▄██▀▀█ ▀▀▄▄ ▄▀ █▀▄▀▄█████
█▄▄▄▄▄▄▄█▄▄██████▄▄▄▄▄▄████▄███▄███▄▄▄▄█▄█▄▄█▄█████▄█████▄█

Scan this QR code:
▄▄▄▄▄▄▄▄▄▄▄▄▄▄▄▄▄▄▄▄▄▄▄▄▄▄▄▄▄▄▄▄▄▄▄▄▄▄▄▄▄▄▄▄▄▄▄▄▄▄▄▄▄▄▄▄▄▄▄
█ ▄▄▄▄▄ █▀ █▀  ▀███ ▄█▀█▄▄▄█▄▄▄▄ ▀▀▀█▀▄█▀▄▄ █▄▄▄ ██ ▄▄▄▄▄ █
█ █   █ █▀  █  █▄█▀ ██▄▄  ▀█▄█ ▄▀▄█  ▀█▀▄█▄  █ ▄ ██ █   █ █
█ █▄▄▄█ █▀█████▀▄█▄█▄ ▄█▀ █ ▄▄▄ ██▀█▀▀▄▀ ▄▄▄▀▄▀▀▄██ █▄▄▄█ █
█▄▄▄▄▄▄▄█▄█ █▄▀ ▀▄▀ ▀ ▀ █ █ █▄█ ▀▄█ ▀▄█ █ █▄▀ ▀ ▀▄█▄▄▄▄▄▄▄█
█  ▄  ▀▄▄▄█▀█  ▀ ▄▀▄ █▀▀▄▀ ▄    ▀█▀█▀  █▀█   █▄▄▀ ▄█▄█▄▀▄▀█
█  ▀██▀▄ ██ ▀▀▄ ▄ ▀ ▀▀▀ █ ▀▄   █▀▀▄██▀█▄▀▀▄▀▀▀▄█▀ ▄▄ █▀▀ ██
█▀▀▀▄▄▀▄▄▄▀   ▄▄▄█▀ ▄▄▀▄  ▀▀▀█▀██▀█▄  ▄▄▀█▀▀█▀▀█▀▀▀▄█▀▀ ███
█▀██ ▄▄▄ █ ▄▄▀▀█ ▄ ▀▀█▄▀▄ ▀█▀█▀▄██▄ ▄█▀▄ ▄█ ███ ▀▄▀█▀█▀▀ ██
██▄▄▄  ▄   ▄█▄▄███  ▄▄▀▀ ▀█▀▀ ▀▀▄▀▀▄  ▀█▀▀   █▀▄ ▀███▀  █ █
█▀▄█ ▄▄▄██▀▀▀▄▀██▀ ▄  ▄▀█▀ ▄▀ ▀▄▀ ▀ ▄ ▀ ▄▄▄█▀▀█ ▀   ▄▀▀▀▄▀█
█▀  ▀▀ ▄ ▀▀██▀▀█▄▀▄▄▄█▀█▀▄▀ ▀▀▀  ▀▄█ ▄▀██▀▀  ▀▄█▄▀██▄▀█ ▀ █
██▄███▀▄▀▄▀█▄▄█▄▄ ▄ ▄█  ▀█▀ █▀█▄▄▄▄ ▄▀█ ▄▄█▀█▄▄▀▄▀▄▄▄▀▀▀▀██
██ ▄ ▄▄▄ ▄ █▀▄▄▀▄█  █▄██  █▀▀▀█▀▄ ▄ ▄▄▀▄▀██▀▄█▄█▄▀ ▄ ▀█ ▄▄█
██ ▀▀ ▄▄▄ █▄▄█ ▄█▄▄█ ▀▄█  ▄ ▄▄▄    ▀▄▀▀ ▀▀ ▀▄█ ▄█ ▄▄▄ ▀  ▀█
█▀▄▄▀ █▄█ █▀▄▄▄▄▀▄▄▀ █▄█▀ ▀ █▄█ ▄█ █  ▄▄██▀▀ ▀▄▄▀ █▄█  ▀▄ █
█ ▄▄▄  ▄  ▄█  █▀▀▄▀▀█▄▀▀ ▀▄▄▄▄▄▄█▄█ ▀█ ▄  █ ▀▀▀ █▄▄▄   ▀ ▀█
██▀▀███▄▄█▄▀█▄ █▄█  ▀██▀  ▄▀▄█▀  █▀█ ▄▀██▀▄▀▀███▀█▀ ▀▄▀ ▀▄█
█ █▀ █▄▄ █ ▄▄ ▄ ▄▄▀   ██▀ ▄▄▀█▀ ██▄▄▄  ▀▀▄ ██ ▄▄▀▄ █▀▄   ▀█
█ █ █▀▄▄  ▄▄▀█▄ ▀█▄▄▀▀▀█▄ █▄▀█ ▄▄▀██ ▄ ▄██▀  ▀█▄▀█ ███▀▄█ █
██▀█▀█▀▄▄▀▀██▄ ▄▀█▀▄▀  ▀▄ █ ▀█ ▄▀▄ ██ ▄█▄ █▀ ▄▄▄▀▄▄▀ ▀▀▀▄▄█
█▄▄▄▄ ▄▄█ ▀▀ ▄▄▄▀▄  ▄▄▀▀▀▀█▀█▄ ▄▀█▀█▄ ▀▄▄█▀ ▄█ ██▄█▀▄▄▄▄█▀█
█ ▀▄█  ▄█▀▄▀█ █ ██▀ ▄ ▀ ▀ ▀▀ ▀  ██▀█▀▀▄ ▄█ █ ▀▄▄█▄▄█▄█▀ ▀██
█ ▄▄█ ▀▄█ ▄▀▄ ▄▄██▀ ▄▄▀▄  █▄██ █ ███▄▄▀████ ▀██▄██ ▀▄██▀█▀█
█ ▀ ▀▀▄▄█▄▀█ ▄█▀ ▀▄ █▄▄▀██▄▄ ▀▀▄▀ ▄▀ ▄▀█  ▀▀▀▄▀█ █▄█▄█▄▀ ▀█
███████▄▄▀▀ ▀▀ ▀█▄▄▄█▄██▄▀▄ ▄▄▄  ▀▄█▄▄ █▄█▀ ▄▀█▄▀ ▄▄▄ ▄██ █
█ ▄▄▄▄▄ █▄▄ ▄██ ▀▄ ▀ ███ ▄█ █▄█ ▀▀▀▄▀██▀██▄ ▄▀ █▀ █▄█ ▀▀▀██
█ █   █ █ █▀█▄█ ▄▀▀▄▄██▀▀▄  ▄▄ ▄ ██▄▄▄▄██▀  ▀▀███  ▄▄ █ █▄█
█ █▄▄▄█ █ █▀  ▀█▄ ▀▄▄█ ▄▀██ ██▀█▄██▀ ▀ ▄▄ ▄▀ ▀  ▄  ▄▀▀  ███
█▄▄▄▄▄▄▄█▄███▄████▄▄█▄██▄▄▄█▄▄█▄▄▄▄▄▄▄█▄▄██▄███▄▄▄▄█▄█▄█▄██

❌ Bot disconnected (408), reconnecting in 5s...
❌ Bot disconnected (408), reconnecting in 5s...
Scan this QR code:
▄▄▄▄▄▄▄▄▄▄▄▄▄▄▄▄▄▄▄▄▄▄▄▄▄▄▄▄▄▄▄▄▄▄▄▄▄▄▄▄▄▄▄▄▄▄▄▄▄▄▄▄▄▄▄▄▄▄▄
█ ▄▄▄▄▄ █▀ █▀  ▀██▄▀██▀█  ▄█▄▄▄▄ ▀▄▀██▄█▀ ▀▄█▄▄▄ ██ ▄▄▄▄▄ █
█ █   █ █▀  █▄ █▄▄▀ ▄█▄▄▀▀▀█▄█ ▄ ▄█ ▀ █▀▄▄▄ ▀█ ▄ ██ █   █ █
█ █▄▄▄█ █▀███ █▀▄█▄█▄ ▄█▀ █ ▄▄▄ █▄▀██ ▄▀▄▀▄▄▄▀▀▀▄██ █▄▄▄█ █
█▄▄▄▄▄▄▄█▄█ ▀ ▀ ▀▄▀ ▀ ▀ █ █ █▄█ ▀▄█ ▀▄█ █ █▄▀ ▀ ▀▄█▄▄▄▄▄▄▄█
█  ▄ ▄█▄  █▀ ▀ ▀ ▄▀▄ █▀▀▄▀ ▄    ▀█▀█▀  █▀█   █▄▄▀▀ █ █▄▀▄▀█
█  ▀██ ▄▄▀█▀█▀▄ ▄ ▀ ▀▀▀ █  █   █▀▀▄██▀▀▄▀▀▄█▀▀▄██ ██▄▀▀▀ ██
█▀▀▄▄▄▀▄▀▄▄   ▄▄▄█▀ ▄▄▀▄  ▀ ▀▀▀██▀██   ▄▀█▀▀█▀▀█▀ ▀▄█▀█▄███
██  ▄▄▄▄▀█ ▄▄▀▀█ ▄█▄▀█▄█▄ ▀█▀█▀ ███▄ ▀    ▄▀▀██▄▄▄▀█▀█▀▀ ██
███▀   ▄   ▄█▄▄█▄▄▄▄▀▄█▀▄▀█▀▀ ▀▀▄▀ █ ▄▄█ █ ▀ █▄▄ ▀███▀▀ ▀▄█
██  ▀▄ ▄██▀▀▀▄▀█▀█ ▄██▄▀▄▄ ▄▀ ▀▄▀ ▀ ▀▄   ▄▄██ ▄ ▀  ▄▄▀▀▀ ▀█
█ ▄ ▀█▄▄ ▀▀█ ▄▀█▄▀▄▄▄█▀█▀▄▀ ▀▀▀  ▀▄█▀ ▀██▀▀  ▀▄█▄▀ ▄▄▀█ ▀ █
██▄███▀▄▀  ▄▀ ▀▄▄ ▄ ▄█  ▀█▀ █▀█▄█▄▄ █▀█ ███▀█▄▄▀▄▀▀▄▄█▀▀▀██
██ ▄ ▀█▄▀██▀ ▀▀▀▄█  █▄██  ██▀▀█▀▄ ▄ ▄▄▀▄▀██▀▄█▄█▄▀ █▀██ ▄▄█
██ ▀▀ ▄▄▄ ▄▀▀█▀▄█▄▄█ ▀▄█  ▀ ▄▄▄    █▄▀█▄▀▀ ▀▄█ ▄▀ ▄▄▄ ▀  ▀█
█▀▄██ █▄█ ▀█▄▄ ▀▀▄▄▀ █▄█▀ ▀ █▄█ ▄██▄   ▄██▀  ▀▄▄▀ █▄█  ▀▄ █
█  ▀▄ ▄▄▄ ▄█  █▀▀▄ ▄█▄▀█ ▀▄ ▄▄▄▄█▄█▀▀█▀▄ ▄█▀█▀█▄▄▄▄  ▄▀▀ ▀█
█▄█ ▄██▄▄ ▄▀█▄ █▄▄▄▄ ▄██▄▀▄▀▀▄▀  █▀█▄▄ ▄██▀ ▄██▄▀ ▀ █▄▀ █▄█
█▄██▄█▄▄▄▄ ▄▄ ▄ ▀▄▀ ▄████▄▄▄▀█▀ ██▄▄▀ ▀ ▄ ▀██▀▄█ ▄ ██▄   ▀█
█▀▀ █▀▄▄  ▄▄ ▀▄ ▀█▄▄▀▀▀█▄ █▄▀██▄ ▀██ ▄ ▄▀▀▀  ▀█▄▀█ ███▀▄▄ █
██▀█▀█▀▄▄▀██ ▄▄ ▀█▀▄▀  ▀▄ █ ▀█ ▄ █ █▄▀▄█▄ █▀▀▄▄▄▀▄▄▀ ▀▀▀▄▄█
█▄▄▄▄▄ ▄█  ▄▀ ▀▄▀▄  ▄▄▀▀▀▀█▀█▄ ▄▀█▀█▄ ▀▄▄█▀ ▄█ ██▄█ ▄▄▄ █▀█
█ ▀▄█▀ ▄█▀█  ▀▄▄██▀ ▄ ▀ ▀ ▀▀ ▀  ██▀▀▀▀▄ ▄█ █ ▀  ▀▄▄▀▄█  ▀██
█ ▄█▄▀█▄█ ▄ ▄  ▀██▀ ▄▄▀▄  ████ █ █▄▄▄▄ ███▄ ▀█▄██▄▄▀▀▄▄██▀█
█ ▀ ▀▀▄▄▄ ▀█ ▄█▀ ▀  █▄▄▀██▄  ▀▀▄▀ █  ▄▀█ ▄▄▀▀  ▀▀▄▀▀▀█ ▀ ▀█
███████▄█▀▀ ▀▀ ▀▄█ ▄▀█ ▀▀ ▄ ▄▄▄  ▀▄█▄▄ █▀█  █▀▄██ ▄▄▄ ▄██ █
█ ▄▄▄▄▄ █▄▄ ▄██ █▄ ▀▄ ██  █ █▄█ ▀█▀▄▄ █▀▄█▄▀▄▀ ▄  █▄█ ▀▀▀▀█
█ █   █ █ █▀█▀█ ▄▀▀▄▄██▀▀▄  ▄  ▄▄██▄  ▄███  ▄▀███  ▄▄▄█ ▄██
█ █▄▄▄█ █   ▀ ▀ ▄ ▀▄▄█ ▄▀██ ██▀█▄██▀ ▀ ▄▄▀▄▀ ▀  ▄  ▄██  ███
█▄▄▄▄▄▄▄█▄██▄█▄▄██▄▄█▄██▄▄▄████▄▄▄▄▄▄▄█▄▄██▄███▄▄▄▄█▄▄▄█▄██

Scan this QR code:
▄▄▄▄▄▄▄▄▄▄▄▄▄▄▄▄▄▄▄▄▄▄▄▄▄▄▄▄▄▄▄▄▄▄▄▄▄▄▄▄▄▄▄▄▄▄▄▄▄▄▄▄▄▄▄▄▄▄▄
█ ▄▄▄▄▄ █  ▄▄ ▀█▀▀█▀▀▄ ▄ ▄█  ▀ ▄▀█▄▀ ▀▀ ▄█ ▄▀ ▀▄ ██ ▄▄▄▄▄ █
█ █   █ █ ▄█▄█▀██▀ ▄▄█▄▀▄▄▀█▀▀▀█ ▄██▄▄█▀█ ▄▀▀▄ ▄ ██ █   █ █
█ █▄▄▄█ █▀▀▀█▀█▀▀███▀█▄▄▀   ▄▄▄ ▄▄▀▀▄▄▀▄▄█▀▄▄█▄▀▄██ █▄▄▄█ █
█▄▄▄▄▄▄▄█▄█ █ █▄▀ █▄▀ █▄▀▄█ █▄█ ▀▄█▄█ █▄█▄█▄▀ █ █ █▄▄▄▄▄▄▄█
█  ██ ▄▄▀███▀██ ▀▄█▄█ ▄█ ▀▀  ▄  ▄ ▄█▀ █ ▄█▄▀  ▀▄▀▀█▀ ▀▄ ▄▄█
█ ▀▀▀█▀▄▄▄███ ▄ ▄▀▄█▀▀▀█▄▄ █▀▄▄ ▀▀▄▄ ▀██ ▀▀ ▀  █▀▀▄▄▄ ▄▄▄▀█
█▀▀▀ ▀█▄▄ ▀▀ █▀▀ ▄▀ ▄ ▄▄  ▀▀▄▀▀█ ▄ █▀▄▀▀▄▀▀▀▄▄██▄▀█ ▄██▄▄▄█
█▀█▀▀▄█▄▄▄███▄██▄▀██▀▄▄ ▀▀▀█ ▀▄██▀█▀▀▀ ▄ ▄ █▄▀▀█▀▀▄▀██ ████
█▀ ███▀▄ ▄▄▄  ▀▄▀█▄▄▀▀▀▀█▀▄ ▄     ▄▄▄▄█▀ █ ▀█ ▀▄▀▀▄ ▄█ ▀▄▄█
█▀█▀█▀▄▄ ▀▀▄  ▀█▄█▄ █   ▀ ▄▄▀█▄██▄▀▀██ ▄▄▄ ███▄▄███▀ █▄▄ ██
█▄▄▀ ▄▀▄█▄▄▄▄▄▄ ▀▀▄ ▀ ▄█▀▄██ ▀█▀█ █▄ ▄█  █▀▀▀▄██▄▀█ ▄██▄▄▄█
█▄▀ ▄  ▄▀▀█▄  ▀▄▄█▄ ▄██▀▄ ▀ ▄██▄█▄██▄█ ▄█▄▄█▄█▀██▄▄▀▄▀▄▄▀██
█▄▄ ▄██▄▄▀▄ ▄  ▄▀▄▄  ▀▄█▀   ▄▀ ▀▀█▀  ▄▄  ▀ ▀█  ▄▄▀  ▄▀█▀▀██
█▄▄▄  ▄▄▄  ▄▀█ ▀▀▄▀  ▀▄  ██ ▄▄▄   ▄ ▀ █▄▀██▄   ▀▀ ▄▄▄ ▄█ ██
████▄ █▄█  ▀▀▄█  ▄▄▀▄ ▀█▀▀▄ █▄█ ▀▄ ▄ ▄█▀▄██   ▀▄▀ █▄█ ▀ █ █
█▀ █ ▄▄▄ ▄█▄█▄█▄ ██ █▀ ▀▀▀▀▄ ▄▄▄▀▄▄█ ▀▄ █▄█▄▀  ▄       █▄██
█   █▀ ▄ ▄█▀▄▄▄ ▀▄ ▄█  █▀ ▀▀ ▄▀ █ ▄█▄▄█ ▄█  ▀▄ █▀ ▄ ▀▄ ██ █
█  █▄█ ▄▀  █▄▀▄██ ▄█▄▀▀█ █▀▄ ▄▄█▀▀ ▀ ▄▄▀ █▀▀███▀▄▄ ██▄▄▄▄▀█
█▄▀█▄▀▄▄█▄██ ▄█ ▄█▀▄▄▄▄█▄  ▄▄█▄▀▀▄▀█     ▀▀▀▀▄▄▄▀▀█▄▄▄▄█▀▄█
█ ▄▄ ██▄▀▀▄ ██ ▄▀ ██▀ ▀▀▀█▄ ▀ █▀ █ ▀ ██▄ ▄▄▄█▄███  █▀  ▄▄▄█
█▄▄ ▄█▄▄█▀█▀▀▄ ▀▀▄▀▄▀▀ █▄▀ ▄▀▄▀▀▄ ▄█  █▀▄█ ▀█  ▄█▄ █▀▄ █▄ █
█ █▄ █▄▄████▄█ █▄ ▄█ ▀▀█▄▄▀▀▀▄█▀▀██▄ █▄ ▀▀▀▀█ ▄ ▄▄ ▀▀▀█▄▄▀█
█▀▄█▄██▄▄▄ ▄▄ █▀ ▄▀ █▀▄▄▀ ▀▀ █  █  ▄▄▄▄▀▄▀  █▄ ▄██▀▄▀▄█▀ ██
█ ▀ ▀▀▄▄▀ █▀ ▀▀▀▀ ▄▄▄ ▀▄ ▄ ▄▀▄▀▀▄▀█▄  ▀█   ██▄▀ ▄  █ ▄██▄██
███████▄█▀  ▀██▄▀▄ ▄█ ▄▀ ▀▄ ▄▄▄ █▄▀█  █▀ ▀▀▀▀▄▀██ ▄▄▄    ▄█
█ ▄▄▄▄▄ █▀▄ ▄█▄▄█▀ ▀▀ ▀█▀▄▄ █▄█ ▄█▀▀ ▄▀ ▀   ███   █▄█ ██▄▀█
█ █   █ █▄▄▄▀█▄▄▀▀  ▀ █▀▀▄▄▄▄  ▄█  █  █▀▄██▀█  ██▄▄ ▄ █▀▀ █
█ █▄▄▄█ █▀ ▀ ▄▀▄▄█ ▀▄█▀ ▄ ██▀ ▄ ██▄█▄ ▀█▀▀▀▄█▀▄▀ █▀▄█ █████
█▄▄▄▄▄▄▄█▄█▄▄█▄▄█▄▄▄▄▄▄████▄█▄█▄███▄▄▄▄█▄█▄▄█▄█████▄█████▄█

❌ Bot disconnected (408), reconnecting in 5s...
❌ Bot disconnected (408), reconnecting in 5s...
❌ Bot disconnected (408), reconnecting in 5s...
❌ Bot disconnected (408), reconnecting in 5s...
Scan this QR code:
▄▄▄▄▄▄▄▄▄▄▄▄▄▄▄▄▄▄▄▄▄▄▄▄▄▄▄▄▄▄▄▄▄▄▄▄▄▄▄▄▄▄▄▄▄▄▄▄▄▄▄▄▄▄▄▄▄▄▄
█ ▄▄▄▄▄ █▀█▄▄ ▄  █▄▀▄█▄▄   ██▀ ▄▄ █▀  ▀▀▀▀█▄█▄▄▄ ██ ▄▄▄▄▄ █
█ █   █ █▀▄ ▀ ▀████▀██▄▄▀ ▀█▀▄▄ ▄▄█   █▀▀▄▀▄ ▄ ▄ ██ █   █ █
█ █▄▄▄█ █▀▄▀▄▄ ▄▄███▄ ▀▄▀ █ ▄▄▄ █▄▄▀▄▄▄▀▀█▀▄  ▀▀▄██ █▄▄▄█ █
█▄▄▄▄▄▄▄█▄▀ █▄█▄▀▄▀ ▀ █ █ █ █▄█ ▀▄█ ▀▄█▄█ ▀ ▀ █▄▀▄█▄▄▄▄▄▄▄█
█ ▄  ▄█▄▄▄ █▀▀ █▄▄█▄ █▀█ ▀▄▄▄▄  ▀█▀█▀  █▀█▄▀██▄▄▄▀ █ █▄▀ ▀█
██▀▀▀ █▄  █ ▀▄▄ ▄▄▀ ▀▀▀ ▀▀▀▄█▀▀█▀▀▄██▄▀█ ▄▄█▀   ▀█▄█ ▀▀▀▄▀█
█▀▄▀ ▀█▄▄██▄ █▄▄█▄▀ ▀█▀▄  ▄▄█▀▀██▀██▀▄ ▄▀▀█ ▀▀▄█ ▀ █▀▀▀ ▀▀█
█▄ ▄█▀ ▄███  ▀██▄▄█▄▀▄ ▄▄▄▀█ ██▄█▀▀█ ▄█▀▄▀▄█ ▀ ▄▀▄▄▀▄▀▀ ███
██▀█▀█▀▄█▀▀▄  ▄▀█▄▄▄▄▄▀▀▀▀▀█▀   ██▀▄█▄▀█▄█ ▀▄█▄▄▀▀▀█▀█  ▀▀█
█▀█▀ ▄▀▄ ▀▀▀██▀█ ▄▀██  █▄▀▄▄▀  ▀▀▄▀▄█▄ █▄ █▀█▀▄▀  █▀  ▀▀▄▀█
█▀▀▄██▄▄ ▀▀▄█▄▀█▄▀▄ ▄█▀█▀▄  █▀█▀ ▀ ▄▄  █▄▀▀▀ █ █▄▀ █▀██▄▀▀█
█▀▀ ▄▄▀▄▀█▀▀█ ██▄ ▀█▄██▄▀█▀ ▄  ▀▄██ ▀▀ ▄▄▀▀ ▄█▀  ▀ █▄▄▀▀▀██
█▄▀█▀█▀▄██  ▄▀  ▄▄▄ █▄▀█▀ █▀▀▀ ▀▄ ▄  ▄▀██▀ ▀ ██▄▀▀ ████▀▄ █
█▀▄▄  ▄▄▄ ▀█▀▀█▄▀▀▄█ ▀▄██ ▀ ▄▄▄    █▄█▀▄▀ ▄█  ▄ █ ▄▄▄ █  ██
██ ▀█ █▄█ █▄▀▄▀▀█▄▄▀▀█▄█▀▀▀ █▄█ ▄▀██ ▄ ▄▀█▀ ██ ▄█ █▄█ █▀ ██
██ ▄█▄▄▄ ▄█▀ ▀█▄  ▀▀█▀█▀▄▄ ▄    ▀▄▄ █ ▀▄▀██ ▀ ▄▄█▄▄▄ ▄  ▄██
█▀█  ▀ ▄▀▄ ▀▄▄▀█▄█ ▄▀███▀▀▄▄██▀  █▀█▄▄ ███▀▀ ▀██▀ ▀█▀▄▀█▄██
███▀▀ █▄▄█  ▀▄▄█▀█▀  ▄▀  ▀▀▄ ▄▀ █▀ ▄▄▄█  ▀█▄▄▀█▄▀▀ █▄▀▀▀ ██
█▄█ ▀▀▄▄ ▀ █ ▀ █▀█▀▄▀▀▀█▄ █▀▀█▀▀▄█▄█▄▄███▀▀▀ █▀▄▀▀ ▀▀▄▄██ █
██▄▄   ▄▀▀█▀██▀▀▀█  ▀ ▀▄▄ ▄ ▀█   █ ▄▄ █▄▀ ▀▀█▄█  █ █▀██▀▄▄█
█▄▀█▀▄▀▄ ▄▀  █▄█▄▄▀▄▄▄██▄▀█▀▄▄▀▀▀█▀█   ▄▀█ ▀ ██▄█▄██▄▄ █▀██
███▄ ██▄██ █ ▀█▀▄█▀  ▀▀ ▀▀▀▀▀▀ ▄▀█▀▀█   ▀▄  █ ▄▀▀█▄█▀▄▄▀▄▀█
█▀▀▀ █▀▄█▄ ▀▄ ▀██▄▀  ▄▀▄▀ █▀██   ██▄▄▄▀█▀▀▀▀ ▀▀▄▀▀▀▄▄▄▄██ █
█ ▀ ▀▀▄▄▀▄█▄█▄▀▀▀█▄▄▄ ▄▀█▀ ▄▀▀▄▄▄▀█ ██ ▄▄▀ ██▄▀▄ ▄█▀ ▀▀ ▄██
███████▄▄▀█ ▀█ ▀█▄▄▄▄▄▀█▀▀▀ ▄▄▄  ▀▄█ ▄▀▄██  ▄████ ▄▄▄  ▀▀▀█
█ ▄▄▄▄▄ █▄▄█▀ ▄▄█▀█▄ █▀ ▀▄▄ █▄█ ▄▀▀▄▀    ▄█▄▀▄▄█  █▄█   ▀██
█ █   █ █ ▀▄██▀▀▄▀  ▄█ ▀▀▄▀ ▄  ▄ ▀██   ▄█▀█▀ ████▄ ▄  █▀███
█ █▄▄▄█ █   █▄█▀▄ █▄▄█▀█▀███ █▀███▄ ▀▄▀█ █▄▀▄▀▄▄█ ▀▄▀█  ███
█▄▄▄▄▄▄▄█▄█▄▄███▄▄▄▄██████▄████▄▄▄▄▄▄▄█▄██▄▄▄█▄███▄█████▄██

Scan this QR code:
▄▄▄▄▄▄▄▄▄▄▄▄▄▄▄▄▄▄▄▄▄▄▄▄▄▄▄▄▄▄▄▄▄▄▄▄▄▄▄▄▄▄▄▄▄▄▄▄▄▄▄▄▄▄▄▄▄▄▄
█ ▄▄▄▄▄ █▀ █▀  ▀███ ▄█▀▄█▄▄█▄▄▄▄ ▀▄▀▀▀ ▀ ▄▄▄█ ▄▄ ██ ▄▄▄▄▄ █
█ █   █ █▀  █▄ █▄▄▀ ▄█▄▄▀▀▀█▄█ ▄▀▄█ ▀▀█▀██▄ ▀▄ ▄ ██ █   █ █
█ █▄▄▄█ █▀▀█ ▄█▀▄█▄█▄ ▄█▀ █ ▄▄▄  ▄▀█▄▄▄▀█▄▄▄█▄▀▀▄██ █▄▄▄█ █
█▄▄▄▄▄▄▄█▄█ █ ▀ ▀▄▀ ▀ ▀ █ █ █▄█ ▀▄█ ▀▄█ █ █▄▀ ▀ ▀▄█▄▄▄▄▄▄▄█
█  ▄  █▄    ▄▄ ▀ ▄▀▄ █▀▀▄▀▄     ▀█▀█▀  █▀█   █▄▄█▀ █▄█▄▀▄▀█
█  ▀█▄ ▄▀█ ▄▀▀▄ ▄ ▀ ▀▀▀ █  █▄▄ █▀▀▄██▀█ ▀▀▄▀▀▀▄█▄▄██ █▀▀ ██
█▀▀ ▄▄▀▄█ ▄▀  ▄▄▄█▀ ▄▄▀▄  ▀▀██▀██▀▄█  ▀▄▀█▀▀█▀█▄▀▀▀▄███ ███
█▄▄▀ ▄▄▄ █ ▄▄▀▀█ ▄██▀█▄▄▄ ▀█ ▄█▄██ ▄▄▀▄█  ▀██▀▄ ▄▀▀█ ██  ██
█▄  ▀  ▄   ▄█▄▄█▀▄▄ ▄▄▀▀▀▀█▀▀ ▀▀▄▀ █  ▄▄██  ▄██▄ ▀███▀ ▀▀▄█
█▀█▀▄▄▄▄██▀▀▀▄▀█▀▄ ▄▄█▄▀▄▀ ▄▀ ▀▄▀▄▀ ▄▄  █▄██▄█▄ ▀  ▄▄▀▀▀ ▀█
███ ▀▄▄▄ ▀▀█▀▀▀█▄▀▄▄▄█▀█▀▄▀ ▀▀▀ ▄█▄█▄ ▀█▀▀▀ ▄▀▄█▄▀ █▄▀█  ▀█
██▄███▀▄█  ▀▄▀ █▄ ▄ ▄█  ▀█▀ █▀█▄▄█▄ █ █ ███▀▄█▄▀▄▀▄▄ █▀▀▀██
██ ▄ ▄█▄▄  ▄ █▀█▄█  █▄██  █▀▀▀█▀▄ ▄ ▄▄▀▄▀██▀▄█▄█▀  ▄▀██ ▄▄█
██ ▀▀ ▄▄▄ ▄ ▄▄ ▄█▄▄█ ▀▄█  ▄ ▄▄▄   ▄█▄▀▀▄▀▀ █▄█ ▄▄ ▄▄▄ ▀  ▀█
█▀▄▄  █▄█  ▀▄▄▀█▀▄▄▀ █▄█▀ ▀ █▄█ ▄██▄   ███▀▀ ▀██▀ █▄█ ▄█▄ █
█▄▀█  ▄▄ ▄▄█  █▀▀▄▄▄█▄▄  ▀▄▄▄▄▄▄█▄█▀██▀█ ▄ █▀▀▄▀ ▄▄  ▄   ▀█
█▀▀▄███▄▄▄▄▀█▄ █▄█ ▄ ███▀▀▄▀▄█▀  █▀█  █▄▀█▀▀▄██▄▀▄▀ █▄ ▀▀ █
█▄ █ █▄▄▀  ▄▄ ▄ █ ▀  ███▀ ▄▄▀▄▀ ██▄▄▀   ▄█ █▀▀▄▄ ▄ ██   ███
█▀▀ █▀▄▄  ▄▄▄█▄ ▀█▄▄▀▀▀█▄ █▄▀█▄▄▄███▄▄ ▄██▀ ▀▀█▄▀█ ███▀▄█ █
██▀█▀█▀▄▄▀█ ▄██▀▀█▀▄▀  ▀▄ █ ▀█▀▄ █ █▄ ▄██▀█▀▀█▄▄▀▄▄▀ ▀▀▀▄▄█
█▄▄▄▄▄▀▄█ ▀  █▄▄▀▄  ▄▄▀▀▀▀█▀█▄ ▄▀█▀█▄ ▀▄▄█▀ ▄█ ██▄█ ▄▄  █▀█
█ ▀▄█▄ ▄█▀█▀█▀█ ██▀ ▄ ▀ ▀ █▀ ▀  ██▀█▀▀ ▄▄█▄█ ▀ ▄█▄▄█▄█▀▀▀██
█ ▄ ▄█ ▄▀ ██▄ ▄ ██▀ ▄▄▀▄  █▀██ █ █▄█▄▄▄███▄ ▀███▀▀ ██▄ ▀█▀█
█ ▀ ▀▀▄▄ ▄▀█ ▄█▀ ▀  █▄▄▀██▄▄ ▀▀▄▀ ▄▀▄▄▄▄▄▄ ▀▀ ▀▄▀▄ ▀▀█▀▀ ▀█
███████▄█▀▀ ▀▀ ▀▄▄   ▄▄▀ ▀▄ ▄▄▄  ▀▄█  ▀▄█▀▀▀▀█▄▄█ ▄▄▄ █▄█▄█
█ ▄▄▄▄▄ █▄▄ ▄██    ▀ ▄█████ █▄█ █▀▀▄▄▄█ ██▄▀█▄▀▄  █▄█ ▀▀▄██
█ █   █ █ █▀▄▀█ ▄▀▀▄▄██▀▀▄     ▄▄▀█▄  ▄█▀█   ▀██▄  ▄  █ █▄█
█ █▄▄▄█ █ ▀█▄ ▄▄▄ ▀▄▄█ ▄▀██ █▀▀█▄██▀▀  ▄▄ ▄▀ ▀  ▄  ▄▀█  ███
█▄▄▄▄▄▄▄█▄▄█▄█▄███▄▄█▄██▄▄▄█▄██▄▄▄▄▄▄▄█▄▄██▄███▄▄▄▄█▄█▄█▄██

❌ Bot disconnected (408), reconnecting in 5s...
❌ Bot disconnected (408), reconnecting in 5s...
❌ Bot disconnected (408), reconnecting in 5s...
❌ Bot disconnected (408), reconnecting in 5s...
Scan this QR code:
Scan this QR code:
▄▄▄▄▄▄▄▄▄▄▄▄▄▄▄▄▄▄▄▄▄▄▄▄▄▄▄▄▄▄▄▄▄▄▄▄▄▄▄▄▄▄▄▄▄▄▄▄▄▄▄▄▄▄▄▄▄▄▄
█ ▄▄▄▄▄ █▄▀▄ ▄█▄▄█ ██▀ ▄▀▄ ▀▀▀▄ ▄▄▀▀▀▄ █▀█▄ ▀  ▄ ██ ▄▄▄▄▄ █
█ █   █ █ █▀▀█ ████ ████▀▀ █ █▄▀▀█▄▀▄ ▄▀█▄▀██▄▀▄ ██ █   █ █
█ █▄▄▄█ █▄▀▀▀▄▄█▀▀▄  ▀▄  █▀ ▄▄▄ █ ▀█▄▄  ▄▀ ▀▄ ▄▀▄██ █▄▄▄█ █
█▄▄▄▄▄▄▄█▄█▄▀▄█ █▄█▄▀▄▀ ▀▄█ █▄█ ▀ ▀ █ █ ▀ █▄▀▄▀▄█ █▄▄▄▄▄▄▄█
█ ▄  ██▄█▄█▄█▄▀█████▀█ ▄  █▄▄▄   █ ▄▀▀▀█ ▄▄ ▄███   █▀ ▄ ▀ █
█ █ ▄█▄▄█▄▀ ▄  ▀▀  ██ ▄▄ ▄▄▄▄█  █ █▀▄▀█ █ █▄█▀█▄▀█ █▄█ ▄  █
██▄▀▄▀▀▄▀  ▄▄▀▄ ▀▄█▄▀▀█▄▄▄█ ███▀██▀▄█ ▀▀█▀ ▄▀███▄█ ▀███▄▀██
█▀▄    ▄█▄▄▀  ▄███ ▀ ▄▄▀▄█ █▀█▀▀▄▀▀█ ██▀▀ ▄ █▀ █▀▀█▀▄ ▀▀▄██
█ ▀▄█▀ ▄▀ ▄ ▀█   ▀ ▀█▄▀█▀██▄▄▄▀█▀▄▄ ▀█▄▄▄▀▀▄▄▄▀  ▄█▄▄▀ ▄█ █
█▄▄▄▄▄█▄ ██▀▀▀▀▀ ██▀▀ ▄█ ▀▄ █ ▄▄█ █▄█▄  ██▀█▄█  ▄▄██▄ ███▀█
██ ▄▄ ▄▄▀▀ █▀█ ██ ▄▀██ ▄▀█▀ ▄ █ █▀▀█▄█▀█▄▄▀ ▀█▀▄▄ ▄█ ▄██▀ █
█▄█▀▀██▄█▄▄█▀ █ ▀▄   ▄    █▀▀▄▀▄▀▄ ▄ █▄█▀█ █▀█▄▄▀▄ █▀  ▄█▄█
█ ▀▀██▄▄█▄█▄▀█   ▄ ▄█ ███▄█▀█▀▄█▄▄  ▄ ▀▀▀▀▄█ ▀▀▄ █▀▀▀█▀█▄▄█
█ █▄▀ ▄▄▄ ▄██ ▄▀  ▄▄▀▀█▄█▀  ▄▄▄ ▀ ▀▄▄▄▄▄ ▀▄▄▀ ██  ▄▄▄ ▀▀▀██
█ ▄█▄ █▄█ ▄█ ▀██  █▄█▄▀▀ ▄▀ █▄█   ▄ ▀▀▄█▄▀ █▀▄▀▀▄ █▄█ ▄ ▄▄█
██▀ ▄ ▄▄  ▀▀▄██ ▄ ▀███▀█   ▄▄ ▄▄▀ ▀ █▄█ █▀▀ ▀▄▄▀▄ ▄ ▄  █▄▀█
██▀██  ▄██▀ ▄█ ███▄█ ▄ ▄▀ █▄ █▀▀▀█ ▄▄▀▀▄  ▄  ▀█▄▀▀ █▄█▀▄█▀█
█ ▀▀█▄▄▄▄ █▄ ▀ ▄▄  ██▀▄▄ ███ ▀ ██▄█     █ ▄  ▀▀ ▀▄▄▄▄▄ ▄▄▄█
█▀▄▄█▀ ▄ █▄█▀▄ ▀███ ▀███ ▄██████▄█ █ ▄█▀█▀██▄▀█▄██ ██▄ ▀███
█▄█▄▀▀ ▄ ▀ ▀ ▀▀▄ ▄ ▀   █▄▀█  ▄▄█ █▀█▄▀▄▄▀ ▀ ▄▄▄▀ ▄▀█ ▄█ █▄█
█▀█▄▄▄▄▄▄█    ▀▀▀  ▀ █ ▀█▄▀ ▀  ▄█▄▄▀▀█▄█▄▀▀▄▄▄  ▄▀▀▄▀ █ █▄█
█▀█ ▄▄█▄█▀▀█▀██▄ ██▄ ██ █████▀▄ ▀▀██▀▄▄▄█▄▄ █▄▄█▀  ▀█▄▀▄▄██
█  ▄▄ ▄▄▀▀█▀▄▀▀▀▄█▀▀▀▄ █▀▀▄▄▄▄ ▀▀███▄█ ▄    ▀▀ █▀ ▄ ▄█▄▄▄ █
█ ▀ ▀▀▄▄    ▄▀█ ▄▀█▄ ▀██▄▄▄ ▄██▀  ▀▄  ▀█▀▀█ ▀▀▄▄█ ▀ █▄▀▄ ▄█
███████▄█ ▀ █▀ ██▄ ▄▀▀▀▀ █▀ ▄▄▄  █ █▄ ▀▀█▀▄██▀█▄▀ ▄▄▄ █▄▀▀█
█ ▄▄▄▄▄ ███▄▀▀█▄▄███ █ ▀  █ █▄█ ██ █▄▀▀ ▄▀██ ▄▄█▄ █▄█  ▀▀▀█
█ █   █ █▀▄  ▄█ ▀█▀█ ▄██ ▀█  ▄     ▀█▀▄██▀▄▄ ▄ ▀▄ ▄▄▄▄▄▄ ██
█ █▄▄▄█ █ █▄▄▀▀▀  ▀ ▄▀███▀█▀▀▀█▀▄▀  ▄ ▀▀▄█ ██▄ ▄▀▄▀ █▀▄▄█▀█
█▄▄▄▄▄▄▄█▄▄▄██████▄█▄█▄▄█▄██▄▄███▄██▄█▄▄▄▄▄████▄█▄██▄▄█▄███

▄▄▄▄▄▄▄▄▄▄▄▄▄▄▄▄▄▄▄▄▄▄▄▄▄▄▄▄▄▄▄▄▄▄▄▄▄▄▄▄▄▄▄▄▄▄▄▄▄▄▄▄▄▄▄▄▄▄▄
█ ▄▄▄▄▄ █▀ █▀ ▀ ██▄▀█▀▀▄  ▄█▄▄▄▄ ▀▄▀▀▀▄█▄▄ ▄ ▀▄▄ ██ ▄▄▄▄▄ █
█ █   █ █▀  ▀▄ █▄▄▀ ▄▄▄▄▀▀▀█▄█ ▄ ██ ▀▀█▀▄▄▄ ▀▄ ▄ ██ █   █ █
█ █▄▄▄█ █▀▀██▄█▀▄█▄█▄ ▄█▀ █ ▄▄▄ ▀█▀█▄▀▄▀▄ ▄▄█▄▀▀▄██ █▄▄▄█ █
█▄▄▄▄▄▄▄█▄▀ ▀▄▀ ▀▄▀ ▀ ▀ █ █ █▄█ ▀▄█ ▀▄█ █ █▄▀ ▀ ▀▄█▄▄▄▄▄▄▄█
█  ▄ ▄█▄▄▄▄█▄█ ▀ ▄▀▄ █▀▀▄▀▄     ▀█▀█▀  █▀█   █▄▄ ▀ █▄█▄▀▄▀█
█  ▀█▄▀▄▄▄▀▄▀▀▄ ▄ ▀ ▀▀▀ █ ▀▄ ▄ █▀▀ ▀█▀▀ ▀▀ █▀▀▄█▀ ▄▄  ▀▀ ██
█▀▀▀ ▄▀▄ █ █  ▄▄▄█▀ ▄▄▀▄  ▀ ▀█▀██▀▄█  ▀▄▀█▀▀█▀█▄▀▀▀▄▀█▀▄███
█ ▀█▄▄▄▄▀▄ ▄▄▀▀█ ▄▄ ▀█▄█▄ ▀█▀██▄██▄█ ▀   ▄█▀█▀▀▄  ▀█ ▄▀  ██
█▀██▄  ▄   ▄█▄▄█▀▄  ▀█▀▀  █▀▀ ▀▀▄▀ █▄▄▀▄▀█   ▀██ ▀███▀▀▀█▄█
███▀▄ ▄▄██▀▀▀▄▀█ ▄ ▄ █▄▀█  ▄▀  █▀ ▀ █▀▀ ▀▀██▀█▄ ▀ ▄▄▄▀▀▀▄▀█
█▄▀ ▀▄█▄ ▀▀█▄▀▀█▄▀▄▄▄█▀█▀▄▀ ▀▀▀ ▀█▄█  ▀█▀█▀  ▀▄█▄▀▀▄▄▀█  ▀█
██▄███▄▄█▄▄ ▀ █▄▄ ▄ ▄█  ▀█▀ █▀█▄█▄▄ █▀█ ▄██▀▄█▄▀▄▀█ ▄█▀▀▀██
██ ▄ ▄▀▄▄ ▄▄ █▄█▄█  █▄██  ▀▀▀▀█▀▄ ▄ ▄▄▀▄▀██▀▄█▄█ ▀ ██▀█ ▄▄█
██ ▀▀ ▄▄▄ ████ ▄█▄▄█ ▀▄█  █ ▄▄▄    █▄▀▀▄▀▀ █▄█▄▄▀ ▄▄▄ ▀  ▀█
█▀▄█  █▄█  ▀▄▄▀▄▀▄▄▀ █▄█▀ █ █▄█ ▄█▀▄   ▄██   ▀ █▄ █▄█ ▀▀▄ █
█ █▄▄▄▄▄▄▄▄█  █▀▀▄▀ █▄▄  ▀▄ ▄▄▄▄█▄█ ██▀▄  ▀▄▀█▀▄▀▄▄▄  ▄▀ ▀█
█▀▄█▄██▄▀▄▄▀█▄ ███▄ ▄▄▀▀▄▀▄▀█▄▀  █▀█ ▄▄███ ▀▄▀▀▄▀▄▀ ██▀▀▀ █
█▀▄ ▄█▄▄▄█ ▄▄ ▄  ▀▀ ▀▀██▀▀▄▄▄█▀ ▀▀▄▄██  █▀ ▄▄ █▄▀▄ █▄    ██
██  █▀▄▄  ▄▄▄█▄ ▀█▄▄▀▀▀█▄ █▄▀█▄ ▄███▄  ▄██▀ ▄▀█▄▀█ ███▀▄▄▀█
██▀█▀█▀▄▄▀█▀ ▀▀█▀█▀▄▀  ▀▄ █ ▀█  ▀▄ █▄▀▄██▀█▀▀█▄▄▀▄▄▀ ▀▀▀▄▄█
█▄▄▄▄█▄▄█ █▀▀  █▀▄  ▄▄▀▀▀▀█▀█▄ ▄▀█▀█▄ ▀▄▄█▀ ▄█ ██▄ ▄▄▄  █▀█
█ ▀▄██ ▄█▀▄█▀▄████▀ ▄ ▀ ▀ █▀ ▀  ██▀█▀▀ ▄▄█▄▀ ▀ ▄██ █▄█▀▀▀██
█ ▄▄▀▄█▄██▀▀▄ ▀ ██▀ ▄▄▀▄  █ ██ █ ██▄▄▄ ███ ▀▀██▄▀██ ▄█▄██▀█
█ ▀ ▀▀▄▄▄█▀█ ▄█▀ ▀█▄█▄▄▄██▄▀ ▀▀▄▀ █ ▄▄ ▄▄ █ █ ▀███▀▀▀▄▄▀ ▀█
███████▄▄▀▀ ▀▀ ▀▀▄█▄▀█▄▀ ▀▄ ▄▄▄  ▀▄█▀  █ █▀▀ ▀█▄█ ▄▄▄ ▄██▄█
█ ▄▄▄▄▄ █▄▄ ▄██ ▀  ▀▄▀███ █ █▄█ ▀█▀▄▄ █ ▀▀▄  ▀ ██ █▄█ ▀▀▄██
█ █   █ █ █▀▄▀█ ▄▀▀▄▄██▀▀▄  ▄  ▄▄▀█▄▄ ▄███  █████  ▄  █ ▄▄█
█ █▄▄▄█ █ ▄    █▄ ▀▄▄█ ▄▀██ ██▀████▀▀  ▄█▀▄▀ ▀  ▄  ▄██  ███
█▄▄▄▄▄▄▄█▄▄▄▄▄█▄██▄▄█▄██▄▄▄████▄▄▄▄▄▄▄█▄▄██▄███▄▄▄▄███▄█▄██

Scan this QR code:
Scan this QR code:
▄▄▄▄▄▄▄▄▄▄▄▄▄▄▄▄▄▄▄▄▄▄▄▄▄▄▄▄▄▄▄▄▄▄▄▄▄▄▄▄▄▄▄▄▄▄▄▄▄▄▄▄▄▄▄▄▄▄▄
█ ▄▄▄▄▄ █▀█▄▄ █▀█▀▄▀▄▀▄▄▄▄ ██▀ ▄▄ ▀█▀▀▄▀▄▄▄▄▄█▄▄ ██ ▄▄▄▄▄ █
█ █   █ █▀▄ ▀▄▀█▄▄█▀▄▄▄▄  ▀█▀▄▄ ▀▄█  ▀█▀▄▄▀▄▀█ ▄ ██ █   █ █
█ █▄▄▄█ █▀ ▀▀█ ▄▄███▄ ▀▄▀ █ ▄▄▄ ▄█▄▀ ▀▄▀▄▄▀▄█▄▀▀▄██ █▄▄▄█ █
█▄▄▄▄▄▄▄█▄█ █▄█▄▀▄▀ ▀ █ █ █ █▄█ ▀▄█ ▀▄█▄█ ▀ ▀ █▄▀▄█▄▄▄▄▄▄▄█
█ ▄   ▀▄  ▄▀█  █▄▄█▄ █▀█ ▀  ▄▄  ▀█▀█▀  █▀█▄▀██▄▄▀▀ █▄▀▄▀ ▀█
██▀▀▀▀█▄▄ █▄██▄ ▄▄▀ ▀▀▀ ▀▀ ▄▀▀▀█▀▀ ██▄▀▀ ▄ ▀▀  ▄ ▀█▄▄▀▀▀▄▀█
█▀▄▀▄▀█▄  ██ █▄▄█▄▀ ▀█▀▄  ████▀██▀▀▄▀▄ █▀▀▀▀▀▀██ ▀ █▄██ ▀▀█
█▄▄█▄▀ ▄███  ▀██▄▄█▀▀▄▀█▄▄▀█ ██▄█▀▄▄ ▄  ▄▀ ▀ ▀ ▀█▀▄▀█▀ ▀███
█▀▀ ██▀▄█▀▀▄  ▄▀ ▄ ▄▀▄▀▀  ▀█▀ █ ██▀█ ▄ ▄█▀ ▀ █▄▄▀▀▀█▀█▀▀▀▀█
██▄▄█ █▄ ▀▀▀██▀█ ▄▀█▀▄ █▄▄▄▄▀  ▀▀ ▀▄▀▄▀█▄ ▄▀▀ ▄▀  ██  ▀▀█▀█
█▄▀▄█▄▄▄ ▀▀▄▀ ▀█▄▀▄ ▄█▀█▀▄  █▀█▀▀▀ ▄█  █▀▀▀▀▀█ █▄▀▄█▀██▄▀ █
█▀▀ ▄▄ ▄▀▀▄ █ ▀ ▄ ▀█▄██▄▀█▀ ▄  ▀▄▄█ ▀  ▄█ ▀ █▄▀  ▀█▄ ▄▀▀▀██
█▄▀█▀▀▄▄█▄▄▀▀▄▀█▄▄▄ █▄▀█▀ ▀█▀▀ ▀▄ ▄  ▄▀██▀ ▀ ██▄▀  ████▀▄ █
█▀▄▄  ▄▄▄ ▀█ ▀  ▀▀▄█ ▀▄██ ▄ ▄▄▄    ▀▄██▄▀ ▄█  ▄ ▄ ▄▄▄ █  ██
██  █ █▄█  ▀▀▄▄ █▄▄▀▀█▄█▀▀▀ █▄█ ▄▀█▄ ▄ █▀█▀▀█████ █▄█  █ ██
█▀██▀▄ ▄▄▄█▀ ▀█▄    █▀▄▄▄▄▀     ▀▄▄ █ █▄▀█  █▄▄▄▄▄ ▄  ▀▀▄██
██▀▄ ▀ ▄█  ▀▄▄▀█▄▄   ██▀▀▀▄▄██▀  █▀█   ██▀▀  ▀▄▄▀▀▀███▀▄▄▀█
██ ██ █▄ ▀  ▀▄▄██ ▀  ▀▀ ▄▀▀▄▄█▀ ██ ▄▀▀█ ▀ ██▄▀█▄▀▀ ██▄▀▀▄▀█
█▄█ ▀▀▄▄ ▀ █▀█ █▀█▀▄▀▀▀█▄ █▀▀█  ▄█▄█ ▄██▀▀▀▀ █▀▄▀▀ ▀▀▄▄██▀█
██▄▄   ▄▀▀▄▀█▀█▄▀█  ▀ ▀▄▄ ▄ ▀█ ▄ █ ▄▄ █▄ ▀▀▀███  █ █▀██▀▄▄█
█▄▀█▀  ▄ ▄▀ ▄▀ ▀▄▄▀▄▄▄██▄▀█▀▄▄▀▀▀█▀█   ▄▀█ ▀ ██▄█▄  ▄▄▄█▀██
███▄ ▀ ▄███▄▀▄  ▄█▀  ▀▀ ▀▀█▀▀▀ ▄▀████  ▄▀▄  █  ▀▀█▀▀▀▄█ ▄▀█
█▀▀ ▄▀▀▄▄█▄▄▄ ███▄▀  ▄▀▄▀ ▄███   ██▄▄▄▄█▀▀   ▀▄▄▀██ ██ ██ █
█ ▀ ▀▀▄▄▄▀█▄█▄▀▀▀█▄▄▄ ▀██▀ ▄▀▀▄▄▄▀█▀▀▀   ▀▀▄▀▄▀  ▄▄▀▀▄  ▄██
███████▄▄▀█ ▀█ ▀▄▄▀▄▀▄█▀ ▀▀ ▄▄▄  ▀▄█   █ ▀ ▀▄█▄██ ▄▄▄   ▀▀█
█ ▄▄▄▄▄ █▄▄█▀ ▄▄▄██▄█▀▀ █▄▄ █▄█  ▀▀▄▄  ▀▄██▄█ ██▀ █▄█   ▄██
█ █   █ █ ▀▄▄█▀▀▄▀  ▄█ ▀▀▄▀ ▄  ▄ ███▄▄ ▄███▀▄████▄ ▄▄▄█▀█▄█
█ █▄▄▄█ █ ▄█ ▀█▄▄ █▄▄█▀█▀███ ▀▀██▄▄ ▀▄▀█ █▄▀█ ▄▄█ ▀▄██  ███
█▄▄▄▄▄▄▄█▄█████▄▄▄▄▄██████▄█▄██▄▄▄▄▄▄▄█▄██▄▄▄█▄███▄█▄███▄██

▄▄▄▄▄▄▄▄▄▄▄▄▄▄▄▄▄▄▄▄▄▄▄▄▄▄▄▄▄▄▄▄▄▄▄▄▄▄▄▄▄▄▄▄▄▄▄▄▄▄▄▄▄▄▄▄▄▄▄
█ ▄▄▄▄▄ █▀ █▀ ▀▀▀██▀ █ █▄ ▄█▄▄▄▄ ▀▀██▀▀▀▄█▄▄ ▀▄▄ ██ ▄▄▄▄▄ █
█ █   █ █▀  █  ███▀ ██▄▄ ▀▀█▄█ ▄ ▄█ █▀█▀▀▄▄ ▀█ ▄ ██ █   █ █
█ █▄▄▄█ █▀▀▀▀ █▀▄█▄█▄ ▄█▀ █ ▄▄▄ ▄▀▀███▄▀ ▀▄▄ ▄▀▀▄██ █▄▄▄█ █
█▄▄▄▄▄▄▄█▄█▄▀▄▀ ▀▄▀ ▀ ▀ █ █ █▄█ ▀▄█ ▀▄█ █ █▄▀ ▀ ▀▄█▄▄▄▄▄▄▄█
█  ▄ ▄█▄▄  ▀▀█ ▀ ▄▀▄ █▀▀▄▀▄     ▀█▀█▀  █▀█   █▄▄▀ ▄█ ▀▄▀▄▀█
█  ▀██▀▄ ▄███ ▄ ▄ ▀ ▀▀▀ █ ▀█▄  █▀▀▄▀█▀█▄▀▀ █▀▀ ██▀▄▄▄ ▀▀ ██
█▀▀▄█▄▀▄█▄██  ▄▄▄█▀ ▄▄▀▄  ▀ ▀█▀██▀▀▄  ▀█▀█  █▀██▀▀▀▄█▀▀ ███
█▀█ █▄▄▄ █ ▄▄▀▀█ ▄█▀▀█▄▀▄ ▀█▀█▀ ██▀  ▀▄ ▄▄█▄██▄▄▄▄▀█ █ ▀ ██
█▄▀▀   ▄   ▄█▄▄█▄█▀▄ █▀█▀ █▀▀ ▀▀▄▀▀█▄ ██▀█▀  ▀▄▄ ▀███▀ ▀▀▄█
██ ▄▄ ▄▄██▀▀▀▄▀██▄ ▄▄▀▄▀█▀ ▄▀  █▀ ▀ █▄  ▀▄▄▄ ▀█▀▀ ▄▄▄▀▀▀▄▀█
█   ▀█▄▄ ▀▀█▄█▀█▄▀▄▄▄█▀█▀▄▀ ▀▀▀ ██▄█▄▄▀██▀▀  █▄█▄▀▀▄▄▀█ ▀▀█
██▄██  ▄█▄▀▀▀▄  ▄ ▄ ▄█  ▀█▀ █▀█▄█▄▄ █▀█ ███▀██▄▀▄▀█ ▄█▀▀▀██
██ ▄ ▀ ▄▄▀▀█▄▄ ▀▄█  █▄██  ▀▀▀▀█▀▄ ▄ ▄▄▀▄▀██▀▄█▄█▀ ▄█▀██ ▄▄█
██ ▀▀ ▄▄▄ ▄▄▄█ ▀█▄▄█ ▀▄█  ▀ ▄▄▄    █▄▀▀▄▀▀▄█▄█▄ ▀ ▄▄▄ █  ▀█
█▀▄█  █▄█ ▄▀▄▄  ▀▄▄▀ █▄█▀ ▀ █▄█ ▄███  ▀███▀▀ ▀█▄  █▄█ █▀▄ █
█▀ ▀▀▄ ▄▄▄▄█  █▀▀▄█ █▄▀█ ▀█▄▄▄▄▄█▄█▀▀▀▀█  ▄█▀▀ ▄ ▄    ▄▀ ▀█
██▄ ▄██▄▀▄▄▀█▄ █▀▄  ▄▄▄▀ ▀▄▀▄█▀  █▀█▄▄ ▄█▀▀▀ ▀▄▄▀▀▀ ▄█ ▀█▄█
██ ▀▄█▄▄▄  ▄▄ ▄ ▀█▀ █ ██▄ ▄▄██▀ ▀▀▄▄▀   ▄▀ █ █▄█ ▄ █▄▄   ██
██  █▀▄▄  ▄▄▀▄▄ ▀█▄▄▀▀▀█▄ █▄▀█▀ ▀███   ▄██▀ ▄▀█▄▀█ ███▀▄█ █
██▀█▀█▀▄▄▀▄  ▄█ ▀█▀▄▀  ▀▄ █ ▀█▄▄▀▄ ██ ▄██▀█▀▀▄▄▄▀▄▄▀ ▀▀▀▄▄█
█▄▄▄▄█▀▄█  ▄█▀▄█▀▄  ▄▄▀▀▀▀█▀█▄ ▄▀█▀█▄ ▀▄▄█▀ ▄█ ██▄▀█▄▄▄▄█▀█
█ ▀▄█▄▀▄█▀ ▀  ▀ ██▀ ▄ ▀ ▀ █▀ ▀  ████▀▀  ▄█▄█ ▀ ▄█▄ ▀▄█ ▀▀██
█ ▄██▄█▄ ▄ █▄ ▀ ██▀ ▄▄▀▄  ▄▄██ █ █▀█▄▄▀▄██▄ ▀██▄▀▄ ██▄█ █▀█
█ ▀ ▀▀▄▄▄ ▀█ ▄█▀ ▀█▀█▄▄███▄▄ ▀▀▄▀ █ ▄▄▀▄ ▄▄██ ▀ ▀ ▄▀▀▀█  ▀█
███████▄█ ▀ ▀▀ ▀▀▄  ▀█▄▀▀ ▄ ▄▄▄  ▀▄█▄ ▀▄▀█▄  █▄██ ▄▄▄ ▄█▀ █
█ ▄▄▄▄▄ █▄▄ ▄██ ▄█ ▀████▀ █ █▄█ ▀▀▀▄███ ▄ ▄▀▀ ▀██ █▄█ ▀▀▀▀█
█ █   █ █ █▀▀██ ▄▀▀▄▄██▀▀▄  ▄  ▄▄▀█▄  ▄█ █   ▀███  ▄▄ █ ███
█ █▄▄▄█ █  ▀   ▀▄ ▀▄▄█ ▄▀██  █▀█▄██▀▀▀ ▄▄ ▄▀ ▀  ▄  ▄▄▀  ███
█▄▄▄▄▄▄▄█▄▄█▄▄▄▄██▄▄█▄██▄▄▄██▄█▄▄▄▄▄▄▄█▄▄██▄███▄▄▄▄███▄█▄██

Scan this QR code:
Scan this QR code:
▄▄▄▄▄▄▄▄▄▄▄▄▄▄▄▄▄▄▄▄▄▄▄▄▄▄▄▄▄▄▄▄▄▄▄▄▄▄▄▄▄▄▄▄▄▄▄▄▄▄▄▄▄▄▄▄▄▄▄
█ ▄▄▄▄▄ █▀█▄▄ ▄ ██▄▀▄▀▄▄ ▄ ██▀ ▄▄ ▀█▀ ▄█▀▄ ▄▄█▄▄ ██ ▄▄▄▄▄ █
█ █   █ █▀▄ ▀ ▀█▄▄█▀█▄▄▄  ▀█▀▄▄  ██  ▀█▀█▄▀▄ ▄ ▄ ██ █   █ █
█ █▄▄▄█ █▀ ▀▄▀ ▄▄███▄ ▀▄▀ █ ▄▄▄ ▀▀▄▀█ ▄▀  ▀▄█ ▀▀▄██ █▄▄▄█ █
█▄▄▄▄▄▄▄█▄▀ ▀ █▄▀▄▀ ▀ █ █ █ █▄█ ▀▄█ ▀▄█▄█ ▀ ▀ █▄▀▄█▄▄▄▄▄▄▄█
█ ▄  ▄█▄  █▀▄▀ █▄▄█▄ █▀█ ▀▄▄▄▄  ▀█▀█▀  █▀█▄▀██▄▄▀ ▄█▄▀▄▀ ▀█
██▀▀▀▀█▄ ▄▀▄█ ▄ ▄▄▀ ▀▀▀ ▀▀████▀█▀▀ ██▄▀█ ▄ ▀▀   ▀▄▄▄▄▄▀▀▄▀█
█▀▄▄▄▀█▄  ▀▄ █▄▄█▄▀ ▀█▀▄  ▄▄██▀██▀█▄▀▄ █▀▀ ▀▀▀▀█   ██▀█ ▀▀█
█▄▄█▄▀ ▄█▄█  ▀██▄▄▀▄▀▄▄▀▄▄▀█▀▄█ █▀▀▀▄ ▄  █▄█ ▀▀▄ ▀▄▀█▀  ███
██ ▀██▀▄█▀▀▄  ▄▀█▄▄ ▀███▀ ▀█▀   ██▀█ ▄▀██▀█  █▄▄▀▀▀█▀█  ▀██
██ ▀█ █▄ ▀▀▀██▀█▀▀▀█▀▀ ███▄▄▀  ▀█▄▀▄ █▀▄▀ ▄▀█▀▄   ██  ▀▀▄██
█ ▀▄███▄ ▀▀▄▄▀▀█▄▀▄ ▄█▀█▀▄  █▀█▀ ▀ ▄▄▄ █▀█▀▀ █ █▄▀ █▀██▄▀ █
█▀▀ ▄▄ ▄▀▀▀█▄█▄▄▄ ▀█▄██▄▀█▀ ▄  ▀▄▄█ ▀  ▄█ ▀ ▄▄▀  ▀ █  ▀▀▀██
█▄▀█▀  ▄█▀▀▄██▀▄▄▄▄ █▄▀█▀ ██▀▀ ▀▄ ▄  ▄▀██▀ ▀ ██▄▀  █ ▀█▀▄ █
█▀▄▄  ▄▄▄ ▄█▄▀▀▀▀▀▄█ ▀▄██ ▀ ▄▄▄    █▄██▄▀  ▀  ▄▄▀ ▄▄▄ ▀  ██
██ ▄█ █▄█ ▄ ▀▄▀██▄▄▀▀█▄█▀▀█ █▄█ ▄▀█▄ ▄▀█▀█▄ ██▄▄▄ █▄█ █▀ ██
█ ▀▄▀ ▄▄  █▀ ▀█▄  ▄▄█▀▄▄▄▄ ▄    ▀▄▄▀█▄  ▀▀ ▀▀ ██▀▄ ▄ ▄ ▀▄██
█ ▄█▀▀ ▄▄█ ▀▄▄▀██▄  ▀███▀ ▄▄▄▄▀  █▀█   ▄██  █▀▄██ ▀█▄█▀█ ▀█
█ ██▀ █▄    ▀▄▄█▄▀▀ █▄▀ █▀▀▄▄█▀ █▀ ▄▄█▄▀ ▄▄███▄▄▀▀ █▀█▀▀▄▀█
█▄▄ ▀▀▄▄ ▀ ██▀ █▀█▀▄▀▀▀█▄ █▀▀██▄ █▄█ ▄███▀▀▀▄▀▀▄▀▀ ▀▀▄▄██ █
██▄▄   ▄▀▀ ▄▀▀ █▀█  ▀ ▀▄▄ ▄ ▀█▄ ▀█ ▄█ █▄  ▀▀███  █ █▀██▀▄▄█
█▄▀█▀█▀▄ ▄▄█ ▄▀ ▄▄▀▄▄▄██▄▀█▀▄▄▀▀▀█▀█   ▄▀█ ▀ ██▄█▄▄█▄▄ █▀██
███▄   ▄██▀█▀ ▄ ▄█▀  ▀▀ ▀▀▀▀▀▀ ▄▀██▀█ ▄ ▀▄▄ █ ▄█▀█▄▀▀▄▀ ▄▀█
█▀▀████▄▀ ▀ ▄ ▄██▄▀  ▄▀▄▀ ▄ ██   ██▄▄▄ █▀▀▄  ▀▀██▀ █▀▄▀ █ █
█ ▀ ▀▀▄▄▄██▄█▄▀▀▀██▀▄   █▀▀ ▀▀▄▄▄▀█ ███▀▄█ ▀▀ ▀▄██▄▀█▄█▀▄██
███████▄█▀█ ▀█ ▀▄▄▄ ▀█▀▀▀▀▀ ▄▄▄  ▀▄█▄▄▀▄▀▀▀ ██▄▄█ ▄▄▄  ▀▀██
█ ▄▄▄▄▄ █▄▄█▀ ▄▄█ █▄ ▀▀ ██▄ █▄█ ▄▀▀▄ █▀  █▄█▀▄█▄▀ █▄█   ▄▀█
█ █   █ █ ▀▄▄▀▀▀▄▀  ▄█ ▀▀▄▀    ▄▄▀██▄▄ ▄█▀█▀ ▀██▄▄ ▄ ▄█▀█▄█
█ █▄▄▄█ █  ▀▄ ▄▀▄ █▄▄█▀█▀█████▀██▄▄  ▄▀█ █▄▀█▀▄▄█ ▀▄▀█  ███
█▄▄▄▄▄▄▄█▄▄▄██▄█▄▄▄▄██████▄█▄██▄▄▄▄▄▄▄█▄██▄▄▄█▄███▄██▄██▄██

▄▄▄▄▄▄▄▄▄▄▄▄▄▄▄▄▄▄▄▄▄▄▄▄▄▄▄▄▄▄▄▄▄▄▄▄▄▄▄▄▄▄▄▄▄▄▄▄▄▄▄▄▄▄▄▄▄▄▄
█ ▄▄▄▄▄ █▀ █▀ ▀▀███  █▀▄▀▄▄█▄▄▄▄ ▀███▀ ████▄  ▄▄ ██ ▄▄▄▄▄ █
█ █   █ █▀  ▀▄ █▄▄▀ ▄█▄▄ ▀▀█▄█ ▄▀▄█ ▄▀█▀▀▄▄ ▀█ ▄ ██ █   █ █
█ █▄▄▄█ █▀▀▀ ▄█▀▄█▄█▄ ▄█▀ █ ▄▄▄ ▄█▀█ ▀▄▀█▀▄▄▄ ▀▀▄██ █▄▄▄█ █
█▄▄▄▄▄▄▄█▄█ █▄▀ ▀▄▀ ▀ ▀ █ █ █▄█ ▀▄█ ▀▄█ █ █▄▀ ▀ ▀▄█▄▄▄▄▄▄▄█
█  ▄ ▄▀▄▄  ▄█  ▀ ▄▀▄ █▀▀▄▀ ▄    ▀█▀█▀  █▀█   █▄▄▀▀ █ █▄▀▄▀█
█  ▀█▄▀▄█ ▄▀▀█▄ ▄ ▀ ▀▀▀ █  ▄ ▄ █▀▀▄██▀▀▄▀▀▄█▀▀ ██ █▄▀▀▀▀ ██
█▀▀▄█▄▀▄▄█▀█  ▄▄▄█▀ ▄▄▀▄   ▀▀█▀██▀██  █▄▀█▀ █▀█▄▄▀▀▄█▀█ ███
█▄▀▀▀▄▄▄▀▄ ▄▄▀▀█ ▄█▀▀█▀█▄ ▀█ ▄▀ ██ █ █▄▄  ▀██▀▄▄ ▀▀█ ▄▀  ██
██▄ ▀  ▄   ▄█▄▄█▄█▄▄▄▄▀██▀█▀▀   ▄▀▀█▄  █▀▀ ▀▀▀██ ▀███▀▀ ▀▄█
█ ▄▀ ▄ ▄██▀▀▀▄▀█▄▄ ▄█▀▄▀ █ ▄▀ ▀██▄▀ ▀█ ▀  █▄█▀█▀▀  ▄▄▀▀▀ ██
█▀  ▀█ ▄ ▀▀███▀█▄▀▄▄▄█▀█▀▄▀ ▀▀▀ ▄▀▄██ ▀█▀█▀ ▄█▄█▄▀ ▄▄▀█ ▀▀█
██▄██▄▀▄█▄    ▀ ▄ ▄ ▄█  ▀█▀ █▀█▄▄▄▄ █▀█ █▄█▀▄▄▄▀▄▀█ ▄▀▀▀▀██
██ ▄ ██▄▀▄▄▀▀▀▄█▄█  █▄██  ▀█▀▀█▀▄ ▄ ▄▄▀▄▀██▀▄█▄█ ▀ ▄ ██ ▄▄█
██ ▀▀ ▄▄▄ █▀▀ ▀██▄▄█ ▀▄█  █ ▄▄▄   ▄█▄▀█▄▀▀ ▀▄█▄ ▄ ▄▄▄ ▀  ▀█
█▀▄   █▄█ ▄▀▄▄ █▀▄▄▀ █▄█▀ ▀ █▄█ ▄█▄█   ▄██ ▀ ▀▀██ █▄█  ▀▄ █
█▄▀ █▄▄▄▄▄▄█  █▀▀▄ ▀█▄▀  ▀█▄▄▄▄▄█▄█▀▀██▄▄▄█▀█▀█▄  ▄ ▄ ▀  ▀█
█▄▄█ ██▄▀▄▄▀█▄ █▄█▄  ███▀▀▄▀▄▄▀  █▀█▄  ▄▀█▄  █▄██▄▀ ▄▄▀ █▄█
█▄██▄█▄▄▀  ▄▄ ▄ █▄▀ ▀▀███▄▄▄██▀ ██▄▄▀▄▀ ▀▀ ███▄▄ ▄ ██    ▀█
█▀█ █▀▄▄  ▄▄▀▄▄ ▀█▄▄▀▀▀█▄ █▄▀█▀ ▄████▄ ▄█▀▀  ██▄▀█ ███▀▄█ █
██▀█▀█▀▄▄▀▀█ ██▀▀█▀▄▀  ▀▄ █ ▀█▀▄▀█ █▄▀▄█▄▀█▀ █▄▄▀▄▄▀ ▀▀▀▄▄█
█▄▄▄▄▄▀▄█ ▀ ▄██▄▀▄  ▄▄▀▀▀▀█▀█▄ ▄▀█▀█▄ ▀▄▄█▀ ▄█ ██▄▄ ▄▄▄ █▀█
█ ▀▄█▄ ▄█▀▀▄▀▄▀▄██▀ ▄ ▀ ▀ █▀ ▀  ████▀▀  ▄█ ▀ ▀▄▄▀▀▀▀▄██▀▀██
█ ▄▄█▀█▄█▀ █▄ ████▀ ▄▄▀▄  ▄ ██ █ ███▄▄ ▄██▀▀▀██▄█▀▄ ▄█ ▀█▀█
█ ▀ ▀▀▄▄▄▄▀█ ▄█▀ ▀▄▀█▄▀████  ▀▀▄▀ █▀    ▄ ▄ █▄ ▀▄▄▄█ ▀▀▀ ▀█
███████▄▄▀▀ ▀▀ ▀▄▄▀▄▀▄▀█▀ ▄ ▄▄▄  ▀▄█▄▄▀█▀█ ▀▄▀█▄█ ▄▄▄ ▄▄█ █
█ ▄▄▄▄▄ █▄▄ ▄██ ▄█ ▀▄███▄▀█ █▄█ ▀▀▀▄▄▄█▀█▀▄▀█▄ ▄█ █▄█ ▀▀███
█ █   █ █ █▀▀▀█ ▄▀▀▄▄██▀▀▄  ▄  ▄▀▀█▄  ▄█▀▀  ▄███▄  ▄ ▄█ █▄█
█ █▄▄▄█ █ ▀█ ▀▀ ▄ ▀▄▄█ ▄▀██  █▀█▄██▀▀  ▄▄▀▄▀    ▄  ▄██  ███
█▄▄▄▄▄▄▄█▄▄▄█▄▄███▄▄█▄██▄▄▄████▄▄▄▄▄▄▄█▄▄██▄███▄▄▄▄███▄█▄██

Scan this QR code:
Scan this QR code:
▄▄▄▄▄▄▄▄▄▄▄▄▄▄▄▄▄▄▄▄▄▄▄▄▄▄▄▄▄▄▄▄▄▄▄▄▄▄▄▄▄▄▄▄▄▄▄▄▄▄▄▄▄▄▄▄▄▄▄
█ ▄▄▄▄▄ █▄▀▄ ▄▄██▀ █ █ ▄▄  ▀▀▀▄ ▄▄▀█▀█▄▀█▄  ██ ▄ ██ ▄▄▄▄▄ █
█ █   █ █ █▀▀▀ ██▄█ ▄███▀▀ █ █▄▀ ▄▄▀▀▀▄▀▄▄▀█▀▄▀▄ ██ █   █ █
█ █▄▄▄█ █▄▀▀▄ ▄█▀▀▄  ▀▄  █▀ ▄▄▄ ▀▄▀█▄▀  █▀ ▀  ▄▀▄██ █▄▄▄█ █
█▄▄▄▄▄▄▄█▄█ ▀ █ █▄█▄▀▄▀ ▀▄█ █▄█ ▀ ▀ █ █ ▀ █▄▀▄▀▄█ █▄▄▄▄▄▄▄█
█ ▄  ▀▀▄█▄██▀ ▀█████▀█ ▄  ▀▄▄▄   █ ▄▀▀▀█ ▄▄ ▄███▀  █▀▄▄ ▀ █
█ █ ▄██▄█▄▀▀▀▄ ▀▀  ██ ▄▄ ▄▄▄ █  █ ██▄▀▀ █ █▄█▀▀ ▀▀▀█▄█ ▄  █
██▄  ▀▀▄▀▄▄█▄▀▄ ▀▄█▄▀▀█▄▄▄█ ███▀█████ ▀▀█▀▄▄▀█ ▄ █ ▀█▀█▄▀██
█▄ █▄  ▄██▄▀  ▄████▄ ▄▀ ▄█ █ ▄██▄▀▄█ █▀ ▀ ▀█▀▀▀ ▄▀█▀█▀▀ ▄██
█▄▀ █▀ ▄▀ ▄ ▀█  ▀  ▀▄█▀█▀▄█▄▄▄▀▄▀▄▄▀▀█▄▄ █▀▄ ▄▀  ▄█▄▄▀▀▄█▄█
███ ▀▄▀▄ ██▀▀▀▀▀▀ █▀██▄█ █▄ █ ▄▄▀▄█▄▄▄ ▀ █▀▄▄█▀▀▄▄██▄ ██▄▀█
█▀█▄▄▄ ▄▀▀ ██▀ ██ ▄▀██ ▄▀█▀ ▄ █ ▄▀▀█▄▀▀█▄▄▀ ▀█▀▄▄ ▀█ ▄██ ▀█
█▄█▀▀ ▄▄█▄▀ ▄ ▄▄▀▄   ▄    █▀▀▄▀▄▀█ ▄ █▄█ ▄ █ █▄▄▀▄██▀  ▄█▄█
█ ▀▀█▀ ▄█ ██  █  ▄ ▄█ ███▄▀▀█▀▄█▄▄  ▄ ▀▀▀▀▄█ ▀▀▄█▄▀ ▀▀▀█▄▄█
█ █▄▀ ▄▄▄ ▄ ▀▀█▄  ▄▄▀▀█▄█▀▀ ▄▄▄ ▀ ▀▄▄▄ ▄ ▀▄▄▀ █▀  ▄▄▄ ▀▀▀██
█ ▄▀▄ █▄█ ██ ▀█▀  █▄█▄▀▀ ▄▀ █▄█   ▀▀▀▀█▄▄▀▀█▀▄    █▄█ █▄▄▄█
█ ▀▄▄  ▄▄ ▀▀▄██ ▄ ▀ ██▀▀   ▄▄ ▄▄▀ ▀ █ █▀▀▀▀▀▀ ▄▀▄    ▄▄█▄▀█
█▀▄▀█  ▄▀█▀ ▄█ ██▄▄▀ ▄▄▄▀▀█▄█▄▀▀▀█ ▄█▀▀█▄▄▀▀▀▀██▀▄ █▄▄▀▄▀▀█
█▀▄▄▄▄▄▄  █▄ ▀ ▄▀▀ █ ▀▄▄████▀▀ █▀▄█  ▀▀▀███▀▀  ▀ ▄▄▄▀  ▄▀ █
█ ▀▄█▀ ▄ █▄█▀▄ ▀███ ▀███ ▄██████ ▀ █ ▄█▀▀███ ▀█▄██ ██▄ ▀█▄█
█▄█▄▀▀ ▄ ▀▀▀▄▄▄▄ ▄ ▀   █▄▀█  ▄ █ ▄▀██ ▄▄▀ ▀ ██▄▀ ▄▀█ ▄█ █▄█
█▀█▄▄▄ ▄▄██ ▀▄█▄▀  ▀ █ ▀█▄▀ ▀  ▄█▄▄▀▀█▄█▄▀▀▄▄▄  ▄▀ █▀ █▄█▄█
█▀█ ▄▄▄▄█▀█▄▄▀▀▀ ██▄ ██ ██▀██▀▄ ▀▀▀█▀▄ ▄█▄▄ █▄ █▀  ▀█▄▄█▄██
█  ▀ ▄▄▄ █▀▀▄▀ █▄█▀▀▀▄ █▀▀▄█▄▄ ▀▀█▄▄▄█ █   ▀▀▀██▀▄▄▀█▄ █▄ █
█ ▀ ▀▀▄▄▄█  ▄▀█ ▄▀▄▄ ▀▀▀▄▄▄ ▄██▀   ▄  ▀▄▀██▄██▀   █ ▀▀▀▄ ▄█
███████▄▄▀▀ █▀ █ █  ▀ █▀▄▄▀ ▄▄▄  █ █▄ ▀  ██▄ ▀ ▄▀ ▄▄▄ ▄▄███
█ ▄▄▄▄▄ ███▄▀▀█▄▄ ██ █ ▀█ █ █▄█ █▀ ███▀▀█▀██▀█▄█▄ █▄█  ▀▀▀█
█ █   █ █▀▄ █ █ ▀█▀█ ▄██ ▀█ ▄▄  ▄▄ ▀▀▀▄█▀█▄▄▄▄ ▀█ ▄▄  ▄▄▀▄█
█ █▄▄▄█ █ ▀█▀▀ ▀  ▀ ▄▀███▀█▀▀██▀█   █▀▀▀██ █▄▄ ▄▀▄▀ ▀█▄▄█▀█
█▄▄▄▄▄▄▄█▄█▄▄▄▄▄██▄█▄█▄▄█▄██▄▄███▄██▄█▄▄▄▄▄████▄█▄██▄▄█▄███

▄▄▄▄▄▄▄▄▄▄▄▄▄▄▄▄▄▄▄▄▄▄▄▄▄▄▄▄▄▄▄▄▄▄▄▄▄▄▄▄▄▄▄▄▄▄▄▄▄▄▄▄▄▄▄▄▄▄▄
█ ▄▄▄▄▄ █▄▄██▄▀▄▀▀ █▀▀▄█ ▄▄▀ ▄   ██▀▄▄▄█ ▄  ██ ▄ ██ ▄▄▄▄▄ █
█ █   █ █ ▀▀██▀█▄▄▀▀████ ▀ ██▄ █▀█▄▀▀ ▄▀▄█▄▀█▄▀▄ ██ █   █ █
█ █▄▄▄█ █▄▄█▀▀▀ ▀▀█  ▀▀▀ █▀ ▄▄▄  ▄▄▀█▀  ███▀▄▄▄▀▄██ █▄▄▄█ █
█▄▄▄▄▄▄▄█▄▀▄▀ ▀▄█▄█▄▀▄█ ▀▄█ █▄█ ▀ ▀ █ █▄▀ ▀ ▀▄█ █ █▄▄▄▄▄▄▄█
█  ▄ █▀▄▀  ██▀▀▀▀█▀█▀█  ▄ █▄     █ ▄▀▀▀█ ▄ ▀▀███▀  █▀ ▄ █ █
██▄  ▀▀▄██ ▀█▀ ▀▀▄ ██ ▄▄▄█▄█▀▄▀ █ ▀▀▄▄██▄██▄█ █▀█▄▀█▄▄ ▄▄▄█
██▀█▀▄█▄▄▀▀ ▄▄▄  ██▄▄ █▄▄▄ ██▀█▀██ ▄▄▄▀▀██▄███▀▄▄█▀ ▀██▄█▀█
█▄▀ ▀█▄▄▀▄▀█▄  █▀██  █▄▀▄▀ █ ██▀▄█▄█  ▀▀█▀█▀▄█▀ █▄ █ ▄▀ ▀██
█▀█▄▀▄▀▄▄▀█ ▄▀ ▄  ██▄▄▄▀ █▀ ▄▄▀█  ▄ █▀▄▄███▄ ▄▄ ▀▄▀▄ █▀▄███
███    ▄█▀█▀█ ▀▀█ ▄ ▄█ ▀▀█  █ ▄▀▀ █ ▄  █ ▀ ▀▀█▀ █▄ ▄ ▀██ ██
█    █▄▄▀▀ ▄█▀ ██ ▄███ ▄▀█    ▀▀▀██▄▀█ █  ▀▀▄▀█▄▄ ▀██ █▀ ▀█
█  ▄  ▀▄█▀█ ▀▀▄ ▀▄██ ▄█▄  █▀ █▄▀ ▄▀▄▄▄▀▀ ▀▄▄▀▄▀██▄█ █▀ ▄█▄█
█▀  ▄▄█▄█▀█ ▀█   █▄▄█ ▀█▄▄███▀▀█▄▄    ▀ ██▀█▄▀ ███  ▀▀▀▄▄ █
█▄▀▀  ▄▄▄ ██ ▀█ ▄█▄▄▀▀█▄ ▀  ▄▄▄ ▀ ▀▄▄  ▄   ▄███▀▄ ▄▄▄ ▀▀▀▀█
█▄  ▀ █▄█ ▄▀█▀▄▀▄ █▄▄▄▀▀ ██ █▄█  ▄▀▀▀██▄ ▀▀▄▄ ▀▀▄ █▄█ ▄█ ▀█
████▀▄▄▄ ▄ █▄▄███▄█ █ █▄▄█▄▄ ▄  █ ▀▀█▀█▀ ▄▀█▀██ ▄  ▄▄▄▄█ ██
█   █▄█▄███ ██▀█▀█▀█ ██ ▀ █▀█▄▀▀▀█ ▄ ▀█▄  ▀ ▀██▄▀█  ▄▄ ▀  █
█  ▄ ▀█▄█▄█ ██ ▀██ █▀  ▀▀▀ █   ██ ▀ ▄▀▄▀ █▀▀▀▀ ▀ ▀▄▄▀▀▀█▄ █
█▀▄▄▀▀ ▄ ▄ ▄▀█▄▄██  ▀███ ▄█ ██▄ ▄█▀█▄▄  █▀█▄▄▀▀▄█▀ ▀▀██ █▄█
█▄ █ ▄▀▄█▀▄▄▀█▄▀ ▄▀█  ▀ ▄▀▄  ▄▀█ █▀▄▄▀██▄ █  ███▀██▀▀ ▀ █▄█
█▀ █▀▄▄▄▀▀▀█ ▄▄ ▄ ▀█ █▄█ ▄▀   ▀▀█▄▄▀████▀▀ █ ▄█▀▄▀▄█▀ ▀█▀ █
█▄▀ ▀▄ ▄██ ▄█▄▄▄▀██▄▄▄█ █▄▀█▄▀▄▄█▀▀███   █ █ █▄▄█  █ █▀▄▀▀█
█▀█▀  ▀▄▀ ▀█▄▀█▀▄▄▀▀█▄ █ ▀▄▀▄▄ ▄▀██▄▄█ ▄▄▄▀  █▄▄████▄▄▄▄▄▀█
█ ▀ ▀▀▄▄▀▀▄▀▀▀▀ ███▀▀██▀▄  ▄██ ▀█▀▀▄▀▀▄▄█▄█▄█▀█  ▀ ▄▄█▀█▄ █
███████▄▄ █ ██ ██▄  ▄ ███▄▄ ▄▄▄  █ █▄ ▀▀█▀▄▄██▀██ ▄▄▄  ▀█▄█
█ ▄▄▄▄▄ ███▀▄▄▄ ▄▄  ▀ ▄▄▄▄▄ █▄█  ▀ █▀█▄▀▄ █▀ ▀ ▄  █▄█ ▀  ▀█
█ █   █ █▀ █▀ ▀▀▀█ ▀ ▄ █ ▀▄  ▄  █   ██ ▄ ▀▀█▄  ▀▄▄▄▄▄ ▄█ ▄█
█ █▄▄▄█ █ ▄ ▄▀▀▀  █ ▄▀▄▄█▀█▄█▀█▀█ ▀▀▄▄  ▀▀ █ ▄▄  ▄  ██▄▄█▀█
█▄▄▄▄▄▄▄█▄▄▄▄▄█▄▄▄▄█▄▄▄▄▄███▄▄███▄██▄█▄▄█▄██▄█▄█▄███▄▄▄▄███

Scan this QR code:
Scan this QR code:
▄▄▄▄▄▄▄▄▄▄▄▄▄▄▄▄▄▄▄▄▄▄▄▄▄▄▄▄▄▄▄▄▄▄▄▄▄▄▄▄▄▄▄▄▄▄▄▄▄▄▄▄▄▄▄▄▄▄▄
█ ▄▄▄▄▄ █▄▀▄ ▄█▄▄█ ▄▄▀▀▄█▄ ▀▀▀▄ ▄▄█▀ █ ▀█▄▄  █ ▄ ██ ▄▄▄▄▄ █
█ █   █ █ █▀▀█ ██▄█ ▄███▀  █ █▄▀▄▄▄▀ ▀▄▀██▀█▀▄▀▄ ██ █   █ █
█ █▄▄▄█ █▄█▀▄█▄█▀▀▄  ▀▄  █▀ ▄▄▄ ▀ ▀██▀  ▀  ▀ ▀▄▀▄██ █▄▄▄█ █
█▄▄▄▄▄▄▄█▄▀ █ █ █▄█▄▀▄▀ ▀▄█ █▄█ ▀ ▀ █ █ ▀ █▄▀▄▀▄█ █▄▄▄▄▄▄▄█
█ ▄  ▀█▄▀ ▀▄█ ▀█████▀█ ▄  █▄▄▄   █ ▄▀▀▀█ ▄▄ ▄███ ▀ █▀ ▄ ▀ █
█ █ ▄▄█▄ ▀▄    ▀▀  ██ ▄▄ ▄▄█ █  █ ▀▀▄▀▀▄█ █ █▀█▄ ▀ ▄▀▄ ▄  █
██▄▀▄▀▀▄ ▄▀▄▄▀▄ ▀▄█▄▀▀█▄▄▄█▀ ██▀██ ▄█   █▀█▄▀█ █▄█ ▀▀▀█ ▀██
█▀▄██  ▄██▄▀  ▄███ █ ▄▀ ▄█ █▀▄▀█▄▀▄█ █▄▄█ ▀▀███▄▄▄█▀▄  ▀▄██
█▄ ▄▄▀ ▄▀ ▄ ▀█  ▄ ██ █▄█ ▄█▄▄▄▀▄▀▄▄ ▄██▄▀█▀█▄ ▀▀ ▄█▄▄▀ ▄▀ █
█▄ █ ▄▀▄ ██▀▀▀▀▀▄▄█▀ ▀▄█▀▀▄ █ ▄█▀ █▄█▀▀ ▄▀▀▄▄   ▄▄██▄ ██ ██
█▀▀▄▄▄█▄▀▀ █▀█ ██ ▄▀██ ▄▀█▀ ▄ █ ▀█▀█▀▀▀█ ▄▀ ██▀▄▄  █ ▄██ ▀█
█▄█▀▀ ▄▄█  ▄█▀█▀▀▄   ▄    █▀▀▄▀▄▀█ ▄▀█▄█▀▄ █ ▄▄▄▀▄██▀  ▄█▄█
█ ▀▀█ █▄▀▄▄█▄▀▀▀ ▄ ▄█ ███▄▀▀█▀▄█▄▄  ▄ ▀▀▀▀▄█ ▀▀▄██▀▀██▀█▄▄█
█ █▄▀ ▄▄▄ ▀█▄▀▀▀  ▄▄▀▀█▄█▀▀ ▄▄▄ ▀ █▄▄▄▄▄ ▀ ▄▀ ███ ▄▄▄ ▀▀▀██
█ ▄▄  █▄█  ▄ ▀▄   █▄█▄▀▀ ▄█ █▄█   ▀▀▀▀██▄▀ ▄▀▄█▀  █▄█ ▀▀▄▄█
██▀██ ▄▄  ▀▀▄██ ▄ ▀▀██▄▄  ▀ ▄ ▄▄▀ ▀ ▀▄▄█▀██ █▄▀ █▄▄ ▄ ██▄▀█
█▀  ▄  ▄█ ▀ ▄█ █▄▄▄█▀██   █▄ █▀▀▀█ ▄ ▀ ▄     █▄▄▀  █▄█▀█▀██
██▀ ▄▄▄▄ ██▄ ▀ ▄▄  ███▄▄█ ███▀ ██ █ ▀   ██▄ ▀▄▀▀ ▄▄▄█▄ ▄▄ █
███▄█▀ ▄ █▄█ ▄ ▀███ ▀███ ▄████▀▄██ █▄▄█▀█▀██ ▀█▄██ ██▄ ▀▄██
█▄█▄▀▀ ▄ ▀  █▀▀  ▄ ▀   █▄▀█  ▄▀█ █▀█▄▀▄▄▀ ▀ █▄▄▀ ▄▀█ ▄█ █▄█
█▀█▄▄▀█▄▄█▄ ▀█▀█▀  ▀ █ ▀█▄▀ ▀  ▄█▄▄▀▀█▄█▄▀▀▄▄▄  ▄▀▀█▀ █ █▄█
█▀█ ▄ ▄▄█▀ ▀▄█▄▀ ██▄ ██ █████▀▄ ▀▀█▀▀▄▄▄█▄  █▄▄███▄▀█▄██▄██
█   ▄▄ ▄█▀▄ ▄▀█ ▄█▀▀▀▄ █▀▀█▄▄▄ ▀▀███▄█ █    ▀▀▄▄▀ ▀█▄▄ ▀▄ █
█ ▀ ▀▀▄▄█▀  ▄▀█ ▄▀▄▀ ▀ █▄▄██▄██▀   █▄ █▄█▀ ▀██ ▄ ▄  ███▄ ▄█
███████▄█▀▀ █▀ ██▄ ▄ ▀ ▀██▀ ▄▄▄  █ █▄▄▀ ▀█▀▄ ██▄█ ▄▄▄ ▄█▀██
█ ▄▄▄▄▄ ███▄▀▀█▄▄ ███▄ ▀ ▀█ █▄█ ▀█ █ █  ██▄▄█▀▄█  █▄█  ▀▀▀█
█ █   █ █▀▄ █▄█ ▀█▀█ ▄██ ▀█        ▀██▄█ █▄▄   ▀▄ ▄▄▄ ▄▄ ██
█ █▄▄▄█ █ ██▀▀█   ▀ ▄▀███▀█▀█▀█▀█▀  ▄▀▀▀█▄ ███ ▄▀▄▀ █▀▄▄█▀█
█▄▄▄▄▄▄▄█▄▄█▄▄▄███▄█▄█▄▄█▄██▄▄███▄██▄█▄▄▄▄▄████▄█▄██▄▄█▄███

▄▄▄▄▄▄▄▄▄▄▄▄▄▄▄▄▄▄▄▄▄▄▄▄▄▄▄▄▄▄▄▄▄▄▄▄▄▄▄▄▄▄▄▄▄▄▄▄▄▄▄▄▄▄▄▄▄▄▄
█ ▄▄▄▄▄ █▄▄██▄ ▄█▀ ███▄▄ ▄▄▀ ▄   ██▀▀▀▄█ █ ▄▀█ ▄ ██ ▄▄▄▄▄ █
█ █   █ █ ▀▀▀█▀██▄▀▀▄▄██   ██▄ █▄▄▄▀▀ ▄▀██▄▀▀▄▀▄ ██ █   █ █
█ █▄▄▄█ █▄ ▀▀ ▀ ▀▀█  ▀▀▀ █▀ ▄▄▄ ▀█▄▀▀▀  ▄ █▀▄▄▄▀▄██ █▄▄▄█ █
█▄▄▄▄▄▄▄█▄█ ▀▄▀▄█▄█▄▀▄█ ▀▄█ █▄█ ▀ ▀ █ █▄▀ ▀ ▀▄█ █ █▄▄▄▄▄▄▄█
█  ▄ ██▄█ █▄▄ ▀▀▀█▀█▀█  ▄ ▀      █ ▄▀▀▀█ ▄ ▀▀███▀▀ ██▄▄ █ █
██▄  ▀ ▄  ▄ ██ ▀▀▄ ██ ▄▄▄██▄█ ▀ █ ▀▀▄▄██▄██ █ █▀▀▄ █▄  ▄▄▄█
██▀█ ▄█▄▀ ▄▀▄▄▄  ██▄▄ █▄▄▄ ▄▀▀█▀██▀▄▄▄▀▀███▄██ █ █▀ ▀▀█ █▀█
█▄█ ▀█▄▄ ▄▀█▄  █▀█▀█ █▀ ▄▀ █ ▄▀█▄█ ▄▄ ▀ █▀██▄███ ▀ █▀▄ ▀▀██
██▄▄▀▄▀▄▄▀█ ▄▀ ▄  █▀▄█▄▀ ▄▀ ▄▄▀▄  ▄ ███▄▄█ █▄   ▀▄▀▄ █▀▄▀▀█
█▀▄ ▀ ▄▄█▀█▀█ ▀▀▄ ▄ ▀▄ ▀██  █ █▀█ █ ▀  ▄ █ ▀ █▀ █▄ ▄ ▀██ ██
█ █   ▄▄▀▀ ▄▄█ ██ ▄███ ▄▀█    ▀▀▀▀█▄▄█ █▄▄▀▀ ▀█▄▄ ▀▄█ █▀▀ █
█  ▄ ▄█▄▀██▀▀▄█▀▀▄██ ▄█▄  █▀ █▄▀ █▀▄▄▄▀▀ ▀▄▄ ▄▀██▄▄██▀ ▄█▄█
█▀  ▄ ▄▄▀▄███▄▀█ █▄▄█ ▀█▄▄▀▀█▀▀█▄▄    ▀ ██▀█▄▀ █ █▀▀▀█▀▄▄ █
█▄▀▀  ▄▄▄ ██▄ █ ▄█▄▄▀▀█▄ ▀█ ▄▄▄ ▀ █▄▄ ▄▄  ▄ ██▀▀█ ▄▄▄ ▀▀▀▀█
█▄ ▀█ █▄█  ▄█▀  ▄ █▄▄▄▀▀ ██ █▄█  ▄█ ▀██▄ ▀▀█▄  ▀  █▄█ ▀█ ▀█
█ ▄█▄  ▄   █▄▄███▄█ █ ▀ ▄█▄  ▄  █   ██▄ ▄ ▀ ▀█ █  ▄▄▄ ▄█ ██
█ ▀██▄█▄███ ██▀█▄█▀█ ▄    █▀ █▀▀▀█ ▄▄█▀▄  ▀▀▄█▀▄██  █▄▀ ▄▄█
█▀▄▄▄▀█▄███ ██ ▀▀  █   ▀█▄ ██▀ █▀ ▀ ▄ ▄ ██▀ ▄    ▀▄▄  ▀█▄ █
█▀█▄▀▀ ▄ ▄ ▄▀▄▄▄██  ▀███ ▄█ ██ ▄ █▀█▄▄  ▀██▄██▀▄█▀ ▀▀██ ▄██
█▄ █ ▄▀▄█▀▀▀▀▀█▀ ▄▀█  ▀ ▄▀▄  ▄▄▀ █▀▄▄▀██▄ █  ▄██▀██▀▀ ▀ █▄█
█▀ █▀██▄▀▀ ▀▀▀█▄▄ ▀█ █▄█ ▄▀   ▀▀█▄▄▀████▀▀ █ ▄█▀▄▀█▄▀ ▀█▀ █
█▄▀ ▀█▄▄██ █ ▀▄▄▀██▄▄▄█ █▄▀█▄▀▄▄█▀█▀██   █ █ █▄ ▀▀▄█ █▀█▀▀█
█▀█ ▄█▄▄  ▀▄▄▀▄▀▄▄▀▀█▄ █ ▀█▀▄▄ ▄▀█▄█▄█ ▄▄▄▀  █▄▄▀ ▄▀██ ▄▄▀█
█ ▀ ▀▀▄▄▀▄▄▀▀▀▀ ██▀█▀█ ▀▄   ██ ▀█▀ ██▀██▀▄█ ▀▀▄▀▀▀ ▄▀█▀▄▄ █
███████▄█▀█ ██ █ ██   ▀▀ █▄ ▄▄▄  █ █▄ █ ▀█▀█▄█▀▄▀ ▄▄▄ ▀ ▀ █
█ ▄▄▄▄▄ ███▀▄▄▄      █▄▄██▄ █▄█  ▀ █ ██ ▄ ▄ ▀█ ▄▄ █▄█ ▀ ███
█ █   █ █▀ █  ▀▀▀█ ▀ ▄ █ ▀▄  ▄  █▄  █▀ ▄ ▀▀█▄▄ ▀▄▄▄▄ ▄▄█ ▄█
█ █▄▄▄█ █ ▄  █ ▀  █ ▄▀▄▄█▀█▄▄██▀█ ▀▀▄▄     █▀█▄  ▄  ▄▀▄▄█▀█
█▄▄▄▄▄▄▄█▄█████▄▄▄▄█▄▄▄▄▄███▄████▄██▄█▄▄█▄██▄█▄█▄███▄▄▄▄███

Scan this QR code:
Scan this QR code:
▄▄▄▄▄▄▄▄▄▄▄▄▄▄▄▄▄▄▄▄▄▄▄▄▄▄▄▄▄▄▄▄▄▄▄▄▄▄▄▄▄▄▄▄▄▄▄▄▄▄▄▄▄▄▄▄▄▄▄
█ ▄▄▄▄▄ █▀ █▀    ▀█▀▄█▀▄  ▄█▄▄▄▄ ▀██▀ ▄█ ▄▄▄▀▄▄▄ ██ ▄▄▄▄▄ █
█ █   █ █▀  █▄ ███▀ █▄▄▄  ▀█▄█ ▄ ██ ▀ █▀██▄  █ ▄ ██ █   █ █
█ █▄▄▄█ █▀█▀▄ █▀▄█▄█▄ ▄█▀ █ ▄▄▄  █▀█▄ ▄▀ █▄▄▄▄▀▀▄██ █▄▄▄█ █
█▄▄▄▄▄▄▄█▄▀▄█ ▀ ▀▄▀ ▀ ▀ █ █ █▄█ ▀▄█ ▀▄█ █ █▄▀ ▀ ▀▄█▄▄▄▄▄▄▄█
█  ▄  █▄▄ █▀▄█ ▀ ▄▀▄ █▀▀▄▀ ▄    ▀█▀█▀  █▀█   █▄▄▀  █▄▀▄▀▄▀█
█  ▀█▄▀▄  ▄ ▄▀▄ ▄ ▀ ▀▀▀ █ ▀█▄  █▀▀ ██▀▀▄▀▀▄▀▀▀▄█▄▄██▀█▀▀ ██
█▀▀ ▀▄▀▄▀▄▄▀  ▄▄▄█▀ ▄▄▀▄    ▄█▀██▀▄▄   ▄▀█▀ █▀▄▄▀▀▀▄▀█▀▄███
█ ▄▀▄▄▄▄ █ ▄▄▀▀█ ▄▄▄▀█▄▄▄ ▀█▀██▄██▄▄ ██   ▄█▀▀▄  ▀▀█▀█ ▀ ██
█▄ ▀   ▄   ▄█▄▄█▄█ ▄▀▄▀█  █▀▀ ▀ ▄▀▀█▀  ▄█▀█▀ ██▄ ▀███▀▀ █▄█
█▄▀▄▄▄▄▄██▀▀▀▄▀███ ▄▀▀▄▀▄▄ ▄▀  █▀ ▀ ▀█▀ ▄ ▄█ ██ ▀ ▄▄▄▀▀▀ ██
█▀▀ ▀█▀▄ ▀▀█▄▀▀█▄▀▄▄▄█▀█▀▄▀ ▀▀▀ ██▄█▀ ▀█▄█▀  ▀▄█▄▀ ▄▄▀█ ▀▀█
██▄██▄ ▄█ ▄▄ ▀▄▄▄ ▄ ▄█  ▀█▀ █▀█▄█▄▄ ▄▀█ ███▀██▄▀▄▀ ▄ █▀▀▀██
██ ▄ █▀▄  ▀▀█ ▄▄▄█  █▄██  ▀█▀▀█▀▄ ▄ ▄▄▀▄▀██▀▄█▄█▀ ▀██▀█ ▄▄█
██ ▀▀ ▄▄▄  ▀█▀▀ █▄▄█ ▀▄█  ▄ ▄▄▄   ▄█▄▀▀▄▀▀ ▀▄█▄▄█ ▄▄▄ ▀  ▀█
█▀▄▄▄ █▄█ ▄▄▄▄▀▀▀▄▄▀ █▄█▀ █ █▄█ ▄█▄▄   ███▀  ▀██▀ █▄█ ▀▄▄ █
█  ▀▄▄ ▄ ▄▄█  █▀▀▄█▀█▄█▄ ▀▄ ▄▄▄▄█▄▄▀█▀▀▄ ▄██▀▀   ▄  ▄  ▀ ▀█
█▄  ▀██▄ ▀▄▀█▄ █▄▄  ▀▄▀█  ▄▀█▄▀  █▀█▄  █▀▀   ███▀▄▀ ▀▄ ▀▀ █
█▀██ █▄▄ █ ▄▄ ▄ █ ▀  ▀███▀▄▄  ▀ █▀▄▄█▄ ▀▄ ▀▄████ ▄ █ ▀  ▀██
█▄▄ █▀▄▄  ▄▄█▀▄ ▀█▄▄▀▀▀█▄ █▄▀█▀▀▄▀██   ▄█▀▀  ▀█▄▀█ ███▀▄█ █
██▀█▀█▀▄▄▀█▄▀▀██▀█▀▄▀  ▀▄ █ ▀█ ▄ █ █▄ ▄█▄▀█▀▀█▄▄▀▄▄▀ ▀▀▀▄▄█
█▄▄▄▄▄▄▄█ █ ▀▀▀ ▀▄  ▄▄▀▀▀▀█▀█▄ ▄▀█▀█▄ ▀▄▄█▀ ▄█ ██▄▄█▄▄ ▄█▀█
█ ▀▄█ ▄▄█▀▀▄▄█ ███▀ ▄ ▀ ▀ █▀ ▀  ██▀█▀▀ ▄▄█ █ ▀ ▄▀▀▄▀▄█▀▀▀██
█ ▄ ▀▄ ▄▀██▀▄ ▀ ██▀ ▄▄▀▄  ████ █ ███▄▄ ███▄▀▀█ ▄█▄▀▄ ▄▀ █▀█
█ ▀ ▀▀▄▄ █▀█ ▄█▀ ▀▀▄█▄▄████  ▀▀▄▀ ▄▀ ▄█▄   ▀█▄█▄ ▄▄▀█▄ ▀ ▀█
███████▄▄▀▀ ▀▀ ▀▄█▄ ▀▄██  ▄ ▄▄▄  ▀▄█▄▄▀█▀▀▄▀ ▀▄██ ▄▄▄ ██▀ █
█ ▄▄▄▄▄ █▄▄ ▄██ ▀▄ ▀ ███▀ █ █▄█ ▀█▀▄██▄▀ ▀▄▀ █▀▄█ █▄█ ▀▀▄▀█
█ █   █ █ █▀▄ █ ▄▀▀▄▄██▀▀▄  ▄▄ ▄ ▀█▄▄▄▄█▀▀  ▄▀██▄  ▄▄▄█ ▄██
█ █▄▄▄█ █ ▀█▄▄▀█▄ ▀▄▄█ ▄▀██ ▀█▀█▄██▀▀  ▄▄▀▄▀▀▀  ▄  ▄▀█  ███
█▄▄▄▄▄▄▄█▄████▄▄██▄▄█▄██▄▄▄█▄██▄▄▄▄▄▄▄█▄▄██▄███▄▄▄▄███▄█▄██

▄▄▄▄▄▄▄▄▄▄▄▄▄▄▄▄▄▄▄▄▄▄▄▄▄▄▄▄▄▄▄▄▄▄▄▄▄▄▄▄▄▄▄▄▄▄▄▄▄▄▄▄▄▄▄▄▄▄▄
█ ▄▄▄▄▄ █▄▀▄ ▄█▄▀█ █▀▀ █▄▄ ▀▀▀▄ ▄▄█▀▄█ ▀ ██ ▄  ▄ ██ ▄▄▄▄▄ █
█ █   █ █ █▀██ █▄▄█ ▄███▀▀ █ █▄▀ █▄▀▄ ▄▀▄▄▀█▀█▀▄ ██ █   █ █
█ █▄▄▄█ █▄██▄█▄█▀▀▄  ▀▄  █▀ ▄▄▄ █▄▀█▀█     ▀  ▄▀▄██ █▄▄▄█ █
█▄▄▄▄▄▄▄█▄█ ▀▄█ █▄█▄▀▄▀ ▀▄█ █▄█ ▀ ▀ █ █ ▀ █▄▀▄▀▄█ █▄▄▄▄▄▄▄█
█ ▄  ██▄▀ █▄▀▄▀█████▀█ ▄  ▀▄▄▄   █ ▄▀▀▀█ ▄▄ ▄███▄ ▄█▀▄▄ ▀ █
█ █ ▄▄▄▄ █▄█   ▀▀  ██ ▄▄ ▄▄█▄█  █ █▀▄▀▀▄█ █ █▀▀ ▀  ██▀ ▄  █
██▄█▄▀▀▄█▄▄█▄▀▄ ▀▄█▄▀▀█▄▄▄▄▀▀██▀██ ██   █▀██▀█ ██▄ ▀█▀▀▄▀██
█▀ ██  ▄██▄▀  ▄████▀ ▄▄ ▄█ █▀██▀▄▀▀  ▀▀▄█ ▄▀▀▀▄▄ ▄█▀▄▀▀ ▄██
█▄▄ █▀ ▄▀ ▄ ▀█  ▄ ▀██▄▄▀ ██▄▄▄▀▄▀▄▄ ██▄█▄▀█▄  ▄▀ ▄█▄▄▀▀█▀▄█
█ ▄▀  ▀▄ ██▀▀▀▀▀▀██▀▄█▄█▀█▄ █ █▄█▄█▄██▀ ▀▀ █▄▄▀ ▄▄▀▀▄ ██▄██
█▄█▄▄ ▀▄▀▀ █ ▀ ██ ▄▀██ ▄▀█▀ ▄ █ ▀█▀█ █▀█ ▄▀ ██▀▄▄ ▀█ ▄██  █
█▄█▀▀█ ▄▀ ▄ ██▄▄▀▄   ▄    █▀▀▄▀▄ █ ▄▀█▄█ █ █ ▄▄▄▀▄▄▄▀▄ ▄█▄█
█ ▀▀█▀█▄ ███ █▄▀ ▄ ▄█ ███▄▀▀█▀▄█▄▄  ▄ ▀▀▀▀▄█ ▀▀▄██▀  █▀█▄▄█
█ █▄▀ ▄▄▄  ▀▀ █▀  ▄▄▀▀█▄█▀▄ ▄▄▄ ▀ █ ▄▄▄  ▀▄ ▀ ██▀ ▄▄▄ █▀▀██
█ ▄   █▄█ ██ ▀▄█  █▄█▄▀▀ ▄█ █▄█   ▀ ▀▀▄▄▄▀▀█▀▄  ▀ █▄█ █ ▄▄█
█▄  ▄▄▄▄ ▄▀▀▄██ ▄ ▄ ██▄   ▀ ▄ ▄▄▀ ▀ ▀▄▄▀▀▀▀ █▄██▀ ▄▄ ▄ ▄▄▀█
█▀█ ▄  ▄▄▀▀ ▄█ █▄█▄▀ ▄▄▄  █▄██▀▀▀█ ▄ █▀██▄ ▀████▀█ ██▄ ▄▀▀█
█▄▀▀▄▄▄▄███▄ ▀ ▄▄█ █▄▄▄▄▀ ██   █▀▄█  ▀▀ ███▀▄ ▀  ▄▄▄ ▄ ▄ ▄█
██▀▄█▀ ▄ █▄██  ▀███ ▀███ ▄████ ▄▄█ █  █▀▀███ ██▄██ ██▄ ▀▄██
█▄█▄▀▀ ▄ ▀▀ ▀▀▄▀ ▄ ▀   █▄▀█  ▄▀█ ▄▀██ ▄▄  ▀ ▄▄▄▀ ▄▀█ ▄█ █▄█
█▀█▄▄▀▀▄▄█   ▀██▀  ▀ █ ▀█▄▀ ▀  ▄█▄▄▀▀█▄█▄▀▀▄▄▄  ▄▀▄ ▀ █▄█▄█
█▀█ ▄█ ▄█▀▀▄▄▀██ ██▄ ██ ██▀██▀▄ ▀▀██▀▄▄▄█▄▄ █▄▄▀▀ ▄▀█▄█▄▄██
█   ▄▄█▄█ ▀▀▄▀██▄█▀▀▀▄ █▀▀██▄▄ ▀▀█▄▄▄█▀█  ▄ ▀▀█▄▀ ▄▄ ███▄ █
█ ▀ ▀▀▄▄ ▄  ▄▀█ ▄▀▀█ ▀▄▀▄▄▄▀▄██▀  ▀█ ▄▀ ▀█▀▄███▄▀▄ ▄█ ▀█ ▄█
███████▄█▀▀ █▀ █ ▄█ ▀ ▀▀█▄▀ ▄▄▄  █ █ ▄█ ████ ▀ ▄▀ ▄▄▄ ██▀▀█
█ ▄▄▄▄▄ ███▄▀▀█▄  ███▀ ▀█▄█ █▄█ ██ █ █▀ ▀████ █▄  █▄█  ▀▀▀█
█ █   █ █▀▄ ▄▄█ ▀█▀█ ▄██ ▀█  ▄  ▄▄ ▀██▄█▄█▄▄▄▄ ▀▄ ▄▄▄ ▄▄ ██
█ █▄▄▄█ █ ▀▀▀  ▀  ▀ ▄▀███▀█▀ ▀█▀█   ▄▀▀▀██ █▄█ ▄▀▄▀ ██▄▄█▀█
█▄▄▄▄▄▄▄█▄█▄██▄███▄█▄█▄▄█▄███▄███▄██▄█▄▄▄▄▄████▄█▄██▄██▄███

❌ Bot disconnected (408), reconnecting in 5s...
❌ Bot disconnected (408), reconnecting in 5s...
Scan this QR code:
▄▄▄▄▄▄▄▄▄▄▄▄▄▄▄▄▄▄▄▄▄▄▄▄▄▄▄▄▄▄▄▄▄▄▄▄▄▄▄▄▄▄▄▄▄▄▄▄▄▄▄▄▄▄▄▄▄▄▄
█ ▄▄▄▄▄ █  ▄▄ ▀██▀█▀▄ ▀█ ▄█  ▀ ▄▀█▄██ ▄▄██ ▄▄▀▀▄ ██ ▄▄▄▄▄ █
█ █   █ █ ▄█ █▀█▄▀ ▄▄▄▄▀▄▄▀█▀▀▀█ ████▄█▀▄▀▄▀▀█ ▄ ██ █   █ █
█ █▄▄▄█ █▀▀▀ ▄█▀▀███▀█▄▄▀   ▄▄▄ ▀▄▀▀▄█▀▄█ ▀▄█▀▄▀▄██ █▄▄▄█ █
█▄▄▄▄▄▄▄█▄▀▄▀▄█▄▀ █▄▀ █▄▀▄█ █▄█ ▀▄█▄█ █▄█▄█▄▀ █ █ █▄▄▄▄▄▄▄█
█  ██ ▄▄▀▀██▀▄█ ▀▄█▄█ ▄█ ▀▀  ▄  ▄ ▄█▀ █ ▄█▄▀  ▀▄ ▀█▀ ▀▄ ▄▄█
█ ▀▀▀█ ▄▀█▄▄▀▀▄ ▄▀▄█▀▀▀█▄▄▀██ ▄ ▀▀ ▄ ▀█▀ ▀▀▄▀  ▀ ███▀▀▄▄▄▀█
█▀▀ ▀▀█▄▄▀██ █▀▀ ▄▀ ▄ ▄▄   ▀▄█▀█ ▄▀█▀▄█▀▄▀ ▀▄▄▀▄▀ █  ██▄▄▄█
██▀ █▄█▄█▄███▄██▄▀▄ ▀▄▀▀▀▀▀█  ▄██▀█ █▀▄▄▄▄▀▀▄█▄▀▄▄▄▀█▄█▄███
██▄▄██▀▄ ▄▄▄  ▀▄ █▀▄▄▀▀▀▀ ▄ ▄ ▀▀  ▄█  ▄▀▄▀▄ ▀  ▄▀▀▄ ▄█▀▀ ▄█
█▄▀▄█▀ ▄ ▀▀▄  ▀█▀█▄  ▄  ▀▄▄▄▀█▄▄▀▄▀▀ ▀▀▄▀█▀▄▀ ██████ █▄▄▀██
█ ▄▀ ▀█▄█▄▄▄██▄ ▀▀▄ ▀ ▄█▀▄██ ▀█▀▀▄█▄▀ █ ▄▀▀▀▄ ██▄▀█▀▄██▄███
█▄▀ ▄▀▄▄▀▀▀▀ █ ▀▄█▄ ▄██▀▄ ▀ ▄██▄█▄██▄█ ▄▄▄▄█▄█▀██▄▀█ █▄▄▀██
█▄▄ ▄██▄▀▀▀▄ ▄▄█▀▄▄  ▀▄█▀ ▄ ▄▀ ▀▀█▀  ▄▄  ▀ ▀█  ▄  ▄ ▄██▀▀██
█▄▄▄  ▄▄▄  ▄  ▄▀▀▄▀  ▀▄  █▄ ▄▄▄     ▀ █ ▀█▀    █▀ ▄▄▄ ▄█ ██
███   █▄█ ▄▀▀▄▀▄ ▄▄▀▄ ▀█▀▀▄ █▄█ ▀▄▀█ ▄█ ▄█▀   ▀▄▄ █▄█ █ █ █
█▀▀█ ▄ ▄▄ █▄█▄█▄ █▄██▀▀ ▀▀   ▄▄▄▀▄▄█▄█▄▀▀▄  ▀ ▀▀█▄ ▄ ▄██▄██
█▄  █▀ ▄█ █▀▄▄▄ ▀▄▄ ▄  ▀▄▀▀▀ █▀ █ ▄█▄▄▀  ▀▄ █▄ ▄▀█▄  ▄ ▄▀ █
██ ▄██ ▄▀█ █▄▀▄█▄▀▄█▄ ▀█▄ ▀▄ ▄▄██▀ ▀█▀▄ ██▀ ▄▀█ ▄▄ ███▄▄ ▀█
█▄██▄▀▄▄█▄███▀█ ▄█▀▄▄▄▄█▄  ▄▄██▄▀▄▀█▄▄   ▀▀▀▀▄▄▄▀▀█▄▄▄▄█▀▄█
█ ▄▄ ██▄▀▀▄ ▀▀ █▀ ██▀ ▀▀▀█▄ ▀ ▀█▀█ ▀ ▄█▄▀█▄▄▄████  █▀  ▄▄▄█
█▄▄ ▄▄ ▄█▀█▄█ ▄▀▀▄▀▄▀▀ █▄▀ ▄▀▄▀▀▄ ▄█  █▀▄█ ▀█  ▄█▄ ▄▀▄▄█▄ █
█ █▄ ▀█▄██▀███▄ ▄ ▄█ ▀▀█▄▄█▀▀▄█▀▀█▀▄ █▄▄▀▀▀▀█  ▄  ▄█▀▀▄█▄▀█
█▀▄██ ▄▄ ▀ ▀▄ █▀ ▄▀ █▀▄▄▀  ▀ █  █ ▀▄▄▄ ▀▄▀  █▄▀▄▀ ▀  █▀  ██
█ ▀ ▀▀▄▄▄▀█▀ ▀▀▀▀   ▄ █▄ ▄ ▀▀▄▀▀▄▀▄▄▄ ▄▄ ▄█▄▀ █ █▄▄██  ▄▄██
███████▄▄   ▀██▄ ▄▄▄▄ ▀▀▀▀▄ ▄▄▄ █▄▀██▄▄  █▀ ▄  █▀ ▄▄▄  ▀▄ █
█ ▄▄▄▄▄ █▀▄ ▄█▄▄█▄ ▀█▀▀███▄ █▄█ ▄█▀▀██  ▀  ▀▄█▄▀█ █▄█ ██▄▀█
█ █   █ █▄▄▄▀ ▄▄▀▀  ▀ █▀▀▄▄▄   ▄▀  █▄▄█▀▄▀█▀▀  █▄▄▄ ▄▄█▀  █
█ █▄▄▄█ █▀▀▀█▄█▀▄█ ▀▄█▀ ▄ ██  ▄ ▄█▄██▀▀█  ▀▄▄▀▄▀ █▀▄▀ █████
█▄▄▄▄▄▄▄█▄██▄█▄██▄▄▄▄▄▄████▄▄██▄███▄▄▄▄█▄█▄▄█▄█████▄▄▄███▄█

Scan this QR code:
▄▄▄▄▄▄▄▄▄▄▄▄▄▄▄▄▄▄▄▄▄▄▄▄▄▄▄▄▄▄▄▄▄▄▄▄▄▄▄▄▄▄▄▄▄▄▄▄▄▄▄▄▄▄▄▄▄▄▄
█ ▄▄▄▄▄ █▀ █▀   ▀▀▄  █▀█  ▄█▄▄▄▄ ▀▄▀█▀ █▄▄▄ ▄█▄▄ ██ ▄▄▄▄▄ █
█ █   █ █▀  ▀▄ ███▀ █▄▄▄▀▀▀█▄█ ▄▀▄█   █▀▀▄▄ ▀▄ ▄ ██ █   █ █
█ █▄▄▄█ █▀███▀█▀▄█▄█▄ ▄█▀ █ ▄▄▄ █▀▀██ ▄▀▄ ▄▄▄ ▀▀▄██ █▄▄▄█ █
█▄▄▄▄▄▄▄█▄▀▄▀ ▀ ▀▄▀ ▀ ▀ █ █ █▄█ ▀▄█ ▀▄█ █ █▄▀ ▀ ▀▄█▄▄▄▄▄▄▄█
█  ▄  ▀▄▄▄▀██▄ ▀ ▄▀▄ █▀▀▄▀▄▄    ▀█▀█▀  █▀█   █▄▄▄▀▄█ █▄▀▄▀█
█  ▀██ ▄▀▀▀█▄█▄ ▄ ▀ ▀▀▀ █ ▀█▄  █▀▀▄██▀█ ▀▀▄█▀▀ ██▀▄▄ ▀▀▀ ██
█▀▀▄ ▄▀▄ ▀▄▀  ▄▄▄█▀ ▄▄▀▄  ▀ █▀▀██▀█▄   █▀█  █▀█▄▀▀▀▄█▀▀ ███
█▀ ▀█▄▄▄ ▄ ▄▄▀▀█ ▄█ ▀██▀▄ ▀█ ██▄██▀▄ ███ ▄ ▄██▀   ▀█▀▄▀▀ ██
█▄ ▄█  ▄   ▄█▄▄█▄▄▄  ▄█▀▄▀█▀▀ ▄ ▄▀ █▀  ███ ▀ ▀██ ▀███▀▀ █ █
██▄█▀▄ ▄██▀▀▀▄▀███ ▄▄▀▄▀▀  ▄▀ ▀█▀ ▀ ▀█ ▀ ▀█▄▄ █▀▀ ▄▄▄▀▀▀ ▀█
█▀  ▀ ▄▄ ▀▀█▀▀▀█▄▀▄▄▄█▀█▀▄▀ ▀▀▀ █▀▄█▀▄▀███▀ ▀▀▄█▄▀ █▄▀█ ▀▀█
██▄███ ▄▀▄██ █  ▄ ▄ ▄█  ▀█▀ █▀█▄█▄▄ ▄ █ ▄▄█▀██▄▀▄▀▀▄▄▀▀▀▀██
██ ▄ ▄█▄█▄ ▄ ▄ ▄▄█  █▄██  █▀▀▀█▀▄ ▄ ▄▄▀▄▀██▀▄█▄█▀▀▄████ ▄▄█
██ ▀▀ ▄▄▄  ▄█▄███▄▄█ ▀▄█    ▄▄▄    ▀▄▀█▄▀▀ ▀▄█  ▄ ▄▄▄ ▀  ▀█
█▀▄▄  █▄█ █ ▄▄█▀▀▄▄▀ █▄█▀ █ █▄█ ▄███   ▄██▄  ▀▄▄▄ █▄█   ▄ █
█ █▄▄▄▄▄ ▄▄█  █▀▀▄ ▄█▄   ▀▄ ▄▄▄▄█▄▄ ██▄█▄  ██▀ ▄     ▄▀▀ ▀█
██▀ ███▄▀ ▄▀█▄ █▀▄   █▀█▀ ▄▀██▀  █▀█  ▄▄▄█  ▀█▄▄▀▄▀ ▄█▀▀█▄█
█  ▄██▄▄▀▄ ▄▄ ▄  ▄▀ ▀███▄▀▄▄██▀ ▀▀▄▄█▄   ▀ █▀█▄▄▀▄ █▄▀  ▄▀█
██▄ █▀▄▄  ▄▄  ▄ ▀█▄▄▀▀▀█▄ █▄▀█ █▄▀██   ▄▀█▀  ██▄▀█ ███▀▄▄▀█
██▀█▀█▀▄▄▀█▀███▀▀█▀▄▀  ▀▄ █ ▀█  ▀█ ██▀▄█▄▀█▀ █▄▄▀▄▄▀ ▀▀▀▄▄█
█▄▄▄▄▄▄▄█ ██▀▄▀█▀▄  ▄▄▀▀▀▀█▀█▄ ▄▀█▀█▄ ▀▄▄█▀ ▄█ ██▄  ▄▄▄▄█▀█
█ ▀▄█▄ ▄█▀▄▄█ ▄███▀ ▄ ▀ ▀ █▀ ▀  ███▀▀▀ ▄▄█ ▀ ▀  ▀▄▀▀▄█▀▀▀██
█ ▄ ▀ █▄ █ ▀▄ ▀███▀ ▄▄▀▄  ▄▄██ █ █ ▄▄▄█▄██▀ ▀██▄▀█▄▀▀▄█ █▀█
█ ▀ ▀▀▄▄▄▀▀█ ▄█▀ ▀▀▀█▄▀███▄▀ ▀▀▄▀ █  ▄ ▄ ▄█▄▀▄█▄█▄ ▀██ ▀ ▀█
███████▄█ ▀ ▀▀ ▀▀▄ ▄ ▄▀▀▀▀▄ ▄▄▄  ▀▄█ ▄ █▀██ ▄█▄▄▀ ▄▄▄ ▄▄▀ █
█ ▄▄▄▄▄ █▄▄ ▄██ ▀▄ ▀▀▀██▀ █ █▄█ ██▀▄█▀█▀▄▄▄▀ ▀ ██ █▄█ ▀▀█▀█
█ █   █ █ █▀  █ ▄▀▀▄▄██▀▀▄  ▄  ▄ ██▄▄ ▄███  ▀███▄  ▄  █ █▄█
█ █▄▄▄█ █  ▄█▄█▀▄ ▀▄▄█ ▄▀██ █▀▀██▄█▀▀▀ ▄▄ ▄▀▀▀  ▄  ▄█▀  ███
█▄▄▄▄▄▄▄█▄▄█▄█▄▄██▄▄█▄██▄▄▄█▄██▄▄▄▄▄▄▄█▄▄██▄███▄▄▄▄██▄▄█▄██

Scan this QR code:
▄▄▄▄▄▄▄▄▄▄▄▄▄▄▄▄▄▄▄▄▄▄▄▄▄▄▄▄▄▄▄▄▄▄▄▄▄▄▄▄▄▄▄▄▄▄▄▄▄▄▄▄▄▄▄▄▄▄▄
█ ▄▄▄▄▄ █▀█▄▄ █▀▀██▀▄▀▄▄▄▄ ██▀ ▄▄ ▀██▄▄█▄█ ▄█▄▄▄ ██ ▄▄▄▄▄ █
█ █   █ █▀▄ ▀ ▀██▄█▀██▄▄▀▀▀█▀▄▄ ▀██   █▀▄▄▀▄▀█ ▄ ██ █   █ █
█ █▄▄▄█ █▀▄█▀  ▄▄███▄ ▀▄▀ █ ▄▄▄ ▄█▄▀▀▀▄▀██▀▄  ▀▀▄██ █▄▄▄█ █
█▄▄▄▄▄▄▄█▄█ ▀ █▄▀▄▀ ▀ █ █ █ █▄█ ▀▄█ ▀▄█▄█ ▀ ▀ █▄▀▄█▄▄▄▄▄▄▄█
█ ▄   ▀▄ ▄▄▄   █▄▄█▄ █▀█ ▀▄▄▄▄  ▀█▀█▀  █▀█▄▀██▄▄▀  █ ▀▄▀ ▀█
██▀▀▀▀█▄▀ ▄▀██▄ ▄▄▀ ▀▀▀ ▀▀█▄▀█▀█▀▀ ██▄██ ▄ ▀▀  ▄█ ▄█ █▀▀▄▀█
█▀▄▀ ▀█▄██▄  █▄▄█▄▀ ▀█▀▄  ▄▄▀█▀██▀▀▄▀▄ ▄▀▀  ▀▀█▄▀▀ ██▀▀ ▀▀█
█▄▄▄▄▀ ▄█▄█  ▀██▄▄ █▀▄ ▄▄▄▀█ ▄█ █▀█  ▄█▄▄▀▀▀▄██▄ ▀▄▀▄▀  ███
██ ▀▀█▀▄█▀▀▄  ▄▀▄▄▀▄ ▄▀▀  ▀█▀ ▀▀██▀█▀▄ ▄▄██  █▀█▀▀▀█▀█  ▀▀█
█ █▄ ▄█▄ ▀▀▀██▀█▄ ▀██▄ █ █▄▄▀   ▀ ▀▄█▄▀▄▄▀▄▀█▄█   ▀▀  ▀▀█▀█
█▀█▄█▀ ▄ ▀▀▄█ ▀█▄▀▄ ▄█▀█▀▄  █▀█▀▄▀ ▄▄▄ █▀▀▀▀ ▀ █▄▀██▀██▄  █
█▀▀ ▄ ▄▄▀▀  ▀▄█▀▄ ▀█▄██▄▀█▀ ▄  ▀▄▄█ ▀▀ ▄▄▀▀ ██▀  ▀▀▄ ▄▀▀▀██
█▄▀█▀█ ▄█ ▄ ▀▀▀ ▄▄▄ █▄▀█▀ ██▀▀ ▀▄ ▄  ▄▀██▀ ▀ ██▄ ▀ ██▀█▀▄ █
█▀▄▄  ▄▄▄  ▀▄ ▀█▀▀▄█ ▀▄██ █ ▄▄▄   ▄█▄█▀▄▀ ▄▀  ▄▄▄ ▄▄▄ ▀  ██
██ ▄█ █▄█ ▄█▀▄▄██▄▄▀▀█▄█▀▀▀ █▄█ ▄▀█▄ ▄▀▄▀█  ██▀█▄ █▄█    ██
█▄▀▄▀▄ ▄▄ █▀ ▀█▄  ▀▄█▀▄█▄▄▀▄    ▀▄▄ ▀ █▀▀█  ▀ ▀ ▄▄ ▄▄ ▄▀▄██
█▄█▄ ▀ ▄ ▀ ▀▄▄▀█▄▄ ▄ █▄▀▀▀▄▄██▀  █▀█▄ ▀▄▀▀▀▀▀█▀██▄▀██▄ █▄██
█ ▄▀█ █▄█▀  ▀▄▄██ ▀ ▀▀▀ ▀▀▀▄▀ ▀ ██ ▄▀▄█▀▄███▀▄█▄ ▀ █▄▄▀▀ ██
██▄ ▀▀▄▄ ▀ █▀▀ █▀█▀▄▀▀▀█▄ █▀▀██▀▄█▄█ ▄██▀▀▀▀▄▀▀▄▀▀ ▀▀▄▄██ █
██▄▄   ▄▀▀  ██▄▄▀█  ▀ ▀▄▄ ▄ ▀█ ▄▀▄ ▄█▀█▄▀▀▀▀███  █ █▀██▀▄▄█
█▄▀█▀▀▄▄ ▄▄ ▀  ▀▄▄▀▄▄▄██▄▀█▀▄▄▀▀▀█▀█   ▄▀█ ▀ ██▄█▄  ▄▄▄▀▀██
███▄ ▄▀▄██ ▀▀  █▄█▀  ▀▀ ▀▀█▀▀▀ ▄▀█▀██ ▄ ▀▄▄▄█  █▀▄▄▀▀▄▀ ▄▀█
█▀▀█▄  ▄ ▀  ▄ ▄██▄▀  ▄▀▄▀ █ ██   ██▄▄▄ ▄▀▀█▀ ▀▄▄▀ █▄▄▄█▀█ █
█ ▀ ▀▀▄▄▄██▄█▄▀▀▀█ ▄▄ ▀▀█▀  ▀▀▄▄▄▀▄ ▀█▀█▄▀▄▀▀ ▀▀▄▄▄█ █▀ ▄██
███████▄█▀█ ▀█ ▀▄█▄ ▀▄▄▀  ▀ ▄▄▄  ▀▄█▀ ▀███ ▀▀███▀ ▄▄▄  ▀▀▀█
█ ▄▄▄▄▄ █▄▄█▀ ▄▄▄▄█▄██▀ ▀▀▄ █▄█ ▄▀▀▄█ ▀ █████▀▄▄▄ █▄█    ██
█ █   █ █ ▀▄ █▀▀▄▀  ▄█ ▀▀▄▀    ▄ ▀██▄▄ ▄███▀▄▀███▄ ▄ ▄█▀███
█ █▄▄▄█ █ ▄▄ █▄█▄ █▄▄█▀█▀███▀█▀█▄▄▄ ▀█▀█ █▄▀█▀▄▄█ ▀▄▀▀  ███
█▄▄▄▄▄▄▄█▄▄██▄▄█▄▄▄▄██████▄█▄██▄▄▄▄▄▄▄█▄██▄▄▄█▄███▄█▄███▄██

Scan this QR code:
▄▄▄▄▄▄▄▄▄▄▄▄▄▄▄▄▄▄▄▄▄▄▄▄▄▄▄▄▄▄▄▄▄▄▄▄▄▄▄▄▄▄▄▄▄▄▄▄▄▄▄▄▄▄▄▄▄▄▄
█ ▄▄▄▄▄ █▀ █▀ ▀▀▀██ ▄▀ █ ▄▄█▄▄▄▄ ▀█▀ █▄███ ▄▄▀▄▄ ██ ▄▄▄▄▄ █
█ █   █ █▀  █  ███▀ ▄▄▄▄▀ ▀█▄█ ▄▄▄█ ▀ █▀▄▄▄ ▀▄ ▄ ██ █   █ █
█ █▄▄▄█ █▀▀█  █▀▄█▄█▄ ▄█▀ █ ▄▄▄ ▄█▀█▀█▄▀██▄▄▄▄▀▀▄██ █▄▄▄█ █
█▄▄▄▄▄▄▄█▄█ ▀▄▀ ▀▄▀ ▀ ▀ █ █ █▄█ ▀▄█ ▀▄█ █ █▄▀ ▀ ▀▄█▄▄▄▄▄▄▄█
█  ▄ ▄▀▄▄ ▀ █  ▀ ▄▀▄ █▀▀▄▀▄▄    ▀█▀█▀  █▀█   █▄▄   █▄█▄▀▄▀█
█  ▀█▄▀▄▀ ▄██ ▄ ▄ ▀ ▀▀▀ █ ▄█ ▄ █▀▀▄▀█▀█ ▀▀ ▀▀▀ ▀█▀██▀▀▀▀ ██
█▀▀▄ ▄▀▄ █▄   ▄▄▄█▀ ▄▄▀▄    █▀▀██▀▄█   █▀█▀ █▀██  ▀▄█▀▀▄███
█▄▄▄▄▄▄▄ ▄ ▄▄▀▀█ ▄ ▀▀██▄▄ ▀█ ▄█▄██▀█▄▀▀█▄ █ ▀▀▀▀ █▀█ █   ██
█   ▄  ▄   ▄█▄▄█▄██▄▀█▄▀▀ █▀▀ ▀ ▄▀▀▄   ██▀▀▀ ███ ▀███▀  █▄█
█ ▄ ▄ ▄▄██▀▀▀▄▀█▄█ ▄▀▀▄▀█▀ ▄▀ ▀▄▀ ▀ █▀▀▀ ▀▄█▀▀█▀▀ ▄▄▄▀▀▀ ██
█▀▄ ▀█ ▄ ▀▀█  ▀█▄▀▄▄▄█▀█▀▄▀ ▀▀▀ ██▄█ ▄▀██▀▀ █▀▄█▄▀ █▄▀█ ▀ █
██▄██ ▀▄▀▄   █▀▄▄ ▄ ▄█  ▀█▀ █▀█▄█▄▄ ▄▀█ █▄█▀▄█▄▀▄▀██ ▀▀▀▀██
██ ▄ ▀ ▄▀▀▄▄▄█ ▄▄█  █▄██  ▀█▀▀█▀▄ ▄ ▄▄▀▄▀██▀▄█▄█▀  ▄▀▀█ ▄▄█
██ ▀▀ ▄▄▄  ██ ▀▀█▄▄█ ▀▄█  ▀ ▄▄▄    ▀▄▀▀▄▀▀▄█▄█  ▀ ▄▄▄ ▀  ▀█
█▀▄██ █▄█ ▄█▄▄█ ▀▄▄▀ █▄█▀ ▀ █▄█ ▄█▄█   ▄██▀▀ ▀██▄ █▄█  ▀▄ █
██▄█▄  ▄  ▄█  █▀▀▄▀██▄▄▀ ▀█ ▄▄▄▄█▄█▀▀▀██▄▄▄ ▀█ █▀▄▄▄   ▀ ▀█
█ █ ▄██▄▄█▄▀█▄ ██▄  ▀█▀▀▀▀▄▀▄█▀  █▀█ ▄ ▄▀█▀▀▄█▄█▀▄▀ ▀▄▀ █▄█
██ █▄█▄▄ ▀ ▄▄ ▄  ▀▀ ▄▀██▄▄▄▄▀▀▀ █▀▄▄▄▄ ▀▀▀ ▄▀▀██▀▄ █▄▄  ▄▀█
█▀  █▀▄▄  ▄▄ █▄ ▀█▄▄▀▀▀█▄ █▄▀███ ▀██ ▄ ▄██▀ ▄██▄▀█ ███▀▄▄▀█
██▀█▀█▀▄▄▀▀▀█ ▀█▀█▀▄▀  ▀▄ █ ▀█▄ ▀█ ██ ▄█▄▀█▀ █▄▄▀▄▄▀ ▀▀▀▄▄█
█▄▄▄▄▀ ▄█  ██▀▄▀▀▄  ▄▄▀▀▀▀█▀█▄ ▄▀█▀█▄ ▀▄▄█▀ ▄█ ██▄▀▄▄▄  █▀█
█ ▀▄██▄▄█▀▄▀▄▀▄▀██▀ ▄ ▀ ▀ █▀ ▀  ████▀▀▄ ▄█▄█ ▀▄▄▀▀▄▀▄█▀ ▀██
█ ▄▄▀▄█▄▄ █▀▄ ▀███▀ ▄▄▀▄  ▄▄██ █ █ ▄▄▄ ▄██  ▀█▄██▀▄▀▄█▄▀█▀█
█ ▀ ▀▀▄▄▄▀▀█ ▄█▀ ▀▀ █▄▄▀██▄  ▀▀▄▀ ▄  ▄ █  █ ▀  ▀ █ ▀ ▀▄  ▀█
███████▄█ ▀ ▀▀ ▀▄█▄▄ █▀▀▀▀▄ ▄▄▄  ▀▄█▄  ▄█▀  ▀▀██▀ ▄▄▄ ▄██ █
█ ▄▄▄▄▄ █▄▄ ▄██ █▄ ▀▄███▀ █ █▄█ ▀▀▀▄▄ █▀  █  █▀▄  █▄█ ▀▀ ██
█ █   █ █ █▀▄██ ▄▀▀▄▄██▀▀▄   ▄ ▄▀▀█▄  ▄██▀   ▀███  ▄▄ █ ▄██
█ █▄▄▄█ █ █▀ ▄▀▀▄ ▀▄▄█ ▄▀██ ██▀██▄█▀▀▀ ▄█▀▄▀    ▄  ▄▀█  ███
█▄▄▄▄▄▄▄█▄█▄▄▄█▄██▄▄█▄██▄▄▄████▄▄▄▄▄▄▄█▄▄██▄███▄▄▄▄█▄▄▄█▄██

Scan this QR code:
▄▄▄▄▄▄▄▄▄▄▄▄▄▄▄▄▄▄▄▄▄▄▄▄▄▄▄▄▄▄▄▄▄▄▄▄▄▄▄▄▄▄▄▄▄▄▄▄▄▄▄▄▄▄▄▄▄▄▄
█ ▄▄▄▄▄ █▄▀▄ ▄█▄ █ █ ▀ ▄▄  ▀▀▀▄ ▄▄▀█▀▀ ▀█ ▀    ▄ ██ ▄▄▄▄▄ █
█ █   █ █ █▀▀▀ █▄▄█ ████▀  █ █▄▀ ▄▄▀▄ ▄▀▄▄▀█▀▄▀▄ ██ █   █ █
█ █▄▄▄█ █▄▀██▄▄█▀▀▄  ▀▄  █▀ ▄▄▄ ▄█▀█ █  ▄█ ▀▀▄▄▀▄██ █▄▄▄█ █
█▄▄▄▄▄▄▄█▄▀▄▀▄█ █▄█▄▀▄▀ ▀▄█ █▄█ ▀ ▀ █ █ ▀ █▄▀▄▀▄█ █▄▄▄▄▄▄▄█
█ ▄  █▀▄▀  ▄ ▄▀█████▀█ ▄  ▀▄▄▄   █ ▄▀▀▀█ ▄▄ ▄███▀  ██▄▄ ▀ █
█ █ ▄▄▄▄▄ █▄▀▄ ▀▀  ██ ▄▄ ▄▄█ ▀  █ ██▄▀█▄█ ▀▄█▀█ █▀▀▄▄█ ▄  █
██▄▀▄▀▀▄ ▄▄█▄▀▄ ▀▄█▄▀▀█▄▄▄▄ ▀██▀██▀██ ▀▀█▀█▄▀█▀▄██ ▀██▀▄▀██
██▀▄▀  ▄█▄▄▀  ▄███ █ ▄██▄█ █▀▄▀▀▄▀█▄▄▀█ ▀▄██▀▀ ▀▀ █▀▄ ▄▀▄██
█▄█▀▀▀ ▄▀ ▄ ▀█   ▀▄▀▄█▀█▄▄█▄▄▄ █▀▄▄▀█▀█▄▄█▀▄▄▄ ▀ ▄█▄▄▀▀▄█ █
█▄ ▄▀▄█▄ ██▀▀▀▀▀▀▄█▀ ▀▄██▄▄ █ █▄▀▄█▄█  ▀▀▀ █ █▀ ▄▄██▄ ██▀██
██▀▄▄  ▄▀▀ █ ▀ ██ ▄▀██ ▄▀█▀ ▄ █ ▀▀▀███▀█  ▀  ▀▀▄▄ ▀█ ▄██▀▀█
█▄█▀▀█ ▄▀ ▄█▀█▄ ▀▄   ▄    █▀▀▄▀▄ ▄ ▄ █▄█▀█ █▀▄▄▄▀▄█▀▀▄ ▄█▄█
█ ▀▀█▄█▄   █▄▀ █ ▄ ▄█ ███▄█▀█▀▄█▄▄  ▄ ▀▀▀▀▄█ ▀▀▄▄▄▀▀██▀█▄▄█
█ █▄▀ ▄▄▄ ███ ▀▄  ▄▄▀▀█▄█▀▄ ▄▄▄ ▀ ▀▄▄▄ ▄ ▀ ▄▀ ▀▀▀ ▄▄▄ ▀▀▀██
█ ▄ ▄ █▄█ ▄▀ ▀▀   █▄█▄▀▀ ▄█ █▄█     ▀▀ ▄▄▀ █▀▄▀▀  █▄█ █▀▄▄█
███ █▄ ▄ ▄▀▀▄██ ▄ ▄▀██ █    ▄ ▄▄▀  ▀▀▄▄▄███▄▀  ▄▄  ▄ ▄█▄▄▀█
█▀▄▀▄  ▄██▀ ▄█ ██▄▄▀ █ ▄  █▄██▀▀▀█ ▄▄█▄▄    █▀▄▄▀▄ █▄█▀▄█▀█
█▀ █▄▄▄▄▀▀█▄ ▀ ▄ ▄ █▄█▄▄▀███ ▀ █▀ █ ▀█ ▀█▄▄ ▄█▀▀ ▄▄▄ ▀ ▄ ▄█
█▀▄▄█▀ ▄ █▄██▄ ▀███ ▀███ ▄████▀  ▀ █▄ █▀█▀██ ██▄██ ██▄ ▀▄▄█
█▄█▄▀▀ ▄ ▀ ▀▀▀▀▄ ▄ ▀   █▄▀█  ▄▀█ ▄▀█▄▀▄▄ ▀▀ ██▄▀ ▄▀█ ▄█ █▄█
█▀█▄▄ █▄▄██  ▄▀ ▀  ▀ █ ▀█▄▀ ▀  ▄█▄▄▀▀█▄█▄▀▀▄▄▄  ▄▀▀ ▀ ▀▄█▄█
█▀█ ▄ █▄█▀█ █▄▄  ██▄ ██ ██▀██▀▄ ▀▀██▀▄▄ █▄▄▄█▄ ▀█▀▀██▄█▄▄██
█  ▄█▄▄▄█ █ ▄▀▄█▄█▀▀▀▄ █▀▀▄ ▄▄ ▀▀█ █▄█▀▄  ▀ ▀▀████▀█ █  ▄ █
█ ▀ ▀▀▄▄    ▄▀█ ▄▀▀▄ ▀ █▄▄▄ ▄██▀   ▄ ▄▄███▄█▀█▀▀  ▄    █ ▄█
███████▄█▀▀ █▀ █▄▄▄ ▄ ██▄█▀ ▄▄▄  █ █▄▄  ▀▀██ ▀▄▄█ ▄▄▄ █▄███
█ ▄▄▄▄▄ ███▄▀▀█▄█▄███▀ ▀▄▀█ █▄█ ▀▀ ██▀▀ ▀ ▄█  ▄█▀ █▄█  ▀▀▀█
█ █   █ █▀▄ █▄█ ▀█▀█ ▄██ ▀█  ▄  ▀▄ ▀██▄█▄▀▄▄▄  ▀▄ ▄▄ ▄▄▄ ██
█ █▄▄▄█ █ ▄█▄█▀   ▀ ▄▀███▀█▀ ▀█▀█▀  █ ▀▀██ █▄▄ ▄▀▄▀ ▀█▄▄█▀█
█▄▄▄▄▄▄▄█▄██▄██▄██▄█▄█▄▄█▄███▄███▄██▄█▄▄▄▄▄████▄█▄█████▄███

Scan this QR code:
▄▄▄▄▄▄▄▄▄▄▄▄▄▄▄▄▄▄▄▄▄▄▄▄▄▄▄▄▄▄▄▄▄▄▄▄▄▄▄▄▄▄▄▄▄▄▄▄▄▄▄▄▄▄▄▄▄▄▄
█ ▄▄▄▄▄ █▄▄██▄ ▄▀▀▀▄ ▀█▄▄ ▄▀ ▄   █▀▀▄▄ ▀█▀   ▀ ▄ ██ ▄▄▄▄▄ █
█ █   █ █ ▀▀█▀▀█▄▄▀▀▄███ ▀ ██▄ █ █▄▀▀▀▄▀ █▄▀ █▀▄ ██ █   █ █
█ █▄▄▄█ █▄▄▀▄▄▀ ▀▀█  ▀▀▀ █▀ ▄▄▄  ▄▄▀▀█  ▄ █▀██▄▀▄██ █▄▄▄█ █
█▄▄▄▄▄▄▄█▄█▄█ ▀▄█▄█▄▀▄█ ▀▄█ █▄█ ▀ ▀ █ █▄▀ ▀ ▀▄█ █ █▄▄▄▄▄▄▄█
█  ▄ ▀█▄█ █▄██▀▀▀█▀█▀█  ▄ █      █ ▄▀▀▀█ ▄ ▀▀███▀  █▀▄▄ █ █
██▄   ▀▄█ ▄ ▀  ▀▀▄ ██ ▄▄▄██▄█▄▀ █ ██▄▄▀█▄█▀▄█ ▀▀▄ ▀▄▄█ ▄▄▄█
██▀█▀▄█▄▄██ ▄▄▄  ██▄▄ █▄▄▄ ▄███▀██ ▄▄▄  ██▀▄██ █ █▀ ███▄█▀█
█▀ ▀▄█▄▄ ▄▀█▄  █▀█ █ █▀▄▄▀ █▀█▀▀▄█ █  ▄▀██   ▀█    █ ▄  ▀██
█▄▀█ ▄▀▄▄▀█ ▄▀ ▄▀ ▀▀█▄▄▀ ▄▀ ▄▄ █  ▄ ▀▀██ ███▀▄ ▀▀▄▀▄ █▀████
█  ▀   ▄█▀█▀█ ▀▀▀▀▄ ▄  ▀▀   █ █▀▀▄█    ▄ ▀ ▀█▄ ▀█▄ ▄ ▀██▄▀█
██▄  ▀▀▄▀▀ ▄██ ██ ▄███ ▄▀█    ▀▀▀▀█▄▄█ █▀▄▀▀▀██▄▄ █▄█ █▀  █
█  ▄ ▀ ▄▀▀██▄ ▀ ▀▄██ ▄█▄  █▀ █▄▀▀▄▀▄▄▄▀▀ ▀▄▄▀█▀██▄▄███ ▄█▄█
█▀  ▄ ▄▄▄     ▄  █▄▄█ ▀█▄▄▀▀█▀▀█▄▄    ▀ ██▀█▄▀ █▄█  ▀█▀▄▄ █
█▄▀▀  ▄▄▄   ██  ▄█▄▄▀▀█▄ ▀▀ ▄▄▄ ▀ █▄▄ ▄   ▄ ███▀▄ ▄▄▄ █▀▀▀█
█▄ ▀█ █▄█ ▀▀█▀█ ▄ █▄▄▄▀▀ ██ █▄█  ▄▀▀▀█▄█ ▀ ▄▄   █ █▄█ ▀▄ ▀█
█▀▄▀▄  ▄   █▄▄███▄▀▄█ █▄▄█▄▄ ▄  █ ▀▀▀▀█  ▄▄███▄ ▀  ▄▄ ▄▄ ██
█ ▀  ▄█▄▀▄█ ██▀██▄▄█▀▄ ▄▄ █▀▄▄▀▀▀█ ▄▄█▀█  ▀ █▀██▀▀  ▄▄ ▀ ▄█
██  ▄▀█▄▄▄█ ██ ▀▀  █▄▀ ▀█▄ █▄▄ ██ ▀ ▀▀█▀█▄▀▀▄ ▀  ▀▄▄▄█▀█ ▄█
██ ▄▀▀ ▄ ▄ ▄▄▀▄▄██  ▀███ ▄█ ██ █ █▀█▄▄  ▀██▄█▀▀▄█▀ ▀▀██ ▄██
█▄ █ ▄▀▄█▀▄ ███▀ ▄▀█  ▀ ▄▀▄  ▄▄█▀█▀▄▄▀███ █  ▄██▀██▀▀ ▀ █▄█
█▀ █▀▀▀▄▀▀▄▄▀█▄▀▄ ▀█ █▄█ ▄▀   ▀▀█▄▄▀████▀▀ █ ▄█▀▄▀█▄▀ ██▀ █
█▄▀ ▀▄ ▄██▄ █▀█▄▀██▄▄▄█ █▄██▄▀▄▄█▀▀███▄  █▄█ █  ▀ ▄█ ██▄▀▀█
█▀█▄███▄▄ ▄ ▄▀▀ ▄▄▀▀█▄ █ ▀▄█▄▄ ▄▀███▄█▀▄▄▄▀▀ █▄█▀▄▄▀ █▄ ▄▀█
█ ▀ ▀▀▄▄ ▀▄▀▀▀▀ ███▀▀█▀█▄  ███ ▀█▀▀██▀ █▀ ▄█▀▀▀ ▄▀█ ▀ ▀▄▄ █
███████▄▄ █ ██ ██▄ ▄█ ▀█ █▄ ▄▄▄  █ █▄ ▄ ▀█▄▄▄█▀▄█ ▄▄▄ ▀▀▀ █
█ ▄▄▄▄▄ ███▀▄▄▄ ▄   ▀▄▄▄  ▄ █▄█  ▀ █▀██ █ ▄  █ █▄ █▄█ ▀ █▀█
█ █   █ █▀ █▀ ▀▀▀█ ▀ ▄ █ ▀▄ ▄▄  ▄▄   █ ▄ ▀▀█▄▄ ▀█▄▄▄▄ ▄█ ▄█
█ █▄▄▄█ █ █▄▄ ▀▀  █ ▄▀▄▄█▀█▄█▀█▀█▀▀▀█▄  ▀  █ █▄  ▄  ▀█▄▄█▀█
█▄▄▄▄▄▄▄█▄██████▄▄▄█▄▄▄▄▄███▄████▄██▄█▄▄█▄██▄█▄█▄███▄▄▄▄███

Scan this QR code:
▄▄▄▄▄▄▄▄▄▄▄▄▄▄▄▄▄▄▄▄▄▄▄▄▄▄▄▄▄▄▄▄▄▄▄▄▄▄▄▄▄▄▄▄▄▄▄▄▄▄▄▄▄▄▄▄▄▄▄
█ ▄▄▄▄▄ █▄▀▄ ▄█▄██ ███ ▄   ▀▀▀▄ ▄▄▀█ ▀▄▀ ▄  ▄  ▄ ██ ▄▄▄▄▄ █
█ █   █ █ █▀▀█ █▄▄█ █▄██ ▀ █ █▄▀ ▄▄▀█ ▄▀ █▀█ ▄▀▄ ██ █   █ █
█ █▄▄▄█ █▄██▄█▄█▀▀▄  ▀▄  █▀ ▄▄▄ ▀ ▀█▄▀  ▄█ ▀▄▀▄▀▄██ █▄▄▄█ █
█▄▄▄▄▄▄▄█▄▀▄█ █ █▄█▄▀▄▀ ▀▄█ █▄█ ▀ ▀ █ █ ▀ █▄▀▄▀▄█ █▄▄▄▄▄▄▄█
█ ▄  █▀▄█▄▀▀▄▄▀█████▀█ ▄  █ ▄▄   █ ▄▀▀▀█ ▄▄ ▄███   █▀ ▄ ▀ █
█ █ ▄▄▄▄▀██▀██ ▀▀  ██ ▄▄ ▄█▄ ▀  █ ██▄▀▀▄█ ▀▄█▀▀ ██ ▄██ ▄  █
██▄▀█▀▀▄ ▀▀▀▄▀▄ ▀▄█▄▀▀█▄▄▄▄ ███▀██▀▄█ █ █▀▄█▀█ █ █ ▀███▄▀██
██ ▀   ▄█▄▄▀  ▄███▀▀ ▄▄▄▄█ █▀▄▀█▄▀ █▄██ █ █▄█▀▀▄ ▀█▀▄ █ ▄██
█    ▀ ▄▀ ▄ ▀█  ▀▀▄▀██▀█▀██▄▄▄▀▄▀▄▄▀█▀▄▄ █ █ ▄▀  ▄█▄▄▀▀▄█▄█
█▀█   ▀▄ ██▀▀▀▀▀█▀█▀██▄█▀█▄ █ ▄█▀▄█▄█▀▀▀▀▄▀▄▄  ▀▄▄▀█▄ ██ ▀█
█▀█▄▄██▄▀▀ █▄▄ ██ ▄▀██ ▄▀█▀ ▄ █ ▀▀▀██▀▀█  ▀ █▀▀▄▄ ██ ▄██  █
█▄█▀▀█▄▄▀▄█ █▀▄▀▀▄   ▄    █▀▀▄▀▄▀█ ▄ █▄█▀▄ █▀▄▄▄▀▄ ██  ▄█▄█
█ ▀▀█▀▄▄▄▄▄▄ ▀▄▄ ▄ ▄█ ███▄▀▀█▀▄█▄▄  ▄ ▀▀▀▀▄█ ▀▀▄█▄▄ ▀█▀█▄▄█
█ █▄▀ ▄▄▄ ▀▀  ▀▀  ▄▄▀▀█▄█▀  ▄▄▄ ▀ ▀▄▄▄ ▄ ▀▄▄▀ █▀  ▄▄▄ ▀▀▀██
█ ▄▄▄ █▄█ ▄  ▀    █▄█▄▀▀ ▄█ █▄█     ▀▀█▄▄▀ ▄▀▄▀ ▄ █▄█ ▄█▄▄█
█▄ ▀▄▄ ▄  ▀▀▄██ ▄ █▀██▀█  ▀ ▄ ▄▄▀ ▀▀▀▄█▄█▀  █  ▀▄  ▄▄ █▄▄▀█
█▄ ▄   ▄█▀▀ ▄█ ███ ▀▀█▄▄ ▀█▄▄▄▀▀▀█ ▄▄█ ▄▄▄ ▀██▄██▀ █▄█ ▄█▀█
█▄ ▄ ▄▄▄▀▄█▄ ▀ ▄█▀ █ ▄▄▄▄▄███▄ █▀ █  ▀▀ ▄▀▄  ▄▀ ▀▄▄▄▄▀ ▄ ▄█
█ ▄▄█▀ ▄ █▄█▄▄ ▀███ ▀███ ▄████▀ ▄█ █ ▄█▀▀███▄██▄██ ██▄ ▀▄██
█▄█▄▀▀ ▄ ▀▀▀▀█▀▀ ▄ ▀   █▄▀█  ▄██ ▄▀██ ▄▄  ▀ ▄█▄▀ ▄▀█ ▄█ █▄█
█▀█▄▄▀▄▄▄█  ██  ▀  ▀ █ ▀█▄▀ ▀  ▄█▄▄▀▀█▄█▄▀▀▄▄▄  ▄▀▀█▀ █ █▄█
█▀█ ▄▄ ▄█▀▀▀▄▄██ ██▄ ██ █████▀▄ ▀▀█▀▀▄▄▄█▄▄▄█▄▄▀█  ▀█▄ █▄██
█  ▀█▄▄▄█▄ █▄▀▀ ▄█▀▀▀▄ █▀▀█▀▄▄ ▀▀██▄▄█▄▄  ▀▀▀▀▄██▀ ▄ █▄▄▄ █
█ ▀ ▀▀▄▄ █  ▄▀█ ▄▀█▀ ▀▄█▄▄██▄██▀   ▄  ▄███ ▀▀▀▄▀▄ █   ▀█ ▄█
███████▄█▀▀ █▀ ██▄   ▀ ▀ █▀ ▄▄▄  █ █▀ ▀▀▀█▄█▄█▀▄█ ▄▄▄ ██▀██
█ ▄▄▄▄▄ ███▄▀▀█▄█▀███▄ ▀▀▀█ █▄█ ▀▀ █ █ ▀ ███▀█▄▄█ █▄█  ▀ ▀█
█ █   █ █▀▄ ▄▄█ ▀█▀█ ▄██ ▀█ ▄    ▄ ▀▄▀▄█ █▄▄   ▀▄ ▄▄  ▄▄▀██
█ █▄▄▄█ █ ▄▀   █  ▀ ▄▀███▀█▀▀▀█▀▄▀  █ ▀▀█▄ ██▄ ▄▀▄▀ ▀█▄▄█▀█
█▄▄▄▄▄▄▄█▄▄▄▄██▄██▄█▄█▄▄█▄██▄████▄██▄█▄▄▄▄▄████▄█▄██▄▄█▄███

Scan this QR code:
▄▄▄▄▄▄▄▄▄▄▄▄▄▄▄▄▄▄▄▄▄▄▄▄▄▄▄▄▄▄▄▄▄▄▄▄▄▄▄▄▄▄▄▄▄▄▄▄▄▄▄▄▄▄▄▄▄▄▄
█ ▄▄▄▄▄ █▀ █▀ ▀ ▄██▀▄▀ █ ▄▄█▄▄▄▄ ▀██ ▀▄███▀▄▀▀▄▄ ██ ▄▄▄▄▄ █
█ █   █ █▀  ▀  █▄▄▀ ▄█▄▄▀▀▀█▄█ ▄▀██ ▄▀█▀▄█▄ ▀▄ ▄ ██ █   █ █
█ █▄▄▄█ █▀▀█ ██▀▄█▄█▄ ▄█▀ █ ▄▄▄ ██▀█ ▀▄▀▄▄▄▄ ▄▀▀▄██ █▄▄▄█ █
█▄▄▄▄▄▄▄█▄█▄█▄▀ ▀▄▀ ▀ ▀ █ █ █▄█ ▀▄█ ▀▄█ █ █▄▀ ▀ ▀▄█▄▄▄▄▄▄▄█
█  ▄ ▄█▄▄▄▀█▄  ▀ ▄▀▄ █▀▀▄▀▄▄    ▀█▀█▀  █▀█   █▄▄▄▀▄█▄▀▄▀▄▀█
█  ▀██ ▄▄█ █ ▄▄ ▄ ▀ ▀▀▀ █  █▄  █▀▀ ██▀▀▄▀▀▄▀▀▀▄█  ▄▄▄▀▀▀ ██
█▀▀█▀▄▀▄  ▄█  ▄▄▄█▀ ▄▄▀▄  ▀▀▄▀▀██▀▄█  ▀▄▀█ ▀█▀▄█▄▀▀▄█▀█▄███
██▄▀ ▄▄▄▀█ ▄▄▀▀█ ▄▄█▀█▄▄▄ ▀█▀█▀ ██▀▀▄▀▀█▄ ▀ █▀▀▄ ▄▀█▀█▀  ██
█▀▀▀▀  ▄   ▄█▄▄█▀▄▄ ▄▄▀▀▀ █▀▀  ▀▄▀▀█▄ ▀▄█▀   █ ▄ ▀███▀  █▄█
█   █▄▄▄██▀▀▀▄▀███ ▄▀▄▄▀▄  ▄▀  █▀ ▀ ▄▀ ▀▀▀██▀▀█ ▀  ▄▄▀▀▀ ▀█
█▄▀ ▀  ▄ ▀▀██▄▀█▄▀▄▄▄█▀█▀▄▀ ▀▀▀ ▄▀▄█▄▄▀█▀█▀ ▀█▄█▄▀▀█▄▀█  ▀█
██▄██▄ ▄█▄▄ ▄  ▄▄ ▄ ▄█  ▀█▀ █▀█▄▄█▄ █ █ ███▀██▄▀▄▀▀█ ▀▀▀▀██
██ ▄  ▄▄▀▄▀█▀█ ▄▄█  █▄██  ██▀▀█▀▄ ▄ ▄▄▀▄▀██▀▄█▄█▄▀▀█▀▀█ ▄▄█
██ ▀▀ ▄▄▄ ▀▀▄ █▀█▄▄█ ▀▄█  ▀ ▄▄▄   ▄█▄▀█ ▀▀ ▀▄█▄▄  ▄▄▄ ▀  ▀█
█▀▄▀  █▄█  ▀▄▄▄▄▀▄▄▀ █▄█▀ ▀ █▄█ ▄█▄█  ▀▄██▀▀ ▀▄█▄ █▄█ ▄▀▄ █
█ ▄█▀▄ ▄▄▄▄█  █▀▀▄ ▄█▄   ▀▄▄▄▄▄▄█▄▄▀█▀▄█▄▄█ ▀▀▄▄█▄▄▄▄▄▀▀ ▀█
██▄▄███▄▄▀▄▀█▄ █▀▄▀▄ ▄▀▀  ▄▀▄▄▀  █▀█▄ ▀▄██   █ ███▀ ██  ▀ █
███▀▀█▄▄▀▀ ▄▄ ▄ ▄▄▀ ▄█████▄▄█ ▀ █▀▄▄▀█   ▀ █ ▀█▄▀▄ █▀   ▀▀█
██▀ █▀▄▄  ▄▄█▀▄ ▀█▄▄▀▀▀█▄ █▄▀█▀ ▄███▀  ▄▀▀▀ ▄▀█▄▀█ ███▀▄▄▀█
██▀█▀█▀▄▄▀█▀▄▄ ▀▀█▀▄▀  ▀▄ █ ▀█ ▄▀▄ ██▀▄█▄▀█▀ ▄▄▄▀▄▄▀ ▀▀▀▄▄█
█▄▄▄▄▄█▄█ ▀▄█▄▀▄▀▄  ▄▄▀▀▀▀█▀█▄ ▄▀█▀█▄ ▀▄▄█▀ ▄█ ██▄▄▄▄▄▄ █▀█
█ ▀▄█▄▄▄█▀█████▀██▀ ▄ ▀ ▀ ▀▀ ▀  ██▀▀▀▀▄▄▄█▄▀ ▀▄▄▀▄▄█▄█▀▀▀██
█ ▄   ▀▄▀▀▄█▄ ▀ ██▀ ▄▄▀▄  █▄██ █ █▄█▄▄▀███  ▀████▀▄ ▄▄█▄█▀█
█ ▀ ▀▀▄▄ ▄▀█ ▄█▀ ▀ ▄█▄█████▄ ▀▀▄▀ ▄▀  ▀▄▄ █▀▀ ▀█▀▄ ▀ ▄   ▀█
███████▄▄ ▀ ▀▀ ▀▄█   ███▀ ▄ ▄▄▄  ▀▄█  ▀███▀ ▄█▄█▀ ▄▄▄ ▄█▀▄█
█ ▄▄▄▄▄ █▄▄ ▄██  █ ▀█▄█████ █▄█ ▀▀▀▄█▄█▀█ █▀█▀▀█▄ █▄█ ▀▀ ▀█
█ █   █ █ █▀▄▀█ ▄▀▀▄▄██▀▀▄     ▄ ██▄  ▄█▄▀   ███▄  ▄  █ █▄█
█ █▄▄▄█ █ █▀█▄▄█▄ ▀▄▄█ ▄▀██ ██▀█▄██▀▀  ▄█▀▄▀▀▀  ▄  ▄██  ███
█▄▄▄▄▄▄▄█▄████▄███▄▄█▄██▄▄▄█▄██▄▄▄▄▄▄▄█▄▄██▄███▄▄▄▄█▄▄▄█▄██

Scan this QR code:
▄▄▄▄▄▄▄▄▄▄▄▄▄▄▄▄▄▄▄▄▄▄▄▄▄▄▄▄▄▄▄▄▄▄▄▄▄▄▄▄▄▄▄▄▄▄▄▄▄▄▄▄▄▄▄▄▄▄▄
█ ▄▄▄▄▄ █▀█▄▄ █ ▀██▀▄▀█▄█  ██▀ ▄▄ ▀██▄▄█▀  ▄ ▄▄▄ ██ ▄▄▄▄▄ █
█ █   █ █▀▄ █▄▀█▄██▀▄█▄▄▀▀▀█▀▄▄  ▄█ ▀ █▀▄█▀▄▀█ ▄ ██ █   █ █
█ █▄▄▄█ █▀ ██▀ ▄▄███▄ ▀▄▀ █ ▄▄▄ ▀█▄▀▄▄▄▀▀█▀▄ ▄▀▀▄██ █▄▄▄█ █
█▄▄▄▄▄▄▄█▄▀ █ █▄▀▄▀ ▀ █ █ █ █▄█ ▀▄█ ▀▄█▄█ ▀ ▀ █▄▀▄█▄▄▄▄▄▄▄█
█ ▄   ▀▄▄ █▄   █▄▄█▄ █▀█ ▀ ▄▄▄  ▀█▀█▀  █▀█▄▀██▄▄▀▀▄█▄▀▄▀ ▀█
██▀▀▀▀█▄ ▄██ ▀▄ ▄▄▀ ▀▀▀ ▀▀▀▄██▀█▀▀ ██▄▀█ ▄ █▀  ▄█▄▄▄ ▀▀▀▄▀█
█▀▄██▀█▄▀█ █ █▄▄█▄▀ ▀█▀▄  █▄█▀▀██▀▄▄▀▄▀▄▀▀▀▀▀▀██ ▀ █▀█▀ ▀▀█
██   ▀ ▄▄▄█  ▀██▄▄ ▄▀▄▀▀▄▄▀█ ▄▀ █▀▀▀  ▀  ▀█ ▄▀▄▄█ ▄▀█▀  ███
█ ▄▀▀█▀▄█▀▀▄  ▄▀█▄ ▄▀▄▀▀ ▀▀█▀  ▀██▀█ ▄▀█ █▀▀▄███▀▀▀█▀█ ▀███
█ ▀▄  ▀▄ ▀▀▀██▀█▄▄▀█▄▄ █  ▄▄▀   ▀ ▀▄ ▄▀▄█▀█ ▀██   ▀█  ▀▀ ██
█▀█▄███▄ ▀▀▄ ▄▀█▄▀▄ ▄█▀█▀▄  █▀█▀█▀ ▄ ▄ █ ▀▀▀ ▀ █▄▀▀▄▀██▄ ▀█
█▀▀ ▄█▄▄█▀ ▀█▀▄ ▄ ▀█▄██▄▀█▀ ▄  ▀███    ▄▄▀▀ ██▀  ▀▀█▄ ▀▀▀██
█▄▀█▀ ▄▄ ▀▄▄ █▀▄▄▄▄ █▄▀█▀ ▀▀▀▀ ▀▄ ▄  ▄▀██▀ ▀ ██▄▀  █▄▀█▀▄ █
█▀▄▄  ▄▄▄  ██▀▄▄▀▀▄█ ▀▄██ █ ▄▄▄    █▄██ ▀ ▄▀    ▄ ▄▄▄ ▀  ██
██ █  █▄█ ▀█▀▄▄██▄▄▀▀█▄█▀▀▀ █▄█ ▄▀▄█ ▄▄▄▀█ ▀██▄█▀ █▄█ ██ ██
█▀ ▀▄  ▄▄▄█▀ ▀█▄  █ █▀▀▄▄▄ ▄    ▀▄█▀▀▄ ▄█▀██▀      ▄ ▄▀ ▄██
█▄█▄▀▀ ▄▀▄ ▀▄▄▀█▀▄▄▄▀▄▄▀▀▀▄▄ ▄▀  █▀█▀▄ ▄ ▀▄  ████▄▀█▄▄▀█ ▀█
█▀█▀▄ █▄▄▄  ▀▄▄█▄▄▀  █▀ █▄▀▄██▀ ▀█ ▄▀▄▄ ▄█▄██▀▄▄▀▀ █ ▀▀▀▄▀█
█▄▀ ▀▀▄▄ ▀ █▄▄ █▀█▀▄▀▀▀█▄ █▀▀█   ▀▄█ ▄███▀▀▀ █▀▄▀▀ ▀▀▄▄██▀█
██▄▄   ▄▀▀  ███▄▀█  ▀ ▀▄▄ ▄ ▀█ ▄ ▄ ▄▄ █▄  ▀▀███  █ █▀██▀▄▄█
█▄▀█▀ █▄ ▄ █ █▄▄▄▄▀▄▄▄██▄▀█▀▄▄▀▀▀█▀█   ▄▀█ ▀ ██▄█▄▀▄▄▄▄▀▀██
███▄ ▄ ▄██▀█▀▄▀▀▄█▀  ▀▀ ▀▀█▀▀▀ ▄▀█▀██ ▄ ▀▄  █ ▄▀█▄▄▀▀▄ ▀▄▀█
█▀▀ ▀██▄  █▀▄ ███▄▀  ▄▀▄▀ ▄ ██   █ █▄▄ █▀▀▄▀ ▀██▀▀█▄▄████ █
█ ▀ ▀▀▄▄ ▀█▄█▄▀▀▀█▄█▄ ▄▀█▀  ▀▀▄▄▄▀█ ▀█▄▄ █▀▀▀ ▄▀▀█ ▀▀   ▄██
███████▄█▀█ ▀█ ▀▀▄█▄▄▄▀█▄▀▀ ▄▄▄  ▀▄█▄ ▄███▀  ▀█▄▀ ▄▄▄ ▀ ▀▀█
█ ▄▄▄▄▄ █▄▄█▀ ▄▄█ █▄▀▀▀ ▄▀▄ █▄█ ▄▀▀▄▄     ▄█▄▀▄█▀ █▄█   ▀██
█ █   █ █ ▀▄  ▀▀▄▀  ▄█ ▀▀▄▀ ▄▄ ▄ ███ ▄ ▄▄▀█▀ ▀███▄ ▄▄ █▀█▄█
█ █▄▄▄█ █  ██ ▀ ▄ █▄▄█▀█▀████▀▀██▄▄ ▀▄▀█▀▄▄▀▄ ▄▄█ ▀▄█▀  ███
█▄▄▄▄▄▄▄█▄▄█▄█▄▄▄▄▄▄██████▄████▄▄▄▄▄▄▄█▄██▄▄▄█▄███▄█▄███▄██

Scan this QR code:
▄▄▄▄▄▄▄▄▄▄▄▄▄▄▄▄▄▄▄▄▄▄▄▄▄▄▄▄▄▄▄▄▄▄▄▄▄▄▄▄▄▄▄▄▄▄▄▄▄▄▄▄▄▄▄▄▄▄▄
█ ▄▄▄▄▄ █▄▄██▄ ██▀ ▄▄▀▄█  ▄▀ ▄   █▀▀▄ ▄███▀ ▄█ ▄ ██ ▄▄▄▄▄ █
█ █   █ █ ▀▀█▀▀█▄█▀▀▄▄██▀  ██▄ █▀█▄▀▀▀▄▀ █▄▀ █▀▄ ██ █   █ █
█ █▄▄▄█ █▄ ▀█▄▀ ▀▀█  ▀▀▀ █▀ ▄▄▄ ▀ ▄▀██  ▄▀█▀▄█▄▀▄██ █▄▄▄█ █
█▄▄▄▄▄▄▄█▄▀ ▀▄▀▄█▄█▄▀▄█ ▀▄█ █▄█ ▀ ▀ █ █▄▀ ▀ ▀▄█ █ █▄▄▄▄▄▄▄█
█  ▄ ██▄█▄█ ▀ ▀▀▀█▀█▀█  ▄ █      █ ▄▀▀▀█ ▄ ▀▀███ ▀ █▀▄▄ █ █
██▄    ▄▄▄ ▀ █ ▀▀▄ ██ ▄▄▄█▄▄▀ ▀ █ ██▄▄██▄█▀▄█ ▀▀▄█ ▄█  ▄▄▄█
██▀ ▄▄█▄▀▀█ ▄▄▄  ██▄▄ █▄▄▄▀██▀█▀██ ▄▄▄  ██████ ▄██▀ ▀█▀▄█▀█
█▀ █▀█▄▄▀█▀█▄  █▀██▄ █ █▄▀ █ ▄█▀▄█ █▄▄ ▀██ ▄ █ █ ▀ █ ▄▄▀▀██
█▄▄ ▀▄▀▄▄▀█ ▄▀ ▄▀  ▀▄█▄▀▀▄▀ ▄▄▀█  ▄ █▀▄█▄█▀▄ ▄▀▀▀▄▀▄ █▀▄▀▀█
█▄▄█ ▄▄▄█▀█▀█ ▀▀▄▄▄ █▄ ▀▄▀  █ ▄ ▀▄█ ▄█▀▄▄▀▀ █▄  █▄▄  ▀██▄▀█
█▀    █▄▀▀ ▄ █ ██ ▄███ ▄▀█    ▀▀███▄▄█ █▄▄▀▀█▀█▄▄ ▄▄█ █▀ ▀█
█  ▄ █▀▄▀▀▄▄██▀▄▀▄██ ▄█▄  █▀ █▄▀▀█▀▄▄█▀▀  ▄▄ ▄▀██▄▄██▀ ▄█▄█
█▀  ▄▀█▄█▀█▀ ▄█▄ █▄▄█ ▀█▄▄▀▀█▀▀█▄▄    ▀ ██▀█▄▀ █ █ ▀▀█▀▄▄ █
█▄▀▀  ▄▄▄ ▀▄█▀▄▀▄█▄▄▀▀█▄ ▀  ▄▄▄ ▀ ▀ ▄ ▄   ▄▄█████ ▄▄▄ ▀▀▀▀█
█▄ ▀█ █▄█ ▄▀█▀█▀▄ █▄▄▄▀▀ ██ █▄█  ▄▀▀▀█▀▄ ▀▀█▄ ▄   █▄█ █  ▀█
█▀ ▄ ▄ ▄   █▄▄███▄█▄█ ██▄█▄▄ ▄  █  ▀▀▀▄  ▄ ▀█▀▀▄▀ ▄▄▄ █▄ ██
█  ▀▀▄█▄▄██ ██▀███ ▀▀▄█ ▀▀█▀██▀▀▀█ ▄▄▀▀▄▄▄  ██▄██   ██▀▀ ▄█
█▀ █▄▀█▄ ▄█ ██ ▀ ▀ ██  ▀█▀ █   ██▄▀ ▄ █▀█▄ ▀▀ ▀▀▀▀▄▄  ▀█  █
█ ▄▄▀▀ ▄ ▄ ▄▄▀▄▄██  ▀███ ▄█ ██▄▄ █▀█▄▄  █▀█▄ █▀▄█▀ ▀▀██ ▄▄█
█▄ █ ▄▀▄█▀ ▄█ ██ ▄▀█  ▀ ▄▀▄  ▄▀█▀▄▀▄▄▀██▄ █  ▄██▀██▀▀ ▀ █▄█
█▀ █▀█▀▄▀▀ ▄▄ █▀▄ ▀█ █▄█ ▄▀   ▀▀█▄▄▀████▀▀ █ ▄█▀▄▀▄ ▀ ██▀ █
█▄▀ ▀ ▀▄█████   ▀██▄▄▄█ █▄▀█▄▀▄▄█▀█▀██▄  █▄█ █▄▄█ ▀█ ██▄▀▀█
█▀█▀▄▄ ▄▀▀▀▄▄▀█ ▄▄▀▀█▄ █ ▀██▄▄ ▄▀█▀█▄█▀▄▄▄▀▀ ██▄█▀▀███▀█▄▀█
█ ▀ ▀▀▄▄█▀▄▀▀▀▀ ██▀▀▀█ ▀▄ ▀███ ▀█▀ ▄█▀█▀▀▄▄▀█▀▀▄▀▄▄▄   █▄ █
███████▄▄▀█ ██ █ ▄  ▀▀▀▀▄█▄ ▄▄▄  █ █▄▄ ▀▀███ █ █▀ ▄▄▄ ▀ █ █
█ ▄▄▄▄▄ ███▀▄▄▄  █  ██▄▄██▄ █▄█ ▄▀ █▀▀█ ▄ ▄ █▀ █▀ █▄█ ▀ ▀▀█
█ █   █ █▀ █ ▄▀▀▀█ ▀ ▄ █ ▀▄  ▄  ▀▄  ▀▀ ▄▄█▀█▄▄ ▀▄▄▄▄  ▄█ ▄█
█ █▄▄▄█ █ █▄ ▄██  █ ▄▀▄▄█▀█▄▄▀█▀▄▀▀▀█▄   ▀ █▀█▄  ▄  ██▄▄█▀█
█▄▄▄▄▄▄▄█▄▄███▄█▄▄▄█▄▄▄▄▄███▄▄███▄██▄█▄▄█▄██▄█▄█▄█████▄▄███

Scan this QR code:
▄▄▄▄▄▄▄▄▄▄▄▄▄▄▄▄▄▄▄▄▄▄▄▄▄▄▄▄▄▄▄▄▄▄▄▄▄▄▄▄▄▄▄▄▄▄▄▄▄▄▄▄▄▄▄▄▄▄▄
█ ▄▄▄▄▄ █  ▄▄  █ ▀█▀█▄▀█▄▄█  ▀ ▄▀█ █▄▀█ ▀▄▀▄█▀▀▄ ██ ▄▄▄▄▄ █
█ █   █ █ ▄█▄█▀█▄▀ ▄▄█▄▀▄▄▀█▀▀▀█▄▄██▄▄█▀█▀▄▀ █ ▄ ██ █   █ █
█ █▄▄▄█ █▀██▀██▀▀███▀█▄▄▀   ▄▄▄ ▀▀▀▀█▄▀▄▀▄▀▄▀█▄▀▄██ █▄▄▄█ █
█▄▄▄▄▄▄▄█▄▀ ▀▄█▄▀ █▄▀ █▄▀▄█ █▄█ ▀▄█▄█ █▄█▄█▄▀ █ █ █▄▄▄▄▄▄▄█
█  ██  ▄▀▀█  ▄█ ▀▄█▄█ ▄█ ▀▀▄ ▄  ▄ ▄█▀ █ ▄█▄▀  ▀▄  █▀▄▀▄ ▄▄█
█ ▀▀▀█▀▄   ▀ █▄ ▄▀▄█▀▀▀█▄▄ ▄▀▄▄ ▀▀ ▄ ▀█▀ ▀█▄▀ ▄█▀██▄▀ ▄▄▄▀█
█▀▀██▀█▄ ▄ ▄ █▀▀ ▄▀ ▄ ▄▄  ▀ ▄█▀█ ▄ █▀▄█ ▄▀▀▀▄▄ █▀ █ ▄▀▀ ▄▄█
█ ▄▄▄▄█▄█▄███▄██▄▀▀█▀▄ ▄▀▀▀█▀▀▄██▀▀ ▀█▀█▄▄ █▄▀█ ▀█▄▀▄█▄▄███
█▀▀█▄█▀▄ ▄▄▄  ▀▄▀█▄ ▀▀█▀ ▀▄ ▄  ▀  ▄█▄▄█▀█▀▀ ▀▄▀█▀▀▄ ▄█▀▀▄▄█
█ ▀ ▄█ ▄ ▀▀▄  ▀█▄ ▄ ▀█  ▀▀▄▄▀███▀▄▀▀▄  █▄  ▄█ ▄▄██▀█ █▄▄███
█▄█▀ ▄█▄█▄▄▄▀█▄ ▀▀▄ ▀ ▄█▀▄██ ▀█▀█▄█▄▀▄█  ▀▀▀  ██▄▀█▀▄██▄█▄█
█▄▀ ▄▀▄▄██▀ ▄▄▄█▄█▄ ▄██▀▄ ▀ ▄██▄████▄█ ▄██▄█▄█▀██▄█▀ ▀▄▄▀██
█▄▄ ▄█ ▄▀▀ ▄ ▄▀▄▀▄▄  ▀▄█▀ ▄ ▄▀ ▀▀█▀  ▄▄  ▀ ▀█  ▄▀▀▄▀ ▀█▀▀██
█▄▄▄  ▄▄▄ ▄█ ▀▀ ▀▄▀  ▀▄  ██ ▄▄▄   ▄ ▀ █ ▀█▀    ▀  ▄▄▄ ▄█ ██
███▄  █▄█ ▄▀▀▄██ ▄▄▀▄ ▀█▀▀▄ █▄█ ▀▄ █ ▄▄▀▄█    ▀█▀ █▄█ ▀▄█ █
█▀▄▄▄ ▄▄  █▄█▄█▄ █▀ █▀██▀▀   ▄▄▄▀▄██▄▀▀█▀ █▄█ ▀▀▄ ▄▄▄▄ █▄██
██▀█▀▀ ▄███▀▄▄▄  ▄▀▄▄▀▄█▀ ▀▀▀▄▀ █ ▄█ ▄▀  █▄▀█  ▄█▄▄  █ █▀▄█
█▀▄▄ █ ▄ ▄ █▄▀▄█▄ ▄██▄▀███▀▄▀▀▄█▀█ ▀▀█▄  █▀ ▀▄▄▀▄▄ █ ▀▄▄ ▀█
████▄▀▄▄█▄██▀██ ▄█▀▄▄▄▄█▄  ▄▄██▀▀ ▀█▄   ▄█▀▀▀▄▄▄▀▀█▄▄▄▄█ ██
█ ▄▄ ██▄▀▀▄▀ ▄█▀▀ ██▀ ▀▀▀█▄ ▀ ▀█▀█ ▀▀██▄▀▄▄▄▄████  █▀  ▄▄▄█
█▄▄ ▄▀█▄█▀▀█▄ █▄▀▄▀▄▀▀ █▄▀ ▄▀▄▀▀▄ ▄█  █▀▄█ ▀█  ▄█▄█ ▀▄▄█▄ █
█ █▄   ▄██ ▄▄██▀▄ ▄█ ▀▀█▄▄▀▀▀▄█▀▀█▀▄ █▄ ▀▀▀▀█ ▄ ▄  ▀▀▀▄█▄▀█
█▀▄▄▀▄▀▄▄█▄▀▄ ▀▀ ▄▀ █▀▄▄▀ ▀  █  █ ▀█▄▄█ ▄▀▀▀█▄▀▄▀▄▄▄█▄█  ██
█ ▀ ▀▀▄▄ ▄█▀ ▀▀▀▀ ▀▀▄ ██ ▄ ▀▀▄▀▀▄▀▄█▄ ██ ▄▀█▀▄▄▄▄  █▄ ▄▄▄██
███████▄▄   ▀██▄▄▄  ▄▀ █▀ ▄ ▄▄▄ █▄▀█  █▀ ▀ ▀█▄▄▄█ ▄▄▄ ▀▀  █
█ ▄▄▄▄▄ █▀▄ ▄█▄▄ █ ▀██▀███▄ █▄█  █▀▀█ ▀▀▄▄ ▀▄▀█▀▄ █▄█ ██▄▀█
█ █   █ █▄▄▄▀▀▄▄▀▀  ▀ █▀▀▄▄▄▄▄ ▄█▄ █▄ █▀ ██▀█  ██▄▄   █▀  █
█ █▄▄▄█ █▀▄█ █  ▄█ ▀▄█▀ ▄ ███ ▄ ▄▄▄██ ▀█▀ ▀▄▄▀▄▀ █▀▄█▄█████
█▄▄▄▄▄▄▄█▄▄█▄████▄▄▄▄▄▄████▄███▄███▄▄▄▄█▄█▄▄█▄█████▄█▄███▄█

Scan this QR code:
▄▄▄▄▄▄▄▄▄▄▄▄▄▄▄▄▄▄▄▄▄▄▄▄▄▄▄▄▄▄▄▄▄▄▄▄▄▄▄▄▄▄▄▄▄▄▄▄▄▄▄▄▄▄▄▄▄▄▄
█ ▄▄▄▄▄ █▀ █▀   ███ ▄█▀█▄▄▄█▄▄▄▄ ▀█▀ ▄ ▀▀▄▄ ▄▄▄▄ ██ ▄▄▄▄▄ █
█ █   █ █▀  █▄ █▄█▀ █▄▄▄▀▀▀█▄█ ▄▀██ ▀ █▀██▄ ▀▄ ▄ ██ █   █ █
█ █▄▄▄█ █▀█▀▀ █▀▄█▄█▄ ▄█▀ █ ▄▄▄ ▀ ▀██▄▄▀ ▀▄▄ █▀▀▄██ █▄▄▄█ █
█▄▄▄▄▄▄▄█▄█▄█ ▀ ▀▄▀ ▀ ▀ █ █ █▄█ ▀▄█ ▀▄█ █ █▄▀ ▀ ▀▄█▄▄▄▄▄▄▄█
█  ▄  ▀▄▄▄▀    ▀ ▄▀▄ █▀▀▄▀▄     ▀█▀█▀  █▀█   █▄▄▀▀ █ █▄▀▄▀█
█  ▀█▄▀▄ ▀▀ ▀█▄ ▄ ▀ ▀▀▀ █ ▀█ ▄ █▀▀ ██▀█▄▀▀ ▀▀▀▄█  ▄█▀▀▀▀ ██
█▀▀▄ ▄▀▄█▀██  ▄▄▄█▀ ▄▄▀▄    ▀█▀██▀█▄   █▀█▀ █▀▄█▄▀▀▄▀██ ███
█▄▀▀ ▄▄▄ ▄ ▄▄▀▀█ ▄▄▄▀█ ▀▄ ▀█▀█▀ ████▄█▄█ ▄█▀███▀▀█▀█ ▄ ▀ ██
█▀▀██  ▄   ▄█▄▄█▄▄ ▄▄▄█▀▀ █▀▀ ▄▀▄▀▀▄ ▄▀▄██▀▀ ▀▄█ ▀███▀▀▀█▄█
███▄▀ ▄▄██▀▀▀▄▀██▀ ▄  ▄▀█▀ ▄▀  ██ ▀ ▀█  ▄ ▄▄▀▀█ ▀  ▄▄▀▀▀▄██
███ ▀ ▀▄ ▀▀██ ▀█▄▀▄▄▄█▀█▀▄▀ ▀▀▀ ▄█▄█  ▀█▀█▀ ▀█▄█▄▀ █▄▀█   █
██▄██ █▄█▄ █ █▄▄▄ ▄ ▄█  ▀█▀ █▀█▄▄█▄ ▄ █ █▄█▀█▄▄▀▄▀█▄▄▀▀▀▀██
██ ▄  ▄▄▀▀▀█▄█▀█▄█  █▄██  ▀█▀▀█▀▄ ▄ ▄▄▀▄▀██▀▄█▄█▀ ▀▄ ██ ▄▄█
██ ▀▀ ▄▄▄ █ ▀▀▀▄█▄▄█ ▀▄█  ▀ ▄▄▄    █▄▀█ ▀▀▄█▄█ ▄▀ ▄▄▄ ▀  ▀█
█▀▄   █▄█  ▀▄▄▀█▀▄▄▀ █▄█▀ █ █▄█ ▄█ █   ███ ▀ ▀█▄█ █▄█ ▄▄▄ █
██▀▀▀▄ ▄ ▄▄█  █▀▀▄▀▀█▄█▀ ▀▄ ▄▄▄▄█▄█ ███ ▄ ▀ ▀█  ▀▄▄   ▀▀ ▀█
██▄█▄██▄▀ ▄▀█▄ █▄▄  ▀█▄▀  ▄▀▄█▀  █▀█▄▄ █ ██  ▀▄▄█▄▀ ▄█▀▀█▄█
██▄▄██▄▄▀▄ ▄▄ ▄   ▀ █▀██ ▄▄▄▀▀▀ ▀▀▄▄▀▄▀▀▀█ █▀█▄█▀▄ █▀█  ▄▀█
█▄▀ █▀▄▄  ▄▄ ▀▄ ▀█▄▄▀▀▀█▄ █▄▀█ ▄ ▀██ ▄ ▄▀█▀ ▄▀█▄▀█ ███▀▄▄ █
██▀█▀█▀▄▄▀▀ ▄▄ ▀▀█▀▄▀  ▀▄ █ ▀█  ▀█ ██ ▄██ █▀▀█▄▄▀▄▄▀ ▀▀▀▄▄█
█▄▄▄▄█▄▄█ ▀ ▄██ ▀▄  ▄▄▀▀▀▀█▀█▄ ▄▀█▀█▄ ▀▄▄█▀ ▄█ ██▄ ▄▄▄  █▀█
█ ▀▄█▄ ▄█▀▀█▄ █ ██▀ ▄ ▀ ▀ █▀ ▀  ██▀▀▀▀▄ ▄█ ▀ ▀▄ ▀▀▀▀▄█▀▀▀██
█ ▄▀ ▄▄▄▀▄█▀▄ █▄██▀ ▄▄▀▄  █▄██ █ █▀█▄▄ ▄██ ▀▀██▄▀█▀▀██  █▀█
█ ▀ ▀▀▄▄▄█▀█ ▄█▀ ▀▀▄█▄▄▀███  ▀▀▄▀ █ ▄▄▄  ▄▄▀▀  ▀▀█▄█▀▄▀▀ ▀█
███████▄▄▀▀ ▀▀ ▀██ ▄ ▄▀█▀▀▄ ▄▄▄  ▀▄█▄▄▀██▀  █▀▄▄█ ▄▄▄ ▄▄█▄█
█ ▄▄▄▄▄ █▄▄ ▄██  ▀ ▀▀▀███▄█ █▄█ ▀▀▀▄▄▄█▀▀▀█ █▄▀██ █▄█ ▀▀▄▀█
█ █   █ █ █▀▄▀█ ▄▀▀▄▄██▀▀▄  ▄  ▄▀██▄▄ ▄███   ███▄  ▄  █ ▄██
█ █▄▄▄█ █  ▀▀▄ ▀▄ ▀▄▄█ ▄▀██ ▄█▀█▄██▀   ▄▄▀▄▀▀▀  ▄  ▄██  ███
█▄▄▄▄▄▄▄█▄█▄█▄▄▄██▄▄█▄██▄▄▄█▄██▄▄▄▄▄▄▄█▄▄██▄███▄▄▄▄███▄█▄██

❌ Bot disconnected (408), reconnecting in 5s...
❌ Bot disconnected (408), reconnecting in 5s...
Scan this QR code:
▄▄▄▄▄▄▄▄▄▄▄▄▄▄▄▄▄▄▄▄▄▄▄▄▄▄▄▄▄▄▄▄▄▄▄▄▄▄▄▄▄▄▄▄▄▄▄▄▄▄▄▄▄▄▄▄▄▄▄
█ ▄▄▄▄▄ █  ▄▄  ▄ █▄ █▄ █▄▄█  ▀ ▄▀█▄▀▄ ▀▄▄▀ ▄▄▀▀▄ ██ ▄▄▄▄▄ █
█ █   █ █ ▄█▄▀▀█▄▀ ▄▄▄▄▀▄█▀█▀▀▀█ ▄██▄▄█▀ ▀▄▀▄▄ ▄ ██ █   █ █
█ █▄▄▄█ █▀▀▀█▄█▀▀███▀█▄▄▀   ▄▄▄  ▄▀▀█▄▀▄▄█▀▄ █▄▀▄██ █▄▄▄█ █
█▄▄▄▄▄▄▄█▄▀▄▀ █▄▀ █▄▀ █▄▀▄█ █▄█ ▀▄█▄█ █▄█▄█▄▀ █ █ █▄▄▄▄▄▄▄█
█  ██▄▄▄███ ▀ █ ▀▄█▄█ ▄█ ▀▀▄ ▄  ▄ ▄█▀ █ ▄█▄▀  ▀▄▀▀█▀▄▀▄ ▄▄█
█ ▀▀▀▄ ▄██▄▀▄▀▄ ▄▀▄█▀▀▀█▄▄▀▄█▄▄ ▀▀▄  ▀█▀ ▀█▄▀  █ ▀██ ▄▄▄▄▀█
█▀▀ ▀▀█▄   ▀ █▀▀ ▄▀ ▄ ▄▄    ▄█▀█ ▄██▀▄█▀▄▀▀ ▄▄ █▄▀█ ▀██ ▄▄█
█▄▄ ▄▄█▄█▄███▄██▄▀▀▀▀▄▀ ▀▀▀█▀ ▄██▀ ▀█▀▄▀▄▄   █ █▀█▄▀▄▄▀▄███
███ ▀█▀▄ ▄▄▄  ▀▄ ▄▄▄▄▀▀▀▀ ▄ ▄ ▀   ▄▄▀▄█▀ ▀  █▄▀█▀▀▄ ▄█ ▀▄▄█
██▀█▀█▄▄ ▀▀▄  ▀█ █▄ ▄▄  █▄▄▄▀█▄██▄▀▀█ ▀█▄  █▄█▄████▀ █▄▄█▀█
█▀ ▀ ▀▀▄█▄▄▄ █▄ ▀▀▄ ▀ ▄█▀▄██ ▀█▀▀ █▄ ▄█  ▀▀▀▀ ██▄▀▀▀▄██▄█▄█
█▄▀ ▄█▀▄▀█▀█▄▄█ ▄█▄ ▄██▀▄ ▀ ▄██▄█▄████ ▄█▄▄██▄▀██▄▄  █▄▄▀██
█▄▄ ▄▀▀▄▄▀ ▀▄▀ ▀▀▄▄  ▀▄█▀ ▄▄▄▀ ▀▀█▀  ▄▄  ▀ ▀█  ▄▀▀█▀▄██▀▀██
█▄▄▄  ▄▄▄ █   █▀▀▄▀  ▀▄  █  ▄▄▄    ▄▀ █ ▀█▀    ██ ▄▄▄ ▄█ ██
███▄█ █▄█ ▀█▀▄▄  ▄▄▀▄ ▀█▀▀▄ █▄█ ▀▄ ▄ ▄█ ▄█▀   ▄▄▄ █▄█ █ █ █
█▄▄▀   ▄▄▄█▄█▄█▄ █▀▄█▀▀▄▀▀ ▄ ▄▄▄▀▄▄▄ ▀ ▄▀▄▄▀█ ▀█▄  ▄▄▄██▄██
██▀ ▀▀ ▄▄▄█▀▄▄▄ ▀▄ ▄▄▀▄█▀▀▀▀ █▀ █ ▄█▄ █ ▄██▀█▄ ▄▀█▄  █ ██▄█
█ ▀▄ █ ▄ ▄ █▄▀▄██ ▄██▀▀█▀▀▀▄▄▀▄██▀ ▀▀██ ▄█▀ ▀█▄▀█▄ ███▄▄▀██
█▄▄█▄▀▄▄█▄██▄ █ ▄█▀▄▄▄▄█▄  ▄▄█ ██ ▀█ ▄  ▀█▀▀█▄▄▄▀▀█▄▄▄▄█ ▄█
█ ▄▄ ██▄▀▀▀▄▀██▄▀ ██▀ ▀▀▀█▄ ▀ ██ ▄ ▀▀██▄▀▄▄▄█████  █▀  ▄▄▄█
█▄▄ ▄▀▄▄█▀█▄▀▀ █▀▄▀▄▀▀ █▄▀ ▄▀▄▀▀▄ ▄█  █▀▄█ ▀█  ▄█▄▀ ▀▄ █▄ █
█ █▄ ██▄██ ▀▄ ▀▄▄ ▄█ ▀▀█▄▄█▀▀▄█▀▀█▀  █▄▄▀▀█▀█  ▄ ▀▀▀▀▀ █▄▀█
█▀▄▀█▀▄▄▄▀▀▀▄ ▄  ▄▀ █▀▄▄▀ ▀▀ █  █  ▄▄▄▄▀▄▀  █▄▀█▀▄█▄▀█ ▀ ██
█ ▀ ▀▀▄▄█▀█▀ ▀▀▀▀ █▀▄  ▀ ▄ ▀▀▄▀▀▄▀▄▄▄ ▀█ ▄▀ ▀▄▄▄ ▀▄█ ▄▄█▄██
███████▄▄   ▀██▄ █▄▄█▀ █  ▄ ▄▄▄ █▄▀█▀▄█▀ █  ▀  █▀ ▄▄▄ ▀  ▄█
█ ▄▄▄▄▄ █▀▄ ▄█▄▄▀  ▀ ▄▀█▀▀▄ █▄█ ▄▀▀▀▄ ▀▀█▄▀▀▀ █▀▀ █▄█ ██ ██
█ █   █ █▄▄▄▀ ▄▄▀▀  ▀ █▀▀▄▄▄▄▄ ▄▀▄ █  █▀▄██▀   ██▄▄ ▄ █▀ ▀█
█ █▄▄▄█ █▀█▀ ▄▄▄▄█ ▀▄█▀ ▄ ██▀▄▄ ▄█▄█▄▀▀█  ▀▄▄▀▄▀ █▀▄▀▄█████
█▄▄▄▄▄▄▄█▄█▄█████▄▄▄▄▄▄████▄▄██▄███▄▄▄▄█▄█▄▄█▄█████▄▄████▄█

Scan this QR code:
▄▄▄▄▄▄▄▄▄▄▄▄▄▄▄▄▄▄▄▄▄▄▄▄▄▄▄▄▄▄▄▄▄▄▄▄▄▄▄▄▄▄▄▄▄▄▄▄▄▄▄▄▄▄▄▄▄▄▄
█ ▄▄▄▄▄ █▀ █▀ ▀▀▀▀▄ ▄█▀▄  ▄█▄▄▄▄ ▀▀█▀▄▄▀██  ▄▄▄▄ ██ ▄▄▄▄▄ █
█ █   █ █▀  ▀▄ █▄▄▀ █▄▄▄  ▀█▄█ ▄▀██ ▀▀█▀ ▄▄ ▀▄ ▄ ██ █   █ █
█ █▄▄▄█ █▀██ ██▀▄█▄█▄ ▄█▀ █ ▄▄▄  █▀███▄▀█▄▄▄▀▄▀▀▄██ █▄▄▄█ █
█▄▄▄▄▄▄▄█▄▀ ▀▄▀ ▀▄▀ ▀ ▀ █ █ █▄█ ▀▄█ ▀▄█ █ █▄▀ ▀ ▀▄█▄▄▄▄▄▄▄█
█  ▄  ▀▄ ▄███▀ ▀ ▄▀▄ █▀▀▄▀▄▄    ▀█▀█▀  █▀█   █▄▄▄▀▄█▄▀▄▀▄▀█
█  ▀██▀▄███▀█▀▄ ▄ ▀ ▀▀▀ █ ▀█▄  █▀▀ ██▀▀ ▀▀ █▀▀ ▀▀▀▄▄▄█▀▀ ██
█▀▀ ▄▄▀▄ ██   ▄▄▄█▀ ▄▄▀▄   ▀▀█▀██▀▀▄  ▄▄▀██▀█▀██▄▀▀▄█▀█ ███
██  ▄▄▄▄ ▄ ▄▄▀▀█ ▄  ▀█ ▀▄ ▀█ ▄▀ ██▀▄▄▀ ▄▄  ▀▀▀██▀█▀█ █▀▀ ██
█ ▀▄▀  ▄   ▄█▄▄█▄█ ▄▀█▄▀  █▀▀  ▀▄▀▀█▄ ██▀▀█ ▀█ █ ▀███▀▀▀▀ █
█ ██  ▄▄██▀▀▀▄▀██  ▄▀ ▄▀▄█ ▄▀ ▀█▀ ▀ ▄   █ ▄█ ██ ▀ ▄ ▄▀▀▀███
█▀█ ▀█ ▄ ▀▀█▀▀▀█▄▀▄▄▄█▀█▀▄▀ ▀▀▀ ▀▀▄█▄▄▀█▀█▀  █▄█▄▀ █▄▀█  ▀█
██▄███ ▄█▄ ▀▄▀▀▀▄ ▄ ▄█  ▀█▀ █▀█▄██▄ █▀█ ▄▄█▀▄▄▄▀▄▀ ▄▄▀▀▀▀██
██ ▄ ▀█▄█  █▄ ▀▀▄█  █▄██  ▀█▀▀█▀▄ ▄ ▄▄▀▄▀██▀▄█▄█ ▀▄▄▀▀█ ▄▄█
██ ▀▀ ▄▄▄ █▀▄▄▀ █▄▄█ ▀▄█    ▄▄▄   ▄█▄▀█▄▀▀ ▀▄█  █ ▄▄▄ ▀  ▀█
█▀▄▄█ █▄█ ▄▀▄▄ █▀▄▄▀ █▄█▀ ▀ █▄█ ▄█▄▄  ▀███▀▀ ▀▄▄▀ █▄█ ▀ ▄ █
█▀▀   ▄▄  ▄█  █▀▀▄███▄▄▀ ▀█ ▄▄▄▄█▄▄▀████ ▄██▀▀▄██▄▄    ▀ ▀█
█▀██ ██▄  ▄▀█▄ █▄█▄ ▀▄▀▀▀ ▄▀██▀  █▀█▄  ▄▀▀▀ ▄▀█▄▀▀▀ █▄▀ █ █
████▀█▄▄▄  ▄▄ ▄  ▄▀ ████ █▄▄▄▄▀ ▀█▄▄██ ▀ █▀██▄▄█▀▄ █▀▄  ▄██
█ █ █▀▄▄  ▄▄▄ ▄ ▀█▄▄▀▀▀█▄ █▄▀███▄▀██   ▄██▀ ▄██▄▀█ ███▀▄▄ █
██▀█▀█▀▄▄▀█▄▀█▄ ▀█▀▄▀  ▀▄ █ ▀█▀▄▀█ ██ ▄██▀█▀▀█▄▄▀▄▄▀ ▀▀▀▄▄█
█▄▄▄▄ ▀▄█ ▀█ ▀▀▀▀▄  ▄▄▀▀▀▀█▀█▄ ▄▀█▀█▄ ▀▄▄█▀ ▄█ ██▄▀█▄▄▄▄█▀█
█ ▀▄█▄ ▄█▀ ▄ █ ▄██▀ ▄ ▀ ▀ ▀▀ ▀  ████▀▀▄ ▄█ █ ▀▄▄██▀▀▄█  ▀██
█ ▄▀█▄█▄█▀██▄   ██▀ ▄▄▀▄  ████ █ ██▄▄▄ ▄██▄▀▀██▄▀▄▀ █▄▄ █▀█
█ ▀ ▀▀▄▄ ▄▀█ ▄█▀ ▀███▄▄▀██▄▀ ▀▀▄▀ ▄▀▄▄▀▄▄▄ ██▄  ▀▄ ██▄   ▀█
███████▄█▀▀ ▀▀ ▀█▄▀▄▄▄██▀▀▄ ▄▄▄  ▀▄█▄  ██▀▀▀ ▀▀▄▀ ▄▄▄ ▄▄█▄█
█ ▄▄▄▄▄ █▄▄ ▄██ ▀▀ ▀▀███▄▄█ █▄█ ▀▀▀▄▄▄▄  ▄█▀▀  ▄█ █▄█ ▀▀ ▀█
█ █   █ █ █▀███ ▄▀▀▄▄██▀▀▄  ▄  ▄▀██▄  ▄█▀█   ▀██▄  ▄▄ █ ▄██
█ █▄▄▄█ █  ████ ▄ ▀▄▄█ ▄▀██  ▀▀████▀▀▀ ▄█▀▄▀    ▄  ▄█▀  ███
█▄▄▄▄▄▄▄█▄█▄██▄▄██▄▄█▄██▄▄▄█▄██▄▄▄▄▄▄▄█▄▄██▄███▄▄▄▄███▄█▄██

Scan this QR code:
▄▄▄▄▄▄▄▄▄▄▄▄▄▄▄▄▄▄▄▄▄▄▄▄▄▄▄▄▄▄▄▄▄▄▄▄▄▄▄▄▄▄▄▄▄▄▄▄▄▄▄▄▄▄▄▄▄▄▄
█ ▄▄▄▄▄ █▄▀▄ ▄▄███▀▄ █ ▄ ▄ ▀▀▀▄ ▄▄██▀ ███▄█ ▀▄ ▄ ██ ▄▄▄▄▄ █
█ █   █ █ █▀▀█ ██▄█ ▄███▀  █ █▄▀▀▄▄▀ ▀▄▀██▀█ █▀▄ ██ █   █ █
█ █▄▄▄█ █▄▀█▄▄▄█▀▀▄  ▀▄  █▀ ▄▄▄ ▄▀▀█▀█  █  ▀▀█▄▀▄██ █▄▄▄█ █
█▄▄▄▄▄▄▄█▄▀▄▀ █ █▄█▄▀▄▀ ▀▄█ █▄█ ▀ ▀ █ █ ▀ █▄▀▄▀▄█ █▄▄▄▄▄▄▄█
█ ▄  █▀▄█▄▀▄▀█▀█████▀█ ▄  █▄▄▄   █ ▄▀▀▀█ ▄▄ ▄███   ██▄▄ ▀ █
█ █ ▄▄▄▄█▄▀▄▀▄ ▀▀  ██ ▄▄ ▄██ ▀  █ ▀▀▄▀█ █ █ █▀▀ ▀▄▀█▀█ ▄  █
██▄▄ ▀▀▄█▀▀█▄▀▄ ▀▄█▄▀▀█▄▄▄▄ ███▀██ ▄█   █▀▄▄▀█▀▄▄█ ▀█▀█▄▀██
██▄▄▄  ▄▄█▄▀  ▄███▄█ ▄█▄▄█ █ ▄██▄▀ █ ▀ ▀▀   █▀▄▄▀ █▀█▀ ▀▄██
█   █▀ ▄▀ ▄ ▀█    ▀▀██ ▀▀▄█▄▄▄▀█▀▄▄▀▀█▄█▄█ █▄ ▀▀ ▄█▄▄▀ █▀▄█
█  ▄█▄█▄ ██▀▀▀▀▀███▀▀▄▄█ ▀▄ █ █▄█▄█▄▀   ▄█▀███▀▀▄▄▀▀▄ ██ ▀█
█▀█▄▄█▀▄▀▀ █ █ ██ ▄▀██ ▄▀█▀ ▄ █ █▀▀█ █▀█▄▄▀ ▀█▀▄▄  █ ▄██ ▀█
█▄█▀▀█▄▄█ ▀█▀▄▄▄▀▄   ▄    █▀▀▄▀▄ ▄ ▄▀█▄█▀▄ █▀▄▄▄▀▄███▄ ▄█▄█
█ ▀▀█▄█▄█▄▀▄█▀▄█ ▄ ▄█ ███▄███▀▄█▄▄  ▄ ▀▀▀▀▄█ ▀▀▄█▄▄ ██▀█▄▄█
█ █▄▀ ▄▄▄ █▀ ▄ █  ▄▄▀▀█▄█▀▄ ▄▄▄ ▀ ▀ ▄▄▄▄ ▀▄▄▀ ███ ▄▄▄ ▀▀▀██
█ ▄▀▄ █▄█ █▀ ▀▀   █▄█▄▀▀ ▄▀ █▄█   ▀ ▀▀▄▄▄▀▀█▀▄ ▀  █▄█  █▄▄█
█▀█▄▀  ▄▄▄▀▀▄██ ▄ █▄██▀▀   ▄▄ ▄▄▀   █ ▄ █▀▀▄▀▄▄█▀ ▄▄▄ ▄█▄▀█
█  ▀▀  ▄▄ ▀ ▄█ █ █▄█ ██ ▀ █▄█▄▀▀▀█ ▄▀█ █▄▄ ▀▀█ ██  ███ ▄▀▀█
█ ▀▄ ▄▄▄▀ █▄ ▀ ▄   █ █▄▄▀ ███  █▀▄█ ▄  ▀▄██▀██  ▀▄▄▄█  ▄  █
█ █▄█▀ ▄ █▄█▀  ▀███ ▀███ ▄████▄ ▄▀ █▄ █▀▀▀██ ▀█▄██ ██▄ ▀▄██
█▄█▄▀▀ ▄ ▀▀ █ █▄ ▄ ▀   █▄▀█  ▄▄▀▀█▀██▀▄▄▀▀▀ ▄▄▄▀ ▄▀█ ▄█ █▄█
█▀█▄▄ ▄▄▄█▀▀▀ ▀▀▀  ▀ █ ▀█▄▀ ▀  ▄█▄▄▀▀█▄█▄▀▀▄▄▄  ▄▀█▄▀ ▀▄█▄█
█▀█ ▄▄ ▄█▀█▀ █▄  ██▄ ██ ██▀██▀▄ ▀▀██▀▄  █▄ ▄█▄ █▀ ▄██▄█▄▄██
█  █▀▀ ▄█▄▄▄▄▀  ▄█▀▀▀▄ █▀▀▄▀▄▄ ▀▀█▄█▄█▀▄  ▀ ▀▀█▄█▄▀ ▄██▀▄ █
█ ▀ ▀▀▄▄▄▀  ▄▀█ ▄▀▀  ▀▄█▄▄▄█▄██▀  ▀█▄▄███▀▀▄█▀ ▀   ▄▄█ █ ▄█
███████▄█▀▀ █▀ ██▄    ▀█▀█▀ ▄▄▄  █ █▄ ▄▀▀▀ █ ▀▄▄▀ ▄▄▄ █▄███
█ ▄▄▄▄▄ ███▄▀▀█▄ ▄██▄█ ▀▀▄█ █▄█ ▀█ █▄▄    ▄▄▄ ▄█▄ █▄█  ▀███
█ █   █ █▀▄ █▀█ ▀█▀█ ▄██ ▀█  ▄     ▀██▄█▄█▄▄▄▄ ▀▄ ▄▄  ▄▄▀██
█ █▄▄▄█ █ ▀  ▄██  ▀ ▄▀███▀█▀▄▀█▀▄▀  █▀▀▀██ █▄█ ▄▀▄▀ ▀▀▄▄█▀█
█▄▄▄▄▄▄▄█▄█▄█▄▄███▄█▄█▄▄█▄███▄███▄██▄█▄▄▄▄▄████▄█▄███▄█▄███

Scan this QR code:
▄▄▄▄▄▄▄▄▄▄▄▄▄▄▄▄▄▄▄▄▄▄▄▄▄▄▄▄▄▄▄▄▄▄▄▄▄▄▄▄▄▄▄▄▄▄▄▄▄▄▄▄▄▄▄▄▄▄▄
█ ▄▄▄▄▄ █▀ █▀ ▀ ▀██▀▄█▀▄▀▄▄█▄▄▄▄ ▀▄▀▄▄ ▀▀█  ▄█▄▄ ██ ▄▄▄▄▄ █
█ █   █ █▀  █  ███▀ █▄▄▄▀▀▀█▄█ ▄ ▄█ ▄▀█▀▄▄▄  ▄ ▄ ██ █   █ █
█ █▄▄▄█ █▀█▀  █▀▄█▄█▄ ▄█▀ █ ▄▄▄  █▀█▀ ▄▀▀▄▄▄▄▀▀▀▄██ █▄▄▄█ █
█▄▄▄▄▄▄▄█▄▀ █ ▀ ▀▄▀ ▀ ▀ █ █ █▄█ ▀▄█ ▀▄█ █ █▄▀ ▀ ▀▄█▄▄▄▄▄▄▄█
█  ▄  ▀▄▄▄ ███ ▀ ▄▀▄ █▀▀▄▀▄     ▀█▀█▀  █▀█   █▄▄▀  █▄█▄▀▄▀█
█  ▀██ ▄█  ███▄ ▄ ▀ ▀▀▀ █ ██   █▀▀▄██▀▀▄▀▀▄▀▀▀ ▀  ▄█ ▀▀▀ ██
█▀▀▀▄▄▀▄ █▄   ▄▄▄█▀ ▄▄▀▄  ▀ ██▀██▀█▄   █▀█▀▀█▀▄█  ▀▄▀▀▀ ███
█ █▄█▄▄▄▀▄ ▄▄▀▀█ ▄▄▀▀█▀▀▄ ▀█ ▄█ ██ ▄▄█▀▄ ▄█ █▀▀▄▄▄▀█ █▀  ██
██▄ █  ▄   ▄█▄▄█▄▄▄ ▄▄▀█▀ █▀▀ ▀▀▄▀ █▄▄ ███ ▀ █ ▄ ▀███▀ ▀▀ █
██▄ █▄▄▄██▀▀▀▄▀██  ▄ █▄▀▄  ▄▀ ▀▄▀▄▀ ▀▀▀ ▄ █▄  █ ▀   ▄▀▀▀█▀█
█ ▄ ▀█▄▄ ▀▀█▀▄▀█▄▀▄▄▄█▀█▀▄▀ ▀▀▀ ▄▀▄█  ▀█▀▀▀ ▄▀▄█▄▀▄▄▄▀█ ▀ █
██▄████▄▀ ██▄ ▀█▄ ▄ ▄█  ▀█▀ █▀█▄█▄▄ █▀█ ▄██▀▄▄▄▀▄▀ ▄ ▀▀▀▀██
██ ▄  ▀▄▄▀█ ▄ █▀▄█  █▄██  █▀▀▀█▀▄ ▄ ▄▄▀▄▀██▀▄█▄█▀▀▀▄▀██ ▄▄█
██ ▀▀ ▄▄▄  █▄▀█ █▄▄█ ▀▄█    ▄▄▄    ▀▄▀▀ ▀▀▄▀▄█ ▄▀ ▄▄▄ █  ▀█
█▀▄▀▀ █▄█ ▀ ▄▄▀█▀▄▄▀ █▄█▀ ▀ █▄█ ▄███   ███ ▀ ▀█▄▄ █▄█  ▀▄ █
█▄▀█▄  ▄  ▄█  █▀▀▄▀▄█▄ ▀ ▀█ ▄▄▄▄█▄▄▀█▀▀ ▄ █▄██ █▄▄▄▄▄▄▀▀ ▀█
█▄ ▄▀██▄▄▀▄▀█▄ █ ▄▄▄▄▄██ ▀▄▀▀▄▀  █▀█ ▄▄█▀█▀▀▄██▄▀ ▀ ▄▄▀▀█ █
█▀█▄██▄▄   ▄▄ ▄ ▄█▀ ▄▀██▄█▄▄ ▀▀ █▀▄▄▀▄  ▄▀ █▄▄█▄▀▄ █▄▄   ▀█
█▀█ █▀▄▄  ▄▄▄ ▄ ▀█▄▄▀▀▀█▄ █▄▀██▀▄▀███  ▄██▀ ▄▀█▄▀█ ███▀▄▄ █
██▀█▀█▀▄▄▀██ ▄▄▀▀█▀▄▀  ▀▄ █ ▀█▄▄ █ ██▀▄█▄ █▀▀█▄▄▀▄▄▀ ▀▀▀▄▄█
█▄▄▄▄▀▀▄█ █▀█▀▀█▀▄  ▄▄▀▀▀▀█▀█▄ ▄▀█▀█▄ ▀▄▄█▀ ▄█ ██▄ ▀▄▄  █▀█
█ ▀▄█▀▄▄█▀▀  █ ███▀ ▄ ▀ ▀ ▀▀ ▀  ██▀█▀▀▄ ▄█ ▀ ▀▄ █▄▄▀▄█ ▀▀██
█ ▄▄▄  ▄▀▄▀▄▄   ██▀ ▄▄▀▄  ▄███ █ █▀█▄▄▄███▀ ▀████ ▄▄▄▄  █▀█
█ ▀ ▀▀▄▄▄▀▀█ ▄█▀ ▀▄ █▄█████  ▀▀▄▀ █  ▄▄▄▄ █ █▄▀██▄▀▀▀▄▄  ▀█
███████▄▄▀▀ ▀▀ ▀▄▄ ▄▀▄▀█▀ ▄ ▄▄▄  ▀▄██▄ ▄ ▀▀  ▀ ▄█ ▄▄▄ ▄██ █
█ ▄▄▄▄▄ █▄▄ ▄██  ▀ ▀ ▀███▀█ █▄█ ▀▀▀▄ ██ █▀█ █▄ ▄▄ █▄█ ▀▀ ▀█
█ █   █ █ █▀  █ ▄▀▀▄▄██▀▀▄   ▄ ▄ ██▄█ ▄█▄▀   ███▄  ▄▄ █ ▄██
█ █▄▄▄█ █ ▀▀▄ ▀▄▄ ▀▄▄█ ▄▀██ █▀▀██▄█▀   ▄▄ ▄▀ ▀  ▄  ▄▀█  ███
█▄▄▄▄▄▄▄█▄▄█▄█▄███▄▄█▄██▄▄▄█▄██▄▄▄▄▄▄▄█▄▄██▄███▄▄▄▄█▄▄▄█▄██

Scan this QR code:
▄▄▄▄▄▄▄▄▄▄▄▄▄▄▄▄▄▄▄▄▄▄▄▄▄▄▄▄▄▄▄▄▄▄▄▄▄▄▄▄▄▄▄▄▄▄▄▄▄▄▄▄▄▄▄▄▄▄▄
█ ▄▄▄▄▄ █▄▀▄ ▄▄▄ ▀ ███▀▄▄▄ ▀▀▀▄ ▄▄██▀█▄██   ▄█ ▄ ██ ▄▄▄▄▄ █
█ █   █ █ █▀█▀ █▄▄█ ▄███▀  █ █▄▀█▄▄▀▀▀▄▀▄█▀██▄▀▄ ██ █   █ █
█ █▄▄▄█ █▄███ ▄█▀▀▄  ▀▄  █▀ ▄▄▄ ▄▄▀██▄  ▄  ▀▄▀▄▀▄██ █▄▄▄█ █
█▄▄▄▄▄▄▄█▄█▄▀▄█ █▄█▄▀▄▀ ▀▄█ █▄█ ▀ ▀ █ █ ▀ █▄▀▄▀▄█ █▄▄▄▄▄▄▄█
█ ▄  █▀▄█ ▀▀▄█▀█████▀█ ▄  █▄▄▄   █ ▄▀▀▀█ ▄▄ ▄███▀▀▄██▄▄ ▀ █
█ █ ▄▄█▄▀ ▄▀▄  ▀▀  ██ ▄▄ ▄▄█ █  █ ██▄▀▀ █ █▄█▀█▄▀▄▀███ ▄  █
██▄▄▀▀▀▄ ▀▄█▄▀▄ ▀▄█▄▀▀█▄▄▄█▀ ▀█▀██ ▄█ ▀ █▀▄█▀█▄▄██ ▀▀██▄▀██
█▄▄ ▀  ▄█▄▄▀  ▄███▀  ▄▀▄▄█ █▀██▀▄▀█▀▄█▄▄▀ ▀██▀▄▀▄▀█▀▄▀▀ ▄██
█ ▀▀▄▀ ▄▀ ▄ ▀█  ▀ █▀▄▄▄█▀▄█▄▄▄▀▄▀▄▄▀▀█▄█▄▀▀█▄  ▀ ▄█▄▄▀▀██▄█
█ ▄ ▄▄█▄ ██▀▀▀▀▀▄██▀▄▀▄██▄▄ █ ▄█▀ █▄█  ▀   ▄▄▀▀ ▄▄█▀▄ ██ ██
█▀ ▄▄ ▄▄▀▀ █▀▄ ██ ▄▀██ ▄▀█▀ ▄ █ ██▀█ █▀██▄▀ █▀▀▄▄ ▀▄ ▄██▀▀█
█▄█▀▀▀▀▄█▄▄█▄█ █▀▄   ▄    █▀▀▄▀▄ ▄ ▄▀▄▄█▀▄ █▀█▄▄▀▄▄ ▀  ▄█▄█
█ ▀▀█▀▀▄▀▀▄▀▄▄ ▄ ▄ ▄█ ███▄█▀█▀▄█▄▄  ▄ ▀▀▀▀▄█ ▀▀▄ █  ██▀█▄▄█
█ █▄▀ ▄▄▄ ▀▀ ▀ ▀  ▄▄▀▀█▄█▀  ▄▄▄ ▀ ▀▄▄▄   ▀▄ ▀ ███ ▄▄▄ ▀▀▀██
█ ▄   █▄█ █▄ ▀▄   █▄█▄▀▀ ▄█ █▄█     ▀▀█▄▄▀▄▄▀▄ ▀  █▄█ ██▄▄█
█▄ ▀█▄ ▄ ▄▀▀▄██ ▄   ██ ▀  ▀ ▄ ▄▄▀   ▀ █▄▀▀███▄ ▄▄  ▄  █▄▄▀█
██▄▄█  ▄▄█▀ ▄█ █▄▄▄█ ▄▄ ▀ █▄▀█▀▀▀█ ▄ █ ▄█ ▀ █▀ ▄█  ███▀▄███
█  █ ▄▄▄█▀█▄ ▀ ▄▀▀ █▀▀▄▄█ ██▄  ██ █ █▀▀ █ █▀██   ▄▄▄▀▀ ▄▄▄█
█▀ ▄█▀ ▄ █▄█▄█ ▀███ ▀███ ▄██████▄▀ █▀▄█▀▀▀██▄▀█▄██ ██▄ ▀███
█▄█▄▀▀ ▄ ▀ █▀██▄ ▄ ▀   █▄▀█  ▄ ▀ █▀█▄▀▄▄▀ ▀ █▄▄▀ ▄▀█ ▄█ █▄█
█▀█▄▄▄▀▄▄█▄▀▄  ▄▀  ▀ █ ▀█▄▀ ▀  ▄█▄▄▀▀█▄█▄▀▀▄▄▄  ▄▀██▀ █ █▄█
█▀█ ▄█ ▄█▀▄█▀▀   ██▄ ██ ██▀██▀▄ ▀▀▀█▀▄▄ █▄  █▄ ▀█  ██▄▀█▄██
█  ▀ ▄ ▄▀█ ▄▄▀▄ ▄█▀▀▀▄ █▀▀▄ ▄▄ ▀▀█▄█▄█ ▄    ▀▀▀█▀█▀████▄▄ █
█ ▀ ▀▀▄▄██  ▄▀█ ▄▀█▀ ▀▀ ▄▄▄ ▄██▀  ▀█▄▄ ▀██ ▄▀█   ▄█ ██ █ ▄█
███████▄▄▀▀ █▀ █ █ ▄▀ ████▀ ▄▄▄  █ █▄   ▀▀██ ▀▀██ ▄▄▄ ▄█▀▀█
█ ▄▄▄▄▄ ███▄▀▀█▄▀███   ▀ ▀█ █▄█ ▀▀ █▀▀▀▀▀██▄▄▄▄██ █▄█  ▀███
█ █   █ █▀▄  ▄█ ▀█▀█ ▄██ ▀█ ▄▄  ▀  ▀█▀▄█▄█▄▄ ▄ ▀▄ ▄▄  ▄▄▀▄█
█ █▄▄▄█ █  ▄▀ ▄▄  ▀ ▄▀███▀█▀█▀█▀▄   █ ▀▀██ █▄█ ▄▀▄▀ ▀▀▄▄█▀█
█▄▄▄▄▄▄▄█▄▄█▄█▄███▄█▄█▄▄█▄██▄▄███▄██▄█▄▄▄▄▄████▄█▄█████▄███

Scan this QR code:
▄▄▄▄▄▄▄▄▄▄▄▄▄▄▄▄▄▄▄▄▄▄▄▄▄▄▄▄▄▄▄▄▄▄▄▄▄▄▄▄▄▄▄▄▄▄▄▄▄▄▄▄▄▄▄▄▄▄▄
█ ▄▄▄▄▄ █▀ █▀ ▀ ▀▀█  █ ▄▄▄▄█▄▄▄▄ ▀▀█▄▀▄█▀▀█▄▄▀▄▄ ██ ▄▄▄▄▄ █
█ █   █ █▀  ▀▄ ██▄▀ ▄▄▄▄▀▀▀█▄█ ▄ ▄█ ▀▀█▀▄▄▄ ▄▄ ▄ ██ █   █ █
█ █▄▄▄█ █▀▀████▀▄█▄█▄ ▄█▀ █ ▄▄▄ ▄ ▀█ ▄▄▀ ▀▄▄█▀▀▀▄██ █▄▄▄█ █
█▄▄▄▄▄▄▄█▄▀ █ ▀ ▀▄▀ ▀ ▀ █ █ █▄█ ▀▄█ ▀▄█ █ █▄▀ ▀ ▀▄█▄▄▄▄▄▄▄█
█  ▄  █▄▄▄▀▄▀█ ▀ ▄▀▄ █▀▀▄▀▄▄    ▀█▀█▀  █▀█   █▄▄▀▀ █ █▄▀▄▀█
█  ▀██▀▄ █ ▄▄▄▄ ▄ ▀ ▀▀▀ █  █ ▄ █▀▀ ██▀▀ ▀▀ ▀▀▀▄█  █▄▀▀▀▀ ██
█▀▀▄▀▄▀▄▄██   ▄▄▄█▀ ▄▄▀▄    ▀█▀██▀▄▄  █▄▀█▀ █▀▄█▀▀▀▄███▄███
█ ▀█▄▄▄▄ ▄ ▄▄▀▀█ ▄▀▄▀███▄ ▀█ ██ ██▄█▄█▄▄▄ ▄█▀▀█▀▄ ▀█▀██  ██
█▀▀▄▄  ▄   ▄█▄▄█▄▄▄▄▀▄█▀▀▀█▀▀ █▀▄▀▀█▄▄▀▄██ ▀▄▀▄█ ▀███▀ ▀█ █
█▀▄▄▄  ▄██▀▀▀▄▀█ ▀ ▄▄▄▄▀▄▄ ▄▀  ██▄▀ ██ ▀██▄▄ ▀▄ ▀ ▄ ▄▀▀▀ ▀█
█▀▀ ▀ █▄ ▀▀█▄▄▀█▄▀▄▄▄█▀█▀▄▀ ▀▀▀  █▄█▄▄▀███▀ ▀▀▄█▄▀▀▄▄▀█  ▀█
██▄██▄█▄▀ ▀    ▄▄ ▄ ▄█  ▀█▀ █▀█▄█▄▄ ▄ █ ▄▄█▀▄█▄▀▄▀▀▄▄▀▀▀▀██
██ ▄ ▀█▄▄█▄█ ▄▀ ▄█  █▄██  ██▀▀█▀▄ ▄ ▄▄▀▄▀██▀▄█▄█   ▄▀▀█ ▄▄█
██ ▀▀ ▄▄▄ ▀ ▀▀███▄▄█ ▀▄█    ▄▄▄    █▄▀▀▄▀▀▄█▄█ ▄▀ ▄▄▄ █  ▀█
█▀▄█  █▄█ ▀▄▄▄██▀▄▄▀ █▄█▀ ▀ █▄█ ▄█▄▄  ▄▄██▀▀ ▀█▄▀ █▄█  ▀▄ █
█  ██ ▄▄  ▄█  █▀▀▄▀▀█▄ ▄ ▀▄▄▄▄▄▄█▄█ ▀▀█▄  ▀ ███▄ ▄   ▄▀▀ ▀█
█   ▀██▄▀█▄▀█▄ ██▄  ▀██▀▀▀▄▀█▄▀  █▀█ ▄ ██▀█▀ █▄▄█ ▀ ▀▄ ▀▀ █
█  ▀▀█▄▄▄  ▄▄ ▄   ▀ ▄▀███▄▄▄▄█▀ ▀█▄▄▄▀  ▄  █▀█▄█▀▄ █▀   ▄▀█
█   █▀▄▄  ▄▄▀▀▄ ▀█▄▄▀▀▀█▄ █▄▀█▄▄ ███▄▄ ▄▀█▀ ▄▀█▄▀█ ███▀▄█▀█
██▀█▀█▀▄▄▀▀███▀▀▀█▀▄▀  ▀▄ █ ▀█   ▄ █▄ ▄██▀█▀ █▄▄▀▄▄▀ ▀▀▀▄▄█
█▄▄▄▄▀█▄█ █▀▀▀█▄▀▄  ▄▄▀▀▀▀█▀█▄ ▄▀█▀█▄ ▀▄▄█▀ ▄█ ██▄▄▀▄▄▄▄█▀█
█ ▀▄█  ▄█▀█▄ ▄▄███▀ ▄ ▀ ▀ ▀▀ ▀  ████▀▀▄ ▄█ █ ▀  ██▀▀▄█▀ ▀██
█ ▄█ ▄█▄▀▀ ▀▄ ▀ ██▀ ▄▄▀▄  █▀██ █ █▄█▄▄ ▄██▀▀▀█▄▄█▄ ▀██▀▀█▀█
█ ▀ ▀▀▄▄▄█▀█ ▄█▀ ▀▀▄█▄ ▀██▄▀ ▀▀▄▀ ▄ ▄▄▄▄  ██▀▄ ▀██ ▀   ▀ ▀█
███████▄█▀▀ ▀▀ ▀▄█▀▄▀█▀█▄▀▄ ▄▄▄  ▀▄█ ▄ ▄ █   ▀███ ▄▄▄ ▄██▄█
█ ▄▄▄▄▄ █▄▄ ▄██ ██ ▀ ███▄▄█ █▄█ █▀▀▄▀▄▄▀▄▀▄ ▀█▀██ █▄█ ▀▀ ▀█
█ █   █ █ █▀▄██ ▄▀▀▄▄██▀▀▄  ▄  ▄▄██▄▀ ▄█▀▀   ▀███  ▄ ▄█ ▄▄█
█ █▄▄▄█ █ ██▀  █▄ ▀▄▄█ ▄▀██ ██▀██▄█▀   ▄▄▀▄▀▀▀  ▄  ▄▀█  ███
█▄▄▄▄▄▄▄█▄▄▄▄▄▄███▄▄█▄██▄▄▄█▄██▄▄▄▄▄▄▄█▄▄██▄███▄▄▄▄███▄█▄██

Scan this QR code:
▄▄▄▄▄▄▄▄▄▄▄▄▄▄▄▄▄▄▄▄▄▄▄▄▄▄▄▄▄▄▄▄▄▄▄▄▄▄▄▄▄▄▄▄▄▄▄▄▄▄▄▄▄▄▄▄▄▄▄
█ ▄▄▄▄▄ █  ▄▄  █ ██ █  ▄▀ █  ▀ ▄▀█▄█▄▀█▄▄▀▄ ██▀▄ ██ ▄▄▄▄▄ █
█ █   █ █ ▄█▄▀▀█▄▀ ▄█▄▄▀██▀█▀▀▀█ ██████▀▄ ▄▀▀█ ▄ ██ █   █ █
█ █▄▄▄█ █▀█▀█▀█▀▀███▀█▄▄▀   ▄▄▄ ▄█▀▀█▀▀▄▀█▀▄█▀▄▀▄██ █▄▄▄█ █
█▄▄▄▄▄▄▄█▄▀▄█▄█▄▀ █▄▀ █▄▀▄█ █▄█ ▀▄█▄█ █▄█▄█▄▀ █ █ █▄▄▄▄▄▄▄█
█  ██ ▄▄▀▀▀▄  █ ▀▄█▄█ ▄█ ▀█▄ ▄  ▄ ▄█▀ █ ▄█▄▀  ▀▄  █▀ ▀▄ ▄▄█
█ ▀▀▀▄ ▄▄█ █▄▄▄ ▄▀▄█▀▀▀█▄▄ █▀▄▄ ▀▀   ▀██ ▀█▄▀  ██▀█▄▄▄▄▄▄▀█
█▀▀█▀▀█▄ ▄ ▄ █▀▀ ▄▀ ▄ ▄▄     █▀█ ▄▀█▀▄█▀▄▀▄ ▄▄▀█▄▀█ ▀█▀ ▄▄█
█▀ █▄▄█▄▄▄███▄██▄▀▄▄▀▄  ▀▀▀█▀▀ ▀█▀▄▄▀███  ▀▄▄██▀ ▀▄▀▄▄▄████
█▀█▀▀█▀▄ ▄▄▄  ▀▄ ▄▄▄▀▀ █ ▀▄ ▄     ▄█ ▄▄  ▀ ▀█▄ ▄▀▀▄ ▄█  ▄ █
█▀█▀▀█▄▄ ▀▀▄  ▀██ ▄ ▄   █▄▄▄▀█▄██ ▀▀█ ▀▄▄▄▀█▄▀▄▄██▀█ █▄▄▄▀█
█ ▀▀ ██▄█▄▄▄█▄▄ ▀▀▄ ▀ ▄█▀▄██ ▀█▀▀▄█▄▄▄█  █▀▀█ ██▄▀█▀▄██▄▄▄█
█▄▀ ▄██▄▀▀█▄██ ▀▄█▄ ▄██▀▄ ▀ ▄██▄▄█████ ▄▄▄▄█▄█▀██▄██ █▄▄▀██
█▄▄ ▄  ▄█ ▄▀▄▀▀▀▀▄▄  ▀▄█▀ ▄▄▄▀ ▀▀█▀  ▄▄  ▀ ▀█  ▄▀  ▀ ▀█▀▀██
█▄▄▄  ▄▄▄  ▄▄▀ ▀▀▄▀  ▀▄  ██ ▄▄▄   ▄ ▀ █▄▀█▀    ▀█ ▄▄▄ ▄█ ██
███▄█ █▄█ ▄ ▀▄ ▄ ▄▄▀▄ ▀█▀▀▄ █▄█ ▀▄ █ ▄█▀▄██    ▄▄ █▄█ ▄▀█ █
█ ██▄ ▄▄ ▄█▄█▄█▄ █▄▀█▀█▄▀▀▀▄ ▄▄▄▀▄▄█ ▀█▄▀▄▀▄█  █    ▄ ▄▄▄██
█▄▀█ ▀ ▄▄▀█▀▄▄▄  ▄ ▄▄▀▄▀  ▀▀▀▄▀ █ ▄█▀▄▀▀ ██ █ ▀▄█ ▄ ▀▄ ██ █
█▄█▄▄█ ▄ ▀ █▄▀▄█ ▀▄█▄▄▀██▄▀▄█▀▄██▀ ▀█▀▄ ▀ ▀ ▀█▄ █▄ █▀▄▄▄ ▀█
█▀ █▄▀▄▄█▄██▄▀█ ▄█▀▄▄▄▄█▄  ▄▄█ ▄▀▄▀█▄▄  ▄█▀▀▀ ▄▄▀▀█▄▄▄▄█ ██
█ ▄▄ ██▄▀▀██▀█▀▀▀ ██▀ ▀▀▀█▄ ▀ ▀▀▀█ ▀▀▄█▄ █▄▄▄▄███  █▀  ▄▄▄█
█▄▄ ▄█▀▄█▀▄█▀▀ █▀▄▀▄▀▀ █▄▀ ▄▀▄▀▀▄ ▄█  █▀▄█ ▀█  ▄█▄██▀▄▄▀▄ █
█ █▄   ▄██▀█▄▀▄▄▄ ▄█ ▀▀█▄▄▀▀▀▄█▀▀██  █ ▄▀▀███  ▄▄▀▄█▀▀█▄▄▀█
█▀▄▀▄▀█▄█▀█▀▄  ▄ ▄▀ █▀▄▄▀ ▀  █  █ ▀▄▄▄▄▀▄▀▀ █▄▀██▀█ ▀▄▀  ██
█ ▀ ▀▀▄▄▀ █▀ ▀▀▀▀   ▄ ▄  ▄▀▄▀▄▀▀▄▀▄▄▄ █ ▄▄▄█▀  ▄█▀ █▀▄██▄██
███████▄█▀  ▀██▄▀▄  ▄▀▄▀▀▀▄ ▄▄▄ █▄▀█▀ █ ██▀ ▀▄▄█▀ ▄▄▄    ▄█
█ ▄▄▄▄▄ █▀▄ ▄█▄▄█  ▀█▄▀█▀▀▄ █▄█  █▀▀  ▀ ▄▄▀ ▄▀█▀█ █▄█ ██▄██
█ █   █ █▄▄▄ █▄▄▀▀  ▀ █▀▀▄▄▄ ▄ ▄█▄ █▄▄█▀▀██▀█▄ ██▄▄   █▀▀ █
█ █▄▄▄█ █▀▀▄▄ ▄ ▄█ ▀▄█▀ ▄ ███▄▄ █▄▄██ ▀█▀▀▀▄█ ▄▀ █▀▄ ▄█████
█▄▄▄▄▄▄▄█▄▄▄█▄███▄▄▄▄▄▄████▄███▄███▄▄▄▄█▄█▄▄█▄█████▄█▄███▄█

Scan this QR code:
▄▄▄▄▄▄▄▄▄▄▄▄▄▄▄▄▄▄▄▄▄▄▄▄▄▄▄▄▄▄▄▄▄▄▄▄▄▄▄▄▄▄▄▄▄▄▄▄▄▄▄▄▄▄▄▄▄▄▄
█ ▄▄▄▄▄ █▄▄██▄▀▄██ ▄▄▀██▄▄▄▀ ▄   ██▀▀▄▄█▄▀  ▄▄ ▄ ██ ▄▄▄▄▄ █
█ █   █ █ ▀▀▀▀▀███▀▀▄███▀▀ ██▄ █▀█▄▀▄ ▄▀▄█▄▀ █▀▄ ██ █   █ █
█ █▄▄▄█ █▄ █  ▀ ▀▀█  ▀▀▀ █▀ ▄▄▄ ▄▄▄▀ █   ▄█▀▄█▄▀▄██ █▄▄▄█ █
█▄▄▄▄▄▄▄█▄▀ ▀ ▀▄█▄█▄▀▄█ ▀▄█ █▄█ ▀ ▀ █ █▄▀ ▀ ▀▄█ █ █▄▄▄▄▄▄▄█
█  ▄ ▀▀▄▀  ▀█▀▀▀▀█▀█▀█  ▄ ▀▄     █ ▄▀▀▀█ ▄ ▀▀███▄  █▀ ▄ █ █
██▄   ▀▄█▄█▄▄▄ ▀▀▄ ██ ▄▄▄████ ▀ █ █▀▄▄▀█▄█▀▄█ ██▀▄ ▄▀█ ▄▄▄█
██▀▄▀▄█▄ █▄█▄▄▄  ██▄▄ █▄▄▄ ▄█▀█▀██ █▄▄▄▀██ ▄██▄█▄█▀ █▀█▄█▀█
█ ▄ ██▄▄ ▄▀█▄  █▀██  ███▄▀ █ ▄█▀▄█▄   ▀ █▀  ▄▀ ██▄ █ ▄  ▀██
█▄█▄▀▄▀▄▄▀█ ▄▀ ▄▀▀▀▀▄█▀█ █▀ ▄▄ ▄  ▄ ███▄▀█ ▄  █ ▀▄▀▄ █▀██▀█
█ ██▀▄ ▄█▀█▀█ ▀▀█▀▄  █ ▀ █  █ █▀▀▄█  ▄▀▄█▀ ▀▀█▀ █▄   ▀██▀▀█
█▀▄  █▄▄▀▀ ▄ ▀ ██ ▄███ ▄▀█    ▀▀ ▀█▄ █ █▄ ▀▀▄▀█▄▄ ▀▄█ █▀▀ █
█  ▄ ▀█▄▀▀▄██  █▀▄██ ▄█▄  █▀ █▄▀ █▀▄██▀▀ ▀▄▄ ▄▀██▄▀ ▀█ ▄█▄█
█▀  ▄ ▄▄▄█  ▄█ ▄ █▄▄█ ▀█▄▄███▀▀█▄▄    ▀ ██▀█▄▀ █ █▀▀█▀▀▄▄ █
█▄▀▀  ▄▄▄ ▀  ▄█ ▄█▄▄▀▀█▄ ▀█ ▄▄▄ ▀ ▀▄▄ ▄▄    ████  ▄▄▄ ▀▀▀▀█
█▄ ▄▀ █▄█ ▀▄█▀█ ▄ █▄▄▄▀▀ █▀ █▄█  ▄▀ ▀█▄█ ▀▀▄▄  ▀▄ █▄█ ▄  ▀█
█▀▄▄▄▄▄▄ ▄ █▄▄███▄▀▀█  █▄█▄  ▄  █   ███▄▄ ▄████▄█   ▄ ▀█ ██
█ ▀ ▄▄█▄▄██ ██▀█▄█ █ ██ ▄ █▀▄▄▀▀▀█ ▄ █▄▄▄▄  ██▄▄▀   █▄  ▄▄█
█▀▀▄ ▀█▄▀▄█ ██ ▀   █▀  ▀█▀ ███ █▀ ▀ █▀▄▀▄█▀▀█▀  ▀▀▄▄█▀▀█ ▄█
██ ▄▀▀ ▄ ▄ ▄▄▄▄▄██  ▀███ ▄█ ███▄▀▀▀█ ▄  ▀██▄▄█▀▄█▀ ▀▀██ ▄██
█▄ █ ▄▀▄█▀▄ ▀█▀▀ ▄▀█  ▀ ▄▀▄  ▄▄█ ▄▀▄█ ███▀█  ▄██▀██▀▀ ▀ █▄█
█▀ █▀▄ ▄▀▀▄▄██▄▀▄ ▀█ █▄█ ▄▀   ▀▀█▄▄▀████▀▀ █ ▄█▀▄▀▀▀▀ ▀▀▀ █
█▄▀ ▀ ▄▄██▄█ █ ▀▀██▄▄▄█ █▄▀█▄▀▄▄█▀█▀██   █▄█ █ ▄█  █ ██▄▀▀█
█▀█ ▄▄▀▄▀▄ █▄▀▄ ▄▄▀▀█▄ █ ▀█ ▄▄ ▄▀██▄▄█▀█▄▄█▀ █▀▄▀  ▀█▄▄ ▄▀█
█ ▀ ▀▀▄▄▄▄▄▀▀▀▀ ██▀█▀█▀▀▄ ▀███ ▀█▀ █▀▀█▄█ █ ▀▀  ▀▀ ▄▄▀▀█▄ █
███████▄█ █ ██ █▀▄█ ▄  ▀ █▄ ▄▄▄  █ █▄   ▀█▄▄▄██▄█ ▄▄▄  ▀▀ █
█ ▄▄▄▄▄ ███▀▄▄▄     █▄▄▄▀█▄ █▄█  ▀ ████  ▀█ █▀ ██ █▄█ ▀ ▀▀█
█ █   █ █▀ ███▀▀▀█ ▀ ▄ █ ▀▄ ▄   ▄▄  ▀█ ▄▄▀▀█▄  ▀█▄▄▄ ▄▄█▀██
█ █▄▄▄█ █  █  █   █ ▄▀▄▄█▀█▄█▀█▀▄▀▀▀▄█  ▀▀ █ █▄  ▄   ▀▄▄█▀█
█▄▄▄▄▄▄▄█▄█▄█▄▄█▄▄▄█▄▄▄▄▄███▄▄███▄██▄█▄▄█▄██▄█▄█▄███▄▄▄▄███

Scan this QR code:
▄▄▄▄▄▄▄▄▄▄▄▄▄▄▄▄▄▄▄▄▄▄▄▄▄▄▄▄▄▄▄▄▄▄▄▄▄▄▄▄▄▄▄▄▄▄▄▄▄▄▄▄▄▄▄▄▄▄▄
█ ▄▄▄▄▄ █▀█▄▄ █ █▀█▀ ▀█▄█▄ ██▀ ▄▄ ▀█▄  ██▄▀▄▀▀▄▄ ██ ▄▄▄▄▄ █
█ █   █ █▀▄ ▀▄▀████▀▄█▄▄▀▀▀█▀▄▄ ▀▄█ ▀ █▀██▀▄▀▄ ▄ ██ █   █ █
█ █▄▄▄█ █▀ ▀▀█ ▄▄███▄ ▀▄▀ █ ▄▄▄ ▄▄▄▀█ ▄▀▀▀▀▄██▀▀▄██ █▄▄▄█ █
█▄▄▄▄▄▄▄█▄█ █ █▄▀▄▀ ▀ █ █ █ █▄█ ▀▄█ ▀▄█▄█ ▀ ▀ █▄▀▄█▄▄▄▄▄▄▄█
█ ▄   ▀▄  ▄▄█  █▄▄█▄ █▀█ ▀  ▄▄  ▀█▀█▀  █▀█▄▀██▄▄▀▀ █▄█▄▀ ▀█
██▀▀▀▀▄▄▄  ▄▀▄▄ ▄▄▀ ▀▀▀ ▀▀▀█▀█▀█▀▀▄██▄█▀ ▄ █▀ ▄▄▀ █▄▄ ▀▀▄▀█
█▀▄▀█▀█▄███  █▄▄█▄▀ ▀█▀▄  █▄█▀▀██▀▄█▀▄▀█▀▀  ▀▀▄█   █ ██▄▀▀█
█▄▄▀█▀ ▄█▄█  ▀██▄▄ ▀▀▄▄█▄▄▀█ ▄█▄█▀▀█▄ ▄█▄▀█▀▄█  █▄▄▀█▀▀ ███
█ ▀▀▄█▀▄█▀▀▄  ▄▀▄▄  ▀▄▀▀▀▀▀█▀   ██▀█▄▄ ▄▄▀█  ▀▄█▀▀▀█▀█▀▀▀██
█▄ ▀▄ ▀▄ ▀▀▀██▀█ ▀▀██▀ █▀▀▄▄▀ ▀ █▄▀▄ ▄▀▄█▀▄▀ ▀▄▀  ▀█  ▀▀▄██
█ █▄█▄ ▄ ▀▀▄ █▀█▄▀▄ ▄█▀█▀▄  █▀█▀ █ ▄   █ ▀▀▀▀█ █▄▀ ▄▀██▄ ▀█
█▀▀ ▄ █▄▀██ █ ▀▀▄ ▀█▄██▄▀█▀ ▄  ▀█▄█  ▀ ▄▄ ▀ ██▀  ▀▀▀▄ ▀▀▀██
█▄▀█▀█▄▄  █▀▀▄ ▄▄▄▄ █▄▀█▀ ▀█▀▀ ▀▄ ▄  ▄▀██▀ ▀ ██▄▀  █ ██▀▄ █
█▀▄▄  ▄▄▄  ▀▀▄█▀▀▀▄█ ▀▄██   ▄▄▄    █▄██▄▀ ▄▀      ▄▄▄ ▀  ██
██ █  █▄█ ▀ ▀▄▄▀█▄▄▀▀█▄█▀▀▀ █▄█ ▄▀█▄ ▄▀█▀█▄▀████▄ █▄█ ▀▀ ██
█    ▄▄▄ ▄█▀ ▀█▄  █ █▀█▀▄▄▀     ▀▄▄ ▀▄▀▄█▀ ▀▀ ▄ ▄▄▄▄  █ ▄██
█▄▀▀ ▀ ▄▄▄ ▀▄▄▀███▄▄ █▀▀▄▀▄▄▄▄▀  █▀█▄▄█▄ ▀▀ ██▀█▀▀▀█▀▄ █▄▀█
█▀█▄▄ █▄▄▀  ▀▄▄█▄▄▀ ██▀ ▀▄▀▄██▀ ██ ▄██▄ █ █▄▀ █▄ ▀ ██ ▀▀▄▀█
█▀▄ ▀▀▄▄ ▀ █▄  █▀█▀▄▀▀▀█▄ █▀▀███▄█▄█ ▄███▀▀▀ █▀▄▀▀ ▀▀▄▄█▄▀█
██▄▄   ▄▀▀█▄██▄ ▀█  ▀ ▀▄▄ ▄ ▀█  ▀▄ ▄▄ █▄▀▀▀▀█▄█  █ █▀██▀▄▄█
█▄▀█▀█ ▄ ▄▄ ▀▀▄█▄▄▀▄▄▄██▄▀█▀▄▄▀▀▀█▀█   ▄▀█ ▀ ██▄█▄ ▄▄▄▄▀▀██
███▄ ██▄███▄▀  ▀▄█▀  ▀▀ ▀▀▀▀▀▀ ▄▀██▀█   ▀▄▄ █  █▀▄ █▀▄  ▄▀█
█▀▀ ▄█ ▄█▄▄▀▄ █ █▄▀  ▄▀▄▀ █▀██   █▄▄▄▄██▀▀▀▀ ▀█▄▀█▄ ▄█▀▀█ █
█ ▀ ▀▀▄▄▀ █▄█▄▀▀▀█  ▄ ███▀ ▄▀▀▄▄▄▀▄▀▀█▄▄ ▀▄▄▀▄▄█▀▄▀▀█▄▀▀▄██
███████▄█▀█ ▀█ ▀██▄  ▄▀▀▀▀▀ ▄▄▄  ▀▄█▄▄ ▄██▄▀▄█▀▄▀ ▄▄▄   ███
█ ▄▄▄▄▄ █▄▄█▀ ▄▄  █▄  ▀ █▄▄ █▄█ ▄▀▀▄▀█ ▀▄▄▄████▄█ █▄█    ▀█
█ █   █ █ ▀▄▄ ▀▀▄▀  ▄█ ▀▀▄▀    ▄▄███   ▄▀██▀ ▀██▄▄ ▄ ▄█▀▄▄█
█ █▄▄▄█ █ ▀▄▀▄ ▀▄ █▄▄█▀█▀███▀█▀██▄▄  ▄▀█ █▄▀█▀▄▄█ ▀▄▀▀  ███
█▄▄▄▄▄▄▄█▄█▄▄▄██▄▄▄▄██████▄████▄▄▄▄▄▄▄█▄██▄▄▄█▄███▄█████▄██

Scan this QR code:
▄▄▄▄▄▄▄▄▄▄▄▄▄▄▄▄▄▄▄▄▄▄▄▄▄▄▄▄▄▄▄▄▄▄▄▄▄▄▄▄▄▄▄▄▄▄▄▄▄▄▄▄▄▄▄▄▄▄▄
█ ▄▄▄▄▄ █▀ █▀ ▀▀███  ▀▀▄ ▄▄█▄▄▄▄ ▀█▀▀▀▀▀▀▄▄ ▄▄▄▄ ██ ▄▄▄▄▄ █
█ █   █ █▀  ▀▄ ███▀ ▄█▄▄  ▀█▄█ ▄ ▄█  ▀█▀▄█▄  █ ▄ ██ █   █ █
█ █▄▄▄█ █▀▀▀█▄█▀▄█▄█▄ ▄█▀ █ ▄▄▄ ▄█▀█▄█▄▀▀▄▄▄▄ ▀▀▄██ █▄▄▄█ █
█▄▄▄▄▄▄▄█▄█ ▀ ▀ ▀▄▀ ▀ ▀ █ █ █▄█ ▀▄█ ▀▄█ █ █▄▀ ▀ ▀▄█▄▄▄▄▄▄▄█
█  ▄  █▄▄▄▄▄█▀ ▀ ▄▀▄ █▀▀▄▀      ▀█▀█▀  █▀█   █▄▄▀▀ █▄▀▄▀▄▀█
█  ▀█▄ ▄ ▄▄▀▀▀▄ ▄ ▀ ▀▀▀ █  █ ▄ █▀▀ ▀█▀█ ▀▀ ▀▀▀▄▀  ▄▄ ▄▀▀ ██
█▀▀▄▄▄▀▄ ██   ▄▄▄█▀ ▄▄▀▄    ▀█▀██▀██  ▀▄▀█▀▀█▀█▄▀▀▀▄█▀▀ ███
██ ▄ ▄▄▄▀▄ ▄▄▀▀█ ▄ ▄▀█ █▄ ▀█▀██ ██▄▄ ▀▀▄▄ ▀▄██  ▄ ▀█ ▄   ██
█▄▀ ▄  ▄   ▄█▄▄█▀▄ ▄▀█▄▀ ▀█▀▀ █▀▄▀▀▄▄ ▄█ ▀   ▀▄█ ▀███▀ ▀▀ █
█▀▀█▀  ▄██▀▀▀▄▀█▄█ ▄▀█▄▀▀▀ ▄▀  ██▄▀ █▀  ▀█▄██▀▄▀▀   ▄▀▀▀▀██
█▄▄ ▀▄▄▄ ▀▀█▄▄▀█▄▀▄▄▄█▀█▀▄▀ ▀▀▀  ▀▄█ ▄▀███▀  █▄█▄▀▀█▄▀█ ▀ █
██▄██▄█▄▀ █ ▀▀█ ▄ ▄ ▄█  ▀█▀ █▀█▄██▄ ▄▀█ ▄██▀██▄▀▄▀█  ▀▀▀▀██
██ ▄ ▄▀▄█ ▀█▀▄██▄█  █▄██  ██▀▀█▀▄ ▄ ▄▄▀▄▀██▀▄█▄█▀  █ ██ ▄▄█
██ ▀▀ ▄▄▄  ▄ ▀▄▀█▄▄█ ▀▄█  ▄ ▄▄▄    ▀▄▀█▄▀▀ █▄█ ▄▀ ▄▄▄ ▀  ▀█
█▀▄ ▀ █▄█ ▄▄▄▄▄▀▀▄▄▀ █▄█▀ █ █▄█ ▄█▄▄  ▄▄██▄▀ ▀▀▄▄ █▄█ ▄█▄ █
█▀ ▄█▄ ▄ ▄▄█  █▀▀▄█▀█▄▀▀ ▀▄ ▄▄▄▄█▄▄▀▀█ ▄   ▀███▄█▄▄▄▄▄▀▀ ▀█
█▄▀ ▀██▄▄▀▄▀█▄ █▄█▄▄ ██▀▀▀▄▀██▀  █▀█  █▄█▀ ▀ █ █▀ ▀  ▄  █▄█
█▀▄█▀█▄▄   ▄▄ ▄ ▀▄▀ ▀ ███▀▄▄▀▄▀ ▀▀▄▄▄▄  ▄ ▀▄█▄█▄ ▄ █ ▀  ▄▀█
█▄  █▀▄▄  ▄▄▄▀▄ ▀█▄▄▀▀▀█▄ █▄▀█  ▀████▄ ▄▀▀▀ ▄▀█▄▀█ ███▀▄▄▀█
██▀█▀█▀▄▄▀ ▄▀█▀▀▀█▀▄▀  ▀▄ █ ▀█▄ ▀█ █▄ ▄██▀█▀▀█▄▄▀▄▄▀ ▀▀▀▄▄█
█▄▄▄▄ █▄█ █▄▄█▀▄▀▄  ▄▄▀▀▀▀█▀█▄ ▄▀█▀█▄ ▀▄▄█▀ ▄█ ██▄▄ ▄▄▄▄█▀█
█ ▀▄█▀ ▄█▀▀██ ▄▀██▀ ▄ ▀ ▀ █▀ ▀  ██▀█▀▀ ▄▄█▄▀ ▀  ▀█▄▀▄█▀ ▀██
█ ▄█▄▀█▄▄▄ ▀▄   ██▀ ▄▄▀▄  ▄███ █ █▄▄▄▄▄▄██ ▀▀█▄█▀█ █▄▄█▀█▀█
█ ▀ ▀▀▄▄ ▀▀█ ▄█▀ ▀▀▄█▄ ▀███▄ ▀▀▄▀ ▄▀▄▄▄▄  █▄▀▄▄█ █▄█▀▄▀  ▀█
███████▄█ ▀ ▀▀ ▀▄█▄▄▀█▀█ ▀▄ ▄▄▄  ▀▄█  ▀▄▀█▀▀▄▀██▀ ▄▄▄ ▄▄▀ █
█ ▄▄▄▄▄ █▄▄ ▄██  ▄ ▀▄ ██▀▄█ █▄█ ██▀▄▀██▀▄ █ ██▀▄▀ █▄█ ▀▀▀██
█ █   █ █ █▀▀ █ ▄▀▀▄▄██▀▀▄  ▄  ▄ ▀█▄█ ▄█▀▀  ▄▀██▄  ▄  █ ▄▄█
█ █▄▄▄█ █ ▀▀▄ ▄█▄ ▀▄▄█ ▄▀██ ▄█▀██▄█▀▀▀ ▄▄▀▄▀    ▄  ▄██  ███
█▄▄▄▄▄▄▄█▄▄█▄▄▄▄██▄▄█▄██▄▄▄█▄██▄▄▄▄▄▄▄█▄▄██▄███▄▄▄▄█▄█▄█▄██

Scan this QR code:
▄▄▄▄▄▄▄▄▄▄▄▄▄▄▄▄▄▄▄▄▄▄▄▄▄▄▄▄▄▄▄▄▄▄▄▄▄▄▄▄▄▄▄▄▄▄▄▄▄▄▄▄▄▄▄▄▄▄▄
█ ▄▄▄▄▄ █▄▀▄ ▄▄▄▄▀▀█ █ ▄   ▀▀▀▄ ▄▄▀▀ ▄▄▀▄▄▄    ▄ ██ ▄▄▄▄▄ █
█ █   █ █ █▀██ ██▄█ ▄███ ▀ █ █▄▀▀▄▄▀▄ ▄▀▄▄▀█▀▄▀▄ ██ █   █ █
█ █▄▄▄█ █▄▀█▄▀▄█▀▀▄  ▀▄  █▀ ▄▄▄ █ ▀█▀█  ▀█ ▀▀▄▄▀▄██ █▄▄▄█ █
█▄▄▄▄▄▄▄█▄█ █ █ █▄█▄▀▄▀ ▀▄█ █▄█ ▀ ▀ █ █ ▀ █▄▀▄▀▄█ █▄▄▄▄▄▄▄█
█ ▄  █▀▄█▄▄ ▀▀▀█████▀█ ▄  █ ▄▄   █ ▄▀▀▀█ ▄▄ ▄███ ▀ █▀ ▄ ▀ █
█ █ ▄▄▄▄▀  ▀▄▄ ▀▀  ██ ▄▄ ▄ ▄ █  █ █▀▄▀▀▄█ █▄█▀█▄▀▄ █▄▀ ▄  █
██▄  ▀▀▄ ▄█▄▄▀▄ ▀▄█▄▀▀█▄▄▄▄  ▀█▀██▀▄█ ▄▀█▀▄█▀█ █▄▄ ▀█▀█ ▀██
█ ██   ▄▄▄▄▀  ▄███▄  ▄▀ ▄█ █ ▄██▄▀▀█ ▀▄▄█  ▀██▀▄  █▀█   ▄██
███▄ ▀ ▄▀ ▄ ▀█  ▄ ▀█▄█ ▀ ▄█▄▄▄ ▄▀▄▄ ██▄██▀ █▄▄█▀ ▄█▄▄▀ █▀ █
██▄█▄▄▀▄ ██▀▀▀▀▀▄▀█▀██▄██▄▄ █ ▄▄█ █▄ █▀▀▄█▀█▀▄  ▄▄██▄ ██▀██
███▄▄▀▀▄▀▀ █▀▀ ██ ▄▀██ ▄▀█▀ ▄ █ █▀▀█▄█▀█▄▄▀  █▀▄▄  ▄ ▄██▀ █
█▄█▀▀ ▄▄█ ▄▄▄ ▄▄▀▄   ▄    █▀▀▄▀▄ █ ▄ ▄▄█▀▄ █▀█▄▄▀▄▀ █▄ ▄█▄█
█ ▀▀█ ▀▄█▀ ▀██▄▄ ▄ ▄█ ███▄▀▀█▀▄█▄▄  ▄ ▀▀▀▀▄█ ▀▀▄██ ▀██▀█▄▄█
█ █▄▀ ▄▄▄ ██▄     ▄▄▀▀█▄█▀  ▄▄▄ ▀ █ ▄▄   ▀▄ ▀ ██▀ ▄▄▄ ▀▀▀██
█ ▄ █ █▄█ ▀█ ▀█▀  █▄█▄▀▀ ▄█ █▄█   ▄ ▀▀▄█▄▀▀▄▀▄▀ ▄ █▄█ █▄▄▄█
██▀▀▄  ▄▄▄▀▀▄██ ▄ ▀ ██▄▄  ▀▄▄ ▄▄▀ ▀ ▀▄▄█▀▀█▀▀   ▄▄  ▄▄ █▄▀█
█ █▀▄  ▄ █▀ ▄█ █ █▀█▀█ ▄▄ █▄█▄▀▀▀█ ▄▄▀ █▀  ▀▀▀▄█▀▀ █▄█ ▄█▀█
██▄██▄▄▄▄▄█▄ ▀ ▄▀▀ █ █▄▄▄▄██▄█ █▀▄█ ▀▀▀▀▀ ▄ ▄▀▀  ▄▄▄█  ▄█▄█
█ ▄▄█▀ ▄ █▄█▄▄ ▀███ ▀███ ▄████▄ ▄▀ █▄ █▀▀▀██ ██▄██ ██▄ ▀█▄█
█▄█▄▀▀ ▄ ▀▄█▀█▄▄ ▄ ▀   █▄▀█  ▄▄█ ▄▀█▄▀▄▄  ▀ █▄▄▀ ▄▀█ ▄█ █▄█
█▀█▄▄▀▄▄▄█▄▄▀▄▄▀▀  ▀ █ ▀█▄▀ ▀  ▄█▄▄▀▀█▄█▄▀▀▄▄▄  ▄▀██▀ █ █▄█
█▀█ ▄  ▄█▀█▄██▄  ██▄ ██ █████▀▄ ▀▀█▀▀▄  █▄▄ █▄▄▀██▀██▄▀█▄██
█  ▄█▀█▄█▀  ▄▀▀ ▄█▀▀▀▄ █▀▀██▄▄ ▀▀██▄▄██▄   ▀▀▀▄▄█▀▀█ ██▄▄ █
█ ▀ ▀▀▄▄▄▀  ▄▀█ ▄▀▀█ ▀ ▀▄▄█▀▄██▀   ▄ ▄▄███ ▀▀█  ▀▄▄ ▄ ▀█ ▄█
███████▄█ ▀ █▀ █▀█  ▀ ████▀ ▄▄▄  █ █    █▀██ █ █▀ ▄▄▄ ▄████
█ ▄▄▄▄▄ ███▄▀▀█▄█▄██▀▀ ▀█▄█ █▄█ ██ █▄█▀▀█▀▄█▄▀▄█▄ █▄█  ▀▀██
█ █   █ █▀▄ █ █ ▀█▀█ ▄██ ▀█  ▄     ▀▀█▄█ █▄▄   ▀▄ ▄▄▄ ▄▄ ▄█
█ █▄▄▄█ █ ▄█▀▄██  ▀ ▄▀███▀█▀███▀█▀  ▄ ▀▀█▄ ███ ▄▀▄▀ ▀▀▄▄█▀█
█▄▄▄▄▄▄▄█▄███▄█▄██▄█▄█▄▄█▄███████▄██▄█▄▄▄▄▄████▄█▄██▄██▄███

Scan this QR code:
▄▄▄▄▄▄▄▄▄▄▄▄▄▄▄▄▄▄▄▄▄▄▄▄▄▄▄▄▄▄▄▄▄▄▄▄▄▄▄▄▄▄▄▄▄▄▄▄▄▄▄▄▄▄▄▄▄▄▄
█ ▄▄▄▄▄ █▀▀ █▄ ▀▄  ▄▄▄    ▄▄█▀      ▀ ▄▄ ▀▀  ██▄ ██ ▄▄▄▄▄ █
█ █   █ █▄▀▀ ▄▄██▄▄▄ ▄██▄████▄█ ▄█▄▀▀█▀▀ █▀▄▀▄▀▄ ██ █   █ █
█ █▄▄▄█ █ ▄▀█▄ ▄██▄▀▀███▀▄  ▄▄▄  ▄ █▀▀▀▄█▄▄  ▄ ▀▄██ █▄▄▄█ █
█▄▄▄▄▄▄▄█ ▀ ▀ ▀ ▀ █▄▀ ▀▄▀▄█ █▄█ ▀▄█▄█ █ █▄▀ ▀ ▀▄█ █▄▄▄▄▄▄▄█
█▄▄█ ▀▀▄ █▄ █ ▄▀▀█▄ ▄█  ▀█    ▄▄██ ▄▄▄▄█ ▄█▄▄████▄█▄  ▀▄ ▀█
█▄█▄▄█ ▄▀▀ ██▀▀██ ▀▄▄▄  █▄▀ █  ▀▄▄▀███▄▀ ▀ ▀▄▄███▀  ██▀██ █
██▀▄▀▀█▄▄▀ ▀▄▄▄██ █▄▄█ ▀▄▄ ▀▀ █▀█ █ ▄▄▀█   ██ ▄▀▄▄▀█▄▄▀▄█▄█
██ ▀██▀▄▄▄▀█▀███▀█▀▄██▄▄▀▄██▀█ ▄▀█▄ ██ ▀█▀▀▀▀▀▄▄▀▀██ ▄▀█▄██
█ █▄▀  ▄██▀▄█ ▀ ▄█ ▄▄  ▀ ▄ ▄  ▀▄▀▄ █ ▄▄▀█▀ ██ ██ █  ▄▀ █▄██
█▄ █▀▀ ▄█▄ ▄█ ▀▄▀▄▄ ▄██▄▄█ █ ██ ██ █ ▀▀ ▀▄ ▀▄▄▄▄█▄▄██▄██▄ █
███  ██▄▄▀ ▄ ▄███ ▀  █ ▄▄ █   ▄▄ ██▄█ ██▄▄▄▄▄▀█▄▀██▄█  ▄▄▀█
█▀▀ ▄▄█▄ █▄ █  ██ ▄▄▀ ▀ ▀▀▄█▄▀█ ▀▀█ ▄▄ █▄███▀ █▀▄█▀ ██▀█▄ █
█▀ █▀▀▄▄█▀▀█▄█▀ █ ▄▄██▄ ▄▄█  ▄▀█▄▀██  ▀█  ▀█▄▄█ ▄▄ █ ▄▀▄▄██
█▀▄▀  ▄▄▄ ▄ ▀   ▄█▀▀▄▀█▄█▄█ ▄▄▄ ▄ ▀▄▀█▀   ▀█ █▀▀▄ ▄▄▄ ▄▄▄▀█
██▀▀▄ █▄█ ▀ ▄  ▀ ▄▄██ ██▀▄  █▄█ ▀ ▀█ ▄█ ▄██▄█▄▄██ █▄█ █ ▀██
█  ▄   ▄▄ █ ▄▄█  ▀  ██ ▀▄█▄ ▄   ██▄█▀▀▀▀▀█ ▀█▄▀ ▀    ▄ ▄  █
█▀ █ ▄ ▄▀▀█   ▄█▄▄█  ▄▄ █▄ ▀█▄▄▄▄█ ▄█ █▄▄ ▄▄▄▀██ ██ █▄▄██▄█
██▄▀▄█▄▄█▀▀▄▄▄▀███▀▄ █▄█▄ ▀▀▄▀▀▄  █▄  ▄▄▀   ▄█▄█▀ █ ▀▄ ▄█▄█
█▄█▀▄▄ ▄ ▀█▀ ▀▄▀    ▀    ▄██  ██▄▄▄ ▄  █▄▄█▄  ▄▀█▀ ▄▄ █ █▀█
█▀██ ▄▄▄ ▀▀▄     ▄▄ █ ▀ ▀▄▀  ▄█ ▄█▀▄▀▄ ██  █████▄  ▀▀ ▄█ ▄█
█ ▀▀█▀ ▄ ██▄▄█ ▀ ▄ ▄▀▀ ▀▀█ ▄▄▄  ▄  █▄▄▄▀██▀▄▀ ▀██ ▄▀█▄▄▄ ▄█
█▄▀█▄▄▀▄█ ▀█ █ ▄▄ █▄▄▀ ██▄█ ▀▄▄▄█▄▄ ██▄██  █  █▀█ ▄ █ ▄█▀▄█
█▄  █▄▀▄▀  █▀▄▄ ▄▄▄▄ ▄ ██▄▀█▄▄█▀▄██▄▀ ▀▄▄▄█▄███▄  ▀▄█▄ ▀▀▀█
█ ▀ ▀▀▄▄██ █   ▄▀▀▀▄ ▀▀▄█▀▀▀▀▀▀ ▄█▄   ▄█▀ ██ █▀▄▀██ ██▄██▄█
███████▄█▀ ███  █▀   ▄▀▄▄▄▄ ▄▄▄   █ ▄▄ █ ▄█▄▀ ▀▀█ ▄▄▄  ▀███
█ ▄▄▄▄▄ █▄█▀▀▀▀  ███  ▄▄▀▀▀ █▄█ ██ █▄█  ▀▀ ▄▄█ ██ █▄█ ▄█▄██
█ █   █ █▀▄▀ ▀ ██▀▀ ▀ ▄▀▀ █▄ ▄  ▀▄▄▄  ▀ ▄█ ▄█ ▄█▄▄▄ ▄ █▄▀ █
█ █▄▄▄█ █▀ ▀ ▀ ▀███ ▄▄▀▀█▀█▀▄ █▀█▄▄▄▄█ █▄▄ █  ▀█ ▄ █▄ ▄▄█▄█
█▄▄▄▄▄▄▄█▄██▄▄▄▄▄▄█▄█▄▄▄█▄▄██▄▄▄▄▄███▄█▄█▄▄▄██▄██▄▄█████▄██

❌ Bot disconnected (408), reconnecting in 5s...
❌ Bot disconnected (408), reconnecting in 5s...
Scan this QR code:
▄▄▄▄▄▄▄▄▄▄▄▄▄▄▄▄▄▄▄▄▄▄▄▄▄▄▄▄▄▄▄▄▄▄▄▄▄▄▄▄▄▄▄▄▄▄▄▄▄▄▄▄▄▄▄▄▄▄▄
█ ▄▄▄▄▄ ██▀██ █ █▄▄▀▀ ▀█▀▄▀▄▀ ▀▄█▀█▄▀▄█ ██▀▄█▀ ▄ ██ ▄▄▄▄▄ █
█ █   █ █▀ ▄▀▄▀▀ ▀█▀▄     ▀▀█ ▄   ▀▄▀▀██▀▀▀▄▀ ▄▄ ██ █   █ █
█ █▄▄▄█ █▄ ▀██ ▄ ███▄ █▄▀ █ ▄▄▄ ▀█ ▀█▄▄▀▀ ▀▄▀▄█▀▄██ █▄▄▄█ █
█▄▄▄▄▄▄▄█▄█ █ █▄█▄▀ ▀ ▀ █ █ █▄█ ▀▄▀ ▀▄█▄▀ ▀ ▀ ▀▄▀▄█▄▄▄▄▄▄▄█
█ ▄██▀▄▄ ▀▄▀ ▄ ▀  █▄ ▀█▀ ▀▄▄    ▀▀█▀▀  ▀█▀▄▀█▀  ▀▀▀▀█ ▄▀▀██
██▀▀█▀▄▄ ▄▀██▀▄  ▄▀ ▀▀█ ▀▀▀█▀█▀█▀▀ ▀█▄██▄▄ █▀ ▄ ██▄█▄█▀▀▄▀█
█▀█▄  ▄▄█▄ ▀▀███▀█   ▄██▀ ▄█▀▄ █▄ ▀█ ▄ ▄█ ▀▀   █ ▀▀▄█ ▄   █
█ █▀ █ ▄▄▀▀▄ ▀█▀    ▀   ▄▄▀▀▄ ▀ ██▀ ▄▄▀▄ ▀█▀▄█   █▄█ ▄  █▀█
█▀█▄ █▀▄█▀█▄  ▄▀█▄ ▄▀███▀ ▀██  ▀████▄  █▀▀█  █▀▄▀▀▀███▀▀▀██
█▄ █▄█▄▄▀ █ ▄█ ▄▄▄ ██ ▄▄█▄███▀ ▀ ███▄▀▀▄█▀▄▀▀  ▀▀   ▄▀ ▀▀ █
█▀▄ ▀▀█▄ ██  ▀▀▀ █▄ ▄▀█▀▀▄ ▄▀██▀ █▄ ▄  ▀▄█▀▀▀▀▄▀▄▀▀ █▀█▄ ██
█▀▀  █▀▄█▀▀▀  ▀█  ▀█▄█▀▄▀█▀    ▀█▄▀    ▄  ▀ ███  ▀██ ▄▀▀▀██
█▄ ▄█▀▄▄▄ ▄██ ██ ██ ▄██▄  ▄▄█ ▀▀█▀ ▀▀▄ ▄▀ ▀▀▀▄▀█▀  ██▄▄▀█▀█
█▀▄ ▄ ▄▄▄ ▄ ▄█▀▀██▄█ █ ▀█ ▀ ▄▄▄  ▄▄▀▄█▀▄█▄▄█ ▄▄▄  ▄▄▄ ▀  ▀█
██  ▄ █▄█ ██▀▄▀▀▀▄▄▀▀█ █▀▀▀ █▄█ ▄▀▀▄ ▄▀███  ██ ▄  █▄█  ▀ ██
██▀ ▄▄ ▄  ▀ ▀▀▄█▄▀▄▄▄  ▀█▄▀▄▄    █    ▄▄█  █ ▀▄█  ▄ ▄ ▀▀█▄█
█▀█▀ █ ▄▀▄▄█▄▄▀▀█ ▄ ▀ █▀▄▀▄ ▀▀▀  ▀█▀  ▀ ▄█ ▀▄▀▀▀█▀▀▀ ▀▀█▄▀█
█▄ ▄  █▄▀█▄ ▀▄▄█▄▀▀ ▄▀█   ▀▄▀▄▀ ██▄▄█▀█▀▄█▄▄▀▄▀█▀▀ ██▄▀▀ ▀█
██▄▀█ █▄▀ ▄▄██▀▄█▄ ▄  █▄█ ▄ █▄  ▀  ▄▀▄▄▄▀▄ ▀▀ ██ ▀▀ ████▄ █
██▄ ▄▄ ▄▀████ ▄▀█▀  ▀▄█ ▄ ▄▄█▀▄   ▄ █ █ █▄▀▀▄▀▀▄ █ ▀█▀█▀▄ █
█▄▀██▀▀▄ ▄█▄▀▀▀▀ ▄▀▄▄▄▀█▄▀█▀ ▄▀▀▀███   ▄██ ▀ █▀▄█▄▄▀ ▄▄▀▀██
██▄█▄▀ ▄▄▄██ ▀ █ ▄  ▀ █▀ ▀  █ ▀▄ ▄▀ ▄ ▀▀███ ▄▀ ▄    ██▄ █ █
█▀▀▀█ █▄██▀ ▄ ▄▄▀ ▀   █ ▀ █▄▀▀   ▀  ▄▄█ ██   ██ █▄ ▀█  ██▄█
█ ▀ ▀▀▄▄██▀▄█▄▀▀██▄█▄ █ █▀  █▀▄▄▄▀ ▀▀█▄  ▀▄▀█ ▀▄ █▄▀▀▄▀▀▄██
███████▄▄ ▀▀ █▀ ▀██  ▄  ▀▀  ▄▄▄ ▀  ▄▀ ▄█  ▀ █  █  ▄▄▄ ▀   █
█ ▄▄▄▄▄ █  ▀▀ ▄ ▀▄█▄█▀█▄▄▄▄ █▄█ ▄▀█ ▀▄ ▄▄▄█▄▀▄ ▀  █▄█    ▀█
█ █   █ ███▄▀▀▀▀ ▀  ▄█▄▀▀▄▀ ▄▄ ▄ ▀▀█▀  ▄█▀█▀▀█▀██▄ ▄ ▄█▀███
█ █▄▄▄█ █▀█▄  █▄ ▀▄▄█▄█▄ █▄▄▀  ██▄ ▀ █ ▄▄██▀▄▀ █▄  ██▄▀ ▄▄█
█▄▄▄▄▄▄▄█▄▄▄▄██▄▄▄▄▄██████▄█▄▄█▄▄▄▄▄▄▄█▄██▄▄▄█▄███▄█▄███▄██

Scan this QR code:
▄▄▄▄▄▄▄▄▄▄▄▄▄▄▄▄▄▄▄▄▄▄▄▄▄▄▄▄▄▄▄▄▄▄▄▄▄▄▄▄▄▄▄▄▄▄▄▄▄▄▄▄▄▄▄▄▄▄▄
█ ▄▄▄▄▄ █▀ █▀ ▀ ▀▀▄▀ █ ▄▄ ▄█▄▄▄▄ ▀▄▀█▄▄▀█ ▄▄▀▀▄▄ ██ ▄▄▄▄▄ █
█ █   █ █▀  ▀▄ ██▄▀ ▄█▄▄▀ ▀█▄█ ▄▀██ ▀▀█▀▄█▄ ▄▄ ▄ ██ █   █ █
█ █▄▄▄█ █▀██▄ █▀▄█▄█▄ ▄█▀ █ ▄▄▄ ▀▄▀█  ▄▀▄▄▄▄▄ ▀▀▄██ █▄▄▄█ █
█▄▄▄▄▄▄▄█▄█ ▀▄▀ ▀▄▀ ▀ ▀ █ █ █▄█ ▀▄█ ▀▄█ █ █▄▀ ▀ ▀▄█▄▄▄▄▄▄▄█
█  ▄ ▄▀▄   ▀▄  ▀ ▄▀▄ █▀▀▄▀ ▄    ▀█▀█▀  █▀█   █▄▄▄▀ █ ▀▄▀▄▀█
█  ▀██ ▄██▄▄ █▄ ▄ ▀ ▀▀▀ █ ▀▄ ▄ █▀▀ ██▀█▄▀▀ ▀▀▀ ▀ ▀█▄▀█▀▀ ██
█▀▀ █▄▀▄█▄    ▄▄▄█▀ ▄▄▀▄    ▀▀▀██▀██   █▀█▀▀█▀▄▄▀ ▀▄▀██ ███
█▄▀▀ ▄▄▄ █ ▄▄▀▀█ ▄█▀▀█ ▀▄ ▀█ ▄▀ ██ █▄▀▀▀ ▄  ██  ▄█▀█ ▄ ▀ ██
█ ▄█▀  ▄   ▄█▄▄█▄█  ▀▄█▀  █▀▀ ▀▀▄▀ █   ▄█▀ ▀ ▀▄█ ▀███▀ ▀▀ █
█ ▄▄  ▄▄██▀▀▀▄▀██▄ ▄▄▀▄▀▀█ ▄▀ ▀█▀ ▀ ▀█▀  ▀████▄▀▀ ▄ ▄▀▀▀ ██
█   ▀██▄ ▀▀███▀█▄▀▄▄▄█▀█▀▄▀ ▀▀▀ ▀█▄██▄▀█▀▀▀  █▄█▄▀ ▄▄▀█  ▀█
██▄██▀▀▄▀▄█ ▄▀█▄▄ ▄ ▄█  ▀█▀ █▀█▄█▄▄ █ █ ███▀▄▄▄▀▄▀  ▄▀▀▀▀██
██ ▄ █▄▄ ▀▀ ████▄█  █▄██  ▀█▀▀█▀▄ ▄ ▄▄▀▄▀██▀▄█▄█   █▀▀█ ▄▄█
██ ▀▀ ▄▄▄ ▄▀ █ ▀█▄▄█ ▀▄█  ▀ ▄▄▄    ▀▄▀█▄▀▀▄▀▄█▄ █ ▄▄▄ ▀  ▀█
█▀▄██ █▄█ ▀▄▄▄▀ ▀▄▄▀ █▄█▀ ▀ █▄█ ▄█▄█   ███▀  ▀██▀ █▄█ █▄▄ █
█▄▄▄▄  ▄▄▄▄█  █▀▀▄█ █▄▀▀ ▀▄ ▄▄▄▄█▄█ █▀█▀▄ ▀█▀▀  ▀▄    █  ▀█
█▄▄▀▄██▄▄▀▄▀█▄ █▄▄  ▀▄▀▀▀▀▄▀▄▄▀  █▀█▄ ▄▄▄▀▀ ██▄▄▀ ▀ ▀▄ ▀▀ █
█▄▀▀▄█▄▄██ ▄▄ ▄  ▀▀ ▄▀██▄█▄▄█ ▀ ▀▀▄▄▀▄     ▄█ ██ ▄ █▀█  ▄▀█
█▀▄ █▀▄▄  ▄▄█▄▄ ▀█▄▄▀▀▀█▄ █▄▀█▄▄█▀███▄ ▄▀█▀  ██▄▀█ ███▀▄█▀█
██▀█▀█▀▄▄▀█▀█▀██▀█▀▄▀  ▀▄ █ ▀█▄ ▀▄ █▄ ▄██ █▀ █▄▄▀▄▄▀ ▀▀▀▄▄█
█▄▄▄▄▄█▄█ ▀█ ▀ ▀▀▄  ▄▄▀▀▀▀█▀█▄ ▄▀█▀█▄ ▀▄▄█▀ ▄█ ██▄▄█▄▄▄ █▀█
█ ▀▄█ ▄▄█▀▀ ▄ ▄▄██▀ ▄ ▀ ▀ █▀ ▀  ██▀█▀▀▄ ▄█▄▀ ▀▄ ▀▀ █▄█  ▀██
█ ▄  ▄▄▄▄ █ ▄ █ ██▀ ▄▄▀▄  █ ██ █ █▄█▄▄▀███▀▀▀█▄▄█ ▀▀▄▄  █▀█
█ ▀ ▀▀▄▄▀▄▀█ ▄█▀ ▀▄▄█▄▀███▄  ▀▀▄▀ █▀  ▀█ ▄█▄█▄▄▄█▄▀▀  ▀▀ ▀█
███████▄▄ ▀ ▀▀ ▀██  ▀█▀█▀ ▄ ▄▄▄  ▀▄█   ▄▀██▀▄▀▄██ ▄▄▄ ▄▄█▄█
█ ▄▄▄▄▄ █▄▄ ▄██ ▄█ ▀▀▀██▀▀█ █▄█ █▀▀▄█▄█▀ ▀▄▀▀▄ █▄ █▄█ ▀▀▄▀█
█ █   █ █ █▀█▄█ ▄▀▀▄▄██▀▀▄     ▄ ██▄  ▄██▀   ████  ▄▄ █ ███
█ █▄▄▄█ █ ▀█ ▀██▄ ▀▄▄█ ▄▀██  █▀█▄██▀ ▀ ▄█ ▄▀ ▀  ▄  ▄██  ███
█▄▄▄▄▄▄▄█▄█████▄██▄▄█▄██▄▄▄██▄█▄▄▄▄▄▄▄█▄▄██▄███▄▄▄▄███▄█▄██

Scan this QR code:
▄▄▄▄▄▄▄▄▄▄▄▄▄▄▄▄▄▄▄▄▄▄▄▄▄▄▄▄▄▄▄▄▄▄▄▄▄▄▄▄▄▄▄▄▄▄▄▄▄▄▄▄▄▄▄▄▄▄▄
█ ▄▄▄▄▄ █▄▀▄ ▄▄█▀█ ▄ ▀ █ ▄ ▀▀▀▄ ▄▄██▀▀ ▀ ▄  ▄▀ ▄ ██ ▄▄▄▄▄ █
█ █   █ █ █▀▀█ ████ ▄███▀  █ █▄▀ █▄▀ ▀▄▀▄█▀█▀▄▀▄ ██ █   █ █
█ █▄▄▄█ █▄▀▀▄ ▄█▀▀▄  ▀▄  █▀ ▄▄▄ ▄▀▀█ ▀  ▀█ ▀▀█▄▀▄██ █▄▄▄█ █
█▄▄▄▄▄▄▄█▄▀▄▀ █ █▄█▄▀▄▀ ▀▄█ █▄█ ▀ ▀ █ █ ▀ █▄▀▄▀▄█ █▄▄▄▄▄▄▄█
█ ▄  ▀█▄█▄▄█ ▄▀█████▀█ ▄  ▀▄▄▄   █ ▄▀▀▀█ ▄▄ ▄███ ▀ █▀▄▄ ▀ █
█ █ ▄█▄▄█▀▄▄ ▀ ▀▀  ██ ▄▄ ▄██ █  █ ▀▀▄▀█▄█ █ █▀▀ ▀█▀▄ ▀ ▄  █
██▄█ ▀▀▄ ▄█▄▄▀▄ ▀▄█▄▀▀█▄▄▄▄▀▀██▀██▀██  ▀█▀▄▄▀█▄███ ▀▀█▀ ▀██
█▀█ ▄  ▄██▄▀  ▄███ ▀ ▄▀ ▄█ █▀███▄▀█  ▀▄█▀ ▀███▄█▀▀█▀█▀ ▀▄██
█▀█▄▀▀ ▄▀ ▄ ▀█  ▀ ▀▀▄█ ██▄█▄▄▄ ▄▀▄▄▀██▄█▄▀█▄     ▄█▄▄▀ ▄▀ █
█   █▄█▄ ██▀▀▀▀▀█▄█▀██▄█ ▄▄ █ ▄▄█▄█▄ ▄▀▀▄▄ ███▀▀▄▄▀▀▄ ██ ██
█▀ ▄▄▀▄▄▀▀ █▀  ██ ▄▀██ ▄▀█▀ ▄ █ ▀▀▀█ ▀▀█  ▀ ▀▀▀▄▄ ▀▄ ▄██ ▀█
█▄█▀▀▄▄▄█▄▀▄ ▄▀▀▀▄   ▄    █▀▀▄▀▄ ▄ ▄ █▄█▀█ █ █▄▄▀▄▄▀▀▄ ▄█▄█
█ ▀▀█  ▄ ▀ ▄█▄██ ▄ ▄█ ███▄█▀█▀▄█▄▄  ▄ ▀▀▀▀▄█ ▀▀▄▄▄▀▀ █▀█▄▄█
█ █▄▀ ▄▄▄  ▀▀▄    ▄▄▀▀█▄█▀▄ ▄▄▄ ▀ ▀▄▄▄▄▄ ▀▄ ▀ ██▀ ▄▄▄ ▀▀▀██
█ ▄ ▀ █▄█  █ ▀█   █▄█▄▀▀ ▄█ █▄█     ▀▀ ▄▄▀▀█▀▄▀   █▄█ ██▄▄█
█  ▄▀▄▄▄▄ ▀▀▄██ ▄  ▄██ ▄    ▄ ▄▄▀  ▀▀ ▀ ▀█ ▀▀▄██▄▄▄▄  ▄▄▄▀█
█▄ ▀▄  ▄█▀▀ ▄█ █ █▄█ █▄▄  █▄██▀▀▀█ ▄▄▀▀▄ ▄▄▀ █▄▄▀▀ ███▀██▀█
██▀█▄▄▄▄▀▄█▄ ▀ ▄▄▀ █▀▄▄▄█ ████ █▀▄█  ▄▀▀▀▄█  ▀▀  ▄▄▄▀  ▄ ▄█
█ ▄▄█▀ ▄ █▄█▄▀ ▀███ ▀███ ▄████▀█ █ █  █▀▀████▀█▄██ ██▄ ▀█▄█
█▄█▄▀▀ ▄ ▀███▀ ▀ ▄ ▀   █▄▀█  ▄▄█ █▀█▄ ▄▄▀ ▀ ▄█▄▀ ▄▀█ ▄█ █▄█
█▀█▄▄▄█▄▄█▄█▀█▄█▀  ▀ █ ▀█▄▀ ▀  ▄█▄▄▀▀█▄█▄▀▀▄▄▄  ▄▀▀ ▀ ▀▄█▄█
█▀█ ▄▄▄▄█▀▄  █▄▀ ██▄ ██ ██▀██▀▄ ▀▀▀▀▀▄▄▄█▄ ▄█▄▄█▀  ██▄ █▄██
█  ▄  ▀▄ ██ ▄▀▄▄▄█▀▀▀▄ █▀▀█▀▄▄ ▀▀█▀▄▄█▀▄   ▀▀▀▄▄█  ▄█▄▄▄▄ █
█ ▀ ▀▀▄▄▀█  ▄▀█ ▄▀▄▄ ▀▄█▄▄██▄██▀  ▀▄▄   ▀▀█▀▀▀▀▄█▀ ▄ █ █ ▄█
███████▄▄ ▀ █▀ ██▄▄▄ ▀ ▀██▀ ▄▄▄  █ █▄ ▀ ███▄▄█▀▄█ ▄▄▄ ██▀██
█ ▄▄▄▄▄ ███▄▀▀█▄██████ ▀▄██ █▄█ ▀▀ ██▀ ▀ ▄▄█  ███ █▄█  ▀█▀█
█ █   █ █▀▄  ▀█ ▀█▀█ ▄██ ▀█  ▄  █  ▀▀█▄█ ▀▄▄▀  ▀█ ▄▄ ▄▄▄▀▄█
█ █▄▄▄█ █ █▄▀██   ▀ ▄▀███▀█▀▄▀█▀█   ▄ ▀▀▄█ ███ ▄▀▄▀ ▄▀▄▄█▀█
█▄▄▄▄▄▄▄█▄█▄█▄████▄█▄█▄▄█▄███████▄██▄█▄▄▄▄▄████▄█▄██▄▄█▄███

Scan this QR code:
▄▄▄▄▄▄▄▄▄▄▄▄▄▄▄▄▄▄▄▄▄▄▄▄▄▄▄▄▄▄▄▄▄▄▄▄▄▄▄▄▄▄▄▄▄▄▄▄▄▄▄▄▄▄▄▄▄▄▄
█ ▄▄▄▄▄ █▀▀ █▄▀▀▀▄▀█▄ ▀▀▄ ▄▄█▀    ▄ ██▄▄ ▀▄ ███▄ ██ ▄▄▄▄▄ █
█ █   █ █▄▀▀ ▄▄██▄▄▄▀▄███████▄█ ██▄▀█▄▀▀▄▄▀▄██▀▄ ██ █   █ █
█ █▄▄▄█ █  ▀ ▄ ▄██▄▀▀███▀▄  ▄▄▄ ▀  █▀█▀▄ ▄▄ ▀█ ▀▄██ █▄▄▄█ █
█▄▄▄▄▄▄▄█ ▀▄█ ▀ ▀ █▄▀ ▀▄▀▄█ █▄█ ▀▄█▄█ █ █▄▀ ▀ ▀▄█ █▄▄▄▄▄▄▄█
█▄▄█ █▀▄▄█▄▄█▀▄▀▀█▄ ▄█  ▀█ ▄  ▄▄██ ▄▄▄▄█ ▄█▄▄██████▄▄▄▀▄ ▀█
█▄█▄▄▄ ▄▄▀█▀  ▀██ ▀▄▄▄  █▄█▀█  ▀▄▄▀███▄▀ ▀ █▄▄▀▀▄▄▀▀▀█▀██ █
██▀ ▀▀█▄█ ▀ ▄▄▄██ █▄▄█ ▀▄▄  ▄ █▀█ ▄ ▄▄▄█  ███ ▄  █▀█▄▄█▄█▄█
█▄ ▄▀█▀▄▄▄▀█▀███▀█████▄█▀▄██ ▄▄▄▀█▄██▀ ▄▀█ ▄██▀█▄▄██ ▄█▄▄██
█ ██   ▄██▀▄█ ▀ ▄▄▄ █▀ ▀▀▄ ▄   ▄▀▄ █▀▄▄▀▄█ █▀ ██ █  ▄▀▀▄ ██
██▄▄▀▀▄▄█▄ ▄█ ▀▄▀▀▄ ▀▄█▄▀█ █ ██▀▀▀ █    ▄▄ ▀███▄█▄ ▀█▄██▄▄█
██▀  ▀ ▄▄▀ ▄ ▄███ ▀  █ ▄▄ █   ▄▄█▀█▄█▄███ ▄▄ ▀█▄▀█▄██  ▄▄▀█
█▀▀ ▄▀█▄▄▀▀ ▀▄▀▀█ ▄▄▀ ▀ ▀▀▄█▄▀█   █ █▄ █▄███ ▀█▀▄█  ██▀█▄ █
█▀ █▀ ▄▄▄ █▀ ▀█▀█ ▄▄██▄ ▄▄▀▄ ▄▀█▄▀██  ▀█  ▀█▄▄█ ▄▄▀▄▄▄▀▄▄██
█▀▄▀  ▄▄▄ ▀▄█▄  ▄█▀▀▄▀█▄█▄  ▄▄▄ ▄ ▀▄▀█▀▄  ▀█ █▀▀▀ ▄▄▄ ▄▄▄▀█
██▀▄▀ █▄█ ▄▄▄ ▄█ ▄▄██ ██▀▄▄ █▄█ ▀ ▄█ ▄█▀▄█ ██▄▄▄▄ █▄█   ▀██
██ █  ▄▄▄▄█ ▄▄█  ▀█ ████▄██ ▄   ██▄▄█▀▄███▄██  █  ▄   █▄  █
██   ▄ ▄ ▀█   ▄█▄▄█▄██ ▄▄▄ ▀█▄▄▄▄█ ▄▄ ▀██▄▄█ █ ▄▄▀█ █████ █
█ ▄▀██▄▄▀▄▀▄▄▄▀███▀▄ ▄▄█▀▄▀▀█ ▀▄▄▄█▄▄▀██▄█▀▀█ ▄▄  █ ▄  ▄▀▄█
███▀▄▄ ▄ ▀█▀██▄▀    ▀    ▄██  ▀▀ ▄▄ ▄▄ █▄▄█▄▄ ▄▀█▀ ▄▄ █ █ █
█▀██ ▄▄▄ ▀██ ▀▄▄ ▄▄ █ ▀ ▀▄▀  ▄█▄██▀▄ █ ██▀ █▄▄██▄  ▀▀ ▄█ ▄█
█ ▀▀█ ▄▄ █▄██▄█▀ ▄ ▄▀▀ ▀▀█ ▄▄▄  ▄  █▄▄▄▀██▀▄▀ ▀██ ▀▄█▄▄▄ ▄█
█▄▀█▄▀▀▄█  ▄ ▀▀▀▄ █▄▄▀ ██▄█ ▀▄▄▄█▄▄ ██▄██  █  ▀▀██▄ █ ▀▄▀▄█
█▄ █▄▀ ▄▄ █▀▀▄▀▀▄▄▄▄ ▄ ██▄ ▀▄▄█▀▄██▄▀ █▄▄▄ ▄███▄▄▄▄▀▄▄ █▀▀█
█ ▀ ▀▀▄▄▄▄ █   ▄▀▀▀  ▀ ▄█▀▀▄▀▀▀ ▄██▀▄ █ █▄ █▄▀▀▀▀ █ ▄██▄█▄█
███████▄▄▀ ███  ▄▀  ▀█ ▄█▄▄ ▄▄▄   █ ▄▄▄▄ ▄▄▄  █ █ ▄▄▄  ▀▀▀█
█ ▄▄▄▄▄ █▄█▀▀▀▀ █ ███▄▄▄█▄▀ █▄█ █▀ ██▄  ▀▀ ▄▀▄▀▄█ █▄█ ▄██▀█
█ █   █ █▀▄▀▄▄ ██▀▀ ▀ ▄▀▀ █▄ ▄  ▀ ▄▄▄ ▀ ▄█ ▄█ ▄██▄▄   █▄▀▀█
█ █▄▄▄█ █▀▀▀█ ▀ ███ ▄▄▀▀█▀█▀  █▀▄█▄▄▄▄ ██▄ █▀ ▀█ ▄ ██▄▄▄█▄█
█▄▄▄▄▄▄▄█▄▄▄██▄▄▄▄█▄█▄▄▄█▄▄█▄▄▄▄▄▄███▄█▄█▄▄▄██▄██▄▄█▄███▄██

Scan this QR code:
▄▄▄▄▄▄▄▄▄▄▄▄▄▄▄▄▄▄▄▄▄▄▄▄▄▄▄▄▄▄▄▄▄▄▄▄▄▄▄▄▄▄▄▄▄▄▄▄▄▄▄▄▄▄▄▄▄▄▄
█ ▄▄▄▄▄ █▄▀▄ ▄▄▄██ ███ ▄   ▀▀▀▄ ▄▄ ▀ █ █▀██ █▀ ▄ ██ ▄▄▄▄▄ █
█ █   █ █ █▀█▀ ████ ▄███ ▀ █ █▄▀ █▄▀▀▀▄▀█▄▀██▄▀▄ ██ █   █ █
█ █▄▄▄█ █▄██ ▀▄█▀▀▄  ▀▄  █▀ ▄▄▄   ▀█▄   ██ ▀ ▀▄▀▄██ █▄▄▄█ █
█▄▄▄▄▄▄▄█▄▀▄█ █ █▄█▄▀▄▀ ▀▄█ █▄█ ▀ ▀ █ █ ▀ █▄▀▄▀▄█ █▄▄▄▄▄▄▄█
█ ▄  ▀█▄▀ ▀ ▀█▀█████▀█ ▄  ▀▄▄▄   █ ▄▀▀▀█ ▄▄ ▄███  ▄█▀▄▄ ▀ █
█ █ ▄█▄▄██ ▀▀▄ ▀▀  ██ ▄▄ ▄█▄ ▀  █ ▀▀▄▀▀ █ ▀▄█▀▀ ▄ ▀█▀█ ▄  █
██▄▀▄▀▀▄█   ▄▀▄ ▀▄█▄▀▀█▄▄▄▄▀▀██▀██ ██ ▀▀█▀█▄▀█ █▄█ ▀▀█▀▄▀██
██▀▀▄  ▄▄▄▄▀  ▄███▀█ ▄▄ ▄█ █▀█▀▀▄▀  ▄████▄▀▀▀█▀▀█▀█▀▄ ▀ ▄██
█ ██▀▀ ▄▀ ▄ ▀█   ▀▀▀██ █▀▄█▄▄▄ ▄▀▄█▀▀█▄▄ █▄█ ▄▀  ▄█▄▄▀ ██▄█
█▄▀ ▀▄█▄ ██▀▀▀▀▀▀▀█▀  ▄█▀ ▄ █ ▄▄█ █▄██▀ ▄▄ ██▄▀▀▄▄▀▀▄ ██ ██
██ ▄▄ ▀▄▀▀ █ ▄ ██ ▄▀██ ▄▀█▀ ▄ █ █▀▀█▄█▀█ ▄▀ ▄█▀▄▄ ▀█ ▄██▀ █
█▄█▀▀██▄▀ ▀ ▄  ▀▀▄   ▄    █▀▀▄▀▄ ▄ ▄ █▄█ ▄ █ █▄▄▀▄█ ▀  ▄█▄█
█ ▀▀█  ▄▀▀█▄▄█ ▀ ▄ ▄█ ███▄▀▀█▀▄█▄▄  ▄ ▀▀▀▀▄█ ▀▀▄▄▄  ▀█▀█▄▄█
█ █▄▀ ▄▄▄ █▀ █▄   ▄▄▀▀█▄█▀▀ ▄▄▄ ▀ ▀▄▄▄▄  ▀▄ ▀ ▀██ ▄▄▄ █▀▀██
█ ▄ ▀ █▄█ ▀  ▀▄▀  █▄█▄▀▀ ▄█ █▄█   ▀▀▀▀█▄▄▀ ▄▀▄ ▀  █▄█ ▀▄▄▄█
█▀█ █  ▄  ▀▀▄██ ▄ █▄██ ▄  ▀ ▄ ▄▄▀ ▀▀█   █▀███▄▄█▄  ▄ ▄▄▄▄▀█
████▄  ▄▄▀▀ ▄█ ██▄▄▀▀█  ▀ █▄▄▄▀▀▀█ ▄██▀▄█ ▀▀██▄██  █▄█▀▄███
█ ███▄▄▄▀▀█▄ ▀ ▄▄  █▄█▄▄████▀▀ ██ █ ▀  ▀█▀▄   ▀▀▀▄▄▄▄▄ ▄▄▄█
█ ▄▄█▀ ▄ █▄█ ▀ ▀███ ▀███ ▄█████ ▄█ █  █▀▀███▄██▄██ ██▄ ▀▄▄█
█▄█▄▀▀ ▄ ▀▀  ▀▀▄ ▄ ▀   █▄▀█  ▄▀█▀█▀██▀▄▄▀ ▀ ▄█▄▀ ▄▀█ ▄█ █▄█
█▀█▄▄█▀▄▄█▄█▀▀▀▀▀  ▀ █ ▀█▄▀ ▀  ▄█▄▄▀▀█▄█▄▀▀▄▄▄  ▄▀▄▀▀ █▄█▄█
█▀█ ▄▄▀▄█▀▄▄▀▄ ▄ ██▄ ██ █████▀▄ ▀▀▀█▀▄▄ █▄▄▄█▄ ███▄██▄██▄██
█  █ ▀█▄▀███▄▀▀█▄█▀▀▀▄ █▀▀██▄▄ ▀▀█▄▄▄█▄▄  ▀ ▀▀▄██▀██ █▄▀▄ █
█ ▀ ▀▀▄▄█▄  ▄▀█ ▄▀▀▀ ▀▄▀▄▄██▄██▀   █▄▄ █▀█▄▀█▀▄▀▀▀  ▄█▀▄ ▄█
███████▄▄▀▀ █▀ █▀▄ ▄▀▀██ █▀ ▄▄▄  █ █▄ ▀  ██▄██▀██ ▄▄▄ ▄▄█▀█
█ ▄▄▄▄▄ ███▄▀▀█▄▀ ██▄▀ ▀███ █▄█ ▀█ █ ▄  █▀█▄ ▀▄▄  █▄█  ▀▀▀█
█ █   █ █▀▄ ▄██ ▀█▀█ ▄██ ▀█  ▄   ▄ ▀██▄██▀▄▄▀▄ ▀▄ ▄▄▄▄▄▄▀▄█
█ █▄▄▄█ █ ▀▀▀▄▄   ▀ ▄▀███▀█▀▀██▀█   ▄ ▀▀█▄ ██▄ ▄▀▄▀ ██▄▄█▀█
█▄▄▄▄▄▄▄█▄▄█▄█████▄█▄█▄▄█▄███████▄██▄█▄▄▄▄▄████▄█▄███▄█▄███

Scan this QR code:
▄▄▄▄▄▄▄▄▄▄▄▄▄▄▄▄▄▄▄▄▄▄▄▄▄▄▄▄▄▄▄▄▄▄▄▄▄▄▄▄▄▄▄▄▄▄▄▄▄▄▄▄▄▄▄▄▄▄▄
█ ▄▄▄▄▄ █▀ █▀ ▀▀▀▀█  █ ▄▄ ▄█▄▄▄▄ ▀██▀▀▄▀ ▄▄▄▄▄▄▄ ██ ▄▄▄▄▄ █
█ █   █ █▀  ▀▄ ███▀ ██▄▄▀ ▀█▄█ ▄▀▄█ ▀▀█▀▄▄▄ ▀█ ▄ ██ █   █ █
█ █▄▄▄█ █▀█▀▀▀█▀▄█▄█▄ ▄█▀ █ ▄▄▄ ██▀██▄▄▀▀▄▄▄▀▄▀▀▄██ █▄▄▄█ █
█▄▄▄▄▄▄▄█▄█▄█ ▀ ▀▄▀ ▀ ▀ █ █ █▄█ ▀▄█ ▀▄█ █ █▄▀ ▀ ▀▄█▄▄▄▄▄▄▄█
█  ▄ ▄█▄▄  ▄▄▀ ▀ ▄▀▄ █▀▀▄▀▄     ▀█▀█▀  █▀█   █▄▄▄▀▄█ ▀▄▀▄▀█
█  ▀██ ▄▄  █▀▀▄ ▄ ▀ ▀▀▀ █  ▄   █▀▀ ██▀▀▄▀▀ █▀▀ ▀█▀▄▄██▀▀ ██
█▀▀█ ▄▀▄▀ ▄▀  ▄▄▄█▀ ▄▄▀▄   ▀▄▀▀██▀██  ▄█▀█▄▀█▀ ▄▀▀▀▄█▀█ ███
█▄█  ▄▄▄▀█ ▄▄▀▀█ ▄▄█▀█▄▄▄ ▀█ █▀ ██ ▄ █▄   ▀██▀█▄▀ ▀█▀▄   ██
█▄▄    ▄   ▄█▄▄█▄█  ▄▄▀▀▄▀█▀▀  ▀▄▀▀█▄▄▀██▀  ▄▀▀█ ▀███▀ ▀▀▄█
██▀█   ▄██▀▀▀▄▀█▀▀ ▄█ ▄▀█▄ ▄▀  █▀ ▀ █▀▀▀▄▄██▀ █ ▀ ▄▄▄▀▀▀▄▀█
█▄▀ ▀▀ ▄ ▀▀█  ▀█▄▀▄▄▄█▀█▀▄▀ ▀▀▀  ▀▄█▄▄▀███▀ ▀█▄█▄▀ █▄▀█  ▀█
██▄██▀ ▄▀ █▀  ▄ ▄ ▄ ▄█  ▀█▀ █▀█▄██▄ █ █ █▄█▀█▄▄▀▄▀ ▄▄▀▀▀▀██
██ ▄ ▀▀▄▄▄█▄█ ▄█▄█  █▄██  ██▀▀█▀▄ ▄ ▄▄▀▄▀██▀▄█▄█ ▀ ▄▀▀█ ▄▄█
██ ▀▀ ▄▄▄ █ █ ▄██▄▄█ ▀▄█  ▀ ▄▄▄    █▄▀▀▄▀▀ █▄█ ▄  ▄▄▄ █  ▀█
█▀▄█  █▄█ ▀▀▄▄▀▄▀▄▄▀ █▄█▀ ▀ █▄█ ▄██▄   ███▄▀ ▀▄██ █▄█ ▄█▄ █
█▄▄▄▄  ▄ ▄▄█  █▀▀▄▀ █▄▄  ▀█▄▄▄▄▄█▄█ ▀▀▀  ▄▀▀▀▀▄██▄▄ ▄▄█▀ ▀█
█▄  ▄██▄▄█▄▀█▄ █▄█▄▄ ▄██▀ ▄▀▀▄▀  █▀█   █▀█ ▀ ▀█▄▀█▀ ▄▄ ▀█ █
█▄█▀ █▄▄▀  ▄▄ ▄   ▀ ▄▀██▀█▄▄█▀▀ ██▄▄ ▄ ▀ █▀█ ▀▄▄▀▄ █▄█  ▄▀█
█▀  █▀▄▄  ▄▄█▀▄ ▀█▄▄▀▀▀█▄ █▄▀███▄████▄ ▄██▀ ▄██▄▀█ ███▀▄▄ █
██▀█▀█▀▄▄▀  █▄▀▄▀█▀▄▀  ▀▄ █ ▀█▄▄▀▄ █▄ ▄█▄▀█▀ █▄▄▀▄▄▀ ▀▀▀▄▄█
█▄▄▄▄▀█▄█ ██ ▀  ▀▄  ▄▄▀▀▀▀█▀█▄ ▄▀█▀█▄ ▀▄▄█▀ ▄█ ██▄▀█▄▄  █▀█
█ ▀▄███▄█▀▄ █ ▀███▀ ▄ ▀ ▀ ▀▀ ▀  ████▀▀ ▄▄█▄█ ▀ ▄██▄█▄█▀ ▀██
█ ▄  ▀▄▄▄▄▀ ▄  ███▀ ▄▄▀▄  ▄▄██ █ ██▄▄▄█▄██▄▀▀█▄▄▀▄▀▄▄▄▀▀█▀█
█ ▀ ▀▀▄▄ ▄▀█ ▄█▀ ▀▀▄█▄▄███▄  ▀▀▄▀ █▀ ▄▄ ▄▄ █▀ ▄█▀▀▀▀▄▄▀▀ ▀█
███████▄▄ ▀ ▀▀ ▀▄██▄▀███▀ ▄ ▄▄▄  ▀▄██ █▄▀█ ▀ ▀▄█▀ ▄▄▄ ▄▄█▄█
█ ▄▄▄▄▄ █▄▄ ▄██ ▀  ▀█████▄█ █▄█ ▀█▀▄ ▄▄ █▄█ █▀▀█  █▄█ ▀▀ ▀█
█ █   █ █ █▀▀ █ ▄▀▀▄▄██▀▀▄     ▄▄▀█▄█▄▄███   ▀███  ▄  █ ▄▄█
█ █▄▄▄█ █ ▄▀▀ █▀▄ ▀▄▄█ ▄▀██ ██▀██▄█▀▀  ▄▄ ▄▀ ▀  ▄  ▄▀█  ███
█▄▄▄▄▄▄▄█▄█▄██▄███▄▄█▄██▄▄▄████▄▄▄▄▄▄▄█▄▄██▄███▄▄▄▄███▄█▄██

Scan this QR code:
▄▄▄▄▄▄▄▄▄▄▄▄▄▄▄▄▄▄▄▄▄▄▄▄▄▄▄▄▄▄▄▄▄▄▄▄▄▄▄▄▄▄▄▄▄▄▄▄▄▄▄▄▄▄▄▄▄▄▄
█ ▄▄▄▄▄ █▀█▄▄ █ ▀██ ▄██▄▀  ██▀ ▄▄ ██▄▀▀▀ ▄  █▀▄▄ ██ ▄▄▄▄▄ █
█ █   █ █▀▄ █▄▀█▄▄█▀█▄▄▄▀▀▀█▀▄▄  ▄█ ▀▀█▀█▄▀▄█▄ ▄ ██ █   █ █
█ █▄▄▄█ █▀▄█   ▄▄███▄ ▀▄▀ █ ▄▄▄  █▄▀█▄▄▀ ▄▀▄▀ ▀▀▄██ █▄▄▄█ █
█▄▄▄▄▄▄▄█▄█▄█▄█▄▀▄▀ ▀ █ █ █ █▄█ ▀▄█ ▀▄█▄█ ▀ ▀ █▄▀▄█▄▄▄▄▄▄▄█
█ ▄   █▄  ▀    █▄▄█▄ █▀█ ▀▄▄▄▄  ▀█▀█▀  █▀█▄▀██▄▄▄▀ █ ▀▄▀ ▀█
██▀▀▀ █▄ ▄█  █▄ ▄▄▀ ▀▀▀ ▀▀ █▀█▀█▀▀▄▀█▄██ ▄ █▀   █▄██▄▄▀▀▄▀█
█▀▄██▀█▄▄▄▄▄ █▄▄█▄▀ ▀█▀▄  ▄█▀▀▀██▀█▄▀▄ █▀▀ ▀▀▀▄█▀▀ ██▀█ ▀▀█
█▀▄▀▄▀ ▄█▄█  ▀██▄▄▀▀▀▄▄▄▄▄▀█▀▄█▄█▀  ▄▄▀█▄█▀▀ ▀  ██▄▀█   ███
██ █▄█▀▄█▀▀▄  ▄▀██▀▄ █▀█  ▀█▀ ▀▀██▀█  ▀▄▀█ ▀█▀██▀▀▀█▀█ ▀▀██
█  █ ▄▀▄ ▀▀▀██▀█▄█▀██▀ █▄▀▄▄▀ ▀▀▀▄▀▄▀█▀▄ ▄█▀▄██▀  ██  ▀▀▄██
█ ▀▄███▄ ▀▀▄█ ▀█▄▀▄ ▄█▀█▀▄  █▀█▀ ▀ ▄ ▄ █▀█▀▀▄█ █▄▀▀█▀██▄  █
█▀▀ ▄█▄▄▀▀▀▀▀▀▀ ▄ ▀█▄██▄▀█▀ ▄  ▀▄██ ▀▀ ▄▄ ▀ ██▀  ▀█▀ ▄▀▀▀██
█▄▀█▀▀▀▄██▀▀ █▀▄▄▄▄ █▄▀█▀ ██▀▀ ▀▄ ▄  ▄▀██▀ ▀ ██▄   ██▀█▀▄ █
█▀▄▄  ▄▄▄ ▄ ▀█▀ ▀▀▄█ ▀▄██ █ ▄▄▄   ▄█▄█▀▄▀ ▄█   ▄  ▄▄▄ ▀  ██
██ █▄ █▄█  █▀▄ ▀█▄▄▀▀█▄█▀▀▀ █▄█ ▄▀ ▄ ▄▀▄▀█▀▀███▄█ █▄█ █▄ ██
█ ▀▀▀ ▄▄  █▀ ▀█▄  ▀ █▀▀ ▄▄ ▄    ▀▄█ ▀▄▄▀▀██ ▀▄▀▀▄▄▄▄▄▄  ▄██
██▀█▀▀ ▄ █ ▀▄▄▀██▄  ▄▄▀█▀▀▄▄▄█▀  █▀█▄ █▄█▀   ▀▄██▀▀█ ▄ ▄▄██
█▀▀▀  █▄ ▄  ▀▄▄█▄▀▀ ▄▀▀ ▀█▀▄▄▄▀ ▀▀ ▄█▀▄ █▀▄█ ▀█▄▀▀ █▀▀▀▀ ██
█▄  ▀▀▄▄ ▀ █▄  █▀█▀▄▀▀▀█▄ █▀▀██▀▄█▄█▄ ██▄▀▀▀▄▀▀▄▀▀ ▀▀▄▄██▀█
██▄▄   ▄▀▀ ▄▀▀█ ▀█  ▀ ▀▄▄ ▄ ▀█▄▄ ▄ ▄█▀█▄▀ ▀▀▄██  █ █▀██▀▄▄█
█▄▀█▀▀▀▄ ▄█▀█▀██▄▄▀▄▄▄██▄▀█▀▄▄▀▀▀█▀█   ▄▀█ ▀ ██▄█▄ █▄▄ ▀▀██
███▄ █ ▄██ ▄█▄  ▄█▀  ▀▀ ▀▀▀▀▀▀ ▄▀█▀██ ▄ ▀▄▄ █  █▀▄▄█▀▄▀▀▄▀█
█▀▀█▀▀▄▄█▄▄ ▄ █▀█▄▀  ▄▀▄▀ ▄███   ██▄▄▄ █▀▀ ▀ ▀▄█▀ ▀█▄▄█▄█ █
█ ▀ ▀▀▄▄▀ █▄█▄▀▀▀██▀▄ ▀██▀ ▄▀▀▄▄▄▀█ █▀▀█▄▀▀ ▀ █▄ ▄▄█▀█▀▀▄██
███████▄█▀█ ▀█ ▀▄█ ▄▀███▀▀▀ ▄▄▄  ▀▄█ ▄▀█▀█▀▀ ▀▀▄▀ ▄▄▄ ▀ ▀▀█
█ ▄▄▄▄▄ █▄▄█▀ ▄▄▄▄█▄▀▄▀ ▀▄▄ █▄█ ▄█▀▄▄█▀ ▀ ██▀▄▄▄  █▄█    ▀█
█ █   █ █ ▀▄█ ▀▀▄▀  ▄█ ▀▀▄▀ ▄▄ ▄ ▀██▄  ▄ ▀█▀▄▀██▄▄ ▄▄▄█▀▄▄█
█ █▄▄▄█ █  █▄▄▄ ▄ █▄▄█▀█▀████▀▀███▄ ▀█▀█ ▄▄▀▄▀▄▄█ ▀▄█▀  ███
█▄▄▄▄▄▄▄█▄▄▄▄█▄▄▄▄▄▄██████▄████▄▄▄▄▄▄▄█▄██▄▄▄█▄███▄█▄▄██▄██

Scan this QR code:
▄▄▄▄▄▄▄▄▄▄▄▄▄▄▄▄▄▄▄▄▄▄▄▄▄▄▄▄▄▄▄▄▄▄▄▄▄▄▄▄▄▄▄▄▄▄▄▄▄▄▄▄▄▄▄▄▄▄▄
█ ▄▄▄▄▄ █▀ █▀  ▀▀▀█ ▄▀▀▄█ ▄█▄▄▄▄ ▀▀▀█▄▄▀██▄ ▀▀▄▄ ██ ▄▄▄▄▄ █
█ █   █ █▀  ▀▄ █▄█▀ ██▄▄  ▀█▄█ ▄▀▄█ █▀█▀▄▄▄ ▀█ ▄ ██ █   █ █
█ █▄▄▄█ █▀▀▀█▄█▀▄█▄█▄ ▄█▀ █ ▄▄▄   ▀█  ▄▀▀ ▄▄▀█▀▀▄██ █▄▄▄█ █
█▄▄▄▄▄▄▄█▄▀ █▄▀ ▀▄▀ ▀ ▀ █ █ █▄█ ▀▄█ ▀▄█ █ █▄▀ ▀ ▀▄█▄▄▄▄▄▄▄█
█  ▄ ▄█▄  ▄▄▄█ ▀ ▄▀▄ █▀▀▄▀▄▄    ▀█▀█▀  █▀█   █▄▄▄▀ █▄▀▄▀▄▀█
█  ▀██▀▄██ █ ▄▄ ▄ ▀ ▀▀▀ █ ▀▄▄  █▀▀ ▀█▀█▄▀▀▄█▀▀ ▀▀▀██▄▄▀▀ ██
█▀▀ ▀▄▀▄██▄   ▄▄▄█▀ ▄▄▀▄   ▀▄▀▀██▀▀▄   █▀█▀▀█▀██▀ ▀▄█▀█ ███
█▀▄█ ▄▄▄ ▄ ▄▄▀▀█ ▄ ▀▀█ ▄▄ ▀█▀██ ███  █▄▀ ▄▀ █▀ █▀▀▀█ █ ▀ ██
██  ▄  ▄   ▄█▄▄█▀▄▄  ███▀ █▀▀  ▀▄▀▀▄█  ▄██ ▀ ▀█▄ ▀███▀▀ █▄█
█▄▄▄█▄ ▄██▀▀▀▄▀█▄▀ ▄▀█▄▀█  ▄▀ ▀██ ▀ ▀▄ ▀▀█▄▄ ▄█ ▀ ▄ ▄▀▀▀▄██
█▀  ▀▀█▄ ▀▀█ ▄▀█▄▀▄▄▄█▀█▀▄▀ ▀▀▀  ▀▄██ ▀█▀█▀  █▄█▄▀ █▄▀█  ▀█
██▄██▄█▄▀▄▀█▀█ █▄ ▄ ▄█  ▀█▀ █▀█▄▄█▄ ▄▀█ █▄█▀██▄▀▄▀ ▀ ▀▀▀▀██
██ ▄ ▄ ▄█▀▄ █▀  ▄█  █▄██  ▀█▀▀█▀▄ ▄ ▄▄▀▄▀██▀▄█▄█▀▀▀█ ▀█ ▄▄█
██ ▀▀ ▄▄▄ █▄▄▀▀██▄▄█ ▀▄█    ▄▄▄    █▄▀█ ▀▀ ▀▄█ ▄▀ ▄▄▄ ▀  ▀█
█▀▄ ▄ █▄█ ▄▄▄▄▄▄▀▄▄▀ █▄█▀ ▀ █▄█ ▄██▄  █▄██   ▀▀▄▄ █▄█ █ ▄ █
█ ▄█▄ ▄▄▄ ▄█  █▀▀▄ ▄█▄   ▀▄▄▄▄▄▄█▄▄▀▀█▄▄    █▀▀▄ ▄▄▄▄▄ ▀ ▀█
██▀▀███▄▀ ▄▀█▄ █▄█▄▄ ▄▀▀▄▀▄▀▄▄▀  █▀█ ▄▀▄██  ▀█▄█▀█▀ █▄  █▄█
█▀▄▄ █▄▄█▄ ▄▄ ▄ ▄▄▀ █▄███▄▄▄▀▄▀ ▀█▄▄█▄ ▀ ▀▀▄▀▄▄▄▀▄ ██▄   ▀█
███ █▀▄▄  ▄▄  ▄ ▀█▄▄▀▀▀█▄ █▄▀█ ▄▄▀██   ▄▀▀▀ ▄▀█▄▀█ ███▀▄▄ █
██▀█▀█▀▄▄▀▄▀ ▄█▄▀█▀▄▀  ▀▄ █ ▀█▄  █ ██▀▄█▄▀█▀▀█▄▄▀▄▄▀ ▀▀▀▄▄█
█▄▄▄▄██▄█ ▄▄█▄▄ ▀▄  ▄▄▀▀▀▀█▀█▄ ▄▀█▀█▄ ▀▄▄█▀ ▄█ ██▄██▄▄▄ █▀█
█ ▀▄█▄▄▄█▀▀▀▀█▀▄██▀ ▄ ▀ ▀ █▀ ▀  ███▀▀▀ ▄▄█▄▀ ▀ ▄█▄▀▀▄█ ▀▀██
█ ▄ ██ ▄▀▀▀█▄ ▀▀██▀ ▄▄▀▄  ▄ ██ █ █▄█▄▄▄███▀ ▀█▄▄▀▀▄▀███ █▀█
█ ▀ ▀▀▄▄▀▄▀█ ▄█▀ ▀███▄▄████▄ ▀▀▄▀ █▀▄ ▄▄ ▄  █▄██ █▄█▀▄█▀ ▀█
███████▄▄ ▀ ▀▀ ▀▀▄▄  █▀▀▀ ▄ ▄▄▄  ▀▄█   █▀▀▀▀ ▀███ ▄▄▄ ▄██▄█
█ ▄▄▄▄▄ █▄▄ ▄██  ▀ ▀  ██▄▄█ █▄█ ▀▀▀▄▄▄█▀  █▀ ▀▀██ █▄█ ▀▀▄▀█
█ █   █ █ █▀▀▄█ ▄▀▀▄▄██▀▀▄  ▄  ▄███▄▄▄▄█▀▀  ▄███▄  ▄▄ █ ▄██
█ █▄▄▄█ █ ▀████ ▄ ▀▄▄█ ▄▀██ ██▀██▄█▀▀  ▄▄▀▄▀▀▀  ▄  ▄▄█  ███
█▄▄▄▄▄▄▄█▄██▄██▄██▄▄█▄██▄▄▄█▄██▄▄▄▄▄▄▄█▄▄██▄███▄▄▄▄██▄▄█▄██

Scan this QR code:
▄▄▄▄▄▄▄▄▄▄▄▄▄▄▄▄▄▄▄▄▄▄▄▄▄▄▄▄▄▄▄▄▄▄▄▄▄▄▄▄▄▄▄▄▄▄▄▄▄▄▄▄▄▄▄▄▄▄▄
█ ▄▄▄▄▄ █▄▀▄ ▄█▄█▀ █ █ ▄▄  ▀▀▀▄ ▄▄ ▀█ ▄▀ █  ▄▄ ▄ ██ ▄▄▄▄▄ █
█ █   █ █ █▀▀█ █▄▄█ █▄██▀▀ █ █▄▀ █▄▀ ▀▄▀ █▀█ ▄▀▄ ██ █   █ █
█ █▄▄▄█ █▄▀█ █▄█▀▀▄  ▀▄  █▀ ▄▄▄ █▀▀█▀▄  ▄▀ ▀ ▄▄▀▄██ █▄▄▄█ █
█▄▄▄▄▄▄▄█▄▀ █▄█ █▄█▄▀▄▀ ▀▄█ █▄█ ▀ ▀ █ █ ▀ █▄▀▄▀▄█ █▄▄▄▄▄▄▄█
█ ▄  ██▄█▄█   ▀█████▀█ ▄  ▀▄▄▄   █ ▄▀▀▀█ ▄▄ ▄███▀▀ █▀▄▄ ▀ █
█ █ ▄██▄ ▀▄    ▀▀  ██ ▄▄ ▄██ █  █ ██▄▀█▄█ ▀▄█▀▀ ▄  ▄█▄ ▄  █
██▄▄ ▀▀▄ █▄▄▄▀▄ ▀▄█▄▀▀█▄▄▄▄▀▄██▀██ ██ ▄▀█▀█▄▀██▄ █ ▀▀▀▀ ▀██
█▀▄█   ▄▄▄▄▀  ▄███▀▀ ▄▀ ▄█ █▀█▀█▄▀  ▄▀▀ █ ▀██▀ █▄▀█▀▄ ▀ ▄██
██ ▄█▀ ▄▀ ▄ ▀█    ▀█▀█▄█▀██▄▄▄ ▄▀▄█▀█▀██ █ ▄▄ ▄  ▄█▄▄▀ ██▄█
█ █▄ ▄█▄ ██▀▀▀▀▀  █▀ ▀▄█ ▀▄ █ ███▄█▄█ ▀ ▀█▀▄██▀ ▄▄▀▀▄ ██▄██
██▀▄▄▄▀▄▀▀ █▄  ██ ▄▀██ ▄▀█▀ ▄ █ ▀▀▀███▀█  ▀ █▀▀▄▄ ▄▄ ▄██ ▀█
█▄█▀▀▀█▄█▄██▀▀█ ▀▄   ▄    █▀▀▄▀▄ ▄ ▄▀▄▄█ █ █▀▄▄▄▀▄ █▀▄ ▄█▄█
█ ▀▀█  ▄▄▄▀▄▀██▀ ▄ ▄█ ███▄███▀▄█▄▄  ▄ ▀▀▀▀▄█ ▀▀▄▄▄▀▀██▀█▄▄█
█ █▄▀ ▄▄▄ ▄██▄█▄  ▄▄▀▀█▄█▀  ▄▄▄ ▀ ▀▄▄▄▄  ▀ ▄▀ ██▄ ▄▄▄ ▀▀▀██
█ ▄▄  █▄█  ▀ ▀▄▄  █▄█▄▀▀ ▄█ █▄█   ▀▀▀▀█▄▄▀██▀▄ ▀▄ █▄█  ▀▄▄█
█▄▄██▄▄▄▄▄▀▀▄██ ▄ ▄ ██▀█  ▀ ▄ ▄▄▀   █ ▀▄▀█▄▀▀ ▀▄▀ ▄▄▄▄██▄▀█
█ ██▄  ▄██▀ ▄█ ███ ▀█▄█ ▀ █▄█▄▀▀▀█ ▄█▀ █ ▄ ▀▀▀▄██  ██▄ ▄█▀█
██▄▄█▄▄▄▄▀█▄ ▀ ▄ ▀ █▀ ▄▄▀████▀ ██▄█ █▀  ▀▄▄ ▄ ▀▀ ▄▄▄█▀ ▄  █
█▀█▄█▀ ▄ █▄█▀▀ ▀███ ▀███ ▄████▄ ▄▀ █ ▄█▀ ███▀██▄██ ██▄ ▀███
█▄█▄▀▀ ▄ ▀▄▄  ▄▄ ▄ ▀   █▄▀█  ▄ ▀ ▄▀█▄▀▄▄▀ ▀ ██▄▀ ▄▀█ ▄█ █▄█
█▀█▄▄  ▄▄██ ▄▀█▀▀  ▀ █ ▀█▄▀ ▀  ▄█▄▄▀▀█▄█▄▀▀▄▄▄  ▄▀  ▀ █▄█▄█
█▀█ ▄█▄▄█▀▀▀ ▄   ██▄ ██ ██▀██▀▄ ▀▀▀▀▀▄▄ █▄ ▄█▄ ███▄▀█▄▄█▄██
█  ▄██▀▄ ▄█ ▄▀▀ ▄█▀▀▀▄ █▀▀▄ ▄▄ ▀▀█▄█▄█▀█   ▀▀▀▀██▀█▄▄███▄ █
█ ▀ ▀▀▄▄▄█  ▄▀█ ▄▀▀▀ ▀ █▄▄▄ ▄██▀   █   ▀█▀▀▀██▀ ▀▄█  ▀ ▄ ▄█
███████▄▄ ▀ █▀ █ ▄ ▄▀▀▀▀▄█▀ ▄▄▄  █ █  ▀ █▀▄▄ █▀█▀ ▄▄▄ ██▀▀█
█ ▄▄▄▄▄ ███▄▀▀█▄ ███▄  ▀███ █▄█ █▀ █ ▄ ▀▄▄▄▄▀███▄ █▄█  ▀▀▀█
█ █   █ █▀▄ ███ ▀█▀█ ▄██ ▀█  ▄  ▄▄ ▀▄▀▄█▄█▄▄▄  ▀█ ▄▄ ▄▄▄ ▄█
█ █▄▄▄█ █ ▄█▀▄▄▀  ▀ ▄▀███▀█▀ ▀█▀▄▀  █▀▀▀▄▄ █▄▄ ▄▀▄▀ ▀█▄▄█▀█
█▄▄▄▄▄▄▄█▄▄▄▄▄████▄█▄█▄▄█▄███▄███▄██▄█▄▄▄▄▄████▄█▄█████▄███

Scan this QR code:
▄▄▄▄▄▄▄▄▄▄▄▄▄▄▄▄▄▄▄▄▄▄▄▄▄▄▄▄▄▄▄▄▄▄▄▄▄▄▄▄▄▄▄▄▄▄▄▄▄▄▄▄▄▄▄▄▄▄▄
█ ▄▄▄▄▄ █▄▄██▄▀█▀▀▀█▄██▄█ ▄▀ ▄   ███▀█▀█ ▀█  ▀ ▄ ██ ▄▄▄▄▄ █
█ █   █ █ ▀▀██▀█▄█▀▀▄███ ▀ ██▄ █▀▄▄▀▀ ▄▀██▄▀▀█▀▄ ██ █   █ █
█ █▄▄▄█ █▄▄▀█▀▀ ▀▀█  ▀▀▀ █▀ ▄▄▄ █▀▄▀▀▄   ██▀▄▄▄▀▄██ █▄▄▄█ █
█▄▄▄▄▄▄▄█▄█▄▀ ▀▄█▄█▄▀▄█ ▀▄█ █▄█ ▀ ▀ █ █▄▀ ▀ ▀▄█ █ █▄▄▄▄▄▄▄█
█  ▄ █▀▄▀▄█ ▄▄▀▀▀█▀█▀█  ▄ ▀      █ ▄▀▀▀█ ▄ ▀▀███▄  █▀ ▄ █ █
██▄  ▀ ▄█▀▀█▀  ▀▀▄ ██ ▄▄▄█▄██ ▀ █ ██▄▄▀▀▄██ █ ▀▀█▀▀▄█▀ ▄▄▄█
██▀▄▀▄█▄ ▄▄▄▄▄▄  ██▄▄ █▄▄▄▀▄▀▀█▀██▀▄▄▄▀▀██████▀▄▄▄▀ ███▄█▀█
█▀ ▄▄█▄▄ ▄▀█▄  █▀█▄▄ █ ▄▄▀ █▀███▄█▄▄ ▄▀▄▀▀ ▀▄▀  ▄▄ █▀█ ▀▀██
█  ▀ ▄▀▄▄▀█ ▄▀ ▄▀▀█▀ █ █▀█▀ ▄▄▀█  ▄▀▀▀██ █▀▄▄▄▀▀▀▄▀▄ █ ▄▀▀█
██▄ ▀▄▄▄█▀█▀█ ▀▀▄ ▄ ▀▀ ▀▀█  █ █▀█▄█ ▄█▀█▄▀  █▄  █▄▄▄ ▀██▄▀█
██▄  █ ▄▀▀ ▄██ ██ ▄███ ▄▀█    ▀▀▀██▄▄▀ █▄ ▀▀███▄▄ ▀██ █▀▀▀█
█  ▄ █ ▄▀▀██▀ █▄▀▄██ ▄█▄  █▀ █▄▀▀█▀▄▄▄▀▀▀▀▄▄▀▄▀██▄▄▄▀█ ▄█▄█
█▀  ▄▄█▄▀ ██ ▄ ▀ █▄▄█ ▀█▄▄▀▀█▀▀█▄▄    ▀ ██▀█▄▀ ███  ▀█▀▄▄ █
█▄▀▀  ▄▄▄ ▀▀█▄██▄█▄▄▀▀█▄ ▀█ ▄▄▄ ▀ ▀▄▄ ▄   ▄ ██▀█  ▄▄▄ ▀▀▀▀█
█▄ █▄ █▄█ ▀▀█▀▀█▄ █▄▄▄▀▀ ██ █▄█  ▄ ▀▀█▀▄ ▀▄█▄ ▀▀▀ █▄█ ▄▀ ▀█
█▀█▀▀▄ ▄▄▄ █▄▄███▄█ █ ▀▀▄█▄  ▄  █   ▀██▄▄▄▄█▀█▀▄█ ▄▄▄ ██ ██
█ ▄▄▀▄█▄ ▀█ ██▀█▄▄▄▀▀█▄▄  █▀▀█▀▀▀█ ▄▄▀▀█▄▄ ▀ ▀▄▄██  ██▀▀  █
██  ▀▀█▄▀▄█ ██ ▀▄▀ █▄█ ▀█▄ ██  ██ ▀ █ █▀ █  █ ▀▀ ▀▄▄ ▀▀██▄█
█▀▄▄▀▀ ▄ ▄ ▄ ▄▄▄██  ▀███ ▄█ ██▄█▄█▀█▄   █▀█▄▀▀▀▄█▀ ▀▀██ ▄██
█▄ █ ▄▀▄█▀   ▀   ▄▀█  ▀ ▄▀▄  ▄▄▀ ▄▀▄█▀███ █  ▄██▀██▀▀ ▀ █▄█
█▀ █▀▄ ▄▀▀██▀█▀█▄ ▀█ █▄█ ▄▀   ▀▀█▄▄▀████▀▀ █ ▄█▀▄▀ ▄▀ ▀█▀ █
█▄▀ ▀ ▀▄██ ▄  ▀█▀██▄▄▄█ █▄██▄▀▄▄█▀▀▀██ ▄ █▄█ █▄▄█ ▀█ ███▀▀█
█▀█▄██▄▄█ ▄█▄▀ ▄▄▄▀▀█▄ █ ▀█▄▄▄ ▄▀█▀▄▄█▀▄▄▄▀  █▄▄▀ ▀ ██▀▀▄▀█
█ ▀ ▀▀▄▄▄█▄▀▀▀▀ ██▀▄▀█▄█▄  ███ ▀█▀ ▄██▀▀▀▄▄ ██ █▄  ▄ ▀▀█▄ █
███████▄▄ █ ██ ██▄ ▄▀▀████▄ ▄▄▄  █ █ ▄ ▀█▀█▄ ▀ █▀ ▄▄▄ ▀▀█ █
█ ▄▄▄▄▄ ███▀▄▄▄ ▀█   ▄▄▄ █▄ █▄█  ▀ █▄ ▄ ▀▄▄▀▄▀▀▄█ █▄█ ▀ ███
█ █   █ █▀ █ █▀▀▀█ ▀ ▄ █ ▀▄  ▄   ▄  ▀█ ▄ █▀█   ▀▄▄▄▄  ▄█ ▄█
█ █▄▄▄█ █  █▄ ▀█  █ ▄▀▄▄█▀█▄███▀█ ▀▀▄▄  ▀  █▀▄▄  ▄  █▀▄▄█▀█
█▄▄▄▄▄▄▄█▄▄██▄█▄▄▄▄█▄▄▄▄▄████████▄██▄█▄▄█▄██▄█▄█▄█████▄▄███

Scan this QR code:
▄▄▄▄▄▄▄▄▄▄▄▄▄▄▄▄▄▄▄▄▄▄▄▄▄▄▄▄▄▄▄▄▄▄▄▄▄▄▄▄▄▄▄▄▄▄▄▄▄▄▄▄▄▄▄▄▄▄▄
█ ▄▄▄▄▄ █  ▄▄  █ █▄ ▀ ▀█▄ █  ▀ ▄▀█▄▀▀▄▀ ▄▀▄ ▀ ▀▄ ██ ▄▄▄▄▄ █
█ █   █ █ ▄█▄▀▀█▄  ▄▄█▄▀▄█▀█▀▀▀█▄▄██▄▄█▀▄▀▄▀█▄ ▄ ██ █   █ █
█ █▄▄▄█ █▀█▀ ▀█▀▀███▀█▄▄▀   ▄▄▄  ▄▀▀▀▀▀▄█ ▀▄  ▄▀▄██ █▄▄▄█ █
█▄▄▄▄▄▄▄█▄▀▄▀▄█▄▀ █▄▀ █▄▀▄█ █▄█ ▀▄█▄█ █▄█▄█▄▀ █ █ █▄▄▄▄▄▄▄█
█  ██▄▄▄██ ▀ ▄█ ▀▄█▄█ ▄█ ▀█  ▄  ▄ ▄█▀ █ ▄█▄▀  ▀▄▀▀█▀▄█▄ ▄▄█
█ ▀▀▀▄▀▄▄▄▀▄█ ▄ ▄▀▄█▀▀▀█▄▄███ ▄ ▀▀ ▄ ▀█▀ ▀▀ ▀ ▄▀▄▄██  ▄▄▄▀█
█▀▀██▀█▄█▄▄▄ █▀▀ ▄▀ ▄ ▄▄  ▀▀▄█▀█ ▄▄▄▀▄█▀▄▀▄▀▄▄▀▄▀▀█  █▀ ▄▄█
█▀▀█▄▄█▄▄████▄██▄▀ ▀▀▄▀█▀▀▀█ ▀▄██▀█▀▀▀▀▄▄ ▄ ▄███▄▄▄▀▄█▀▄███
█ ▄█▄█▀▄ ▄▄▄  ▀▄ ▄▀▄▄▀▄█ ▀▄ ▄  ▀  ▄▄  ▀▀▄█▀▀▀  ▄▀▀▄ ▄█ ▀▄▄█
█▄  ▀█ ▄ ▀▀▄  ▀█▄▀▄ ▀    ▀▄▄▀█▄▄█ ▀▀▄█ ▄▄█▀▄  ▄▄███▀ █▄▄▄██
█▄ ▀ █▀▄█▄▄▄ █▄ ▀▀▄ ▀ ▄█▀▄██ ▀█▀█ █▄▄▄█ ▄▀▀▀█▄██▄▀▄ ▄██▄▄▄█
█▄▀ ▄▄ ▄█▀█▄▄█ █▄█▄ ▄██▀▄ ▀ ▄██▄████▄▄ ▄█▄▄███▀██▄▀▀▄█▄▄▀██
█▄▄ ▄ ▀▄▀▀▀▄▄███▀▄▄  ▀▄█▀   ▄▀ ▀▀█▀  ▄▄  ▀ ▀█  ▄▀▀▄ █▀█▀▀██
█▄▄▄  ▄▄▄   █ ▄█▀▄▀  ▀▄  █  ▄▄▄     ▀ ▀ ▀█▀    █▀ ▄▄▄ ▄█ ██
███▄  █▄█ █▄▀▄█▀ ▄▄▀▄ ▀█▀▀  █▄█ ▀▄ ▄ ▄ ▀▄█ ▀  ▀▄▀ █▄█ █ █ █
█▀▄    ▄▄ █▄█▄█▄ █▄▀█▀▄█▀▀   ▄▄▄▀▄▄█ █ ▄▀ ███▄█▀▀ ▄▄  ▄▄▄██
█▄▀█▀▀ ▄▀▀█▀▄▄▄ ▀▄▀▄▄ ▄█▀ ▀▀▀█▀ █ ▄█  ▄ ▄▀▀▀█▄ ██▀▄ ▄▄ ▄█ █
█▄█▀██ ▄█  █▄▀▄█ ▄▄█▄▄▀█▀▄▀▄▄▀▄█▀▀ ▀▄▀▄▀▄▀ ▀▄▀▄▀▄▄ █ █▄▄ ██
█▄▄█▄▀▄▄█▄██▄ █ ▄█▀▄▄▄▄█▄  ▄▄█ ▄▄▄▀█▄   ▄▀▀▀█▄▄▄▀▀█▄▄▄▄█ ▄█
█ ▄▄ ██▄▀▀ ▀▄▀█ ▀ ██▀ ▀▀▀█▄ ▀ ▀▀ ▄ ▀ ▄█▄▀▄▄▄▄████  █▀  ▄▄▄█
█▄▄ ▄▄ ▄█▀▀▄ █▄ ▀▄▀▄▀▀ █▄▀ ▄▀▄▀▀▄ ▄█  █▀▄█ ▀█  ▄█▄█▄▀▄▄█▄ █
█ █▄ ▀█▄██▀▄▀██▄▄ ▄█ ▀▀█▄▄█▀▀▄█▀▀██▄ █ ▄▀▀███ ▄    █▀▀▀█▄▀█
█▀▄▀ ▀▄▄▄▄▄█▄ ▄▀ ▄▀ █▀▄▄▀    █  █ ██▄▄▄ ▄▀  █▄▀█▀█▄▄ █▄█ ██
█ ▀ ▀▀▄▄▄▀█▀ ▀▀▀▀  ▀▄  █ ▄▀▄▀▄▀▀▄▀██  ▄   █▄▀▄▀██▄█▀▀▀██▄██
███████▄▄▀  ▀██▄▀█▄ █ ▄█ ▀▄ ▄▄▄ █▄▀█ ▄▄  █ ▀▀ ▀██ ▄▄▄ ▀▀▄ █
█ ▄▄▄▄▄ █▀▄ ▄█▄▄▀█ ▀▄ ▀███▄ █▄█ ▄▀▀▀  ▀ ▄▄  ▀▄▄▀▀ █▄█ ██ ▀█
█ █   █ █▄▄▄ ▄▄▄▀▀  ▀ █▀▀▄▄▄   ▄▄▄ █  █▀███▀█  █▄▄▄   █▀  █
█ █▄▄▄█ █▀█  ▀▄▀▄█ ▀▄█▀ ▄ ██▄▄▄ ▄█▄██▀▀█▀ ▀▄▄▀▄▀ █▀▄▀▄█████
█▄▄▄▄▄▄▄█▄▄▄██▄▄█▄▄▄▄▄▄████▄▄██▄███▄▄▄▄█▄█▄▄█▄█████▄█████▄█

Scan this QR code:
▄▄▄▄▄▄▄▄▄▄▄▄▄▄▄▄▄▄▄▄▄▄▄▄▄▄▄▄▄▄▄▄▄▄▄▄▄▄▄▄▄▄▄▄▄▄▄▄▄▄▄▄▄▄▄▄▄▄▄
█ ▄▄▄▄▄ █▀ █▀ ▀▀▀▀▄▀ ▀ █▄▄▄█▄▄▄▄ ▀██▄▀ ██ ▄ █▄▄▄ ██ ▄▄▄▄▄ █
█ █   █ █▀  ▀▄ █▄█▀ ▄▄▄▄  ▀█▄█ ▄ ▄█ ▀ █▀█▄▄  ▄ ▄ ██ █   █ █
█ █▄▄▄█ █▀██▀▀█▀▄█▄█▄ ▄█▀ █ ▄▄▄ ▀█▀█  ▄▀██▄▄▄▀▀▀▄██ █▄▄▄█ █
█▄▄▄▄▄▄▄█▄█ █ ▀ ▀▄▀ ▀ ▀ █ █ █▄█ ▀▄█ ▀▄█ █ █▄▀ ▀ ▀▄█▄▄▄▄▄▄▄█
█  ▄ ▄█▄  ▀▀██ ▀ ▄▀▄ █▀▀▄▀▄     ▀█▀█▀  █▀█   █▄▄▀▀▄█ █▄▀▄▀█
█  ▀██ ▄ ██ █▀▄ ▄ ▀ ▀▀▀ █ ▀█▄▄ █▀▀ ▀█▀▀▄▀▀▄▀▀▀▄█ ▄▄▄█ ▀▀ ██
█▀▀  ▄▀▄  █▀  ▄▄▄█▀ ▄▄▀▄  ▀▀▀█▀██▀▀█  ▀▄▀██▀█▀▄█▄▀▀▄███▄███
█ ▄ ▀▄▄▄▀█ ▄▄▀▀█ ▄▀▄▀██▀▄ ▀█▀█▀ ██▀▄ █▄█ ▄▀████▀  ▀█ ▄▀  ██
███▀█  ▄   ▄█▄▄█▄█ ▄▀███▄▀█▀▀  ▀▄▀▀█▀▄▀█▀█▄ ▄▀██ ▀███▀▀▀█▄█
█▄  ▀ ▄▄██▀▀▀▄▀██▄ ▄█▀▄▀▀▀ ▄▀  ▄█▄▀ ▀▄▀▀▀▀▄█ ▀▄ ▀ ▄▄▄▀▀▀▄██
█▄  ▀█ ▄ ▀▀█▄ ▀█▄▀▄▄▄█▀█▀▄▀ ▀▀▀ ▄█▄█▀ ▀██▀▀ ▄█▄█▄▀ █▄▀█ ▀ █
██▄██ █▄▀▄ ▀▀▄▄▄▄ ▄ ▄█  ▀█▀ █▀█▄▄█▄ ▄ █ ███▀█▄▄▀▄▀▀▄ █▀▀▀██
██ ▄ █ ▄██▀▀█▄▀▄▄█  █▄██  ▀▀▀▀█▀▄ ▄ ▄▄▀▄▀██▀▄█▄█▀  ▄▀██ ▄▄█
██ ▀▀ ▄▄▄ ██▄ ▄▀█▄▄█ ▀▄█  ▄ ▄▄▄    █▄▀▀▄▀▀▄█▄█  ▀ ▄▄▄ ▀  ▀█
█▀▄▀▀ █▄█ ▀▄▄▄█ ▀▄▄▀ █▄█▀ ▀ █▄█ ▄██▄  ████ ▀ ▀▄█▄ █▄█ ▀ ▄ █
█ ██▄ ▄▄  ▄█  █▀▀▄▀ █▄ █ ▀█ ▄▄▄▄█▄█ ▀██▄▄ ▀▀▀▀▀  ▄▄▄  ▀  ▀█
█▄▄▀▀██▄▀▀▄▀█▄ █▄█▄ ▀██▀▄▀▄▀▄█▀  █▀█▀▄ █ █  ▄▀▄▄█▀▀ ▀▄▀▀▀ █
██▄▄▀█▄▄█▄ ▄▄ ▄  ▄▀ ▄████▀▄▄ ▀▀ ██▄▄▄▄▀ ██ ██▀▄▄▀▄ █▀▀  ███
█ █ █▀▄▄  ▄▄▀ ▄ ▀█▄▄▀▀▀█▄ █▄▀█▄▄▄███ ▄ ▄█▀▀  ██▄▀█ ███▀▄▄ █
██▀█▀█▀▄▄▀▀  ▄  ▀█▀▄▀  ▀▄ █ ▀█▄▄▀█ ██ ▄█▄▀█▀▀▄▄▄▀▄▄▀ ▀▀▀▄▄█
█▄▄▄▄ ▀▄█ █▀▀▀  ▀▄  ▄▄▀▀▀▀█▀█▄ ▄▀█▀█▄ ▀▄▄█▀ ▄█ ██▄█▀▄▄  █▀█
█ ▀▄███▄█▀██▄▀  ██▀ ▄ ▀ ▀ ▀▀ ▀  ██▀█▀▀  ▄█ ▀ ▀  ▀█ █▄█▄▀▀██
█ ▄▄▀▄▄▄▀█ █▄ ████▀ ▄▄▀▄  ████ █ █▄▄▄▄ ▄██▀ ▀█▄▄▀▄█▄▀▄▄▀█▀█
█ ▀ ▀▀▄▄▄▄▀█ ▄█▀ ▀  █▄▀▀███  ▀▀▄▀ ▄  ▄█▀  ▀ █ █ █▄ ▀▀▀▀▀ ▀█
███████▄▄▀▀ ▀▀ ▀▄█  ▄▄▄▀ ▀▄ ▄▄▄  ▀▄█▀  ▄██▀  ▀█▄█ ▄▄▄ ▄▄█ █
█ ▄▄▄▄▄ █▄▄ ▄██ ▀█ ▀▀▄██▀ █ █▄█ ▀▀▀▄▄██▀  █▀█  ▄▀ █▄█ ▀▀▄▀█
█ █   █ █ █▀█▄█ ▄▀▀▄▄██▀▀▄  ▄▄ ▄▄▀█▄  ▄█▀█   ▀███  ▄▄▄█ ▄▄█
█ █▄▄▄█ █ ▄▄▀█▀▄▄ ▀▄▄█ ▄▀██ █▀▀█▄▄█▀ ▀ ▄█ ▄▀ ▀  ▄  ▄██  ███
█▄▄▄▄▄▄▄█▄▄███▄███▄▄█▄██▄▄▄████▄▄▄▄▄▄▄█▄▄██▄███▄▄▄▄███▄█▄██

❌ Bot disconnected (408), reconnecting in 5s...
❌ Bot disconnected (408), reconnecting in 5s...
Scan this QR code:
▄▄▄▄▄▄▄▄▄▄▄▄▄▄▄▄▄▄▄▄▄▄▄▄▄▄▄▄▄▄▄▄▄▄▄▄▄▄▄▄▄▄▄▄▄▄▄▄▄▄▄▄▄▄▄▄▄▄▄
█ ▄▄▄▄▄ █▀ █▀  ▀███▀▄█ ▄  ▄█▄▄▄▄ ▀██▀█▄▀▀▄ ▄▄▀▄▄ ██ ▄▄▄▄▄ █
█ █   █ █▀  █  █▄█▀ ▄█▄▄  ▀█▄█ ▄▄▄█ ▀▀█▀▄█▄  █ ▄ ██ █   █ █
█ █▄▄▄█ █▀▀▀ ▄█▀▄█▄█▄ ▄█▀ █ ▄▄▄ █▀▀█▄▀▄▀██▄▄▀█▀▀▄██ █▄▄▄█ █
█▄▄▄▄▄▄▄█▄█ ▀ ▀ ▀▄▀ ▀ ▀ █ █ █▄█ ▀▄█ ▀▄█ █ █▄▀ ▀ ▀▄█▄▄▄▄▄▄▄█
█  ▄ ▄▀▄ ▄▀▄▄▀ ▀ ▄▀▄ █▀▀▄▀▄▄    ▀█▀█▀  █▀█   █▄▄ ▀ █ ▀▄▀▄▀█
█  ▀█▄ ▄▄▄▄▄▄▀▄ ▄ ▀ ▀▀▀ █ ▀▄▄  █▀▀ ██▀█ ▀▀ ▀▀▀ █ ▀▄▄ █▀▀ ██
█▀▀█▀▄▀▄███   ▄▄▄█▀ ▄▄▀▄  ▀ ▀▀▀██▀██  ▀█▀█ ▀█▀█▄▄▀▀▄█▀█ ███
██▀▀█▄▄▄ ▄ ▄▄▀▀█ ▄▀█▀█▀▀▄ ▀█ ██ ███▄▄██▀▄ ████▀▄▄ ▀█▀██  ██
█▀▄▄█  ▄   ▄█▄▄█▄▄▄▄▀███▄▀█▀▀ █▀▄▀▀█ ▄▀█ ██▀ ███ ▀███▀▀▀▀ █
█▄ ▀▀ ▄▄██▀▀▀▄▀█▀█ ▄▀ ▄▀█▄ ▄▀  ██▄▀ █▄▀ ▄▀▄█▀▄▄ ▀  ▄▄▀▀▀ ▀█
█ █ ▀▀▀▄ ▀▀█▄▀▀█▄▀▄▄▄█▀█▀▄▀ ▀▀▀  ▀▄█  ▀█▀▀▀  █▄█▄▀ █▄▀█ ▀ █
██▄███▄▄█ ▄▄██▀▄▄ ▄ ▄█  ▀█▀ █▀█▄██▄ █ █ ███▀█▄▄▀▄▀▄▀▄▀▀▀▀██
██ ▄  ▀▄█   ██▀ ▄█  █▄██  █▀▀▀█▀▄ ▄ ▄▄▀▄▀██▀▄█▄█▄▀▀████ ▄▄█
██ ▀▀ ▄▄▄ ██▀█  █▄▄█ ▀▄█  █ ▄▄▄    █▄▀▀▄▀▀ ▀▄█ ▄▀ ▄▄▄ █  ▀█
█▀▄ ▄ █▄█ █ ▄▄▀▄▀▄▄▀ █▄█▀ ▀ █▄█ ▄██▄   ▄███  ▀▄▄▀ █▄█ ▀█▄ █
█ █▀▀▄▄▄ ▄▄█  █▀▀▄███▄▄▄ ▀▄ ▄▄▄▄█▄▄ ▀██▀▄ ▄▀███▄ ▄▄▄   ▀ ▀█
███▀███▄▀▄▄▀█▄ ██▄  ▀▄█▀▄▀▄▀▀▄▀  █▀██▄ ▄ █▀▀ █▄▄█ ▀ ██▀▀█ █
██▄▀▄█▄▄██ ▄▄ ▄ ▄ ▀ ▄ ██▀▀▄▄▄▄▀ █▀▄▄▀▄   ▄ ████▄ ▄ ██   ▀▀█
█▄▄ █▀▄▄  ▄▄▄ ▄ ▀█▄▄▀▀▀█▄ █▄▀█  ▄▀███▄ ▄▀█▀ ▄▀█▄▀█ ███▀▄▄ █
██▀█▀█▀▄▄▀▄▀▄█▀▀▀█▀▄▀  ▀▄ █ ▀█▄  █ █▄▀▄█▄ █▀ █▄▄▀▄▄▀ ▀▀▀▄▄█
█▄▄▄▄▄▀▄█   ▄  ▄▀▄  ▄▄▀▀▀▀█▀█▄ ▄▀█▀█▄ ▀▄▄█▀ ▄█ ██▄█▄▄▄▄▄█▀█
█ ▀▄█▄▄▄█▀▄█ ▄████▀ ▄ ▀ ▀ ▀▀ ▀  ██▀▀▀▀ ▄▄█▄▀ ▀ ▄▀█▄█▄█ ▀▀██
█ ▄ ███▄▄  ▄▄ █▀██▀ ▄▄▀▄  ████ █ █▄▄▄▄▀▄██▀ ▀█▄▄█▄ ▄█▄▀ █▀█
█ ▀ ▀▀▄▄▄▄▀█ ▄█▀ ▀  █▄ ▄██▄  ▀▀▄▀ █ ▄ █▀▄▄▀ █▄█▄▀▀▄███▀  ▀█
███████▄▄ ▀ ▀▀ ▀▄█▀▄▀▄█▀▀ ▄ ▄▄▄  ▀▄█▄ ▄█▀█▀ ▄█▀██ ▄▄▄ ███ █
█ ▄▄▄▄▄ █▄▄ ▄██ █▄ ▀█▀█████ █▄█ ██▀▄█ ▄ ▄▄▄ ▄▀▀▄█ █▄█ ▀▀▄██
█ █   █ █ █▀ ██ ▄▀▀▄▄██▀▀▄   ▄ ▄▄▀█▄  ▄█▀▀  ▄███▄  ▄  █ ███
█ █▄▄▄█ █ ▀▀█ ▄▄▄ ▀▄▄█ ▄▀██ ▀▀▀█▄██▀▀  ▄▄ ▄▀▀▀  ▄  ▄ ▀  ███
█▄▄▄▄▄▄▄█▄▄█▄▄████▄▄█▄██▄▄▄████▄▄▄▄▄▄▄█▄▄██▄███▄▄▄▄██▄▄█▄██

Scan this QR code:
▄▄▄▄▄▄▄▄▄▄▄▄▄▄▄▄▄▄▄▄▄▄▄▄▄▄▄▄▄▄▄▄▄▄▄▄▄▄▄▄▄▄▄▄▄▄▄▄▄▄▄▄▄▄▄▄▄▄▄
█ ▄▄▄▄▄ █▄▀▄ ▄█▄▄▀▀▄▄▀▀▄▀  ▀▀▀▄ ▄▄██▄███▀    ▄ ▄ ██ ▄▄▄▄▄ █
█ █   █ █ █▀▀█ █▄▄█ ████   █ █▄▀█▄▄▀▀ ▄▀█▄▀█ █▀▄ ██ █   █ █
█ █▄▄▄█ █▄█▀▄ ▄█▀▀▄  ▀▄  █▀ ▄▄▄ ▀▄▀██▄  ▄  ▀▄▄▄▀▄██ █▄▄▄█ █
█▄▄▄▄▄▄▄█▄█▄▀ █ █▄█▄▀▄▀ ▀▄█ █▄█ ▀ ▀ █ █ ▀ █▄▀▄▀▄█ █▄▄▄▄▄▄▄█
█ ▄  █▀▄▀ ▄██▀▀█████▀█ ▄  ▀ ▄▄   █ ▄▀▀▀█ ▄▄ ▄████  █▀ ▄ ▀ █
█ █ ▄██▄▀▀▄▀   ▀▀  ██ ▄▄ ▄▄█▄█  █ ██▄▀▀ █ █▄█▀▀ ▀█▀▄▀█ ▄  █
██▄  ▀▀▄█▀▄ ▄▀▄ ▀▄█▄▀▀█▄▄▄▄▀ ▀█▀██ ██   █▀██▀█▀▄▄█ ▀ ▀▀ ▀██
█▀▀▄▀  ▄██▄▀  ▄███▀▀ ▄▀ ▄█ █ █▀▀▄▀▀█▄█ ▀▀ ▄ ██  ▀▄█▀▄   ▄██
█  ▄█▀ ▄▀ ▄ ▀█   ▀█▀▄▄ █ ██▄▄▄ █▀▄▄▀██▄█▀█▀█     ▄█▄▄▀ █▀ █
██▀▀█ █▄ ██▀▀▀▀▀▄▄█▀█▄▄█  ▄ █ ██▀▄█▄▀▀▀ ▀▀▀█▀▀▀▀▄▄▀▀▄ ██▄▀█
█▄█▄▄█▀▄▀▀ ██▀ ██ ▄▀██ ▄▀█▀ ▄ █ ▀█▀█ █▀██▄▀ █▀▀▄▄ ▀█ ▄██▀▀█
█▄█▀▀▀ ▄█ █ ██▀▄▀▄   ▄    █▀▀▄▀▄▀█ ▄▀▄▄█ ▄ █▀▄▄▄▀▄██▀▄ ▄█▄█
█ ▀▀██ ▄██▄▀▄▄▄█ ▄ ▄█ ███▄▀▀█▀▄█▄▄  ▄ ▀▀▀▀▄█ ▀▀▄█▄▄ ▀█▀█▄▄█
█ █▄▀ ▄▄▄  ▄▀▀▀▄  ▄▄▀▀█▄█▀▀ ▄▄▄ ▀ ▀▄▄▄   ▀▄ ▀ ██▀ ▄▄▄ ▀▀▀██
█ ▄█▄ █▄█    ▀▀   █▄█▄▀▀ ▄█ █▄█     ▀▀▄█▄▀▀█▀▄▀▀  █▄█   ▄▄█
█ █▀▀▄▄▄ ▄▀▀▄██ ▄  ▀██▄     ▄ ▄▄▀  ▀█ ▀█▀▀█ ▀ ▄▄▀ ▄▄▄▄█▄▄▀█
█▀  █  ▄▄▄▀ ▄█ ███ █▀█    █▄▀█▀▀▀█ ▄▄▀ ▄▀▄▀ ▀▀███  ███ ██▀█
██▀█▄▄▄▄███▄ ▀ ▄▀  █ ▄▄▄ ███▀▀ ██ █ ▄▀▀ ▄ ▄ ▄  ▀▀▄▄▄ ▀ ▄▄ █
██▄▄█▀ ▄ █▄█▀  ▀███ ▀███ ▄████▄ ▀█ ██ █▀▀▀██▀██▄██ ██▄ ▀█▄█
█▄█▄▀▀ ▄ ▀▄▄▀███ ▄ ▀   █▄▀█  ▄▄█▀█▀█▄ ▄▄▀ ▀ █▄▄▀ ▄▀█ ▄█ █▄█
█▀█▄▄█ ▄▄██▄██▄ ▀  ▀ █ ▀█▄▀ ▀  ▄█▄▄▀▀█▄█▄▀▀▄▄▄  ▄▀ ▀▀ ▀▄█▄█
█▀█ ▄▄ ▄█▀ █ ▀▄▄ ██▄ ██ █████▀▄ ▀▀▀█▀▄▄ █▄▄▄█▄ █▀▀▄▀█▄█▄▄██
█   ▄▀▄▄▀▄ █▄▀██▄█▀▀▀▄ █▀▀▄▀▄▄ ▀▀██▄▄█▀█  ▄ ▀▀▀███  █▄▄▀▄ █
█ ▀ ▀▀▄▄▄▄  ▄▀█ ▄▀▄▀ ▀█▄▄▄█▀▄██▀  ▀█  ▀▀█▀█ █▀▄▄ ▀█ ▀█▀▄ ▄█
███████▄▄▀▀ █▀ █ █▄    ▀▄█▀ ▄▄▄  █ █▀  ▀▀█ ▄ █ █▀ ▄▄▄ ███▀█
█ ▄▄▄▄▄ ███▄▀▀█▄ ▄██▄▀ ▀▄▀█ █▄█ ▀█ ███▀▀▄ ▄▄▄███▄ █▄█  ▀▀▀█
█ █   █ █▀▄ ▄██ ▀█▀█ ▄██ ▀█  ▄  ▄▄ ▀ █▄███▄▄▄  ▀█ ▄▄ ▄▄▄▀██
█ █▄▄▄█ █ █▀▀▀ ▀  ▀ ▄▀███▀█▀▄▀█▀▄▀  █▀▀▀▄█ █▄█ ▄▀▄▀ ▄▀▄▄█▀█
█▄▄▄▄▄▄▄█▄████▄███▄█▄█▄▄█▄██▄▄███▄██▄█▄▄▄▄▄████▄█▄███▄█▄███

Scan this QR code:
▄▄▄▄▄▄▄▄▄▄▄▄▄▄▄▄▄▄▄▄▄▄▄▄▄▄▄▄▄▄▄▄▄▄▄▄▄▄▄▄▄▄▄▄▄▄▄▄▄▄▄▄▄▄▄▄▄▄▄
█ ▄▄▄▄▄ █ ██▀ ▄▄▄▀█ ▀ ▄▄ ▄▀ ▀▄▄▄█▄ ███▀   ▄ ▄▀▀▄ ██ ▄▄▄▄▄ █
█ █   █ █  █ █ █▄▀▄██▄▄▀█▄▀█▄ █▀ ██████▀▄ ▀█ █ ▄ ██ █   █ █
█ █▄▄▄█ █▀ ▀▄█ ▄▀█▄█▀█▀█▀   ▄▄▄ ▄█▄█  ▀▄  ▄▄▄▀▄▀▄██ █▄▄▄█ █
█▄▄▄▄▄▄▄█▄█ ▀ ▀ ▀ █▄▀ ▀▄▀▄█ █▄█ ▀▄█▄█ █ █▄▀ ▀ ▀▄█ █▄▄▄▄▄▄▄█
█ ▄▀█ ▄▄▀▀  ▄▄█▄█▄▀▄█ ▄▀▄▀▀ ▄   ▄ ▄█▀ █ ▄█  █ ▀▄▀▀█▀▄█▄  ▄█
██ ▀█ █▄█▀█ █▀▄ ▄█▄█▀▀▀█ █ ▄▄██ ▀▀▄  ▄█ ▀▄▀▄▀▀▄ ▀▄█▄█▄▄▄ ██
█▀▄▄ ▄▀▄▀▄█   ▀▀▀█▀ ▀▀▄▄  ▄█ ▀▀█ ▄▀█  ▄▀▄██  ▄▀▄▀▀▄▀▄█▀   █
█ ▄█▄▀▀▄ █ ▀▀▄▀█ ▀ ▀▀█ █▀█▀█▀▀ ▀██ ▀▀▄▀  █▄▄▀█▄  ▀▀█ ▀▄▄ ██
█ ▄ ▀  ▄███▄█▄▀  █  ▀▀ ▀▀▀ ▄▄ ▀ ▀▄▄█ ▄▄ ██▀ █ ▀█ ▀   ▀▀ ▄██
█▀▀ █▀█▄██▀▄▄▀▀██ █▀█▄▄▄▄▄ ▄▀██▀█ ▀█▀▀▀▀ █ ▀▀▀██▄█▄ ▄▄▄▄▄▀█
█▄▄█▄ █▄█▄▄█▀ ▄ ▀▀▄▄▀ ▄█▀▄▄█▄▀▀ ▀ ▀█▄ ▄ ▄█▀ ▄▄▀█▄▀▄▀▀▀█ █▄█
█ ▄██▄▄▄█   █ ▄▄▄█▀█▄█ █▄ ▀ █▄ ▀▄▄▄█▀██ █▀ ▄▄█▄▄▀▄█▄▄▄▄▄▀██
███▀█▄█▄▀▄▄▀  ▄▀▀█   ▀ █  ▄▄▄▀█▀▀█▀ ▄▄▄▀▄██▀▀ ▀█▄▀█▀▀██ ▀▀█
█  ▀▀ ▄▄▄   █▄▀ █▀▀  ▀▄ ██  ▄▄▄   ▄▄▀▄▀▄▀▄▀ ▄█▄▀▀ ▄▄▄ ▄█ ▀█
█▀▀▀▀ █▄█  ▀▄▄  ▄▄▄▀█ ▀█▀ ▄ █▄█ ▀  █  █▀ █▄▀█▄▀▄█ █▄█ ▀ ▀██
█▄▀▄▄ ▄▄  ▄ ███▀▀▀▄██▄▄▀█▄█▄▄   █▄▄█▄ ▀█ ▀▀ ██ ▀▀ ▄▄  ██ ▀█
█▀▀▄ ██▄▄▀▀▀█▄█  █▄▄▄ ▄█▀ ▀▄▀█▀ █ ▄██▄█  ▀▀▀▀  ███▄█▄▄▀▀ ██
██▄▀█ ▀▄ ▄ ▀▀█▄ ▄▄▄████ ▀█▄▄▄▄▄██▀▄▀▄ ▀▀  █▀█▄▄ █▀ █▀███ ██
█▀▄█ ▀▄▄██▀▄▀█▀█▄█▄▄▄▄▄█▄  ▀▄█▀▀▀  █▀▄█▀▄▀▀ ▀▄ ▄▀██  █▀▄▀▄█
█ ▀█▀ ▄▄▄▀▀ █▄▀▀▀ ▄▀▀  ▄▀██ ▀ ██▀▄  ▀█▄█▄█ ▄ █▄▀▄▀▄▀ ▄▄▄▄▄█
█▄▀▀▀▀▀▄ █▀███▄▀▄▄  ▀▀▄▀▀▀ ▄ ▄ ▄▄ ▄█▄ ▄▀▀█▀ ▀ ███▄▀█▀▄ ▄ ▄█
██▀▄█  ▄█▀▄  ▀███ ▄█▄ ▀█▄██▀ ▄████▀ ▄▄▄ ▄ ▀▄ ▀▄▀  ▀▀▄ ▄█▀██
█ ▀▀▄▄▄▄ ▄▄█▄ ▀▀ █▀ ▀▀▄▄   █ █ ██ ▄█▄▄▄▀ █  ▄  █▀██  ███ ▄█
█ ▀ ▀▀▄▄ █▀ █▀█▀ ▄█ █▄ ▄  ▄▄ ▄▄▀▀ █████▄ █▀▄▀ ▄ ▄▀▄▀█ ▄▄ ▀█
███████▄▄ ▄ ▀▀█▄▀█▄▄▀▀▄▀▀▀▀ ▄▄▄ █▄▀█  █ ▄█  █ ▄▄▀ ▄▄▄ ██ ▀█
█ ▄▄▄▄▄ █▀▄█▀ █ █▄█▄█ █ ▄▄█ █▄█ ▀█▀▀▄▀█ ▀█ ▄▄█▀▀▀ █▄█ ▄▄ ██
█ █   █ █▄ ▀▀█ █▀▀▀▄▀  ▀▀▄█▄▄▄ ▄▀  ▄▄▄▀ ▄▀  █▄ ██ ▄ ▄ █   █
█ █▄▄▄█ █▀▀▀▀▄██▄█▄▀▄█ ▀▄ █ █ ▄ ▄██▄▄█ ▄▄▄▀▄ ▀ █▀█ ▄▄ █████
█▄▄▄▄▄▄▄█▄█▄▄▄▄▄▄█▄▄▄█▄█▄▄█▄█▄█▄███▄▄▄▄████▄▄▄▄▄▄▄█▄██▄██▄█

Scan this QR code:
▄▄▄▄▄▄▄▄▄▄▄▄▄▄▄▄▄▄▄▄▄▄▄▄▄▄▄▄▄▄▄▄▄▄▄▄▄▄▄▄▄▄▄▄▄▄▄▄▄▄▄▄▄▄▄▄▄▄▄
█ ▄▄▄▄▄ █▀█▄▄ █▀█▀█  ▀▄▄ ▄ ██▀ ▄▄ ▄▀██ █ ▀█▄ █▄▄ ██ ▄▄▄▄▄ █
█ █   █ █▀▄ █▄▀█▄▄█▀▄▄▄▄  ▀█▀▄▄  ▄█ █▀█▀▄▄▀▄▀▄ ▄ ██ █   █ █
█ █▄▄▄█ █▀ ▀▄▄ ▄▄███▄ ▀▄▀ █ ▄▄▄ ▄▀▄▀█▄▄▀ █▀▄▀█▀▀▄██ █▄▄▄█ █
█▄▄▄▄▄▄▄█▄█ ▀ █▄▀▄▀ ▀ █ █ █ █▄█ ▀▄█ ▀▄█▄█ ▀ ▀ █▄▀▄█▄▄▄▄▄▄▄█
█ ▄  ▄█▄ ▄▄▄▄█ █▄▄█▄ █▀█ ▀▄ ▄▄  ▀█▀█▀  █▀█▄▀██▄▄▀▀ █ ▀▄▀ ▀█
██▀▀▀▀█▄▀▄▄▀▀▄▄ ▄▄▀ ▀▀▀ ▀▀ ███▀█▀▀ ▀█▄▀█ ▄ ▀▀  ▄█▀█▄▄█▀▀▄▀█
█▀▄▄▄▀█▄█▀▄▄ █▄▄█▄▀ ▀█▀▄  ▄███▀██▀█▄▀▄██▀▀  ▀▀▀▄ ▀ █▀▀█ ▀▀█
█▀▀▄ ▀ ▄███  ▀██▄▄▄█▀▄█▀▄▄▀█ ▄▀ █▀ ▄▄ ▀▄▄▀▀▄ ▀▀ ▄ ▄▀▄   ███
█▄████▀▄█▀▀▄  ▄▀▄█▄ ▀███▀ ▀█▀   ██ █▄ ▀▄██ ▀▄███▀▀▀█▀█  █▀█
███▄█ █▄ ▀▀▀██▀█▄█▀█   █▄▀▄▄▀ ▀ █▄▀▄▄█▀█▄ █ ▄▀█▀  █▀  ▀▀▄██
█▀▀▄█▄▀▄ ▀▀▄▀ ▀█▄▀▄ ▄█▀█▀▄  █▀█▀ ▀ ▄▄▄ █▄▀▀▀ █ █▄▀ █▀██▄ ▀█
█▀▀ ▄▄▄▄█▀▄▀▀ ▄ ▄ ▀█▄██▄▀█▀ ▄  ▀███ ▀▀ ▄█▀▀ ▄█▀  ▀█▀ ▄▀▀▀██
█▄▀█▀  ▄██▄█  ▀▀▄▄▄ █▄▀█▀ █▀▀▀ ▀▄ ▄  ▄▀██▀ ▀ ██▄▄▀▄████▀▄ █
█▀▄▄  ▄▄▄ ▀ █ █▄▀▀▄█ ▀▄██ ▄ ▄▄▄   ▄█▄██ ▀  ▀  ▄▄  ▄▄▄ ▀  ██
██ ▀▀ █▄█  ▀▀▄ ▄█▄▄▀▀█▄█▀▀▀ █▄█ ▄▀▄█ ▄ ▄▀█  █████ █▄█ ▄█ ██
█▄▄▄▀▄ ▄ ▄█▀ ▀█▄   ▄█▀ ▀▄▄      ▀▄▄▀█ █▀██  ▀  ▄ ▄  ▄ ▀ ▄██
█▀▀▀ ▀ ▄▄▄ ▀▄▄▀█▄█ ▄█▄▀▀▄▀▄▄██▀  █▀█ ▄▀▄▀▀▀▀ ▀▄█▀█▀█▄█▀█ ▀█
█  ▀▄ █▄█▀  ▀▄▄█▀▄▀ █▀▀ ██▀▄ ▄▀ ▀█ ▄▄▄▄  ███▀▀▄█▀▀ ██▄▀▀ ▀█
█▄▄ ▀▀▄▄ ▀ ███ █▀█▀▄▀▀▀█▄ █▀▀███▄█▄█▄▄██▀▀▀▀▄▀▀▄▀▀ ▀▀▄▄█▄▀█
██▄▄   ▄▀▀▄▄▄▀ ▀▀█  ▀ ▀▄▄ ▄ ▀█▄▄▀▄ ▄█ █▄ ▀▀▀███  █ █▀██▀▄▄█
█▄▀█▀▄▄▄ ▄ ▄ █▄ ▄▄▀▄▄▄██▄▀█▀▄▄▀▀▀█▀█   ▄▀█ ▀ ██▄█▄  ▄▄▄▀▀██
███▄   ▄███████▄▄█▀  ▀▀ ▀▀█▀▀▀ ▄▀████ ▄▄▀▄▄ █ ▄▀█▄▄▀▀▄▀ ▄▀█
█▀▀▀   ▄█▄▀▀▄ ▀▀█▄▀  ▄▀▄▀ ████   ███▄▄ ▄▀▀▄▀ ▀▄█▀ ▀█▄▄▀▄█ █
█ ▀ ▀▀▄▄ ██▄█▄▀▀▀██ ▄ █ █▀▀▄▀▀▄▄▄▀▄ ▀▀█▀▄▀▄█▀ ▄▀██ ███▄▀▄██
███████▄▄ █ ▀█ ▀██▄ ▀██▀  ▀ ▄▄▄  ▀▄█  ▀█ █▀ ▀█▄█▀ ▄▄▄  ▀▀██
█ ▄▄▄▄▄ █▄▄█▀ ▄▄█▀█▄▄▀▀   ▄ █▄█ ▄▀▀▄▄█▀ ▄▄██▀▄█▄█ █▄█    ▀█
█ █   █ █ ▀▄▄ ▀▀▄▀  ▄█ ▀▀▄▀ ▄  ▄▄▀██ ▄ ▄▀██▀ ▀██▄▄ ▄  █▀█▄█
█ █▄▄▄█ █ ▀█  ▄ ▄ █▄▄█▀█▀███▄█▀██▄▄  █▀█ ▄▄▀█ ▄▄█ ▀▄█▀  ███
█▄▄▄▄▄▄▄█▄█▄██▄█▄▄▄▄██████▄█▄██▄▄▄▄▄▄▄█▄██▄▄▄█▄███▄█▄███▄██

Scan this QR code:
▄▄▄▄▄▄▄▄▄▄▄▄▄▄▄▄▄▄▄▄▄▄▄▄▄▄▄▄▄▄▄▄▄▄▄▄▄▄▄▄▄▄▄▄▄▄▄▄▄▄▄▄▄▄▄▄▄▄▄
█ ▄▄▄▄▄ █ ██▀ ██▀▀█▀█ ██  ▀ ▀▄▄▄█▄▄█▄▀▀▄▄▀▄▄ █▀▄ ██ ▄▄▄▄▄ █
█ █   █ █  █ █ █▄▀▄██▄▄▀▄▄▀█▄ █▀▀███▄▄█▀▄▀▀██▄ ▄ ██ █   █ █
█ █▄▄▄█ █▀ ▀▀▄ ▄▀█▄█▀█▀█▀   ▄▄▄ ▄▀▄█▀ ▀▄▀█▄▄▀█▄▀▄██ █▄▄▄█ █
█▄▄▄▄▄▄▄█▄█▄█ ▀ ▀ █▄▀ ▀▄▀▄█ █▄█ ▀▄█▄█ █ █▄▀ ▀ ▀▄█ █▄▄▄▄▄▄▄█
█ ▄▀█▄ ▄▀▀█▄▀ █▄█▄▀▄█ ▄▀▄▀█ ▄   ▄ ▄█▀ █ ▄█  █ ▀▄▀ █▀▄█▄  ▄█
██ ▀█ ▄▄▀ ▄ ▀▄▄ ▄█▄█▀▀▀█ █ █ ██ ▀▀▄▄ ▄█▄▀▄█ ▀▀ ▄███▄  ▄▄ ██
█▀▄▄▄▄▀▄▀ █▄  ▀▀▀█▀ ▀▀▄▄  █▄ ▀▀█ ▄█▄  █▀▄█▄▀ ▄▀█▄▀▄▀ ▀█   █
█▄  ▀▀▀▄▀▄ ▀▀▄▀█ ▀ ▀▀███▀█▀█▀ ▄██████ █ ▄█▀▄▀█▄ ██▀█  ▄▄ ██
█ ▄▀█  ▄███▄█▄▀ █▄▄ ▄▀ █   ▄▄ ▀ ▀▄▄█▀ ▄▀█▀▄ █▄ █ ▀   ▀▀ ▄██
█ █ ███▄██▀▄▄▀▀█ ██▀ ▀▄▄██ ▄▀█▄ █ ▀██▀▀▀▄▄▀ ▄ ▄█▄█▄▄▄▄▄▄▀██
█▀▄█▄█▄▄█▄▄█▀ ▄ ▀▀▄▄▀ ▄█▀▄▄█▄▀▀ ▀▄▀█▄▄▄  ▀▀   ▀█▄▀▄▀▀▀█ █▄█
█ ▄██▄ ▄▀ ▀█▀▄▀▀▄█▀█▄█ █▄ ▀ █▄ ▀██▄█▀██ ▄▀ ▄█▄▄▄▀▄▄▀▄▄▄▄▀██
███▀██ ▄ ▀▀▀▄█▀▄▀█   ▀ █   ▄▄▀█▀▀█▀ ▄▄▄▀▄██▀▀ ▀█ ▀█ █▀█ ▀▀█
█  ▀▀ ▄▄▄ ██▀  ▄█▀▀  ▀▄ ██▀ ▄▄▄     ▀▄▀ ▀▄█▄▄█▄██ ▄▄▄ ▄█ ▀█
█▀▀▀█ █▄█ ▄▄▄▄█▀▄▄▄▀█ ▀█▀   █▄█ ▀  █  █  █▀▀█▄ ▄▀ █▄█  ▄▀██
█▀▀▀█▄▄▄  ▄ ███▀▀▀▄██▄ ██▄▄▄▄   █▄█▄ ▄▄ ▄█▄██▀▀▀█▄▄   ▄█ ▀█
█▀▀ ███▄ ▀▀▀█▄█  █▄ ▄▀ ▀  ▀▄▄▄▀ █ ▄█▄ ▄▀▄▀▄ ▀ ▀▄▀ ▄█ █▀▀ ▀█
█▀  ▀ ▀▄█▀ ▀▀█▄ ██▄█▀▄█ ▀▄▄▄ █▄█▀█▄▀▀█  ▀ █  ▄█ ▄▀ █ ███ ██
█▀▀█ ▀▄▄██▀▄  ▀█▄█▄▄▄▄▄█▄  ▀▄█ █▀▄ █ ▄█▀ ▀▀ █  ▄▀██  █▀▄▀██
█ ▀█▀ ▄▄▄▀▄▄▀▀█ ▀ ▄▀▀  ▄▀██ ▀  ▀ █  ▀▄▄█▄▄ ▄▀▄▄▀▄▀▄▀ ▄▄▄▄▄█
█▄▀▀▀ ▀▄ █▀█▀▀▀ ▄▄  ▀▀▄▀▀▀ ▄ ▄ ▄▄ ▄█▄ ▄▀▀█▀ ▀ ███▄█ ▀▄▄  ▄█
██▀▄██ ▄█▀  ▀████ ▄█▄ ▀█▄█▀▀ ▄████▀ ▄▄ ▄▄ ▀▄ ▀▄▀▄▀ █▄ █▄▀██
█ ▀ ▄  ▄▀█▀ ▄  ▄ █▀ ▀▀▄▄  ▀▄ █ ██ ▀█▄▄▄  █▀▀▄ ▀█▀█ ▀ ██▄ ▄█
█ ▀ ▀▀▄▄▀▄▀ █▀█▀ ▄▀ █▄▄   █▄ ▄▄▀▀ ███▀█▄▄▀ ▄█ ▀▄█ ▄██▀▄▄ ▀█
███████▄▄ ▄ ▀▀█▄▀█▄▄█ ▄▀ ▀▀ ▄▄▄ █▄▀██▄▄ ▄██ █ ▀▄█ ▄▄▄ ██ ██
█ ▄▄▄▄▄ █▀▄█▀ █ ▀▀█▄  █ ▄▀█ █▄█ ▀▀▀▀▀ █▀█ ▀▄▀ ▀▀▀ █▄█ ▄▄ ██
█ █   █ █▄ ▀▀█ █▀▀▀▄▀  ▀▀▄█▄▄▄ ▄▄  ▄▄ ▀  ▀  ▀  █▄ ▄ ▄ █   █
█ █▄▄▄█ █▀▄▄██▀▄▄█▄▀▄█ ▀▄ █ █▄▄ ███▄██ ▄▄█▀▄ ▀ █▀█ ▄█ █████
█▄▄▄▄▄▄▄█▄▄███▄▄▄█▄▄▄█▄█▄▄█▄█▄█▄███▄▄▄▄████▄▄▄▄▄▄▄█▄██▄██▄█

Scan this QR code:
▄▄▄▄▄▄▄▄▄▄▄▄▄▄▄▄▄▄▄▄▄▄▄▄▄▄▄▄▄▄▄▄▄▄▄▄▄▄▄▄▄▄▄▄▄▄▄▄▄▄▄▄▄▄▄▄▄▄▄
█ ▄▄▄▄▄ █  ▄▄  ▄ ██ ▀ ▀█ ▄█  ▀ ▄▀█▄█▀▀█▄  ▀▄▀█▀▄ ██ ▄▄▄▄▄ █
█ █   █ █ ▄█ █▀█▄▀ ▄█▄▄▀▄▄▀█▀▀▀█ ███▄██▀█ ▄▀ ▄ ▄ ██ █   █ █
█ █▄▄▄█ █▀▀▀▄▀█▀▀███▀█▄▄▀   ▄▄▄  █▀▀▄▄▀▄ █▀▄▀▀▄▀▄██ █▄▄▄█ █
█▄▄▄▄▄▄▄█▄▀▄▀ █▄▀ █▄▀ █▄▀▄█ █▄█ ▀▄█▄█ █▄█▄█▄▀ █ █ █▄▄▄▄▄▄▄█
█  ██  ▄▀█▀ ▀▀█ ▀▄█▄█ ▄█ ▀▀▄ ▄  ▄ ▄█▀ █ ▄█▄▀  ▀▄▀▀█▀ █▄ ▄▄█
█ ▀▀▀▄ ▄▄▄█ ▀ ▄ ▄▀▄█▀▀▀█▄▄ ██▄▄ ▀▀ ▄ ▀█▀ ▀▀▄▀  ▀▀█▄▄ ▄▄▄▄▀█
█▀▀█▄▀█▄▀▄█  █▀▀ ▄▀ ▄ ▄▄  ▀▀▄▀▀█ ▄▀▄▀▄▄▀▄▀█ ▄▄█▄  █ ▄█▀ ▄▄█
█▀█▄▄▄█▄▄████▄██▄▀▄ ▀▄▄█▀▀▀█   ██▀▄▀▀██  ▄▀ ▄██▀█▄▄▀██▄▄███
█ █▄██▀▄ ▄▄▄  ▀▄▀█▄ █▀ ▀▀ ▄ ▄ ▀   ▄█▄ ▄ ▄█  █ ▀▄▀▀▄ ▄█   ▄█
█▄▀  █ ▄ ▀▀▄  ▀██ ▄ █   ▀█▄▄▀█▄▄█▄▀▀█▀ ▄▄▀▀███▄▄██▀▀ █▄▄ ██
███▀ ▄▄▄█▄▄▄█ ▄ ▀▀▄ ▀ ▄█▀▄██ ▀█▀▀▄█▄ ▄█  ▀▀▀█ ██▄▀█▀▄██▄▄██
█▄▀ ▄▀█▄▀█▄ ▀  ▄▄█▄ ▄██▀▄ ▀ ▄██▄▄▄██▄█ ▄██▄███▀██▄█▄ █▄▄▀██
█▄▄ ▄▀▀▄ ███▀██▄▀▄▄  ▀▄█▀ ▄ ▄▀ ▀▀█▀  ▄▄  ▀ ▀█  ▄  ▀▀▄▀█▀▀██
█▄▄▄  ▄▄▄ ██▄ ▀▀▀▄▀  ▀▄  ██ ▄▄▄     ▀ ▀▄▀██▄   ▀▀ ▄▄▄  █ ██
████▄ █▄█  ▄▀▄ ▀ ▄▄▀▄ ▀█▀▀▄ █▄█ ▀▄▀▄ ▄▀▀▄█    ▄▄█ █▄█  ▀█ █
██▀█▄▄ ▄▄▄█▄█▄█▄ ██▄█▀█ ▀▀   ▄▄▄▀▄█▄▄██▄█▄ █▀ ▀█▄   ▄ █▄▄██
█  ██▀ ▄▀██▀▄▄▄  █▄ █ ▄█▀ ▀▀▀█▀ █ ▄█  █▀██▀▀█  ▄▀ ▄ ▀█▀▄▀▄█
██▄▀▀█ ▄█▄ █▄▀▄██ ▄██ ▀█ ▄▀▄█▄▄██▀ ▀ ██▀▀  ▀▀▀█ █▄ █▀ ▄▄ ▀█
█▀▄█▄▀▄▄█▄██▀██ ▄█▀▄▄▄▄█▄  ▄▄██▀█ ▀█    ▄█▀▀▀ ▄▄▀▀█▄▄▄▄█▀▄█
█ ▄▄ ██▄▀▀ ▄█▀██▀ ██▀ ▀▀▀█▄ ▀ ▀▀▀█ ▀ ▄█▄▀▄▄▄█████  █▀  ▄▄▄█
█▄▄ ▄▀█▄█▀▄   ▀ ▀▄▀▄▀▀ █▄▀ ▄▀▄▀▀▄ ▄█  █▀▄█ ▀█  ▄█▄▀█▀▄▄█▄ █
█ █▄ ▀ ▄███▄▄ █▄▄ ▄█ ▀▀█▄▄█▀▀▄█▀▀██  █  ▀▀███   ▄▄ ▀▀▀▀█▄▀█
█▀▄ ▀██▄▀▄▀▀▄  ▀ ▄▀ █▀▄▄▀ ▀█ █  █ ██▄▄▀▀▄▀  █▄▀▄▀▄ ▀ ███ ██
█ ▀ ▀▀▄▄▄ █▀ ▀▀▀▀ █▀▄ ▄▄ ▄▀▄▀▄▀▀▄▀▄█▄ ▄▄  ▀ █▄▀ ▄▀▄█▄███▄██
███████▄█▀  ▀██▄ █▀▄▄ ▄▀▀ ▄ ▄▄▄ █▄▀█▄ █  ▀  █  █▀ ▄▄▄ ▀   █
█ ▄▄▄▄▄ █▀▄ ▄█▄▄▄  ▀▄▀▀█ ▀▄ █▄█ ▄█▀▀█▀ ▀▄▄ ▀ ▄▄▀▀ █▄█ ██▄██
█ █   █ █▄▄▄▄▀▄▄▀▀  ▀ █▀▀▄▄▄▄▄ ▄█▄ █▀ █▀█▀█▀█  ██▄▄   █▀▀▀█
█ █▄▄▄█ █▀▀▄ █ ▀▄█ ▀▄█▀ ▄ ██▀ ▄ █▄▄██▀▀█  ▀▄█▀▄▀ █▀▄█▄█████
█▄▄▄▄▄▄▄█▄▄▄▄█▄██▄▄▄▄▄▄████▄▄██▄███▄▄▄▄█▄█▄▄█▄█████▄█▄███▄█

Scan this QR code:
▄▄▄▄▄▄▄▄▄▄▄▄▄▄▄▄▄▄▄▄▄▄▄▄▄▄▄▄▄▄▄▄▄▄▄▄▄▄▄▄▄▄▄▄▄▄▄▄▄▄▄▄▄▄▄▄▄▄▄
█ ▄▄▄▄▄ █▀ █▀   ███ ▄▀▀▄▀ ▄█▄▄▄▄ ▀▀▀▀  █ ▄ ▄█ ▄▄ ██ ▄▄▄▄▄ █
█ █   █ █▀  ▀▄ █▄▄▀ █▄▄▄▀ ▀█▄█ ▄▄▄█ ▀▀█▀▄█▄ ▀▄ ▄ ██ █   █ █
█ █▄▄▄█ █▀█▀▀▄█▀▄█▄█▄ ▄█▀ █ ▄▄▄ ▄▀▀█▄▀▄▀▀▄▄▄▄█▀▀▄██ █▄▄▄█ █
█▄▄▄▄▄▄▄█▄▀ ▀ ▀ ▀▄▀ ▀ ▀ █ █ █▄█ ▀▄█ ▀▄█ █ █▄▀ ▀ ▀▄█▄▄▄▄▄▄▄█
█  ▄ ▄▀▄▄▄ ▄█▀ ▀ ▄▀▄ █▀▀▄▀▄▄    ▀█▀█▀  █▀█   █▄▄▀▀ █▄▀▄▀▄▀█
█  ▀██ ▄▀▄███▀▄ ▄ ▀ ▀▀▀ █ █▄▄▄ █▀▀▄██▀▀▄▀▀▄█▀▀▄█▀▄▄▄  ▀▀ ██
█▀▀ ▀▄▀▄██▀   ▄▄▄█▀ ▄▄▀▄    ██▀██▀█▄   █▀█▀ █▀ ▄ ▀▀▄▄██▄███
██   ▄▄▄ ▄ ▄▄▀▀█ ▄▄█▀█▄▄▄ ▀█▀▄█ ████ ███▄ █▀▀▀█▄  ▀█▀█▀  ██
██▄▀   ▄   ▄█▄▄█▄█▄▄ ▄█▀▄▀█▀▀ ▀ ▄▀▀▄█  █ ▀  ▄█▄█ ▀███▀▀ ▀ █
█▀▀▀▄▄▄▄██▀▀▀▄▀█ ▀ ▄▄ ▄▀█▄ ▄▀  ▄█ ▀  ▄▀▀▄ ██  ▄ ▀   ▄▀▀▀█▀█
█▄▀ ▀ █▄ ▀▀█ █▀█▄▀▄▄▄█▀█▀▄▀ ▀▀▀  █▄█▀▄▀█▀█▀  █▄█▄▀ ▄▄▀█   █
██▄██▄▄▄█▄▀▄▄▄ ▄▄ ▄ ▄█  ▀█▀ █▀█▄█▄▄ █ █ ▄▄█▀▄█▄▀▄▀██ ▀▀▀▀██
██ ▄  █▄ ▄▀▀███▄▄█  █▄██  █▀▀▀█▀▄ ▄ ▄▄▀▄▀██▀▄█▄█▀▀ ▄▀▀█ ▄▄█
██ ▀▀ ▄▄▄  ▄ ▄▀ █▄▄█ ▀▄█  █ ▄▄▄    ▀▄▀▀ ▀▀ ▀▄█ ▄▄ ▄▄▄ ▀  ▀█
█▀▄▀█ █▄█ ▀▀▄▄▀▄▀▄▄▀ █▄█▀ ▀ █▄█ ▄█▄█   ███ ▀ ▀ ██ █▄█ ██▄ █
██▄▀█ ▄▄▄▄▄█  █▀▀▄█▄█▄▄█ ▀█▄▄▄▄▄█▄▄ ▀█ ▄  ▀▄█▀█▄ ▄   ▄ ▀ ▀█
█▀██▀██▄▄█▄▀█▄ █▄█▄ ▀▄██  ▄▀▄█▀  █▀█ ▄▄█▀▀ ▀ ▀▄▄██▀ █▄▀▀█ █
███▀ █▄▄▄▄ ▄▄ ▄  ▀▀ ▀███  ▄▄█▄▀ ▀▀▄▄▀█▀ ▄▀ ▄█▀█▄▀▄ █▄▄  ▄▀█
█▄█ █▀▄▄  ▄▄▄ ▄ ▀█▄▄▀▀▀█▄ █▄▀█▀▀▀▀███  ▄█▀▀  ██▄▀█ ███▀▄█ █
██▀█▀█▀▄▄▀█▀▀███▀█▀▄▀  ▀▄ █ ▀█▄  ▄ ██▀▄██▀█▀ █▄▄▀▄▄▀ ▀▀▀▄▄█
█▄▄▄▄▀█▄█  ██▄█▄▀▄  ▄▄▀▀▀▀█▀█▄ ▄▀█▀█▄ ▀▄▄█▀ ▄█ ██▄█ ▄▄ ▄█▀█
█ ▀▄█▄▄▄█▀▄█   ███▀ ▄ ▀ ▀ ▀▀ ▀  ██▀█▀▀ ▄▄█▄▀ ▀ ▄▀▀▄▀▄█ ▀▀██
█ ▄  ▀ ▄ ▀▀ ▄ ▀███▀ ▄▄▀▄  ▄▄██ █ ██▄▄▄████ ▀▀█▄▄▀▀ █▄▄ ██▀█
█ ▀ ▀▀▄▄▄█▀█ ▄█▀ ▀▀ █▄ ▄███▄ ▀▀▄▀ ▄▀▄▄▄  ▄█ ▀ ▄▄██ █▀▄ ▀ ▀█
███████▄▄ ▀ ▀▀ ▀█▄▄ ▀▄██▀ ▄ ▄▄▄  ▀▄█▀  ▄█▀█  █▀▄▀ ▄▄▄ ▄▄▀▄█
█ ▄▄▄▄▄ █▄▄ ▄██ █  ▀▀▄█████ █▄█ █▀▀▄███▀▄▀▄▀▀▄▀▄  █▄█ ▀▀ ██
█ █   █ █ █▀█▀█ ▄▀▀▄▄██▀▀▄  ▄  ▄ ██▄  ▄█▀▀  ▄▀███  ▄  █ █▄█
█ █▄▄▄█ █ ██▄▄▀█▄ ▀▄▄█ ▄▀██ ▀▀▀█▄██▀▀  ▄█ ▄▀    ▄  ▄█▀  ███
█▄▄▄▄▄▄▄█▄▄██▄▄███▄▄█▄██▄▄▄█▄▄█▄▄▄▄▄▄▄█▄▄██▄███▄▄▄▄█▄█▄█▄██

Scan this QR code:
▄▄▄▄▄▄▄▄▄▄▄▄▄▄▄▄▄▄▄▄▄▄▄▄▄▄▄▄▄▄▄▄▄▄▄▄▄▄▄▄▄▄▄▄▄▄▄▄▄▄▄▄▄▄▄▄▄▄▄
█ ▄▄▄▄▄ █▄▀▄ ▄██▀▀▀▄▄█ ▄ ▄ ▀▀▀▄ ▄▄ ▀▄▀ ▀▀ █ ██ ▄ ██ ▄▄▄▄▄ █
█ █   █ █ █▀██ █▄▄█ ▄███   █ █▄▀ ▄▄▀▄ ▄▀ █▀█ █▀▄ ██ █   █ █
█ █▄▄▄█ █▄██▄█▄█▀▀▄  ▀▄  █▀ ▄▄▄ ▄▄▀██    ▀ ▀ █▄▀▄██ █▄▄▄█ █
█▄▄▄▄▄▄▄█▄▀ ▀ █ █▄█▄▀▄▀ ▀▄█ █▄█ ▀ ▀ █ █ ▀ █▄▀▄▀▄█ █▄▄▄▄▄▄▄█
█ ▄  █▀▄█ █ █▄▀█████▀█ ▄  ▀ ▄▄   █ ▄▀▀▀█ ▄▄ ▄███▀ ▄█▀ ▄ ▀ █
█ █ ▄▄█▄▀▄ ▀▀  ▀▀  ██ ▄▄ ▄▄▄▄▀  █ █▀▄▀▀ █ █ █▀▀▄▄  █▀  ▄  █
██▄▀█▀▀▄██▄▄▄▀▄ ▀▄█▄▀▀█▄▄▄█ ▀██▀██▀▄█  ▀█▀▄█▀█▀▄▀█ ▀▀█▀ ▀██
██▄▄   ▄▄▄▄▀  ▄████  ▄ ▄▄█ █ ▄▀▀▄▀▀▄▄█▀█▀ █ ▀██▀▄██▀█▀▀▀▄██
█▄ ▀█▀ ▄▀ ▄ ▀█  ▀▀█▀██ █ ▄█▄▄▄▀▄▀▄█▀▀███▄▀▀▄▄    ▄█▄▄▀▀▄▀▄█
█▀█▀█▄█▄ ██▀▀▀▀▀█▀█▀██▄█▀█▄ █ ▄█▀▄█▄ █▀▀   ██▄ ▀▄▄█▀▄ ██ ▀█
█▀█▄▄▄▀▄▀▀ ███ ██ ▄▀██ ▄▀█▀ ▄ █ ▀▀▀█▄█▀█  ▀ ▀▀▀▄▄ ▄▄ ▄██  █
█▄█▀▀█▀▄▀▄▀  ▄▄█▀▄   ▄    █▀▀▄▀▄ █ ▄▀▄▄█ █ █ █▄▄▀▄ █▀▄ ▄█▄█
█ ▀▀█▀█▄ █▄ ▄▄ ▄ ▄ ▄█ ███▄▀▀█▀▄█▄▄  ▄ ▀▀▀▀▄█ ▀▀▄█▄▀ █▀▀█▄▄█
█ █▄▀ ▄▄▄  ▀▄▀▄▄  ▄▄▀▀█▄█▀▄ ▄▄▄ ▀ ▀ ▄▄▄  ▀ ▄▀ ▀▀▄ ▄▄▄ █▀▀██
█ ▄▀▀ █▄█ ▄█ ▀ █  █▄█▄▀▀ ▄█ █▄█   ▀▀▀▀██▄▀ ▄▀▄▀▀▀ █▄█ ▀▄▄▄█
█▀▀  ▄ ▄▄ ▀▀▄██ ▄ ████ ▄  ▀ ▄ ▄▄▀ ▀▀▀▄▀▀▀█ ▄█▄ ▄▄   ▄▄█▄▄▀█
██▄▄   ▄▄▀▀ ▄█ ███▄█▀▄ ▄▄ █▄▄▄▀▀▀█ ▄ █ ▄▄ ▀▀▀█▀██▄ ██▄▀▄▀▀█
███▄█▄▄▄█▀█▄ ▀ ▄▀▀ █ ▀▄▄█▄████ █▀ █ ▄▀▀▀▀█▄      ▄▄▄▄  ▄█ █
█  ▄█▀ ▄ █▄█▄▀ ▀███ ▀███ ▄████ ▄▀█ █▄▄█▀ ████▀█▄██ ██▄ ▀█▄█
█▄█▄▀▀ ▄ ▀  ▀██  ▄ ▀   █▄▀█  ▄▄█▀█▀█▄▀▄▄ ▀▀ ▄▄▄▀ ▄▀█ ▄█ █▄█
█▀█▄▄  ▄▄█▀▀▄█▄▀▀  ▀ █ ▀█▄▀ ▀  ▄█▄▄▀▀█▄█▄▀▀▄▄▄  ▄▀ ▄▀ █▄█▄█
█▀█ ▄▄▀▄█▀▀▄▀ ▀█ ██▄ ██ ██▀██▀▄ ▀▀██▀▄▄▄█▄▄▄█▄ ██ ▄▀█▄██▄██
█     ▄▄██▄ ▄▀▄▀▄█▀▀▀▄ █▀▀█▀▄▄ ▀▀███▄█▀█   ▀▀▀ ██▄██ ███▄ █
█ ▀ ▀▀▄▄▀▄  ▄▀█ ▄▀█▄ ▀▀ ▄▄▄ ▄██▀   ▄ ▄▄▀█▀▄█▀█   ▄█ ▀▄▀█ ▄█
███████▄▄▀▀ █▀ █▀▄▄▄▀ ▀█ █▀ ▄▄▄  █ █▄▄▀ █▀██ ▀▀██ ▄▄▄ ███▀█
█ ▄▄▄▄▄ ███▄▀▀█▄▀███▀█ ▀▀▀█ █▄█ █▀ █▄█▀ ▀▄▄██▄█▄▀ █▄█  ▀▀██
█ █   █ █▀▄ █▀█ ▀█▀█ ▄██ ▀█  ▄  ▄▄ ▀▀▀▄█ ▀▄▄▄  ▀▄ ▄▄  ▄▄▀██
█ █▄▄▄█ █  ▄████  ▀ ▄▀███▀█▀ ██▀▄▀  ▄ ▀▀██ █▄█ ▄▀▄▀ ▀█▄▄█▀█
█▄▄▄▄▄▄▄█▄█▄█▄▄███▄█▄█▄▄█▄██▄████▄██▄█▄▄▄▄▄████▄█▄███▄█▄███

Scan this QR code:
▄▄▄▄▄▄▄▄▄▄▄▄▄▄▄▄▄▄▄▄▄▄▄▄▄▄▄▄▄▄▄▄▄▄▄▄▄▄▄▄▄▄▄▄▄▄▄▄▄▄▄▄▄▄▄▄▄▄▄
█ ▄▄▄▄▄ █▄▄██▄▀▄▀▀▀▄ █▄▄▄▄▄▀ ▄   █ ▀▀▄▀█▀█▄ ▀  ▄ ██ ▄▄▄▄▄ █
█ █   █ █ ▀▀▀█▀██▄▀▀▄▄██▀▀ ██▄ █ █▄▀ ▀▄▀█▄▄▀ █▀▄ ██ █   █ █
█ █▄▄▄█ █▄ ▀  ▀ ▀▀█  ▀▀▀ █▀ ▄▄▄ ▀█▄▀ ▀  ▀██▀▄ ▄▀▄██ █▄▄▄█ █
█▄▄▄▄▄▄▄█▄█▄▀▄▀▄█▄█▄▀▄█ ▀▄█ █▄█ ▀ ▀ █ █▄▀ ▀ ▀▄█ █ █▄▄▄▄▄▄▄█
█  ▄ ▀█▄█▄▄█▀▄▀▀▀█▀█▀█  ▄ █      █ ▄▀▀▀█ ▄ ▀▀███   █▀ ▄ █ █
██▄  ▀ ▄▄▀▄▄ ▀ ▀▀▄ ██ ▄▄▄█ ██▄▀ █ ▀▀▄▄█▀▄██▄█ █▀▄█▀▄▄█ ▄▄▄█
██▀█ ▄█▄ █▀█▄▄▄  ██▄▄ █▄▄▄ ▄███▀██ ▄▄▄▀▀██████ ▄▄█▀ ▀██▄█▀█
█ ▀▀ █▄▄▀▄▀█▄  █▀█ ▄ █▄ ▄▀ █▀█▀█▄█     █▀▀██ ▀ ▄█▀ █ ▄█ ▀██
█▀█ █▄▀▄▄▀█ ▄▀ ▄▀ ████ █▀█▀ ▄▄ ▄  █▀▀██▄ █ █▄▄  ▀▄▀▄ █▀▄▀▀█
█▀██▀ ▄▄█▀█▀█ ▀▀▄▀▄ ▄▄ ▀▄█  █ ▄ ▀▄█ ▀  ▄██ ▀█▀  █▄ ▄ ▀██ ▀█
██▀  █▄▄▀▀ ▄ ▄ ██ ▄███ ▄▀█    ▀▀███▄▄▀ █▄▄▀▀█▀█▄▄ ▄▄█ █▀ ▀█
█  ▄ ██▄▀█  ▀▀██▀▄██ ▄█▄  █▀ █▄▀▀█▀▄▄▄▀▀ ▀▄▄ █▀██▄▄▀██ ▄█▄█
█▀  ▄▀▄▄▄█▀▄▄▄▀▀ █▄▄█ ▀█▄▄█▀█▀▀█▄▄    ▀ ██▀█▄▀ █▄█▀▀█▀▀▄▄ █
█▄▀▀  ▄▄▄  ▀  █▀▄█▄▄▀▀█▄ ▀█ ▄▄▄ ▀ ▀▄▄ ▄▄   ▄██▀█▄ ▄▄▄ ▀▀▀▀█
█▄ ▀█ █▄█  ▀█▀█▀▄ █▄▄▄▀▀ ██ █▄█  ▄ ▀▀█▄▄ ▀ █▄     █▄█ ▀▄ ▀█
█▄▄▄▀▄▄▄ ▄ █▄▄███▄▄██ ▄▄▄█▄▄ ▄  █   ██▀   ▄▄▀█ ▀▄▄▄▄▄▄██ ██
█▄ █▀▄█▄▀▀█ ██▀██▄██ ▄▄ ▀▀█▀█▄▀▀▀█ ▄▄▀ ▄▀ ▀ ▀███▀   ▄█▀▀  █
█▀▀▄█▀█▄▄▄█ ██ ▀██ █▀█ ▀█▀ █▄▄ █▀ ▀  ▄█▀█▀▀▀▀  ▀ ▀▄▄▄ ▀█▀▄█
█▄▀▄▀▀ ▄ ▄ ▄█▀▄▄██  ▀███ ▄█ ███ ▄█▀█ ▄  ▀▀█▄▄▀▀▄█▀ ▀▀██ ▄██
█▄ █ ▄▀▄█▀  ▀  ▀ ▄▀█  ▀ ▄▀▄  ▄▄█ ▄▀▄█ ███ █  ▄██▀██▀▀ ▀ █▄█
█▀ █▀▄▀▄▀▀█▄▄ █▀▄ ▀█ █▄█ ▄▀   ▀▀█▄▄▀████▀▀ █ ▄█▀▄▀█ ▀ █▀▀ █
█▄▀ ▀▀ ▄██ █▀▄▀ ▀██▄▄▄█ █▄██▄▀▄▄█▀▀▀██▄  █ █ █  ▀  ▀ ██▄▀▀█
█▀███▀█▄  ██▄▀▄ ▄▄▀▀█▄ █ ▀█▄▄▄ ▄▀█▄█▄█▀█▄▄▀  ██▄██▀███▀▄▄▀█
█ ▀ ▀▀▄▄▄█▄▀▀▀▀ ██  ▀█▄▀▄ ▀███ ▀█▀▀▄▀███▀▄█▄▀██ █  ▄  ▀█▄ █
███████▄▄▀█ ██ █ ██  ▀▀▀█▄▄ ▄▄▄  █ █▄  ▀▀█▄█ █▀▄▀ ▄▄▄ ▀▀▀▄█
█ ▄▄▄▄▄ ███▀▄▄▄ ▀    █▄▄ ▀▄ █▄█  █ █▀ ▄ █▀▄▀▄ ▀█  █▄█ ▀ ▀▀█
█ █   █ █▀ █▀ ▀▀▀█ ▀ ▄ █ ▀▄ ▄   ▄   ██ ▄ ▀▀█ ▄ ▀▄▄▄▄▄▄▄█ ██
█ █▄▄▄█ █ ▄   ▀▄  █ ▄▀▄▄█▀█▄█▀█▀▄ ▀▀▄▄     █ █▄  ▄  ██▄▄█▀█
█▄▄▄▄▄▄▄█▄▄▄██▄▄▄▄▄█▄▄▄▄▄████▄███▄██▄█▄▄█▄██▄█▄█▄█████▄▄███

Scan this QR code:
▄▄▄▄▄▄▄▄▄▄▄▄▄▄▄▄▄▄▄▄▄▄▄▄▄▄▄▄▄▄▄▄▄▄▄▄▄▄▄▄▄▄▄▄▄▄▄▄▄▄▄▄▄▄▄▄▄▄▄
█ ▄▄▄▄▄ █▄▀▄ ▄█▄ ▀ ▄ █ ▄ ▄ ▀▀▀▄ ▄▄ ▀  ▀██▀ ▄ █ ▄ ██ ▄▄▄▄▄ █
█ █   █ █ █▀▀▀ █▄▄█ █▄██▀  █ █▄▀ █▄▀  ▄▀▄▄▀█▀▄▀▄ ██ █   █ █
█ █▄▄▄█ █▄██▄▀▄█▀▀▄  ▀▄  █▀ ▄▄▄  █▀███  ▀  ▀█▀▄▀▄██ █▄▄▄█ █
█▄▄▄▄▄▄▄█▄▀ ▀▄█ █▄█▄▀▄▀ ▀▄█ █▄█ ▀ ▀ █ █ ▀ █▄▀▄▀▄█ █▄▄▄▄▄▄▄█
█ ▄  █▀▄█ ▀▄  ▀█████▀█ ▄  ▀▄▄▄   █ ▄▀▀▀█ ▄▄ ▄███▀  █▀ ▄ ▀ █
█ █ ▄██▄▀ █▄█▀ ▀▀  ██ ▄▄ ▄██ █  █ ██▄▀▀▄█ █▄█▀█▄▄▄▀██▄ ▄  █
██▄▀ ▀▀▄▄▀▀▀▄▀▄ ▀▄█▄▀▀█▄▄▄▄  ██▀██ ▄█   █▀▄█▀█ █▄▄ ▀█▀▀ ▀██
██▄▀▄  ▄▄▄▄▀  ▄███▄▀ ▄▄ ▄█ █▀█▀█▄▀█▄▄▀▄▄▀  ▄█▀▄▄█▀█▀▄ █▀▄██
█▀▄▀▄▀ ▄▀ ▄ ▀█  ▀  ▀██ ██▄█▄▄▄▀█▀▄█▀██▄▄ █▀▄  ▀  ▄█▄▄▀▀▄▀ █
█ ▀█▄▄█▄ ██▀▀▀▀▀▀▄█▀█ ▄██▄▄ █ ███ █▄█▀▀ ██ ▄▄▀ ▀▄▄▀▀▄ ██ ▀█
█▀ ▄▄▀▄▄▀▀ █▄  ██ ▄▀██ ▄▀█▀ ▄ █ ██▀███▀█▄ ▀ █▀▀▄▄  ▄ ▄██▀▀█
█▄█▀▀▄█▄▀▄▄  ▄▄▀▀▄   ▄    █▀▀▄▀▄▀█ ▄▀▄▄█▀█ █▀▄▄▄▀▄▄▄▀  ▄█▄█
█ ▀▀█▄▄▄▄▀ █▀▀▀  ▄ ▄█ ███▄███▀▄█▄▄  ▄ ▀▀▀▀▄█ ▀▀▄▄▄▀▀██▀█▄▄█
█ █▄▀ ▄▄▄  █▀     ▄▄▀▀█▄█▀  ▄▄▄ ▀ ▀▄▄▄▄  ▀  ▀ ▀▀█ ▄▄▄ ▀▀▀██
█ ▄▀▀ █▄█ ██ ▀ ▄  █▄█▄▀▀ ▄█ █▄█   ▄ ▀▀██▄▀▄█▀▄█ █ █▄█ ██▄▄█
██▄█▀  ▄ ▄▀▀▄██ ▄  ▄██▀█  ▀▄▄ ▄▄▀ ▀ ▀  ▀██ █▀ █ ▄ ▄▄   █▄▀█
██▀█   ▄█ ▀ ▄█ ██▄ ▀▀██ ▀▀█▄██▀▀▀█ ▄▄█ █▄▄ ▀▀█ ▄▀▄ █ █▀▄███
█▀▀▀█▄▄▄█▀█▄ ▀ ▄▄  █▀▀▄▄▀▀██▄▀ ██ █ █ ▀▀█▄█▀█    ▄▄▄▄  ▄▄▄█
█ █▄█▀ ▄ █▄█▄▄ ▀███ ▀███ ▄████ █ █ █▄ █▀▀████▀█▄██ ██▄ ▀▄▄█
█▄█▄▀▀ ▄ ▀  ██▀▀ ▄ ▀   █▄▀█  ▄ ▀▀█▀█▄ ▄▄▀▀▀ ▄▄▄▀ ▄▀█ ▄█ █▄█
█▀█▄▄ ▄▄▄██▀█▀ ▀▀  ▀ █ ▀█▄▀ ▀  ▄█▄▄▀▀█▄█▄▀▀▄▄▄  ▄▀▄▄▀ █ █▄█
█▀█ ▄▀▄▄█▀▀ ▀▄ █ ██▄ ██ █████▀▄ ▀▀██▀▄▄ █▄▄▄█▄▄▀▀ ▄██▄▀█▄██
█  █▀ ▄▄ ██▄▄▀██▄█▀▀▀▄ █▀▀█▀▄▄ ▀▀█▄▄▄█ █  ▄▀▀▀█▄██▀██▄▄▄▄ █
█ ▀ ▀▀▄▄▀▀  ▄▀█ ▄▀▄▀ ▀ █▄▄█▀▄██▀  ▀█▄▄█▄▀██ █▀▄▀▄▀▄ ▄▄▀▄ ▄█
███████▄█▀▀ █▀ █ ▄  ▀ ▀▀█▄▀ ▄▄▄  █ █▄▄ ▀██▄▄ █ █▀ ▄▄▄ ███▀█
█ ▄▄▄▄▄ ███▄▀▀█▄▀███ ▄ ▀▀ █ █▄█ ▀█ ███▀▀█▀████▄█▄ █▄█  ▀▀▀█
█ █   █ █▀▄ ▀▄█ ▀█▀█ ▄██ ▀█ ▄      ▀█▀▄██▀▄▄ ▄ ▀▄ ▄▄  ▄▄▀██
█ █▄▄▄█ █ ▄▀▀▀ █  ▀ ▄▀███▀█▀█▀█▀█▀  █▀▀▀▄█ ███ ▄▀▄▀ █▀▄▄█▀█
█▄▄▄▄▄▄▄█▄█▄▄▄█▄██▄█▄█▄▄█▄███▄███▄██▄█▄▄▄▄▄████▄█▄██▄▄█▄███

Scan this QR code:
▄▄▄▄▄▄▄▄▄▄▄▄▄▄▄▄▄▄▄▄▄▄▄▄▄▄▄▄▄▄▄▄▄▄▄▄▄▄▄▄▄▄▄▄▄▄▄▄▄▄▄▄▄▄▄▄▄▄▄
█ ▄▄▄▄▄ █▀ █▀   ▄▀▄▀█▀▀▄  ▄█▄▄▄▄ ▀█▀█▀▄█▀▀▀▄ █▄▄ ██ ▄▄▄▄▄ █
█ █   █ █▀  ▀  █▄█▀ ██▄▄▀ ▀█▄█ ▄▀██   █▀▄█▄ ▀▄ ▄ ██ █   █ █
█ █▄▄▄█ █▀██ ▄█▀▄█▄█▄ ▄█▀ █ ▄▄▄ ▄█▀██▄▄▀ ▀▄▄▄▀▀▀▄██ █▄▄▄█ █
█▄▄▄▄▄▄▄█▄▀▄█ ▀ ▀▄▀ ▀ ▀ █ █ █▄█ ▀▄█ ▀▄█ █ █▄▀ ▀ ▀▄█▄▄▄▄▄▄▄█
█  ▄  █▄ ▄▀  ▀ ▀ ▄▀▄ █▀▀▄▀▄▄    ▀█▀█▀  █▀█   █▄▄▄▀ █▄▀▄▀▄▀█
█  ▀█▄ ▄ ▀▀▄ ▀▄ ▄ ▀ ▀▀▀ █  █ ▄ █▀▀▄██▀▀ ▀▀ █▀▀▄▀  ▄█▀▀▀▀ ██
█▀▀▄█▄▀▄▀▀ ▀  ▄▄▄█▀ ▄▄▀▄  ▀▀██▀██▀██   █▀█  █▀▄▄▀▀▀▄█▀▀▄███
█▄▄▀▀▄▄▄ ▄ ▄▄▀▀█ ▄█▄▀█▄▀▄ ▀█▀█▀▄██▀█ ██ ▄ ▀▀▀█   █▀█▀█ ▀ ██
█▀ █▄  ▄   ▄█▄▄██▄ ▄▄▄▄▀▀▀█▀▀ ▀ ▄▀▀▄▄▄ █ ▀█  █▀█ ▀███▀▀▀█▄█
█▄▄▀█▄▄▄██▀▀▀▄▀█▀▄ ▄▄█▄▀▄▄ ▄▀ ▀▄▀ ▀ ▀█▀▀▄█▄█ ██ ▀ ▄ ▄▀▀▀▄▀█
█ ▄ ▀ ▀▄ ▀▀█ █▀█▄▀▄▄▄█▀█▀▄▀ ▀▀▀  █▄█▀▄▀█▀▀▀ ▄▀▄█▄▀▀█▄▀█  ▀█
██▄██▄▀▄█▄ ▀█  ▀▄ ▄ ▄█  ▀█▀ █▀█▄██▄ ▄ █ █▄█▀█▄▄▀▄▀█▄▄█▀▀▀██
██ ▄ █ ▄▄ ███ ▀█▄█  █▄██  █▀▀▀█▀▄ ▄ ▄▄▀▄▀██▀▄█▄█ ▀▀▄█▀█ ▄▄█
██ ▀▀ ▄▄▄ ██▄▀█▄█▄▄█ ▀▄█  ▄ ▄▄▄    ▀▄▀▀ ▀▀ █▄█▄ █ ▄▄▄ ▀  ▀█
█▀▄▄  █▄█ █▀▄▄▄ ▀▄▄▀ █▄█▀ ▀ █▄█ ▄█▄▄   ▄██▀▀ ▀█▄  █▄█ ▀▀▄ █
█ ▄    ▄▄ ▄█  █▀▀▄███▄ █ ▀█▄▄▄▄▄█▄█ ▀▀ █▄ █▀█▀▄▄▀▄▄  ▄ ▀ ▀█
█▀▀█▀██▄ █▄▀█▄ ██▄▄▄ █▀▀▀▀▄▀▀▄▀  █▀█  ▄██▀▀▀▄▀█▄█▀▀ ▄█▀▀█▄█
█▄ █ █▄▄▀▀ ▄▄ ▄ ██▀  ▀██▄▀▄▄█▄▀ ▀█▄▄██   ▀ ███▄▄▀▄ █▀▀  ▄██
█▄  █▀▄▄  ▄▄█▀▄ ▀█▄▄▀▀▀█▄ █▄▀███▄███▄▄ ▄██▀ ▄██▄▀█ ███▀▄▄▀█
██▀█▀█▀▄▄▀█▀▄██ ▀█▀▄▀  ▀▄ █ ▀█  ▀█ █▄ ▄█▄▀█▀▀▄▄▄▀▄▄▀ ▀▀▀▄▄█
█▄▄▄▄█▄▄█ ▀██▀ ▀▀▄  ▄▄▀▀▀▀█▀█▄ ▄▀█▀█▄ ▀▄▄█▀ ▄█ ██▄▀ ▄▄  █▀█
█ ▀▄█ ▀▄█▀█  █ ▄██▀ ▄ ▀ ▀ █▀ ▀  ██▀▀▀▀▄▄▄█ ▀ ▀▄ █▄▀▀▄█▀ ▀██
█ ▄█▀██▄██ ▀▄   ██▀ ▄▄▀▄  ▄ ██ █ ███▄▄ ███▀ ▀█▀▄▀ ▀▀▄█ ▄█▀█
█ ▀ ▀▀▄▄▀█▀█ ▄█▀ ▀███▄▄███▄  ▀▀▄▀ █   ██▄▄█▄█ ▄▄▀█▄█ ▄▀▀ ▀█
███████▄▄▀▀ ▀▀ ▀▄▄▄ ▀███▀▀▄ ▄▄▄  ▀▄█  ▀▄▀██▀ ▀ ▄█ ▄▄▄ ███▄█
█ ▄▄▄▄▄ █▄▄ ▄██ █▄ ▀▀███▄▄█ █▄█ ▀▀▀▄▀▀▄  █▄▀█  ▄▀ █▄█ ▀▀ ██
█ █   █ █ █▀ ▀█ ▄▀▀▄▄██▀▀▄   ▄ ▄▄██▄ ▄▄██▀   ▀███  ▄ ▄█ ▄██
█ █▄▄▄█ █ █▄█ ▄▀▄ ▀▄▄█ ▄▀██ ▀▀▀██▄█▀▀  ▄█ ▄▀    ▄  ▄█▀  ███
█▄▄▄▄▄▄▄█▄█▄██▄███▄▄█▄██▄▄▄█▄██▄▄▄▄▄▄▄█▄▄██▄███▄▄▄▄█▄█▄█▄██

Scan this QR code:
▄▄▄▄▄▄▄▄▄▄▄▄▄▄▄▄▄▄▄▄▄▄▄▄▄▄▄▄▄▄▄▄▄▄▄▄▄▄▄▄▄▄▄▄▄▄▄▄▄▄▄▄▄▄▄▄▄▄▄
█ ▄▄▄▄▄ █▄▀▄ ▄█▄▀█▀▄▄█▀█▄▄ ▀▀▀▄ ▄▄ ▀▀█▄█▄█ ▄▀  ▄ ██ ▄▄▄▄▄ █
█ █   █ █ █▀▀█ ████ ▄▄██▀▀ █ █▄▀ █▄▀▀▀▄▀ █▀█ ▄▀▄ ██ █   █ █
█ █▄▄▄█ █▄█▀▄▄▄█▀▀▄  ▀▄  █▀ ▄▄▄ █▄▀█▀▀  ▄▀ ▀▀█▄▀▄██ █▄▄▄█ █
█▄▄▄▄▄▄▄█▄█ ▀▄█ █▄█▄▀▄▀ ▀▄█ █▄█ ▀ ▀ █ █ ▀ █▄▀▄▀▄█ █▄▄▄▄▄▄▄█
█ ▄  █▀▄█▄█▀█▀▀█████▀█ ▄  █ ▄▄   █ ▄▀▀▀█ ▄▄ ▄████  ██▄▄ ▀ █
█ █ ▄█▄▄▄▄▀▀▀▀ ▀▀  ██ ▄▄ ▄▄█▄▀  █ ▀▀▄▀▀ █ █ █▀▀▄▄▀▀▄▀▄ ▄  █
██▄█▀▀▀▄ ▀ █▄▀▄ ▀▄█▄▀▀█▄▄▄▄▀▀▀█▀█████ ▀▀█▀██▀████▄ ▀█▀█▄▀██
█▄█▄█  ▄▄▄▄▀  ▄███▀█ ▄▀█▄█ █▀▄▀▀▄▀ ▀▄█▄▄█▄█▀█▀▄▀▄██▀█ ▀ ▄██
█▀  ▀▀ ▄▀ ▄ ▀█  ▀ ████▄▀█▄█▄▄▄ ▄▀▄█▀█▀██▄▀▀█▄▄   ▄█▄▄▀▀█▀▄█
██▄▀▀ ▀▄ ██▀▀▀▀▀▄ █▀▄█▄█ █▄ █ ██▀▄█▄▀▀▀ ▀█ █▄ ▀▀▄▄▀▀▄ ██▄▀█
█▀▀▄▄ ▄▄▀▀ ██  ██ ▄▀██ ▄▀█▀ ▄ █ █▀▀█ █▀█  ▀ ██▀▄▄  ▄ ▄██▀ █
█▄█▀▀▄ ▄█▄██ ▄▀█▀▄   ▄    █▀▀▄▀▄▀▄ ▄ ▄▄█ █ █▀█▄▄▀▄ ▄█  ▄█▄█
█ ▀▀█▀█▄▀▀▀▄▀▄▀█ ▄ ▄█ ███▄█▀█▀▄█▄▄  ▄ ▀▀▀▀▄█ ▀▀▄██ ▀▀█▀█▄▄█
█ █▄▀ ▄▄▄ ▄█ ▀██  ▄▄▀▀█▄█▀▄ ▄▄▄ ▀ ▀ ▄▄▄▄ ▀ ▄▀ ▀█▀ ▄▄▄ ▀▀▀██
█ ▄▄▄ █▄█ ▀  ▀▀   █▄█▄▀▀ ▄█ █▄█    ▀▀▀▄▄▄▀▀▄▀▄▄ ▄ █▄█ ██▄▄█
██▄▄█  ▄ ▄▀▀▄██ ▄ █▀██▀█   ▄▄ ▄▄▀ ▀ ▀▄█ ▀▀ ▄█ ▀▄▄ ▄ ▄ ▄█▄▀█
█▄█    ▄█ ▀ ▄█ ███▄▀ █▄ ▀ █▄█▄▀▀▀█ ▄▄█▀██▄█▀█▀██▀█ ███▀████
█▄██▀▄▄▄█ █▄ ▀ ▄▄▄ █▄█▄▄▄████  █▀ █ ▄█▀▀▄▀█ ▀▄   ▄▄▄█▀ ▄ ▄█
█▀█▄█▀ ▄ █▄██▄ ▀███ ▀███ ▄████   █ █▄▄█▀▀███▄▀█▄██ ██▄ ▀█▄█
█▄█▄▀▀ ▄ ▀██▀▄ ▀ ▄ ▀   █▄▀█  ▄▄▀▀█▀██▀▄▄  ▀ ██▄▀ ▄▀█ ▄█ █▄█
█▀█▄▄█ ▄▄█▀▀▄▄▄▄▀  ▀ █ ▀█▄▀ ▀  ▄█▄▄▀▀█▄█▄▀▀▄▄▄  ▄▀▀▄▀ █ █▄█
█▀█ ▄█▀▄█▀▀█▀█▀▀ ██▄ ██ █████▀▄ ▀▀██▀▄▄▄█▄  █▄ █▀ ▄▀█▄▀▄▄██
█  █▀  ▄█▀█▄▄▀▀█▄█▀▀▀▄ █▀▀█▄▄▄ ▀▀█▀█▄█▀█  ▀ ▀▀▄▄▀ ▀▄▄▄▀▄▄ █
█ ▀ ▀▀▄▄ ▀  ▄▀█ ▄▀▀  ▀ █▄▄▄▄▄██▀   ▄▄ ▀▀▀▀ ▄██ ▀█▀  ▄█▀█ ▄█
███████▄▄▀▀ █▀ █ ▄▀ ▀▀██▄▄▀ ▄▄▄  █ █    ██▄▄ ▀▀▄▀ ▄▄▄ ██▀██
█ ▄▄▄▄▄ ███▄▀▀█▄▄▀██ ▀ ▀▄▄█ █▄█ ▀▀ █▀▄    ▄█▄ █▄  █▄█  ▀▀██
█ █   █ █▀▄ █▀█ ▀█▀█ ▄██ ▀█ ▄▄     ▀▄█▄█ ▀▄▄▄▄ ▀▄ ▄▄ ▄▄▄▀▄█
█ █▄▄▄█ █ █▀▄▄▀█  ▀ ▄▀███▀█▀▀▀█▀█▀  █▀▀▀█▄ █▄█ ▄▀▄▀  ▀▄▄█▀█
█▄▄▄▄▄▄▄█▄▄██▄████▄█▄█▄▄█▄██▄████▄██▄█▄▄▄▄▄████▄█▄█████▄███

❌ Bot disconnected (408), reconnecting in 5s...
❌ Bot disconnected (408), reconnecting in 5s...
Scan this QR code:
▄▄▄▄▄▄▄▄▄▄▄▄▄▄▄▄▄▄▄▄▄▄▄▄▄▄▄▄▄▄▄▄▄▄▄▄▄▄▄▄▄▄▄▄▄▄▄▄▄▄▄▄▄▄▄▄▄▄▄
█ ▄▄▄▄▄ █▀ █▀ ▀▀█▀█▀▄█ ▄▄▄▄█▄▄▄▄ ▀▀▀█ ▄▀█ █▄ ▄▄▄ ██ ▄▄▄▄▄ █
█ █   █ █▀  █  ███▀ ▄▄▄▄  ▀█▄█ ▄ ▄█   █▀█▄▄ ▀▄ ▄ ██ █   █ █
█ █▄▄▄█ █▀▀██▀█▀▄█▄█▄ ▄█▀ █ ▄▄▄ ▄▄▀█▄▀▄▀ ▀▄▄▀█▀▀▄██ █▄▄▄█ █
█▄▄▄▄▄▄▄█▄▀▄▀▄▀ ▀▄▀ ▀ ▀ █ █ █▄█ ▀▄█ ▀▄█ █ █▄▀ ▀ ▀▄█▄▄▄▄▄▄▄█
█  ▄ ▄█▄ ▄▀██▀ ▀ ▄▀▄ █▀▀▄▀ ▄    ▀█▀█▀  █▀█   █▄▄▀ ▄█ █▄▀▄▀█
█  ▀█▄▀▄█  ███▄ ▄ ▀ ▀▀▀ █ ██▄  █▀▀▄██▀█▄▀▀▄▀▀▀ ██ █▄█▀▀▀ ██
█▀▀▄█▄▀▄█▀ █  ▄▄▄█▀ ▄▄▀▄    ▄▀▀██▀██  ██▀█  █▀██▀ ▀▄███▄███
██ █▀▄▄▄ ▄ ▄▄▀▀█ ▄▄▀▀█▀ ▄ ▀█▀▄█▄███  ▀   ▄█▄▀▀▄███▀█ █▀  ██
█▄▄▄   ▄   ▄█▄▄█▄█  ▀███  █▀▀   ▄▀▀▄ ▄▀█▀▀ ▀█▀██ ▀███▀▀▀█ █
█ ▀▀▄  ▄██▀▀▀▄▀█▀▀ ▄█▀▄▀ ▀ ▄▀ ▀▄█▄▀ ▄▀ ▀ ▀███▄█▀▀  ▄▄▀▀▀▄▀█
█ ▄ ▀ █▄ ▀▀█ ▄▀█▄▀▄▄▄█▀█▀▄▀ ▀▀▀ ▄█▄█▄ ▀█▀▀▀ ▄█▄█▄▀█▄▄▀█  ▀█
██▄██▄▄▄▀▄█ ▄ ▄ ▄ ▄ ▄█  ▀█▀ █▀█▄▄▄▄ █▀█ ▄▄█▀▄▄▄▀▄▀▀  █▀▀▀██
██ ▄ █▀▄█▀▄█▀▀▄▄▄█  █▄██  ▀█▀▀█▀▄ ▄ ▄▄▀▄▀██▀▄█▄█ ▀ ▄▀██ ▄▄█
██ ▀▀ ▄▄▄ █▀█▀▄▄█▄▄█ ▀▄█  █ ▄▄▄   ▄█▄▀▀▄▀▀ █▄█▄▄█ ▄▄▄ ▀  ▀█
█▀▄▀▄ █▄█ █ ▄▄▀ ▀▄▄▀ █▄█▀ ▀ █▄█ ▄███   ███▄  ▀ █▄ █▄█ ▀ ▄ █
█▀█▄█▄▄▄▄ ▄█  █▀▀▄▀▄█▄▀▀ ▀▄ ▄▄▄▄█▄▄▀██▀█▄▄▄▀▀▀█▄▀▄  ▄ ▄  ▀█
█▀▀▀ ██▄▄ ▄▀█▄ █▄▄ ▄▀▄▄▀▄▀▄▀▄▄▀  █▀██▄▀██▀▄ ▄▀█▄▀▀▀ ▀▄ ▀▀ █
█▀▄█▄█▄▄█  ▄▄ ▄ ██▀ ▄▀██ █▄▄  ▀ █▀▄▄▀ ▀ ▀█ █▄█▄▄▀▄ ██   ███
█▀▀ █▀▄▄  ▄▄▀█▄ ▀█▄▄▀▀▀█▄ █▄▀█▀█ ███▄  ▄▀█▀  ██▄▀█ ███▀▄█ █
██▀█▀█▀▄▄▀▀▀▀▄  ▀█▀▄▀  ▀▄ █ ▀█  ▀█ ██▀▄█▄ █▀▀▄▄▄▀▄▄▀ ▀▀▀▄▄█
█▄▄▄▄█▄▄█ █ ▄ █▀▀▄  ▄▄▀▀▀▀█▀█▄ ▄▀█▀█▄ ▀▄▄█▀ ▄█ ██▄▀ ▄▄▄▄█▀█
█ ▀▄█ █▄█▀█▀█▄▀███▀ ▄ ▀ ▀ █▀ ▀  ████▀▀  ▄█▄█ ▀▄▄█▄ █▄█ ▀▀██
█ ▄▄██▀▄▀▄ ▀▄ █ ██▀ ▄▄▀▄  ▄▄██ █ ███▄▄ ▄██▀ ▀██▄▀▀▀▄▄████▀█
█ ▀ ▀▀▄▄ ▀▀█ ▄█▀ ▀  █▄▄▀███  ▀▀▄▀ █ ▄▄▄▀▄▄▀ ▀▄▀▀▀▀ █ ▄▄  ▀█
███████▄█▀▀ ▀▀ ▀▄▄█▄ ▄▄▀▀ ▄ ▄▄▄  ▀▄█ ▄ █▀▀▀ ▄▀▀▄▀ ▄▄▄ ▄█▀ █
█ ▄▄▄▄▄ █▄▄ ▄██ █  ▀▄▄███▄█ █▄█ █▀▀▄▄ ▄▀█▀▄▀▄█▀▄  █▄█ ▀▀▀▀█
█ █   █ █ █▀▄██ ▄▀▀▄▄██▀▀▄   ▄ ▄▄██▄▄ ▄█▀▀   ▀███  ▄ ▄█ █▄█
█ █▄▄▄█ █ █▄▄▄▄▄▄ ▀▄▄█ ▄▀██ ▀▀▀█▄██▀▀▀ ▄▄ ▄▀ ▀  ▄  ▄▀▀  ███
█▄▄▄▄▄▄▄█▄▄▄██████▄▄█▄██▄▄▄█▄██▄▄▄▄▄▄▄█▄▄██▄███▄▄▄▄█▄▄▄█▄██

Scan this QR code:
▄▄▄▄▄▄▄▄▄▄▄▄▄▄▄▄▄▄▄▄▄▄▄▄▄▄▄▄▄▄▄▄▄▄▄▄▄▄▄▄▄▄▄▄▄▄▄▄▄▄▄▄▄▄▄▄▄▄▄
█ ▄▄▄▄▄ █▄▀▄ ▄▄█▀█ ██▀▀▄ ▄ ▀▀▀▄ ▄▄█▀▄▄▀██ ▄ █  ▄ ██ ▄▄▄▄▄ █
█ █   █ █ █▀█▀ ████ ████   █ █▄▀ █▄▀ ▀▄▀██▀██▄▀▄ ██ █   █ █
█ █▄▄▄█ █▄▀█▄▄▄█▀▀▄  ▀▄  █▀ ▄▄▄ █ ▀█▀▄  ██ ▀  ▄▀▄██ █▄▄▄█ █
█▄▄▄▄▄▄▄█▄█ █▄█ █▄█▄▀▄▀ ▀▄█ █▄█ ▀ ▀ █ █ ▀ █▄▀▄▀▄█ █▄▄▄▄▄▄▄█
█ ▄  ██▄█▄▄█▄█▀█████▀█ ▄  ▀▄▄▄   █ ▄▀▀▀█ ▄▄ ▄███   ██ ▄ ▀ █
█ █ ▄▄█▄▄▄█▄▄▄ ▀▀  ██ ▄▄ ▄ █ █  █ ██▄▀█ █ █▄█▀█ ▄ ▀█ ▀ ▄  █
██▄██▀▀▄ ▀  ▄▀▄ ▀▄█▄▀▀█▄▄▄▄ ███▀██▀██ ▀▀█▀██▀█▄█ █ ▀█▀█▄▀██
█  ▀▄  ▄▄█▄▀  ▄███▀▀ ▄██▄█ █ ▄▀█▄▀█▄ █▄█▀   ▀▀ █▄▄█▀█ ▀ ▄██
██▀▀ ▀ ▄▀ ▄ ▀█   ▀▀█▄█▄▀ ▄█▄▄▄▀▄▀▄▄ ▀█ ▄ █ ▄█    ▄█▄▄▀▀██ █
█ ▄▄▀▄▀▄ ██▀▀▀▀▀█▀█▀▀▀▄█▀▀▄ █ █▄█▄█▄▀▀  ▀▀ █ ▄▀▀▄▄██▄ ██▀▀█
█▄█▄▄▀▀▄▀▀ █▄█ ██ ▄▀██ ▄▀█▀ ▄ █ █▀▀█▄█▀█  ▀ ▀▀▀▄▄ ██ ▄██  █
█▄█▀▀ ▀▄▀▄  ▄▄▄ ▀▄   ▄    █▀▀▄▀▄ █ ▄ ▄▄█ ▄ █ █▄▄▀▄ ██▄ ▄█▄█
█ ▀▀█▄▀▄▄██ ▄██▀ ▄ ▄█ ███▄███▀▄█▄▄  ▄ ▀▀▀▀▄█ ▀▀▄▄▄ ▀▀▀▀█▄▄█
█ █▄▀ ▄▄▄  ▄      ▄▄▀▀█▄█▀  ▄▄▄ ▀ ▀▄▄▄ ▄ ▀  ▀ ▀█▀ ▄▄▄ ▀▀▀██
█ ▄█  █▄█ ▄▄ ▀▀   █▄█▄▀▀ ▄█ █▄█   ▀ ▀▀██▄▀▀▄▀▄  █ █▄█ ██▄▄█
█  ▄▄▄ ▄▄▄▀▀▄██ ▄ ▀████▄  ▀ ▄ ▄▄▀ ▀▀▀▄█▀█▀▄▄█ ▄ ▀  ▄ ▄█▄▄▀█
██ ▀█  ▄▄█▀ ▄█ ██▄▀█▀▄█  ▀█▄█▄▀▀▀█ ▄▄█ ▄ ▄▀ ▀▀██▀  █▄█ ████
█▄██▀▄▄▄███▄ ▀ ▄ ▄ █▄█▄▄▄ ██ ▀ █▀ █ ▀█ ▀▄▀▄ ▀▄▀▀▀▄▄▄   ▄▄▄█
█▄█▄█▀ ▄ █▄█▄█ ▀███ ▀███ ▄████▄▄ ▀ █▄ █▀▀▀██▄██▄██ ██▄ ▀▄██
█▄█▄▀▀ ▄ ▀▄█▄ ██ ▄ ▀   █▄▀█  ▄▀█ █▀█▄ ▄▄▀▀▀ ▄█▄▀ ▄▀█ ▄█ █▄█
█▀█▄▄▀▀▄▄█▄ █ █ ▀  ▀ █ ▀█▄▀ ▀  ▄█▄▄▀▀█▄█▄▀▀▄▄▄  ▄▀▀▄▀ ▀▄█▄█
█▀█ ▄ ▀▄█▀██ █ █ ██▄ ██ █████▀▄ ▀▀▀█▀▄  █▄▄▄█▄ █▀ ▀██▄▄█▄██
█  ▀█▀▄▄▄█▀█▄▀█▀▄█▀▀▀▄ █▀▀█▀▄▄ ▀▀█ █▄█▀▄   ▀▀▀███ ▄▀█▄▄▀▄ █
█ ▀ ▀▀▄▄ █  ▄▀█ ▄▀ ▄ ▀▀ ▄▄██▄██▀   ▄  ▀ ▀█▄ ██▄▀▀█▄ █ ▀▄ ▄█
███████▄█ ▀ █▀ █▄▄▄▄  ▀███▀ ▄▄▄  █ █  ▀ ████ ▀███ ▄▄▄ ▄▄█▀█
█ ▄▄▄▄▄ ███▄▀▀█▄▄▄██▀▄ ▀▄▀█ █▄█ ▀█ ██▀▀▀ ▀██▄▄▄█▀ █▄█  ▀▀██
█ █   █ █▀▄  ▄█ ▀█▀█ ▄██ ▀█  ▄   ▄ ▀█▀▄█▀▀▄▄▄  ▀▄ ▄▄ ▄▄▄▀▄█
█ █▄▄▄█ █ █▄ █ █  ▀ ▄▀███▀█▀▀▀█▀▄▀  █ ▀▀▄▄ ███ ▄▀▄▀ ▄█▄▄█▀█
█▄▄▄▄▄▄▄█▄▄▄█▄█▄██▄█▄█▄▄█▄██▄▄███▄██▄█▄▄▄▄▄████▄█▄█████▄███

❌ Bot disconnected (408), reconnecting in 5s...
❌ Bot disconnected (408), reconnecting in 5s...
Scan this QR code:
▄▄▄▄▄▄▄▄▄▄▄▄▄▄▄▄▄▄▄▄▄▄▄▄▄▄▄▄▄▄▄▄▄▄▄▄▄▄▄▄▄▄▄▄▄▄▄▄▄▄▄▄▄▄▄▄▄▄▄
█ ▄▄▄▄▄ █▄▀▄ ▄▄▄▄█ █▀█▀█ ▄ ▀▀▀▄ ▄▄████ ▀█    ▄ ▄ ██ ▄▄▄▄▄ █
█ █   █ █ █▀▀█ ████ ████▀▀ █ █▄▀▀▄▄▀ ▀▄▀█▄▀█ █▀▄ ██ █   █ █
█ █▄▄▄█ █▄▀▀█▀▄█▀▀▄  ▀▄  █▀ ▄▄▄ ▀ ▀█▄▀  ▄█ ▀▄▄▄▀▄██ █▄▄▄█ █
█▄▄▄▄▄▄▄█▄▀ ▀ █ █▄█▄▀▄▀ ▀▄█ █▄█ ▀ ▀ █ █ ▀ █▄▀▄▀▄█ █▄▄▄▄▄▄▄█
█ ▄  █▀▄▀ █▀ █▀█████▀█ ▄  █▄▄▄   █ ▄▀▀▀█ ▄▄ ▄███▀ ▄█▀ ▄ ▀ █
█ █ ▄▄▄▄▄ ▄▄▄█ ▀▀  ██ ▄▄ ▄▄█ █  █ ▀▀▄▀█▄█ █ █▀▀ ▀  █▀▀ ▄  █
██▄██▀▀▄▀▀██▄▀▄ ▀▄█▄▀▀█▄▄▄▄▀▀██▀█████ ▀▀█▀██▀█▀▄█▄ ▀█▀█ ▀██
██▄    ▄█▄▄▀  ▄███▀▀ ▄█▄▄█ █ ▄██▄▀▄▀ ██▀▀ █▄█▀ ▀ ▀█▀█ ▀ ▄██
███▀▀▀ ▄▀ ▄ ▀█  ▀ ▀▀█▄▀██▄█▄▄▄ █▀▄▄▀▀█████ ▄█ █  ▄█▄▄▀ ▄▀ █
█▄█   ▀▄ ██▀▀▀▀▀▄ █▀▀ ▄██▀▄ █ ██▀▄█▄▄▀   ▀▀█▄ ▀ ▄▄██▄ ██ ██
██▄▄▄  ▄▀▀ ██▀ ██ ▄▀██ ▄▀█▀ ▄ █ ▄▀▀███▀█▀ ▀ ██▀▄▄  █ ▄██  █
█▄█▀▀ ▄▄▀ ▄ █▄ ▄▀▄   ▄    █▀▀▄▀▄▀▄ ▄ ▄▄█ █ █ ▄▄▄▀▄▄▄█▄ ▄█▄█
█ ▀▀█▄█▄▀█▀  ▄▀▄ ▄ ▄█ ███▄▀▀█▀▄█▄▄  ▄ ▀▀▀▀▄█ ▀▀▄▀█▀▀▀█▀█▄▄█
█ █▄▀ ▄▄▄ ▀▄ ▀ █  ▄▄▀▀█▄█▀  ▄▄▄ ▀ ▀ ▄▄▄▄ ▀▄▄▀ ██  ▄▄▄ ▀▀▀██
█ ▄█▀ █▄█  ▄ ▀▀   █▄█▄▀▀ ▄█ █▄█    ▀▀▀█▄▄▀ ▄▀▄ ▀▄ █▄█ ▀▄▄▄█
███ ▄ ▄▄▄▄▀▀▄██ ▄ █ ██▀▀  ▀ ▄ ▄▄▀   ▀▄▀▀█▀▀▄█▄▀█▄  ▄▄ ▄▄▄▀█
█▄▄▀█  ▄█▄▀ ▄█ █▄▄▄█ ██ ▀ █▄▄▄▀▀▀█ ▄ ▀ ▄ ▄   ▀▄▄█▀ ██▄▀██▀█
█▄█▀▀▄▄▄█▀█▄ ▀ ▄█▄ █ ▄▄▄▀ ██▀  ██▄█ ██  █ ▄ ▀▄   ▄▄▄ ▄ ▄█ █
█▄█▄█▀ ▄ █▄█▄▄ ▀███ ▀███ ▄████▀  ▀ █▄▄█▀█▀██▄▀█▄██ ██▄ ▀███
█▄█▄▀▀ ▄ ▀ ▀██▄  ▄ ▀   █▄▀█  ▄ █ ▄▀█▄ ▄▄  ▀ ██▄▀ ▄▀█ ▄█ █▄█
█▀█▄▄▀█▄▄█▀ ▀▀▄▀▀  ▀ █ ▀█▄▀ ▀  ▄█▄▄▀▀█▄█▄▀▀▄▄▄  ▄▀██▀ █▄█▄█
█▀█ ▄▀█▄█▀ ▀▀███ ██▄ ██ ██▀██▀▄ ▀▀██▀▄  █▄ ▄█▄▄▀▀▀▄▀█▄▄▄▄██
█   ▄██▄▄███▄▀█▀▄█▀▀▀▄ █▀▀█▄▄▄ ▀▀███▄█ ▄  ▀ ▀▀█▄█  ▀ ██ ▄ █
█ ▀ ▀▀▄▄▄▄  ▄▀█ ▄▀██ ▀ ▀▄▄▄▀▄██▀  ▀█▄▄▀▀██▄▀█▀▀▀▀▄  ▀ ▀█ ▄█
███████▄▄▀▀ █▀ █ ▄ ▄▄ ▀▀██▀ ▄▄▄  █ █▄▄▀▀█▀▀▄█▀ ██ ▄▄▄ ██▀▀█
█ ▄▄▄▄▄ ███▄▀▀█▄▀▀██▄▄ ▀█▄█ █▄█ ▀▀ ██▀▀   ▄▄  ▄██ █▄█  ▀▀▀█
█ █   █ █▀▄ ███ ▀█▀█ ▄██ ▀█ ▄▄  █  ▀▀▀▄█▄▀▄▄▀  ▀█ ▄▄▄ ▄▄ ▄█
█ █▄▄▄█ █  █▄▀ ▄  ▀ ▄▀███▀█▀█▀█▀█▀  ▄ ▀▀██ ██▄ ▄▀▄▀ ▀▀▄▄█▀█
█▄▄▄▄▄▄▄█▄████████▄█▄█▄▄█▄███▄███▄██▄█▄▄▄▄▄████▄█▄██▄▄█▄███

Scan this QR code:
▄▄▄▄▄▄▄▄▄▄▄▄▄▄▄▄▄▄▄▄▄▄▄▄▄▄▄▄▄▄▄▄▄▄▄▄▄▄▄▄▄▄▄▄▄▄▄▄▄▄▄▄▄▄▄▄▄▄▄
█ ▄▄▄▄▄ █▀ █▀  ▀▀██▀▄█▀▄  ▄█▄▄▄▄ ▀██ ▄▀▀█▄▀▄▄█▄▄ ██ ▄▄▄▄▄ █
█ █   █ █▀  █  ███▀ █▄▄▄  ▀█▄█ ▄▄▄█ ▀▀█▀██▄  ▄ ▄ ██ █   █ █
█ █▄▄▄█ █▀▀█▄██▀▄█▄█▄ ▄█▀ █ ▄▄▄ ▄▀▀█ ▀▄▀▀▄▄▄▀█▀▀▄██ █▄▄▄█ █
█▄▄▄▄▄▄▄█▄█▄▀ ▀ ▀▄▀ ▀ ▀ █ █ █▄█ ▀▄█ ▀▄█ █ █▄▀ ▀ ▀▄█▄▄▄▄▄▄▄█
█  ▄  ▀▄▄▄▀ ▄█ ▀ ▄▀▄ █▀▀▄▀ ▄    ▀█▀█▀  █▀█   █▄▄▀▀ █ ▀▄▀▄▀█
█  ▀█▄▀▄▀▄ ▄▀ ▄ ▄ ▀ ▀▀▀ █  ▄▄  █▀▀▄██▀█▄▀▀▄█▀▀ █  █▄█ ▀▀ ██
█▀▀ ▀▄▀▄█▄ █  ▄▄▄█▀ ▄▄▀▄  ▀ ▄▀▀██▀▄▄  ██▀█  █▀▄█  ▀▄█▀█▄███
█▀▄▀▄▄▄▄ ▄ ▄▄▀▀█ ▄█▀▀█ ▄▄ ▀█▀▄█ ██  ▄▀▄ ▄ ▄▀██ ▀█▄▀█▀█ ▀ ██
██▀▀▄  ▄   ▄█▄▄███▀▄▀▄▀▀▄▀█▀▀ ▀ ▄▀▀█▄▄ ███▀ ▄▀██ ▀███▀ ▀█ █
█▄▀██▄▄▄██▀▀▀▄▀█ ▀ ▄ █▄▀ █ ▄▀ ▀█▀ ▀ ██  ▄▄▄█▄▀▄▀▀ ▄ ▄▀▀▀▄██
█▀▄ ▀▀▄▄ ▀▀█▄▀▀█▄▀▄▄▄█▀█▀▄▀ ▀▀▀ ▀█▄█ ▄▀███▀ ▄▀▄█▄▀▀█▄▀█  ▀█
██▄██ ▄▄█▄█▀▄▄▀▀▄ ▄ ▄█  ▀█▀ █▀█▄█▄▄ ▄ █ ▄██▀▄█▄▀▄▀▀█ █▀▀▀██
██ ▄  ▀▄▄▄█▀█▄▄▄▄█  █▄██  █▀▀▀█▀▄ ▄ ▄▄▀▄▀██▀▄█▄█▀▀▀█▀▀█ ▄▄█
██ ▀▀ ▄▄▄ ▀▀▀█ ██▄▄█ ▀▄█  ▄ ▄▄▄    ▀▄▀▀▄▀▀▄▀▄█▄▄█ ▄▄▄ ▀  ▀█
█▀▄██ █▄█ ▀▀▄▄▄▄▀▄▄▀ █▄█▀ █ █▄█ ▄█▄▄  ▀▄██▀▀ ▀██▄ █▄█ █ ▄ █
█▄ █ ▄▄▄ ▄▄█  █▀▀▄▄▄█▄ ▄ ▀▄ ▄▄▄▄█▄█ ██▀█▄ █▀█████▄  ▄▄ ▀ ▀█
██▄▀▀██▄█▀▄▀█▄ ███ ▄▀▄██▀ ▄▀▄▄▀  █▀█  ▀█▄█ ▀ ███▀▀▀ ██  █▄█
██ ███▄▄ ▄ ▄▄ ▄ ▀█▀ ▄▀██ ▀▄▄▀█▀ ▀▀▄▄ ▄ ▀▄▀▀█▀ ▄▄▀▄ █ ▀  ▄▀█
█▄▀ █▀▄▄  ▄▄▀ ▄ ▀█▄▄▀▀▀█▄ █▄▀██▀▀███▄▄ ▄▀█▀ █▀█▄▀█ ███▀▄▄▀█
██▀█▀█▀▄▄▀  ▄▄ ▀▀█▀▄▀  ▀▄ █ ▀█ ▄▀▄ █▄▀▄██▀█▀▀▄▄▄▀▄▄▀ ▀▀▀▄▄█
█▄▄▄▄█ ▄█ ▄▀██ █▀▄  ▄▄▀▀▀▀█▀█▄ ▄▀█▀█▄ ▀▄▄█▀ ▄█ ██▄▄▄▄▄▄▄█▀█
█ ▀▄███▄█▀▀ █▄▀▀██▀ ▄ ▀ ▀ █▀ ▀  ████▀▀▄ ▄█▄▀ ▀▄▄▀▄▄█▄█▀▀▀██
█ ▄▀  ▀▄▄▀▀▄▄  ▄██▀ ▄▄▀▄  ▄ ██ █ █▄▄▄▄▀███▀▀▀█▄██▄ █▀▄█ █▀█
█ ▀ ▀▀▄▄  ▀█ ▄█▀ ▀█ █▄█▀███▄ ▀▀▄▀ ▄ ▄▄▄▄  █▀█▄ ▀█▄▀▀▀▄   ▀█
███████▄█▀▀ ▀▀ ▀▀▄▀▄▀▄▀▀ ▀▄ ▄▄▄  ▀▄█▄▄ █▀▀ ▀▄▀▀▄█ ▄▄▄ ▄▄█ █
█ ▄▄▄▄▄ █▄▄ ▄██ ██ ▀  ██▄▀█ █▄█ ██▀▄█▀▄▀▄▀█▀ ▀▀▄  █▄█ ▀▀▄██
█ █   █ █ █▀▄ █ ▄▀▀▄▄██▀▀▄  ▄▄ ▄▄▀█▄  ▄█▀▀   ▀███  ▄▄ █ █▄█
█ █▄▄▄█ █ █▀▀ ██▄ ▀▄▄█ ▄▀██ ██▀████▀   ▄█ ▄▀▀▀  ▄  ▄▀█  ███
█▄▄▄▄▄▄▄█▄▄▄███▄██▄▄█▄██▄▄▄████▄▄▄▄▄▄▄█▄▄██▄███▄▄▄▄██▄▄█▄██

❌ Bot disconnected (428), reconnecting in 5s...
❌ Bot disconnected (428), reconnecting in 5s...
Scan this QR code:
▄▄▄▄▄▄▄▄▄▄▄▄▄▄▄▄▄▄▄▄▄▄▄▄▄▄▄▄▄▄▄▄▄▄▄▄▄▄▄▄▄▄▄▄▄▄▄▄▄▄▄▄▄▄▄▄▄▄▄
█ ▄▄▄▄▄ █▀ █▀   ██▄ ▄▀▀▄▄ ▄█▄▄▄▄ ▀██▀ ▄█▄▄▄  ▄▄▄ ██ ▄▄▄▄▄ █
█ █   █ █▀  █▄ █▄█▀ ██▄▄▀▀▀█▄█ ▄ ▄█ ▀▀█▀█▄▄ █▄ ▄ ██ █   █ █
█ █▄▄▄█ █▀███▀█▀▄█▄█▄ ▄█▀ █ ▄▄▄ █ ▀█▀▀▄▀▀▄▄▄▄▄▀▀▄██ █▄▄▄█ █
█▄▄▄▄▄▄▄█▄█▄▀ ▀ ▀▄▀ ▀ ▀ █ █ █▄█ ▀▄█ ▀▄█ █ █▄▀ ▀ ▀▄█▄▄▄▄▄▄▄█
█  ▄  █▄ ▄▄▀   ▀ ▄▀▄ █▀▀▄▀ ▄    ▀█▀█▀  █▀█   █▄▄▄▀ █▄█▄▀▄▀█
█  ▀██ ▄█ █▀██▄ ▄ ▀ ▀▀▀ █  █▄  █▀▀▄██▀█ ▀▀▄█▀▀ ▀▀▄▄▄ █▀▀ ██
█▀▀ ▄▄▀▄▄  █  ▄▄▄█▀ ▄▄▀▄    ▄█▀██▀█▄  ▀▄▀█ ▀█▀▄█▄▀▀▄▀█▀▄███
█▀ ▄ ▄▄▄ █ ▄▄▀▀█ ▄█▀▀█ ▄▄ ▀█ ▄█ ██▀▀ ▀█  ▄▀▀▀▀ █▄ ▀█ ▄▀  ██
██ ▄▄  ▄   ▄█▄▄█▄▄ ▄ █▀█▀ █▀▀ ▀▀▄▀▀█   ▄██ ▀ █▄█ ▀███▀  █ █
█  ▄▄ ▄▄██▀▀▀▄▀█▄▄ ▄▀▄▄▀▄  ▄▀ ▀██▄▀  ▄ ▀▄ █▄▄██ ▀ ▄ ▄▀▀▀▄██
█▄  ▀█▀▄ ▀▀█▄ ▀█▄▀▄▄▄█▀█▀▄▀ ▀▀▀ ▄█▄██▄▀██▀▀  ▀▄█▄▀▀█▄▀█   █
██▄██ ▀▄█  ▄   █▄ ▄ ▄█  ▀█▀ █▀█▄▄█▄ █▀█ ███▀▄▄▄▀▄▀██ █▀▀▀██
██ ▄   ▄ █▀█▄██▀▄█  █▄██  ▀█▀▀█▀▄ ▄ ▄▄▀▄▀██▀▄█▄█▀▀▀▄▀██ ▄▄█
██ ▀▀ ▄▄▄  ▄██ ▀█▄▄█ ▀▄█  ▄ ▄▄▄    █▄▀▀▄▀▀▄█▄█  █ ▄▄▄ ▀  ▀█
█▀▄█▀ █▄█ ▀ ▄▄█▄▀▄▄▀ █▄█▀ ▀ █▄█ ▄█▄▄   ▄██▀▀ ▀██▄ █▄█ ██▄ █
█▀▄▀▄ ▄▄ ▄▄█  █▀▀▄  █▄   ▀▄ ▄▄▄▄█▄▄▀▀█▄ ▄▄ ███ ▄ ▄▄▄  ▀  ▀█
█▄▀████▄▄ ▄▀█▄ █▀▄ ▄▀▄▀█▀▀▄▀▄▄▀  █▀██▄▄██▀▀▀ ▀▄█▀▀▀ ██▀▀█▄█
██ ▄▀█▄▄ ▄ ▄▄ ▄ █▄▀ ▄▄██ █▄▄ ▄▀ ▀█▄▄██  ▀▀ ▄▄▀██ ▄ █ ▀   ▀█
█▄▄ █▀▄▄  ▄▄▀▀▄ ▀█▄▄▀▀▀█▄ █▄▀██▄ ▀██   ▄█▀▀ ▄▀█▄▀█ ███▀▄▄▀█
██▀█▀█▀▄▄▀█▄█▄▄ ▀█▀▄▀  ▀▄ █ ▀█ ▄ █ ██ ▄█▄ █▀ █▄▄▀▄▄▀ ▀▀▀▄▄█
█▄▄▄▄▀█▄█ ▄▄ ▀▄█▀▄  ▄▄▀▀▀▀█▀█▄ ▄▀█▀█▄ ▀▄▄█▀ ▄█ ██▄▄▀▄▄▄▄█▀█
█ ▀▄█ █▄█▀▀▄ █▄▀██▀ ▄ ▀ ▀ █▀ ▀  ████▀▀▄▄▄█▄█ ▀▄▄▀▄ █▄██▀▀██
█ ▄▄▀▄▀▄█ ▀▀▄ █ ██▀ ▄▄▀▄  █ ██ █ █▄▄▄▄▀███  ▀█ ▄▀ █▀▀▄▄▀█▀█
█ ▀ ▀▀▄▄▀▄▀█ ▄█▀ ▀▄▄█▄  ███  ▀▀▄▀ ▄▀▄▄ ▄ ▄▄ █▄  ▀ ▀▀     ▀█
███████▄▄▀▀ ▀▀ ▀▄█▄▄▄▄█▀▀▀▄ ▄▄▄  ▀▄█▄  █▀▀▄▀▄███▀ ▄▄▄ █▄▀ █
█ ▄▄▄▄▄ █▄▄ ▄██ ██ ▀▀████▀█ █▄█ ▀▀▀▄▀▄▄  ▀▄▀▀  ██ █▄█ ▀▀▄▀█
█ █   █ █ █▀ ██ ▄▀▀▄▄██▀▀▄   ▄ ▄███▄▄▄▄█▄█  ▀▀██▄  ▄ ▄█ ███
█ █▄▄▄█ █ ▀▄█▀▄▄▄ ▀▄▄█ ▄▀██ ▀█▀██▄█▀▀  ▄▄ ▄▀    ▄  ▄▀█  ███
█▄▄▄▄▄▄▄█▄▄█▄▄▄▄██▄▄█▄██▄▄▄█▄██▄▄▄▄▄▄▄█▄▄██▄███▄▄▄▄███▄█▄██

Scan this QR code:
▄▄▄▄▄▄▄▄▄▄▄▄▄▄▄▄▄▄▄▄▄▄▄▄▄▄▄▄▄▄▄▄▄▄▄▄▄▄▄▄▄▄▄▄▄▄▄▄▄▄▄▄▄▄▄▄▄▄▄
█ ▄▄▄▄▄ █▀█▄▄ █▀██▄▀███▄▀▄ ██▀ ▄▄ ██  ▄█▄ ▀▄▀▀▄▄ ██ ▄▄▄▄▄ █
█ █   █ █▀▄ █ ▀█▄██▀▄█▄▄  ▀█▀▄▄ ▀▄█ ▀▀█▀██▀▄▀▄ ▄ ██ █   █ █
█ █▄▄▄█ █▀ █ █ ▄▄███▄ ▀▄▀ █ ▄▄▄ ▄▀▄▀██▄▀▄ ▀▄█ ▀▀▄██ █▄▄▄█ █
█▄▄▄▄▄▄▄█▄▀ █ █▄▀▄▀ ▀ █ █ █ █▄█ ▀▄█ ▀▄█▄█ ▀ ▀ █▄▀▄█▄▄▄▄▄▄▄█
█ ▄   █▄▄  █▄█ █▄▄█▄ █▀█ ▀▄ ▄▄  ▀█▀█▀  █▀█▄▀██▄▄▀  █▄▀▄▀ ▀█
██▀▀▀ █▄ ▄█▀▄▀▄ ▄▄▀ ▀▀▀ ▀▀▀██▀▀█▀▀▄██▄██ ▄ █▀ ▄  ▀█▄█▀▀▀▄▀█
█▀▄▀█▀█▄▄▀█▀ █▄▄█▄▀ ▀█▀▄  █▄▄█▀██▀ █▀▄▀█▀▀ ▀▀▀█▄▀▀ ███▀ ▀▀█
█▄ ▀▀▀ ▄█▄█  ▀██▄▄█▀▀▄ ▀▄▄▀█▀▄█▄█▀▀▄ ▄ ▄ ▀▀ ▄▀▄▀▄▄▄▀█▀▀ ███
█ ▄▀▀█▀▄█▀▀▄  ▄▀█▄█▄▀▄▀▀▄▀▀█▀   ██▀█▀ █▄█▀▀ ▄█ ▄▀▀▀█▀█▀▀▀██
█▄▀█▄▄█▄ ▀▀▀██▀█▀ ▀█▀▄ █▀▀▄▄▀   ▀ ▀▄   ▄▀▀█▀█▀█   ██  ▀▀▄▀█
█▀ ▄█▀▀▄ ▀▀▄▄▀▀█▄▀▄ ▄█▀█▀▄  █▀█▀▀▀ ▄ ▄ ██▀▀▀ █ █▄▀▀█▀██▄▀▀█
█▀▀ ▄ ▄▄█▀ ▀▀▄▀ ▄ ▀█▄██▄▀█▀ ▄  ▀▄▄█    ▄▄▀▀ █▄▀  ▀▀▄▄▄▀▀▀██
█▄▀█▀▄▄▄▄▀ ▀▄ ▄ ▄▄▄ █▄▀█▀ ▀▀▀▀ ▀▄ ▄  ▄▀██▀ ▀ ██▄▀▀▀█▀██▀▄ █
█▀▄▄  ▄▄▄ █▀ ▄█ ▀▀▄█ ▀▄██ ▀ ▄▄▄    █▄██ ▀ ▄▀    ▄ ▄▄▄ ▀  ██
██  ▄ █▄█ █▀▀▄███▄▄▀▀█▄█▀▀▀ █▄█ ▄▀▄▄ ▄▀▄▀█▀▀██▄██ █▄█ █▀ ██
█▀▄██▄▄▄▄▄█▀ ▀█▄   ██▀ ▄▄▄▀▄    ▀▄▄▀▀ ▀▄█▀█▄▀  ▄█▄▄ ▄▄▀▀▄██
█▄▀▄▀▀ ▄█▄ ▀▄▄▀█▄▄▄▄ ██▀ ▀▄▄▄█▀  █▀█▄▄▀▄▀▀▀  ██▄██▀██▄ ▄▄██
█▄▄█▀ █▄▀▄  ▀▄▄█ ▄▀ ▀█▀ ▀ ▀▄ ▄▀ ██ ▄▀█▄ ▄▀▄██▄██▀▀ █▀▀▀▀ ▀█
█   ▀▀▄▄ ▀ ███ █▀█▀▄▀▀▀█▄ █▀▀█▀  ▀▄█▄▄██▄█▀▀▄█▀▄▀▀ ▀▀▄▄██▀█
██▄▄   ▄▀▀▄▀ ▀  ▀█  ▀ ▀▄▄ ▄ ▀█ ▄▀▄ ▄▄ █▄▀▀▀▀▄██  █ █▀██▀▄▄█
█▄▀█▀█▄▄ ▄▀ ▀▀██▄▄▀▄▄▄██▄▀█▀▄▄▀▀▀█▀█   ▄▀█ ▀ ██▄█▄  ▄▄▄█▀██
███▄ █▀▄███ █▄█ ▄█▀  ▀▀ ▀▀█▀▀▀ ▄▀████ ▄▄▀▄▄ █  ▀▀▄▀▀▀▄▀▀▄▀█
█▀▀  █▄▄▄   ▄ ▄▄█▄▀  ▄▀▄▀ ▄███   ██▄▄▄ █▀▀   ▀ █▀█▄█▄█▄▀█ █
█ ▀ ▀▀▄▄▄ █▄█▄▀▀▀█▀█▄ ▀▀█▀▀ ▀▀▄▄▄▀▄ ▀▀ ▄ ▀█▀█▄█▄▀█ █▄██▀▄██
███████▄█ █ ▀█ ▀██  ▄▄▄▀▀▀▀ ▄▄▄  ▀▄█▄  ▄██▄▀▄█▄▄█ ▄▄▄  ▀▀██
█ ▄▄▄▄▄ █▄▄█▀ ▄▄ ▀█▄█▄▀ ▄▀▄ █▄█ ▄█▀▄█▀▀▀▀█▄█  ▄█▀ █▄█    ▀█
█ █   █ █ ▀▄ ▄▀▀▄▀  ▄█ ▀▀▄▀ ▄  ▄▄███   ▄█▀█▀█████▄ ▄  █▀█▄█
█ █▄▄▄█ █ ███ ▄▄▄ █▄▄█▀█▀███▄▀▀█▄▄▄  ▄▀█ ▄▄▀▄▀▄▄█ ▀▄▀█  ███
█▄▄▄▄▄▄▄█▄▄▄█▄█▄▄▄▄▄██████▄████▄▄▄▄▄▄▄█▄██▄▄▄█▄███▄█▄▄██▄██

❌ Bot disconnected (428), reconnecting in 5s...
❌ Bot disconnected (428), reconnecting in 5s...
Scan this QR code:
▄▄▄▄▄▄▄▄▄▄▄▄▄▄▄▄▄▄▄▄▄▄▄▄▄▄▄▄▄▄▄▄▄▄▄▄▄▄▄▄▄▄▄▄▄▄▄▄▄▄▄▄▄▄▄▄▄▄▄
█ ▄▄▄▄▄ █▀ █▀   ▄█▄▀▄▀ █  ▄█▄▄▄▄ ▀▀▀   █▀█ ▄▀▄▄▄ ██ ▄▄▄▄▄ █
█ █   █ █▀  █  ██▄▀ ██▄▄  ▀█▄█ ▄▄▄█ ▀ █▀▄▄▄  ▄ ▄ ██ █   █ █
█ █▄▄▄█ █▀▀▀███▀▄█▄█▄ ▄█▀ █ ▄▄▄ █ ▀█▀▀▄▀▄▀▄▄▄▀▀▀▄██ █▄▄▄█ █
█▄▄▄▄▄▄▄█▄█ ▀▄▀ ▀▄▀ ▀ ▀ █ █ █▄█ ▀▄█ ▀▄█ █ █▄▀ ▀ ▀▄█▄▄▄▄▄▄▄█
█  ▄ ▄▀▄   █▄  ▀ ▄▀▄ █▀▀▄▀▄     ▀█▀█▀  █▀█   █▄▄▀  █ ▀▄▀▄▀█
█  ▀██▀▄  █▄█▀▄ ▄ ▀ ▀▀▀ █  █   █▀▀ ██▀▀▄▀▀▄█▀▀ ███▄█▀█▀▀ ██
█▀▀▀▀▄▀▄▀██▀  ▄▄▄█▀ ▄▄▀▄  ▀ ██▀██▀██   ▄▀█  █▀▄▄ ▀▀▄▀█▀▄███
██ ▄█▄▄▄▀█ ▄▄▀▀█ ▄  ▀█▄▄▄ ▀█ ▄▀ ███  ▀█▄ ▄█▀▀▀ ▄▀█▀█▀█▄▀ ██
██▄▀█  ▄   ▄█▄▄█▄█▄▄▀█▄▀  █▀▀   ▄▀▀▄▄ ████▀▀ ▀██ ▀███▀ ▀█ █
█▄█ ▀▄ ▄██▀▀▀▄▀█▀  ▄▄▄▄▀   ▄▀  ▄▀▄▀ ▀█    ▄█▀ ▄ ▀   ▄▀▀▀▄▀█
██▀ ▀▄█▄ ▀▀█▀▀▀█▄▀▄▄▄█▀█▀▄▀ ▀▀▀ ▄█▄█▄▄▀███▀ ▀▀▄█▄▀ ▄▄▀█  ▀█
██▄██  ▄█▄█▀█▄▀ ▄ ▄ ▄█  ▀█▀ █▀█▄██▄ █▀█ ███▀▄█▄▀▄▀▄  ▀▀▀▀██
██ ▄ █▀▄███▄▀▄██▄█  █▄██  ▀█▀▀█▀▄ ▄ ▄▄▀▄▀██▀▄█▄█▀ ▀█▀▀█ ▄▄█
██ ▀▀ ▄▄▄ ▄██ ▀▄█▄▄█ ▀▄█    ▄▄▄   ▄█▄▀█▄▀▀▄▀▄█  █ ▄▄▄ ▀  ▀█
█▀▄▀▀ █▄█ ▀▄▄▄ █▀▄▄▀ █▄█▀ ▀ █▄█ ▄█▀▄   ▄██▀▀ ▀██▀ █▄█ ▄ ▄ █
█▀█ ▀ ▄▄▄▄▄█  █▀▀▄▄▄█▄█▀ ▀▄ ▄▄▄▄█▄▄ ██▄▄▄ ▄▄█▀█▄▀▄ ▄▄▄▀  ▀█
███ ▀██▄▄ ▄▀█▄ █▄▄▄▄▄▄██▀ ▄▀█▄▀  █▀█▄  █▀█▄ ▀▀██▀█▀ ▄█▀▀▀ █
█▀▀█▀█▄▄▀▄ ▄▄ ▄ ▀▄▀ ▄▄██▄▄▄▄█ ▀ ▀█▄▄█▀  █▀ ███▄▄▀▄ ██▀   ██
█ █ █▀▄▄  ▄▄█▄▄ ▀█▄▄▀▀▀█▄ █▄▀███▄███▄▄ ▄▀▀▀  ██▄▀█ ███▀▄█ █
██▀█▀█▀▄▄▀▄ █▀▀▄▀█▀▄▀  ▀▄ █ ▀█▀▄▀▄ █▄ ▄██▀█▀ ▄▄▄▀▄▄▀ ▀▀▀▄▄█
█▄▄▄▄██▄█ █ ▀▄█ ▀▄  ▄▄▀▀▀▀█▀█▄ ▄▀█▀█▄ ▀▄▄█▀ ▄█ ██▄▄▀▄▄▄ █▀█
█ ▀▄█▀ ▄█▀███▄▄███▀ ▄ ▀ ▀ █▀ ▀  ██▀▀▀▀ ▄▄█▄▀ ▀▄▄██▄█▄█▀ ▀██
█ ▄▄█ ▀▄▀▄ ▀▄ ▀▀██▀ ▄▄▀▄  ▄▄██ █ ██▄▄▄ ▄██▄▀▀███▀  ▀██  █▀█
█ ▀ ▀▀▄▄▀█▀█ ▄█▀ ▀▀ █▄ ▀███  ▀▀▄▀ █▀▄▄█▄▄  ▀█ ▀▀ █▄▀▄▄ ▀ ▀█
███████▄▄ ▀ ▀▀ ▀▄█ ▄ █▀█▀ ▄ ▄▄▄  ▀▄█ ▄ ▄▀█  ▄▀█▄▀ ▄▄▄ ███▄█
█ ▄▄▄▄▄ █▄▄ ▄██  ▀ ▀ ███ ▀█ █▄█ █▀▀▄  ▄▀▄▄█ ██▀▄▀ █▄█ ▀▀▄██
█ █   █ █ █▀▄ █ ▄▀▀▄▄██▀▀▄     ▄ ██▄ ▄▄███  ▄▀███  ▄ ▄█ ▄██
█ █▄▄▄█ █ ▄▀▄▄█ ▄ ▀▄▄█ ▄▀██  █▀██▄█▀▀  ▄▄ ▄▀ ▀  ▄  ▄█▀  ███
█▄▄▄▄▄▄▄█▄█▄█▄█▄██▄▄█▄██▄▄▄█▄██▄▄▄▄▄▄▄█▄▄██▄███▄▄▄▄█▄█▄█▄██

Scan this QR code:
▄▄▄▄▄▄▄▄▄▄▄▄▄▄▄▄▄▄▄▄▄▄▄▄▄▄▄▄▄▄▄▄▄▄▄▄▄▄▄▄▄▄▄▄▄▄▄▄▄▄▄▄▄▄▄▄▄▄▄
█ ▄▄▄▄▄ █▄▀▄ ▄████ ▄▄█▀▄█  ▀▀▀▄ ▄▄▀▀▄▀ ▀▀██ ██ ▄ ██ ▄▄▄▄▄ █
█ █   █ █ █▀▀█ ████ ████ ▀ █ █▄▀█▄▄▀▀▀▄▀██▀█▀▄▀▄ ██ █   █ █
█ █▄▄▄█ █▄▀█▄█▄█▀▀▄  ▀▄  █▀ ▄▄▄ ▀█▀█▀█     ▀ █▄▀▄██ █▄▄▄█ █
█▄▄▄▄▄▄▄█▄▀▄█ █ █▄█▄▀▄▀ ▀▄█ █▄█ ▀ ▀ █ █ ▀ █▄▀▄▀▄█ █▄▄▄▄▄▄▄█
█ ▄  ▀▀▄█ █ ▀ ▀█████▀█ ▄  ▀▄▄▄   █ ▄▀▀▀█ ▄▄ ▄███▀  ██ ▄ ▀ █
█ █ ▄▄▄▄█▀▀▄█  ▀▀  ██ ▄▄ ▄▀▄ █  █ ▀█▄▀█▄█ █ █▀▀  █▀▄█  ▄  █
██▄ █▀▀▄█ ▄▄▄▀▄ ▀▄█▄▀▀█▄▄▄▄ ▀██▀██ ██   █▀▄▄▀█▀▄ █ ▀▀█▀ ▀██
█▄▀ █  ▄█▄▄▀  ▄███ █ ▄  ▄█ █▀▄█▀▄▀▀▄▄█▄▀█  ▀█▀▀█  █▀█▀█ ▄██
█▄▀▄▀▀ ▄▀ ▄ ▀█   ▀█▀██▄▀ ▄█▄▄▄▀█▀▄▄ ▀███▀▀ ▄ ▄▀  ▄█▄▄▀▀▄▀ █
██▄█▄▄▀▄ ██▀▀▀▀▀███▀▀ ▄█▀█▄ █ ▄▄█ █▄ ▀▀  █▀▄ █▀▀▄▄▀█▄ ██ ██
██▀▄▄ ▀▄▀▀ █▄▀ ██ ▄▀██ ▄▀█▀ ▄ █ ▀█▀█▄█▀█  ▀ ▀█▀▄▄ ▀█ ▄██▀▀█
█▄█▀▀ ▄▄█▄█▀█ ▄▀▀▄   ▄    █▀▀▄▀▄▀▄ ▄ █▄█ █ █▀▄▄▄▀▄▀██▄ ▄█▄█
█ ▀▀█▄▀▄▄▄▀▄ ▄█▀ ▄ ▄█ ███▄█▀█▀▄█▄▄  ▄ ▀▀▀▀▄█ ▀▀▄█▄▀  ▀▀█▄▄█
█ █▄▀ ▄▄▄ ▄ ▀ ▄█  ▄▄▀▀█▄█▀▄ ▄▄▄ ▀ █ ▄▄ ▄ ▀▄ ▀ █▀▄ ▄▄▄ ▀▀▀██
█ ▄█▀ █▄█ ▀█ ▀▄   █▄█▄▀▀ ▄█ █▄█   ▀▀▀▀█▄▄▀▄█▀▄▀▀█ █▄█ ▄▄▄▄█
█▀█▄ ▄ ▄ ▄▀▀▄██ ▄ █▄████    ▄ ▄▄▀   ▀ ▀▄▀▀▄▀▀▄ ▄█ ▄ ▄▄█▄▄▀█
█▄█▀▄  ▄█▄▀ ▄█ ███▄██▄ ▄  █▄▄▄▀▀▀█ ▄▄▀ ▄▀▄▀  ████▄ ███ █▀██
█ ▀▄▄▄▄▄▀██▄ ▀ ▄▄█ █  ▄▄▀▄██   █▀ █ ▄▄   ▀█▀▀▄▀▀ ▄▄▄▄▀ ▄▄ █
█▀▄▄█▀ ▄ █▄█ ▄ ▀███ ▀███ ▄████▀█▄▀ █▄ █▀████ ██▄██ ██▄ ▀▄██
█▄█▄▀▀ ▄ ▀▀▀█▄   ▄ ▀   █▄▀█  ▄ ▀ ▄▀█▄ ▄▄▀▀▀ ▄█▄▀ ▄▀█ ▄█ █▄█
█▀█▄▄█▀▄▄█▄▄▀▀██▀  ▀ █ ▀█▄▀ ▀  ▄█▄▄▀▀█▄█▄▀▀▄▄▄  ▄▀ ▀▀ ▀▄█▄█
█▀█ ▄▀█▄█▀▄ ▀▄ ▄ ██▄ ██ █████▀▄ ▀▀▀▀▀▄  █▄  █▄ █▀▀ ▀█▄█▄▄██
█   ▄█ ▄▄▄██▄▀▀█▄█▀▀▀▄ █▀▀█ ▄▄ ▀▀███▄█▀▄  ▀▀▀▀▄██▄ ████▀▄ █
█ ▀ ▀▀▄▄ █  ▄▀█ ▄▀▀▄ ▀▄▄▄▄▄▄▄██▀   █▄▄ ▄▀▀▄▄▀██▀▄ █ █ ▀█ ▄█
███████▄█▀▀ █▀ █ ▄▄▄▀ █▀▄█▀ ▄▄▄  █ █ ▄ ▀██▄▄ █▀▄▀ ▄▄▄ █████
█ ▄▄▄▄▄ ███▄▀▀█▄▄████▀ ▀ ▄█ █▄█ ▀▀ ██▄▀ ▄▄▄█▄█▄▄▀ █▄█  ▀█▀█
█ █   █ █▀▄ ███ ▀█▀█ ▄██ ▀█ ▄▄  ▀▄ ▀ █▄█ █▄▄▄  ▀▄ ▄▄ ▄▄▄▀██
█ █▄▄▄█ █ ▀█▄▀ ▄  ▀ ▄▀███▀█▀███▀█   ▄ ▀▀▄█ ███ ▄▀▄▀  ▀▄▄█▀█
█▄▄▄▄▄▄▄█▄▄████▄██▄█▄█▄▄█▄██▄▄███▄██▄█▄▄▄▄▄████▄█▄█████▄███

Scan this QR code:
▄▄▄▄▄▄▄▄▄▄▄▄▄▄▄▄▄▄▄▄▄▄▄▄▄▄▄▄▄▄▄▄▄▄▄▄▄▄▄▄▄▄▄▄▄▄▄▄▄▄▄▄▄▄▄▄▄▄▄
█ ▄▄▄▄▄ █▀ █▀   ███ ▄▀▀█  ▄█▄▄▄▄ ▀█▀█ ▀▀█▄▄ ▄▄▄▄ ██ ▄▄▄▄▄ █
█ █   █ █▀  █  █▄▄▀ ▄█▄▄▀ ▀█▄█ ▄▀██  ▀█▀▄▄▄ ▄▄ ▄ ██ █   █ █
█ █▄▄▄█ █▀█▀▄▀█▀▄█▄█▄ ▄█▀ █ ▄▄▄ ▀█▀██▀▄▀▀▀▄▄▄▄▀▀▄██ █▄▄▄█ █
█▄▄▄▄▄▄▄█▄█ █▄▀ ▀▄▀ ▀ ▀ █ █ █▄█ ▀▄█ ▀▄█ █ █▄▀ ▀ ▀▄█▄▄▄▄▄▄▄█
█  ▄  ▀▄▄ ███▄ ▀ ▄▀▄ █▀▀▄▀ ▄    ▀█▀█▀  █▀█   █▄▄ ▀ █ ▀▄▀▄▀█
█  ▀██ ▄█▀█▄▀▀▄ ▄ ▀ ▀▀▀ █ ▀▄▄▄ █▀▀ ██▀▀▄▀▀▄█▀▀▄█ █▄▄█ ▀▀ ██
█▀▀▀█▄▀▄█▄ █  ▄▄▄█▀ ▄▄▀▄  ▀▀▀▀▀██▀█▄  ▄█▀█  █▀██  ▀▄ ▀▀ ███
█▄ █ ▄▄▄▀▄ ▄▄▀▀█ ▄█▀▀█ █▄ ▀█▀██▄██ █ ██ ▄ ▀ ██ █  ▀█ ▄ ▀ ██
█ ██▄  ▄   ▄█▄▄█▄▄▄ ▀▄▄▀  █▀▀ ▀ ▄▀▀▄▄▄▀█▀▀▀▀▄▀▀█ ▀███▀ ▀▀ █
█▀█  ▄ ▄██▀▀▀▄▀█▀▀ ▄▄▀▄▀█▀ ▄▀  ▄█ ▀ ▀▄▀  █▄▄ ▀▄ ▀  ▄▄▀▀▀█▀█
███ ▀  ▄ ▀▀█▄█▀█▄▀▄▄▄█▀█▀▄▀ ▀▀▀  ▀▄█▀▄▀█▀█▀ ▀▀▄█▄▀ █▄▀█ ▀▀█
██▄██ ▄▄▀ ▀ ▄▀ █▄ ▄ ▄█  ▀█▀ █▀█▄██▄ █▀█ ▄▄█▀██▄▀▄▀▀▄ █▀▀▀██
██ ▄  ▀▄▀▀▄█▄▀ ▄▄█  █▄██  ▀▀▀▀█▀▄ ▄ ▄▄▀▄▀██▀▄█▄█▀▀▀▄▀▀█ ▄▄█
██ ▀▀ ▄▄▄   ▄█▄██▄▄█ ▀▄█  ▀ ▄▄▄   ▄█▄▀▀ ▀▀ ▀▄█▄ ▀ ▄▄▄ ▀  ▀█
█▀▄█  █▄█ █▄▄▄▄ ▀▄▄▀ █▄█▀ █ █▄█ ▄███   ▄██   ▀▄██ █▄█ █ ▄ █
█ ▄ ▄▄ ▄  ▄█  █▀▀▄███▄ █ ▀▄ ▄▄▄▄█▄█ ▀█▀ ▄▄▀ ▀█▀▀  ▄▄ ▄▀▀ ▀█
█▀  ▀██▄  ▄▀█▄ █▄█ ▄ ██▀  ▄▀▀▄▀  █▀██ ▄█▀█  ▄▀█▄▀█▀ █▄  ▀ █
█▀▄█▀█▄▄▄▀ ▄▄ ▄  ▀▀ █▀██ ▀▄▄  ▀ ▀▀▄▄█▄   █▀█ ▀▄▄▀▄ █▀█   ▀█
█▄▄ █▀▄▄  ▄▄ ▄▄ ▀█▄▄▀▀▀█▄ █▄▀█▀▄ ▀██▀  ▄▀▀▀ ▀██▄▀█ ███▀▄▄▀█
██▀█▀█▀▄▄▀█▀▀███▀█▀▄▀  ▀▄ █ ▀█ ▄ ▄ █▄ ▄█▄ █▀▀█▄▄▀▄▄▀ ▀▀▀▄▄█
█▄▄▄▄█▀▄█ █ █▀ ▀▀▄  ▄▄▀▀▀▀█▀█▄ ▄▀█▀█▄ ▀▄▄█▀ ▄█ ██▄▄▀▄▄  █▀█
█ ▀▄███▄█▀ █▀▄  ██▀ ▄ ▀ ▀ █▀ ▀  ██▀▀▀▀  ▄█ ▀ ▀ ▄██ █▄█▀▀▀██
█ ▄█   ▄  ▀█▄  ▄██▀ ▄▄▀▄  ▄███ █ █▄█▄▄ ███  ▀█▄▄▀▄█▄▀▄█▀█▀█
█ ▀ ▀▀▄▄▄▄▀█ ▄█▀ ▀▄ █▄ ▄██▄  ▀▀▄▀ ▄  ▄ █▄ ██▀▄▀▄▀▄ ▀ ▀▀  ▀█
███████▄▄▀▀ ▀▀ ▀██▄  █▄▀ ▀▄ ▄▄▄  ▀▄█ ▄██▀█▀▀ █▀▄▀ ▄▄▄ █▄▀ █
█ ▄▄▄▄▄ █▄▄ ▄██ █▀ ▀█████▀█ █▄█ █▀▀▄▀▄▄ ▀▄█▀▀▀▀▄  █▄█ ▀▀▄▀█
█ █   █ █ █▀ ██ ▄▀▀▄▄██▀▀▄  ▄▄ ▄▄▀█▄▀ ▄█▀▀   ▀███  ▄▄ █ █▄█
█ █▄▄▄█ █ ▄▀ ▄▄▄▄ ▀▄▄█ ▄▀██ █▀▀████▀   ▄█ ▄▀▀▀  ▄  ▄██  ███
█▄▄▄▄▄▄▄█▄███▄█▄██▄▄█▄██▄▄▄█▄██▄▄▄▄▄▄▄█▄▄██▄███▄▄▄▄█▄▄▄█▄██

Scan this QR code:
▄▄▄▄▄▄▄▄▄▄▄▄▄▄▄▄▄▄▄▄▄▄▄▄▄▄▄▄▄▄▄▄▄▄▄▄▄▄▄▄▄▄▄▄▄▄▄▄▄▄▄▄▄▄▄▄▄▄▄
█ ▄▄▄▄▄ █▀█▄▄ █ ▀██  ▀▄█▄▄ ██▀ ▄▄ █▀▄  ██▀ ▄▀▄▄▄ ██ ▄▄▄▄▄ █
█ █   █ █▀▄ █ ▀████▀▄▄▄▄▀ ▀█▀▄▄  ▄█ ▀ █▀▄▄▀▄ ▄ ▄ ██ █   █ █
█ █▄▄▄█ █▀▄█ ▄ ▄▄███▄ ▀▄▀ █ ▄▄▄ █▄▄▀▄▄▄▀▀▄▀▄ █▀▀▄██ █▄▄▄█ █
█▄▄▄▄▄▄▄█▄█ █▄█▄▀▄▀ ▀ █ █ █ █▄█ ▀▄█ ▀▄█▄█ ▀ ▀ █▄▀▄█▄▄▄▄▄▄▄█
█ ▄   ▀▄ ▄▄▀▄  █▄▄█▄ █▀█ ▀  ▄▄  ▀█▀█▀  █▀█▄▀██▄▄▀  █▄▀▄▀ ▀█
██▀▀▀ ▄▄█▀ ▄▄▀▄ ▄▄▀ ▀▀▀ ▀▀ █▀▀▀█▀▀▄▀█▄▀█ ▄▄▀▀  ▄  ██ ▀▀▀▄▀█
█▀▄▀▀▀█▄▄▄▄█ █▄▄█▄▀ ▀█▀▄  ▄█▀▀▀██▀ ▄▀▄ ▄▀▀ ▀▀▀██▀▀ █▀▀▀ ▀▀█
█▀ █▀▀ ▄▄██  ▀██▄▄█▄▀▄▀ ▄▄▀█ ██ █▀▀▄   █ █▄▄ ▀▀ ▀ ▄▀▄  ▀███
█▀▄  █▀▄█▀▀▄  ▄▀█▄▄ ▀▄▀▀ ▀▀█▀ ▀ ██▀▄▄ ▀█▀▀▀ ▀▀▄▄▀▀▀█▀█  ▀▀█
█ ███ ▀▄ ▀▀▀██▀█ ▀▀██▄ █▄█▄▄▀  ▀▀ ▀▄▀█ ▄█▀▄ ██▄   █▀  ▀▀ ██
█▄ ▄██ ▄ ▀▀▄█▀▀█▄▀▄ ▄█▀█▀▄  █▀█▀ ▀ ▄▄▄ █ ▀▀▀ ▀ █▄▀▀█▀██▄  █
█▀▀ ▄▀▄▄██▄ ▄▀▀▄▄ ▀█▄██▄▀█▀ ▄  ▀███ ▀  ▄█▀▀ ▄█▀  ▀▀█ ▄▀▀▀██
█▄▀█▀▄▀▄    ██▀▀▄▄▄ █▄▀█▀ ██▀▀ ▀▄ ▄  ▄▀██▀ ▀ ██▄▄▀ ████▀▄ █
█▀▄▄  ▄▄▄ █ ██▄▀▀▀▄█ ▀▄██ █ ▄▄▄    █▄██▄▀  ▀    ▄ ▄▄▄ ▀  ██
██ ▄▄ █▄█ ▄▀▀▄▄ █▄▄▀▀█▄█▀▀▀ █▄█ ▄▀▄▄ ▄ ▄▀█ ▀████▄ █▄█ ▀▀ ██
█▄▀  ▄ ▄  █▀ ▀█▄  █▄█▀ ▄▄▄ ▄    ▀▄▄▀▀ █▄█▀█▄█▄█▄▀▄ ▄  ▀ ▄██
█▀ ██▀ ▄▄▄ ▀▄▄▀██▄ ▄▄▄▀█▀▀▄▄█▄▀  █▀█▄▄▀▄▄▀▄ ▄▀█▄▀▀▀█▄▄▀▄▄██
█▄█▄▀ █▄    ▀▄▄█▀▄▀ ▄▄▀ ▄ ▀▄▀▄▀ ▀▀ ▄█▀█▀▄ ██  ██▀▀ █▀▀▀▀ ██
█▀▄ ▀▀▄▄ ▀ ██▄ █▀█▀▄▀▀▀█▄ █▀▀███ ▀▄█▄ ██▀█▀▀ ▀▀▄▀▀ ▀▀▄▄█▄ █
██▄▄   ▄▀▀ ▀  ▄█▀█  ▀ ▀▄▄ ▄ ▀█▄  █ ▄█ █▄ ▀▀▀███  █ █▀██▀▄▄█
█▄▀█▀▄▀▄ ▄▀ ▄█▀ ▄▄▀▄▄▄██▄▀█▀▄▄▀▀▀█▀█   ▄▀█ ▀ ██▄█▄ ▄▄▄▄█▀██
███▄ ▄█▄██▀▀█ █▀▄█▀  ▀▀ ▀▀█▀▀▀ ▄▀██▀█ ▄ ▀▄ ▄█ ▄█▀▀▄▀▀▄▀ ▄▀█
█▀▀▄▄██▄█  █▄ ▄▀█▄▀  ▄▀▄▀ ▄ ██   ██▄▄▄▄█▀▀█  ▀▄▄█▀▀██▄▄ █ █
█ ▀ ▀▀▄▄ ▀█▄█▄▀▀▀█ ▄▄ ▄▄█▀  ▀▀▄▄▄▀▄ ▀▀▄▄ ▀▀██ ▀█▄█▄▀███▀▄██
███████▄▄▀█ ▀█ ▀▄█  ▀▄██  ▀ ▄▄▄  ▀▄█▄ ▀▄ █▄▀ █▄██ ▄▄▄  ▀█▀█
█ ▄▄▄▄▄ █▄▄█▀ ▄▄███▄▀▄▀ ▀ ▄ █▄█  ▀▀▄▀   ▄▀▄█ ▀▄█▀ █▄█    ▀█
█ █   █ █ ▀▄▄ ▀▀▄▀  ▄█ ▀▀▄▀ ▄  ▄▄▀██▄  ▄▄▀█▀ ▀███▄ ▄▄ █▀▄▄█
█ █▄▄▄█ █ █▄▄█▀▀▄ █▄▄█▀█▀███▄█▀███▄ ▀▄▀█▀▄▄▀▄▀▄▄█ ▀▄▀█  ███
█▄▄▄▄▄▄▄█▄▄▄█▄▄█▄▄▄▄██████▄██▄█▄▄▄▄▄▄▄█▄██▄▄▄█▄███▄█████▄██

Scan this QR code:
▄▄▄▄▄▄▄▄▄▄▄▄▄▄▄▄▄▄▄▄▄▄▄▄▄▄▄▄▄▄▄▄▄▄▄▄▄▄▄▄▄▄▄▄▄▄▄▄▄▄▄▄▄▄▄▄▄▄▄
█ ▄▄▄▄▄ █▄▄██▄ ▄ ▀ █▀▀▄▄▄ ▄▀ ▄   ███  ▄▀ ▄  █  ▄ ██ ▄▄▄▄▄ █
█ █   █ █ ▀▀█▀▀███▀▀████▀▀ ██▄ █▀█▄▀  ▄▀▀█▄▀ █▀▄ ██ █   █ █
█ █▄▄▄█ █▄▄▀▀█▀ ▀▀█  ▀▀▀ █▀ ▄▄▄  █▄▀▄▄   ▄█▀█▄▄▀▄██ █▄▄▄█ █
█▄▄▄▄▄▄▄█▄▀▄▀ ▀▄█▄█▄▀▄█ ▀▄█ █▄█ ▀ ▀ █ █▄▀ ▀ ▀▄█ █ █▄▄▄▄▄▄▄█
█  ▄ █▀▄▀ ▀▄ ▀▀▀▀█▀█▀█  ▄ ▀▄     █ ▄▀▀▀█ ▄ ▀▀███ ▀ ██▄▄ █ █
██▄  ▀ ▄ ▄ █▄█ ▀▀▄ ██ ▄▄▄█▀█▀ ▀ █ ▀▀▄▄█▀▄██▄█ █▀▄▀ █▀▄ ▄▄▄█
██▀▀ ▄█▄▄  ▄▄▄▄  ██▄▄ █▄▄▄ ▄▀▀█▀██ ▄▄▄  ██▀███▄▄█▄▀ ▀██▄█▀█
█▄██▀█▄▄▀▄▀█▄  █▀█▄█ █▄▄▄▀ █ ▄▀▀▄█ █▄▄▀ ▀██▄ ▀██▄▀ █▀█▀ ▀██
█▀▄ ▄▄▀▄▄▀█ ▄▀ ▄▀▀███▄▀█ █▀ ▄▄▀█  ▄▀▀███▄█ ▄▄▄ ▀▀▄▀▄ █ ▄█▀█
█▄█ █▄ ▄█▀█▀█ ▀▀▄ ▄ ▄▀ ▀ █  █ █ ▀ █    ▄▄█▀ ▀█  █▄▄▄ ▀██ ▀█
██   ▄█▄▀▀ ▄██ ██ ▄███ ▄▀█    ▀▀███▄ ▀ █▄ ▀▀▀▀█▄▄  ▄█ █▀▀ █
█  ▄ ▄ ▄█▀▀  ▀█▀▀▄██ ▄█▄  █▀ █▄▀ ▄▀▄▄█▀▀ ▀▄▄ ▄▀██▄▄▄▀█ ▄█▄█
█▀  ▄▄█▄ █▄ ▄▀   █▄▄█ ▀█▄▄█▀█▀▀█▄▄    ▀ ██▀█▄▀ ███▄  ▀▀▄▄ █
█▄▀▀  ▄▄▄ ▄ █▀▄█▄█▄▄▀▀█▄ ▀▀ ▄▄▄ ▀ ▀▄▄ ▄    ▄███▀  ▄▄▄ ▀▀▀▀█
█▄ ▄▀ █▄█  ██▀ ▀▄ █▄▄▄▀▀ ██ █▄█  ▄▀ ▀█▀▄ ▀▀▄▄     █▄█ █▀ ▀█
█▀  █ ▄▄ ▄ █▄▄███▄▀▀█ ▄▄▄██  ▄  █   ▀▀▄  ▄▀▀▀▀▄▀▄▄ ▄▄▄▄█ ██
██▄▄▄▄█▄█▀█ ██▀███▀██▄▄▄▀ █▀██▀▀▀█ ▄ █▀█▄ ▀ ▀▀▀▄██  ▄█ ▀▄▄█
█▄▄█▀▀█▄█▀█ ██ ▀▀▀ █ █ ▀▀  ███ █▀▄▀  ██ ▄█▀▀▄ ▀  ▀▄▄██▀█  █
█ ▀▄▀▀ ▄ ▄ ▄▀█▄▄██  ▀███ ▄█ ███▀ █▀█▄   ▀██▄ █▀▄█▀ ▀▀██ ▄▄█
█▄ █ ▄▀▄█▀ ▀ ▄▄█ ▄▀█  ▀ ▄▀▄  ▄▄▀▀█▀▄▄▀███▀█ ▀███▀██▀▀ ▀ █▄█
█▀ █▀▀▄▄▀▀▄▄▄▀▀▄▄ ▀█ █▄█ ▄▀   ▀▀█▄▄▀████▀▀ █ ▄█▀▄▀▀▀▀ ▀█▀ █
█▄▀ ▀██▄██▄▄████▀██▄▄▄█ █▄██▄▀▄▄█▀████▄  █▄▀ █  ▀ ▄▀ █ █▀▀█
█▀█ █▄█▄▀█▄▄▄▀▀▄▄▄▀▀█▄ █ ▀█▄▄▄ ▄▀█▄▄▄█ █▄▄▀  █▄█▀▀▀█▄█▄▄▄▀█
█ ▀ ▀▀▄▄ ▄▄▀▀▀▀ ██▄▄▀███▄ ▀███ ▀█▀▀█▀▀  █▄▀██▀ ▄▄ ▄▄█▀ ▄▄ █
███████▄█ █ ██ █ █▄▄▀ ▀█▀█▄ ▄▄▄  █ █ ▄ ▀▀█ ██▀▀▄█ ▄▄▄   █▄█
█ ▄▄▄▄▄ ███▀▄▄▄ ▄█  ▄▄▄▄▄ ▄ █▄█  ▀ ████▀▀█▄  █ ▄▄ █▄█ ▀ ▀▀█
█ █   █ █▀ █ ▀▀▀▀█ ▀ ▄ █ ▀▄     █   ▀█ ▄ █▀█▄▄ ▀▄▄▄▄ ▄▄█ ▄█
█ █▄▄▄█ █  ███▄▄  █ ▄▀▄▄█▀█▄█▀█▀█▀▀▀██  ▀▀ █ █▄  ▄   ▀▄▄█▀█
█▄▄▄▄▄▄▄█▄█▄█▄██▄▄▄█▄▄▄▄▄████████▄██▄█▄▄█▄██▄█▄█▄███▄▄▄▄███

Scan this QR code:
▄▄▄▄▄▄▄▄▄▄▄▄▄▄▄▄▄▄▄▄▄▄▄▄▄▄▄▄▄▄▄▄▄▄▄▄▄▄▄▄▄▄▄▄▄▄▄▄▄▄▄▄▄▄▄▄▄▄▄
█ ▄▄▄▄▄ █▄▀▄ ▄█▄▀▀ █▀▀▀█▄  ▀▀▀▄ ▄▄████ ▀▀▄ ▄▀▄ ▄ ██ ▄▄▄▄▄ █
█ █   █ █ █▀▀▀ █▄██ ████ ▀ █ █▄▀▀█▄▀  ▄▀▄▄▀█▀▄▀▄ ██ █   █ █
█ █▄▄▄█ █▄▀▀█ ▄█▀▀▄  ▀▄  █▀ ▄▄▄ █▄▀█    █▄ ▀▀▀▄▀▄██ █▄▄▄█ █
█▄▄▄▄▄▄▄█▄█ █▄█ █▄█▄▀▄▀ ▀▄█ █▄█ ▀ ▀ █ █ ▀ █▄▀▄▀▄█ █▄▄▄▄▄▄▄█
█ ▄  ██▄█ █▀▀▄▀█████▀█ ▄  ▀▄▄▄   █ ▄▀▀▀█ ▄▄ ▄███▄  ██▄▄ ▀ █
█ █ ▄█▄▄██▀▄█  ▀▀  ██ ▄▄ ▄ █ █  █ ▀▀▄▀▀ █ ▀▄█▀█ ██ █▄▀ ▄  █
██▄██▀▀▄▄ ▀█▄▀▄ ▀▄█▄▀▀█▄▄▄▄ ▀██▀██▀▄█ ▀▀█▀▄▄▀██▄██ ▀██▀▄▀██
█▄ ▄▀  ▄█▄▄▀  ▄███▄█ ▄▄ ▄█ █ ▄█▀▄▀▀█ ▀▄▄▀ ▄███ ████▀█▀▄ ▄██
█▀█▀ ▀ ▄▀ ▄ ▀█  ▀ ██▄▄ █ ▄█▄▄▄ ▄▀▄▄▀▀▀██ █ ▄ ▄▄▀ ▄█▄▄▀▀▄▀▄█
█ █▀█ █▄ ██▀▀▀▀▀█▄█▀ ▀▄█  ▄ █ █▄▀▄█▄▀█▀▀▄█▀█ █▀ ▄▄██▄ ██ ██
█▄█▄▄▄ ▄▀▀ █ ▀ ██ ▄▀██ ▄▀█▀ ▄ █ █▀▀█▄█▀█▄ ▀ ▀▀▀▄▄ ██ ▄██  █
█▄█▀▀▄█▄█ ▀▄▀█ ▀▀▄   ▄    █▀▀▄▀▄▀▄ ▄ ▄▄█ ▄ █▀▄▄▄▀▄ ██  ▄█▄█
█ ▀▀█▄█▄ ▀▀▄▀▀▄▄ ▄ ▄█ ███▄███▀▄█▄▄  ▄ ▀▀▀▀▄█ ▀▀▄██ ▀▀█▀█▄▄█
█ █▄▀ ▄▄▄ ██▀▄▀█  ▄▄▀▀█▄█▀  ▄▄▄ ▀ █▄▄▄▄▄ ▀  ▀ ▀▀▀ ▄▄▄ ▀▀▀██
█ ▄██ █▄█ ▄█ ▀▄█  █▄█▄▀▀ ▄█ █▄█   ▀▀▀▀██▄▀ ▄▀▄▀▀▀ █▄█ ▀█▄▄█
█   █▄▄▄▄▄▀▀▄██ ▄   ███▀   ▄▄ ▄▄▀  ▀▀ █▀▀█ ██▄██▄  ▄▄▄▄▄▄▀█
█▄██▀  ▄ █▀ ▄█ █ █ ▀ ▄ ▄▀▀█▄ █▀▀▀█ ▄ ▀▀▄ ▄█ ▀██▄▀  ██▄▀▄███
█   █▄▄▄ ▄█▄ ▀ ▄▄█ █ ▀▄▄▄▀██▀  █▀ █ █▄▀ █▀█ █▄▀▀ ▄▄▄▀▀ ▄▄▄█
█ ▀▄█▀ ▄ █▄█▀  ▀███ ▀███ ▄████▄ ▄▀ █  █▀▀▀██▄▀█▄██ ██▄ ▀███
█▄█▄▀▀ ▄ ▀▄█ ▀▀▄ ▄ ▀   █▄▀█  ▄▀█ ▄▀█▄▀▄▄▀ ▀ ▄█▄▀ ▄▀█ ▄█ █▄█
█▀█▄▄▀▀▄▄███▀ ▀▀▀  ▀ █ ▀█▄▀ ▀  ▄█▄▄▀▀█▄█▄▀▀▄▄▄  ▄▀▄▄▀ █ █▄█
█▀█ ▄█ ▄█▀▀▄▄ ▀  ██▄ ██ █████▀▄ ▀▀▀▀▀▄▄▄█▄  █▄▄██ ▄▀█▄▄▄▄██
█  █ ▀▄▄ ██ ▄▀  ▄█▀▀▀▄ █▀▀▄▄▄▄ ▀▀██▄▄█ ▄  ▀▀▀▀▄██ ▄▄▄█▀█▄ █
█ ▀ ▀▀▄▄▄▄  ▄▀█ ▄▀ █ ▀▄▀▄▄██▄██▀  ▀█▄ ▀ ▀█▀▄▀▀▀▄█  ▄ ▀▀▄ ▄█
███████▄█ ▀ █▀ █ ▄▄▄▀▀█▀██▀ ▄▄▄  █ █ ▄█ ▄▀▄█▄█ ██ ▄▄▄ █▄█▀█
█ ▄▄▄▄▄ ███▄▀▀█▄ ███▀  ▀▀▄█ █▄█ ▀█ █▄█▀ ▄ ▄█  ███ █▄█  ▀▀▀█
█ █   █ █▀▄ ▄██ ▀█▀█ ▄██ ▀█  ▄   ▄ ▀▀█▄█▀▀▄▄█▄ ▀█ ▄▄  ▄▄▀▄█
█ █▄▄▄█ █ █ ▀██   ▀ ▄▀███▀█▀▀▀█▀█   ▄ ▀▀▄█ █▄█ ▄▀▄▀ ▀█▄▄█▀█
█▄▄▄▄▄▄▄█▄▄███▄███▄█▄█▄▄█▄███▄███▄██▄█▄▄▄▄▄████▄█▄█████▄███

Scan this QR code:
▄▄▄▄▄▄▄▄▄▄▄▄▄▄▄▄▄▄▄▄▄▄▄▄▄▄▄▄▄▄▄▄▄▄▄▄▄▄▄▄▄▄▄▄▄▄▄▄▄▄▄▄▄▄▄▄▄▄▄
█ ▄▄▄▄▄ █▀ █▀ ▀ █▀█ ▄█▀█ ▄▄█▄▄▄▄ ▀▀█▄█ █▀ ▀▄▀▄▄▄ ██ ▄▄▄▄▄ █
█ █   █ █▀  ▀  █▄▄▀ ██▄▄  ▀█▄█ ▄▀██  ▀█▀██▄ ▀▄ ▄ ██ █   █ █
█ █▄▄▄█ █▀█▀▀ █▀▄█▄█▄ ▄█▀ █ ▄▄▄ ▀ ▀█ ▀▄▀██▄▄▀ ▀▀▄██ █▄▄▄█ █
█▄▄▄▄▄▄▄█▄▀▄▀▄▀ ▀▄▀ ▀ ▀ █ █ █▄█ ▀▄█ ▀▄█ █ █▄▀ ▀ ▀▄█▄▄▄▄▄▄▄█
█  ▄  █▄   ▀▀▀ ▀ ▄▀▄ █▀▀▄▀▄     ▀█▀█▀  █▀█   █▄▄ ▀ █▄▀▄▀▄▀█
█  ▀█▄▀▄▄▄▄▀▀▄▄ ▄ ▀ ▀▀▀ █ █▄▄  █▀▀ ██▀▀▄▀▀▄▀▀▀ █▀███ ▀▀▀ ██
█▀▀▄▄▄▀▄▄▀▄▄  ▄▄▄█▀ ▄▄▀▄    ▀█▀██▀██   █▀█  █▀▄▄▄▀▀▄▀▀▀▄███
█▀▄▀█▄▄▄ █ ▄▄▀▀█ ▄▀▀▀███▄ ▀█▀█▀ ████▄▀▄█  ██▀██▄ █▀█▀█▀  ██
█ ▀▄▀  ▄   ▄█▄▄█▄▄█▄ ▄▀█▀▀█▀▀   ▄▀▀█   █ ▀▀ ▄█▄▄ ▀███▀  █▄█
██  █ ▄▄██▀▀▀▄▀█▄█ ▄▀▀▄▀██ ▄▀ ▀██▄▀ ▄█▀ █████▄▄ ▀ ▄ ▄▀▀▀▄▀█
█▄▄ ▀▀█▄ ▀▀█▄ ▀█▄▀▄▄▄█▀█▀▄▀ ▀▀▀  █▄█▄▄▀█▀▀▀  █▄█▄▀▀▄▄▀█ ▀▀█
██▄██▄ ▄█▄▄▄▄█▀ ▄ ▄ ▄█  ▀█▀ █▀█▄█▄▄ ▄ █ ▄▄█▀█▄▄▀▄▀█▄▄▀▀▀▀██
██ ▄  ▀▄▄ ▄▀▄▄▄▀▄█  █▄██  ▀█▀▀█▀▄ ▄ ▄▄▀▄▀██▀▄█▄█▀  █ ▀█ ▄▄█
██ ▀▀ ▄▄▄ █ ▀▄ ██▄▄█ ▀▄█  █ ▄▄▄   ▄█▄▀█ ▀▀▄▀▄█ ▄▄ ▄▄▄ ▀  ▀█
█▀▄▀  █▄█ ▄▄▄▄ ▀▀▄▄▀ █▄█▀ █ █▄█ ▄█ █  █▄██▀▀ ▀▀▄█ █▄█ ▄ ▄ █
█▀▄▀▀▄ ▄  ▄█  █▀▀▄ ██▄▄▀ ▀▄ ▄▄▄▄█▄█ █▀▄ ▄▄███▀█▄█▄  ▄ █  ▀█
█▄▄▀ ██▄  ▄▀█▄ █▄█▄▄▀█▀█▀▀▄▀▄▄▀  █▀█▄ ▀▄██   █▄▄▀▀▀ ▀▄ ▀▀▄█
█ ▀█ █▄▄▄▀ ▄▄ ▄ █ ▀ ▄▄██▀ ▄▄▀█▀ █▀▄▄▀▀  ██▀█▄█▄▄▀▄ █    ▄▀█
█▄▀ █▀▄▄  ▄▄▀▀▄ ▀█▄▄▀▀▀█▄ █▄▀█▄▄ ███▄▄ ▄█▀▀ ▄▀█▄▀█ ███▀▄█ █
██▀█▀█▀▄▄▀  ▀▄ ▀▀█▀▄▀  ▀▄ █ ▀█▄  █ █▄ ▄█▄▀█▀▀▄▄▄▀▄▄▀ ▀▀▀▄▄█
█▄▄▄▄▄█▄█ ▄█ ██▄▀▄  ▄▄▀▀▀▀█▀█▄ ▄▀█▀█▄ ▀▄▄█▀ ▄█ ██▄▄ ▄▄▄▄█▀█
█ ▀▄██▄▄█▀▄▀▀▄ ███▀ ▄ ▀ ▀ █▀ ▀  ████▀▀ ▄▄█▄▀ ▀ ▄▀▀ █▄█▀ ▀██
█ ▄▀▀▄ ▄ ███▄ ▀▀██▀ ▄▄▀▄  █ ██ █ ███▄▄ ▄██  ▀█▄▄▀ █ ▄█▄▀█▀█
█ ▀ ▀▀▄▄▄▄▀█ ▄█▀ ▀▀▀█▄ ▄██▄  ▀▀▄▀ ▄  ▄▀█ ▄▀▄▀▄▄▀██ ▀▄▄▀▀ ▀█
███████▄▄ ▀ ▀▀ ▀▄█ ▄ ▄█▀  ▄ ▄▄▄  ▀▄█ ▄▀▄█▀   ▀█▄▀ ▄▄▄ ██▀▄█
█ ▄▄▄▄▄ █▄▄ ▄██ ▀▀ ▀█ ██▄▄█ █▄█ ▀▀▀▄▀▄█▀▀█▄    ██ █▄█ ▀▀▄▀█
█ █   █ █ █▀█▀█ ▄▀▀▄▄██▀▀▄  ▄  ▄▀▀█▄█▄▄█▀█   ███▄  ▄ ▄█ ▄▄█
█ █▄▄▄█ █ █▄▄███▄ ▀▄▄█ ▄▀██ ▄█▀████▀▀  ▄█ ▄▀ ▀  ▄  ▄▀█  ███
█▄▄▄▄▄▄▄█▄██▄▄▄▄██▄▄█▄██▄▄▄██▄█▄▄▄▄▄▄▄█▄▄██▄███▄▄▄▄███▄█▄██

Scan this QR code:
▄▄▄▄▄▄▄▄▄▄▄▄▄▄▄▄▄▄▄▄▄▄▄▄▄▄▄▄▄▄▄▄▄▄▄▄▄▄▄▄▄▄▄▄▄▄▄▄▄▄▄▄▄▄▄▄▄▄▄
█ ▄▄▄▄▄ █▄▀▄ ▄██▀▀ █ ▀▀▄ ▄ ▀▀▀▄ ▄▄ ▀▄▄████▄▄██ ▄ ██ ▄▄▄▄▄ █
█ █   █ █ █▀▀▀ █▄▄█ ████ ▀ █ █▄▀ █▄▀ ▀▄▀▄█▀█ █▀▄ ██ █   █ █
█ █▄▄▄█ █▄▀█▀▄▄█▀▀▄  ▀▄  █▀ ▄▄▄ ▄▄▀█ █  ▄█ ▀█▀▄▀▄██ █▄▄▄█ █
█▄▄▄▄▄▄▄█▄█ █▄█ █▄█▄▀▄▀ ▀▄█ █▄█ ▀ ▀ █ █ ▀ █▄▀▄▀▄█ █▄▄▄▄▄▄▄█
█ ▄  █▀▄▀▄▀▄▄█▀█████▀█ ▄  ▀▄▄▄   █ ▄▀▀▀█ ▄▄ ▄███▀▀ █▀▄▄ ▀ █
█ █ ▄██▄▄█ ▄▄▄ ▀▀  ██ ▄▄ ▄▄█ ▀  █ ██▄▀▀▄█ █▄█▀▀ █▀▀█▄▄ ▄  █
██▄▄▄▀▀▄ █ █▄▀▄ ▀▄█▄▀▀█▄▄▄▄ ███▀██ ██ ▀ █▀ █▀█ ██▄ ▀▀▀█▄▀██
█ ▄█   ▄▄█▄▀  ▄████  ▄█ ▄█ █ ▄██▄▀█▄ ██ █▄▄ ▀█▀█▀ █▀▄▀▀▀▄██
█▄██▄▀ ▄▀ ▄ ▀█  ▄ ▀▀▄███▀██▄▄▄▄█▀▄█▀ ▀▄█▄█ █ ▄█  ▄█▄▄▀ █▀ █
██▄▄▀▄▀▄ ██▀▀▀▀▀ ▄█▀▀ ▄█▀▄▄ █ ▄█▀▄█▄█ ▀ ▄  ▄▄█▀ ▄▄▀█▄ ██ ██
█▀ ▄▄▄▄▄▀▀ ███ ██ ▄▀██ ▄▀█▀ ▄ █ ██▀█▀▀▀█  ▀ ▀█▀▄▄ ▀█ ▄██  █
█▄█▀▀  ▄▀ ▀▀ ▀▄▄▀▄   ▄    █▀▀▄▀▄▀█ ▄▀█▄█ █ █ ▄▄▄▀▄▄██  ▄█▄█
█ ▀▀█▀█▄▄█▄ ▀█▀█ ▄ ▄█ ███▄███▀▄█▄▄  ▄ ▀▀▀▀▄█ ▀▀▄█▄  ▀█▀█▄▄█
█ █▄▀ ▄▄▄ ▄█▄█▀▄  ▄▄▀▀█▄█▀  ▄▄▄ ▀ █▄▄▄▄▄ ▀▄▄▀ ▀▀▀ ▄▄▄ ▀▀▀██
█ ▄██ █▄█  ▀ ▀█▄  █▄█▄▀▀ ▄█ █▄█   ▄▀▀▀██▄▀▄█▀▄▀ ▄ █▄█ ▄▀▄▄█
█▀▄ █▄▄▄ ▄▀▀▄██ ▄ ████    ▀ ▄ ▄▄▀ ▀ █ ▄█▀█ █▀▄▀▄█   ▄ ██▄▀█
█▄▄▄   ▄▄ ▀ ▄█ █▄▄▄▀ █ ▄ ▀█▄▄█▀▀▀█ ▄█▀ █▄▄▀  ▀ ▄▀▀ ██▄ ██▀█
████▀▄▄▄▄ █▄ ▀ ▄ ▄ ██▄▄▄▀▄██▀  █▀ █ ▄   ▀▀█  ▄▀ ▀▄▄▄▄  ▄█ █
█▄█▄█▀ ▄ █▄█▀▄ ▀███ ▀███ ▄████▀▄▄█ █ ▄█▀█▀██ ██▄██ ██▄ ▀███
█▄█▄▀▀ ▄ ▀▀▄█▄█▀ ▄ ▀   █▄▀█  ▄ █▀▄▀██ ▄▄  ▀ ▄█▄▀ ▄▀█ ▄█ █▄█
█▀█▄▄▀▀▄▄█ ▀▀▀ ▄▀  ▀ █ ▀█▄▀ ▀  ▄█▄▄▀▀█▄█▄▀▀▄▄▄  ▄▀▀█▀ ▀▄█▄█
█▀█ ▄▀ ▄█▀   ▀▄▀ ██▄ ██ ██▀██▀▄ ▀▀██▀▄  █▄▄▄█▄▄▀█▀ ▀█▄██▄██
█  ▀▄  ▄  ██▄▀▄ ▄█▀▀▀▄ █▀▀▄ ▄▄ ▀▀██▄▄█▀▄    ▀▀▀█▀█ █████▄ █
█ ▀ ▀▀▄▄    ▄▀█ ▄▀█▀ ▀▀▀▄▄██▄██▀   █  ███▀▄███ ▄█   █▀▀█ ▄█
███████▄█▀▀ █▀ █ ▄ ▄▀ ▀█▄█▀ ▄▄▄  █ ██▄▄ ▀█▄▄▄█▀▄▀ ▄▄▄ ▄▄▀▀█
█ ▄▄▄▄▄ ███▄▀▀█▄████▄  ▀  █ █▄█ ██ █▀█▀ ▄ ▄▄ ▄█▄  █▄█  ▀███
█ █   █ █▀▄ ███ ▀█▀█ ▄██ ▀█     ▄▄ ▀ █▄█▀█▄▄   ▀▄ ▄▄▄▄▄▄ ▄█
█ █▄▄▄█ █ ███▄██  ▀ ▄▀███▀█▀███▀█▀  ▄▀▀▀▄▄ █▄█ ▄▀▄▀ ▀▀▄▄█▀█
█▄▄▄▄▄▄▄█▄███▄▄▄██▄█▄█▄▄█▄██▄▄███▄██▄█▄▄▄▄▄████▄█▄██▄▄█▄███

Scan this QR code:
▄▄▄▄▄▄▄▄▄▄▄▄▄▄▄▄▄▄▄▄▄▄▄▄▄▄▄▄▄▄▄▄▄▄▄▄▄▄▄▄▄▄▄▄▄▄▄▄▄▄▄▄▄▄▄▄▄▄▄
█ ▄▄▄▄▄ █ ██▀ ██▄▀▄▀▄▄█▄ ▄▀ ▀▄▄▄█▄ ████▄▀▄▀▄█ ▀▄ ██ ▄▄▄▄▄ █
█ █   █ █  █▄▀ ██ ▄█▄▄▄▀▄▄▀█▄ █▀▀▄██▄▄█▀▄▀▀█ ▄ ▄ ██ █   █ █
█ █▄▄▄█ █▀▄█ ▀ ▄▀█▄█▀█▀█▀   ▄▄▄  ▄▄█▀ ▀▄██▄▄ █▄▀▄██ █▄▄▄█ █
█▄▄▄▄▄▄▄█▄▀ ▀ ▀ ▀ █▄▀ ▀▄▀▄█ █▄█ ▀▄█▄█ █ █▄▀ ▀ ▀▄█ █▄▄▄▄▄▄▄█
█ ▄▀█▄ ▄████▀██▄█▄▀▄█ ▄▀▄▀▀▄▄   ▄ ▄█▀ █ ▄█  █ ▀▄  █▀▄█▄  ▄█
██ ▀█▀▄▄█▀▄█▄▀▄ ▄█▄█▀▀▀█ █▀█ ██ ▀▀   ▄█▄▀▄█▄▀▀  ▄██▄▄█▄▄ ██
█▀▄▄▀▄▀▄▄▀▀▄  ▀▀▀█▀ ▀▀▄▄  █▄ ▀▀█ ▄▀▄  █▀▄█ ▀ ▄▀█  ▄▀▄█▀   █
█ █ ▀▀▀▄▀█ ▀▀▄▀█ ▀ ▄▀█▀█▀█▀█▀  ▀██▄▀▀ ▄ ▄▀▀▄▀▀ ▀▀▄▀█  █▄ ██
█▄█▀▀  ▄███▄█▄▀ ▀▄ ▄▄  █▀  ▄▄ ▀ ▀▄▄█  ▄ ▄█▀ █  ▄ ▀   ▀▀▀▄██
█▀ ▀██▀▄██▀▄▄▀▀██▄█▀▀▄▄▄▀▄ ▄▀█▄ ▀▄▀██▀▀ █▄  ███▄▄█ ▄▄▄▄▄▄██
█▄ █▄▄▀▄█▄▄█ ▄▄ ▀▀▄▄▀ ▄█▀▄▄█▄▀▀ █▄▀█  ▄ ▄█▀ █▄▀█▄▀█▀▀▀█ ▄██
█ ▄███▄▄█ ▀▄ █▀█▄█▀█▄█ █▄ ▀ █▄ ▀▄▄▄█▀██ █  ▄▄█▄▄▀▄▀▄▄▄▄▄▀██
███▀██ ▄█▀  ▀▀▄▄▀█   ▀ █  ▄ ▄▀█▀▀█▀ ▄▄▄▀▄██▀▀ ▀█▀▀▄▀▀▀█ ▀▀█
█  ▀▀ ▄▄▄ ▄ ▄ ▀▀█▀▀  ▀▄ ██▀ ▄▄▄   ▄▄▀▄▀▄▀▄▀▄▄█ █▀ ▄▄▄  █ ▀█
█▀▀▀█ █▄█ ▀▄▄▄██▄▄▄▀█ ▀█▀ ▄ █▄█ ▀ ▀▄  ▄▀ █  █▄ ▄█ █▄█  ▀▀██
█▀ ▄  ▄▄  ▄ ███▀▀▀███▄▀▄█▄▄▄▄   █▄██▄ ▀█▄▀█▀██ ██▄▄  ▄█▄ ▀█
█▀ █ ██▄▄▄▀▀█▄█ ▀█  █  ▀  ▀▄ █▀ █ ▄█  █▀ ▀▀ █▄▀▄█▀▄█ ▄▀ ▄▀█
█  ██ ▀▄▄▀ ▀▀█▄ █ ▄██ █ ██▄▄▀▀▄██▀▄▀▄▄  ▀▀█  █▄▀█▀ █ ▄██▄██
█▄▀█ ▀▄▄██▀▄▄▄▀█▄█▄▄▄▄▄█▄  ▀▄██▀ ▄ █▄▄█▀▄█▀ █▄ ▄▀██  █▀▄ ██
█ ▀█▀ ▄▄▄▀ ▄ ▀▀ ▀ ▄▀▀  ▄▀██ ▀ ▀▀ █  ▀█▄█▄█ ▄ █▄▀▄▀▄▀ ▄▄▄▄▄█
█▄▀▀▀█▄▄ ██▄▄▄▄█▄▄  ▀▀▄▀▀▀ ▄ ▄ ▄▄ ▄█▄ ▄▀▀█▀ ▀ ███▄█ ▀▄▄  ▄█
██▀▄██ ▄█▀ ▄  █▀█ ▄█▄ ▀█▄██▀ ▄████▀▄▄▄▄ ▄ █▄ ▀▄▀   █▄ ▄█▀██
█ ▀▀  ▀▄▄▀▄▀▄  ▄ █▀ ▀▀▄▄   █ █ ██ ▀▄▄▄▄  █ ▀▄ ▀██▀█▀▀█▀▀ ▄█
█ ▀ ▀▀▄▄  ▀ █▀█▀ ▄█▀█▄▄▄  ▄  ▄▄▀▀ ██▀█ ▄ █▄█▀  ▄▄▄▀▀   █ ▀█
███████▄▄▀▄ ▀▀█▄▄▄ ▄█ ▄▀ ▀▀ ▄▄▄ █▄▀█ ▄▀▀▄█  █▄▀██ ▄▄▄ ▄█▄▀█
█ ▄▄▄▄▄ █▀▄█▀ █ ▀▄█▄█ █ ███ █▄█ ██▀▀█▄█ █ ▀█▀█ ▀▀ █▄█ ▄▄▄██
█ █   █ █▄ ▀█  █▀▀▀▄▀  ▀▀▄█▄▄▄ ▄▀▄ ▄  ▀  █  ▀▄ █▄ ▄  ▄█   █
█ █▄▄▄█ █▀ ▄▀▀  ▄█▄▀▄█ ▀▄ █ █ ▄ █▄█▄▄▄ ▄▄▄▀▄▀▀ █▀█ ▄▀▄█████
█▄▄▄▄▄▄▄█▄▄▄█▄▄█▄█▄▄▄█▄█▄▄█▄▄▄█▄███▄▄▄▄████▄▄▄▄▄▄▄█▄▄█▄██▄█

Scan this QR code:
▄▄▄▄▄▄▄▄▄▄▄▄▄▄▄▄▄▄▄▄▄▄▄▄▄▄▄▄▄▄▄▄▄▄▄▄▄▄▄▄▄▄▄▄▄▄▄▄▄▄▄▄▄▄▄▄▄▄▄
█ ▄▄▄▄▄ █▄▀▄ ▄█▄▀▀▀█▄█ ▄▄  ▀▀▀▄ ▄▄█▀█▄ ██  ▄█  ▄ ██ ▄▄▄▄▄ █
█ █   █ █ █▀▀▀ ████ ▄▄██▀▀ █ █▄▀ █▄▀  ▄▀ █▀█ █▀▄ ██ █   █ █
█ █▄▄▄█ █▄█▀█▄▄█▀▀▄  ▀▄  █▀ ▄▄▄ ▀ ▀██    ▄ ▀▄█▄▀▄██ █▄▄▄█ █
█▄▄▄▄▄▄▄█▄█▄▀ █ █▄█▄▀▄▀ ▀▄█ █▄█ ▀ ▀ █ █ ▀ █▄▀▄▀▄█ █▄▄▄▄▄▄▄█
█ ▄  ▀▀▄█▄█▀ ▄▀█████▀█ ▄  ▀▄▄▄   █ ▄▀▀▀█ ▄▄ ▄███▀▀ ██ ▄ ▀ █
█ █ ▄█▄▄ ▄ ▄▀▀ ▀▀  ██ ▄▄ ▄▄█ █  █ █▀▄▀█▄█ ▀ █▀█  ▄ ▄▄▀ ▄  █
██▄█▄▀▀▄█▀▀ ▄▀▄ ▀▄█▄▀▀█▄▄▄█ ▀▀█▀██▄▄█  ▀█▀█▄▀█▀▄██ ▀▀▀▀▄▀██
█ ▄    ▄██▄▀  ▄███▀▄ ▄█ ▄█ █ ▄█▀▄▀▄█ ▀▀█▀▄ █▀▀█▄ ██▀█▀▀ ▄██
█▀▄▄ ▀ ▄▀ ▄ ▀█  █ ▀▀▄█▄█▀██▄▄▄ ▄▀▄▄ █▀▄▄ █▀▄▀▄   ▄█▄▄▀▀██ █
█▄▀ ▀▄█▄ ██▀▀▀▀▀███▀█▄▄█ ▄▄ █ ▄▄█▄█▄▀▄ ▀▄█ █▄▀  ▄▄▀▀▄ ██▀██
█▀ ▄▄ ▄▄▀▀ █▄  ██ ▄▀██ ▄▀█▀ ▄ █ █▀▀█ ▀▀█▄ ▀ █▀▀▄▄  █ ▄██▀▀█
█▄█▀▀▀ ▄█ ▀▀▄█▄ ▀▄   ▄    █▀▀▄▀▄ ▄ ▄ ▄▄█ █ █ █▄▄▀▄▄█▀▄ ▄█▄█
█ ▀▀█▀█▄▄▀ █▀▀   ▄ ▄█ ███▄███▀▄█▄▄  ▄ ▀▀▀▀▄█ ▀▀▄▄█▀▀▀▀▀█▄▄█
█ █▄▀ ▄▄▄ ▄█  █▄  ▄▄▀▀█▄█▀█ ▄▄▄ ▀ █▄▄▄▄  ▀▄ ▀ █▀  ▄▄▄ ▀▀▀██
█ ▄▀▄ █▄█ ▄▄ ▀▄█  █▄█▄▀▀ ▄█ █▄█    ▀▀▀██▄▀▀▄▀▄▀▀▀ █▄█ ██▄▄█
█▀ ██▄ ▄ ▄▀▀▄██ ▄ ▀████▄  ▀ ▄ ▄▄▀   █▄▄▀▀▀▀█▀▄▀ █ ▄ ▄ ▄▄▄▀█
█▄▀██  ▄▀▄▀ ▄█ ███ ▀ ▄█ ▀▀█▄ █▀▀▀█ ▄▄▀█▄█  ▀▀█▄███ ██▄▀▄███
█▄▀ █▄▄▄▀▄█▄ ▀ ▄▀▀ █▀█▄▄█▄██▄  ██ █    ▀▀▀█ ▀█▀▀ ▄▄▄▄█ ▄▄ █
█▀ ▄█▀ ▄ █▄█▀▄ ▀███ ▀███ ▄████▀ ▀█ █▄ █▀▀███ ██▄██ ██▄ ▀▄██
█▄█▄▀▀ ▄ ▀▀▀▀▄ ▄ ▄ ▀   █▄▀█  ▄▀█▀▄▀█▄▀▄▄  ▀ ▄█▄▀ ▄▀█ ▄█ █▄█
█▀█▄▄▀▀▄▄█ ███ █▀  ▀ █ ▀█▄▀ ▀  ▄█▄▄▀▀█▄█▄▀▀▄▄▄  ▄▀▀█▀ █ █▄█
█▀█ ▄▀█▄█▀▀▄███  ██▄ ██ █████▀▄ ▀▀▀▀▀▄  █▄▄ █▄▄▀▀  ██▄█▄▄██
█   ███▄█ ▀▄▄▀█▄▄█▀▀▀▄ █▀▀█▀▄▄ ▀▀█▄▄▄█▀█  ▀▀▀▀███▀ ▀█▄█▀▄ █
█ ▀ ▀▀▄▄ █  ▄▀█ ▄▀ ▄ ▀█ ▄▄▄ ▄██▀   █ ▄▄▄█▀ ▄████▀ ▄ ▀▀▀█ ▄█
███████▄▄ ▀ █▀ █▀▄ ▄▀ ▀▀ █▀ ▄▄▄  █ █▄ ▀▀▀██▄▄▀ █▀ ▄▄▄ ▄████
█ ▄▄▄▄▄ ███▄▀▀█▄ ███▄▀ ▀ ▀█ █▄█ ██ █ █▀▀█▀▄█ ▀▄▄▄ █▄█  ▀███
█ █   █ █▀▄  ▄█ ▀█▀█ ▄██ ▀█  ▄   ▄ ▀▄▀▄█▀█▄▄▀  ▀▄ ▄▄▄ ▄▄ ▄█
█ █▄▄▄█ █ ▀▄▀ ██  ▀ ▄▀███▀█▀▀▀█▀█   █▀▀▀▄█ ███ ▄▀▄▀ ▀█▄▄█▀█
█▄▄▄▄▄▄▄█▄█▄▄█████▄█▄█▄▄█▄███▄███▄██▄█▄▄▄▄▄████▄█▄███▄█▄███

Scan this QR code:
▄▄▄▄▄▄▄▄▄▄▄▄▄▄▄▄▄▄▄▄▄▄▄▄▄▄▄▄▄▄▄▄▄▄▄▄▄▄▄▄▄▄▄▄▄▄▄▄▄▄▄▄▄▄▄▄▄▄▄
█ ▄▄▄▄▄ █▀ █▀ ▀ █▀▄▀▄▀▀▄▀ ▄█▄▄▄▄ ▀▀▀▄▄ ███  ▄▀▄▄ ██ ▄▄▄▄▄ █
█ █   █ █▀  ▀  █▄█▀ █▄▄▄▀▀▀█▄█ ▄▀██   █▀▄▄▄  ▄ ▄ ██ █   █ █
█ █▄▄▄█ █▀▀█ ▀█▀▄█▄█▄ ▄█▀ █ ▄▄▄ ▄█▀█▄▀▄▀▄▀▄▄██▀▀▄██ █▄▄▄█ █
█▄▄▄▄▄▄▄█▄█▄█▄▀ ▀▄▀ ▀ ▀ █ █ █▄█ ▀▄█ ▀▄█ █ █▄▀ ▀ ▀▄█▄▄▄▄▄▄▄█
█  ▄ ▄▀▄ ▄▀ ▄█ ▀ ▄▀▄ █▀▀▄▀ ▄    ▀█▀█▀  █▀█   █▄▄▄▀ █ █▄▀▄▀█
█  ▀█▄▀▄▀█▄██ ▄ ▄ ▀ ▀▀▀ █ █▄▄  █▀▀ ██▀▀▄▀▀▄▀▀▀ ▀▀▀▄▄█▄▀▀ ██
█▀▀ ▄▄▀▄ ▀    ▄▄▄█▀ ▄▄▀▄    ▀▀▀██▀ █  ▀▄▀█ ▀█▀ █ ▀▀▄▀██ ███
█▄▄▀ ▄▄▄ ▄ ▄▄▀▀█ ▄▄▄▀███▄ ▀█ ▄▀ ███▄ █▄▀▄▄  ▀██▄██▀█ █▄  ██
█ ▄▀   ▄   ▄█▄▄█▄█ ▄ ▄▄▀ ▀█▀▀ ▀▀▄▀▀▄  ▀▄█▀▀▀▄█▀█ ▀███▀ ▀▀▄█
█▄▄█▀ ▄▄██▀▀▀▄▀██▀ ▄ ▄▄▀▀█ ▄▀ ▀▄▀▄▀ █   ▀██▄▀▄█ ▀ ▄▄▄▀▀▀▄▀█
█▄█ ▀█ ▄ ▀▀█▀▄▀█▄▀▄▄▄█▀█▀▄▀ ▀▀▀ ▄▀▄█  ▀█▀▀▀  ▀▄█▄▀ █▄▀█   █
██▄██▀▄▄▀ █▄▀▄▄▄▄ ▄ ▄█  ▀█▀ █▀█▄██▄ █▀█ ███▀▄█▄▀▄▀▀▄ ▀▀▀▀██
██ ▄ ▀▀▄  █  ▄█▀▄█  █▄██  ██▀▀█▀▄ ▄ ▄▄▀▄▀██▀▄█▄█▀  ████ ▄▄█
██ ▀▀ ▄▄▄ ▀████▀█▄▄█ ▀▄█  █ ▄▄▄   ▄█▄▀█▄▀▀ ▀▄█ ▄  ▄▄▄ █  ▀█
█▀▄ ▄ █▄█ ▄█▄▄▄█▀▄▄▀ █▄█▀ ▀ █▄█ ▄██▄   ███▀▀ ▀▀█▀ █▄█ ██▄ █
█▀█ ▄ ▄▄  ▄█  █▀▀▄▀▀█▄▄█ ▀▄▄▄▄▄▄█▄█ █▀ ▄   ▄▀▀ ▄▄▄▄  ▄▄  ▀█
█▀ ▀███▄ █▄▀█▄ █▄█▄ ▄▄▄▀▀▀▄▀██▀  █▀█   ▄█▀▀ ▄▀▄▄█▀▀ █▄ ▀█ █
█▀█ ▀█▄▄▄█ ▄▄ ▄  ▀▀  ▀██▀█▄▄▀▀▀ █▀▄▄▄ ▀▀▄▀▀▄▄███ ▄ ██   ▄██
██▀ █▀▄▄  ▄▄▄ ▄ ▀█▄▄▀▀▀█▄ █▄▀█▀▄▄▀██▄▄ ▄█▀▀  ██▄▀█ ███▀▄█ █
██▀█▀█▀▄▄▀▄▀ ▀▀█▀█▀▄▀  ▀▄ █ ▀█▄▄ █ ██ ▄█▄▀█▀ ▄▄▄▀▄▄▀ ▀▀▀▄▄█
█▄▄▄▄▄▄▄█ ▄█ ▀ █▀▄  ▄▄▀▀▀▀█▀█▄ ▄▀█▀█▄ ▀▄▄█▀ ▄█ ██▄▀▄▄▄▄▄█▀█
█ ▀▄█  ▄█▀ █  █▄██▀ ▄ ▀ ▀ █▀ ▀  ██▀▀▀▀▄▄▄█ ▀ ▀  █▄▄▀▄█ ▀▀██
█ ▄▄▄▄▄▄▀▄ ▀▄ ▄ ██▀ ▄▄▀▄  ▄███ █ █▄█▄▄▀███▀▀▀█▀▄█ █▄▀▄▄██▀█
█ ▀ ▀▀▄▄ █▀█ ▄█▀ ▀ ▄█▄▄███▄▄ ▀▀▄▀ █▀ ▄█  ▄▄▄▀ ▀▄▄█▀▀▄▀▀  ▀█
███████▄▄▀▀ ▀▀ ▀▄█▀▄▀▄██▀▀▄ ▄▄▄  ▀▄██ █▄█▀ ▀▄▀▄▄█ ▄▄▄ █▄▀ █
█ ▄▄▄▄▄ █▄▄ ▄██  ▀ ▀█ ██▄ █ █▄█ ██▀▄█▄▄  ▀▄▀█▀ █▄ █▄█ ▀▀ ▀█
█ █   █ █ █▀▄ █ ▄▀▀▄▄██▀▀▄   ▄ ▄ ██▄ ▄▄███  ▄███▄  ▄  █ ▄██
█ █▄▄▄█ █ ▄▄███▀▄ ▀▄▄█ ▄▀██ ▀▀▀██▄█▀   ▄▄▀▄▀▀   ▄  ▄▄█  ███
█▄▄▄▄▄▄▄█▄█▄▄▄█▄██▄▄█▄██▄▄▄█▄██▄▄▄▄▄▄▄█▄▄██▄███▄▄▄▄███▄█▄██

Scan this QR code:
▄▄▄▄▄▄▄▄▄▄▄▄▄▄▄▄▄▄▄▄▄▄▄▄▄▄▄▄▄▄▄▄▄▄▄▄▄▄▄▄▄▄▄▄▄▄▄▄▄▄▄▄▄▄▄▄▄▄▄
█ ▄▄▄▄▄ █▄▀▄ ▄▄█▀█▀▄▄█▀▄█  ▀▀▀▄ ▄▄█▀ ▄▄█▄▄▄  ▀ ▄ ██ ▄▄▄▄▄ █
█ █   █ █ █▀▀▀ █▄██ ▄███▀  █ █▄▀ ▄▄▀  ▄▀▄▄▀█ █▀▄ ██ █   █ █
█ █▄▄▄█ █▄▀█  ▄█▀▀▄  ▀▄  █▀ ▄▄▄ ▀ ▀██▀  ▀▀ ▀█ ▄▀▄██ █▄▄▄█ █
█▄▄▄▄▄▄▄█▄█ ▀ █ █▄█▄▀▄▀ ▀▄█ █▄█ ▀ ▀ █ █ ▀ █▄▀▄▀▄█ █▄▄▄▄▄▄▄█
█ ▄  █▀▄█ ▄▄▀▀▀█████▀█ ▄  ▀▄▄▄   █ ▄▀▀▀█ ▄▄ ▄███   ██▄▄ ▀ █
█ █ ▄██▄   █ ▀ ▀▀  ██ ▄▄ ▄▄▄ ▀  █ ██▄▀▀ █ █ █▀█ ▄▄▀█▀█ ▄  █
██▄▀ ▀▀▄▄ ██▄▀▄ ▀▄█▄▀▀█▄▄▄▄▀▀██▀██ ██  ▀█▀▄▄▀█ ▄█▄ ▀▄▀▀▄▀██
█▄▄█▄  ▄▄▄▄▀  ▄███ █ ▄█ ▄█ █▀███▄▀▄ ▄▀ ▀▀ ▀▀█▀█▄█▀█▀█ ▄▀▄██
█  ▀ ▀ ▄▀ ▄ ▀█  ▀  ▀▄█▀█ ▄█▄▄▄▀█▀▄▄ █▀██ █ █ ▄▀▀ ▄█▄▄▀▀▄█▄█
█ ▄▀▄ ▀▄ ██▀▀▀▀▀▄▀█▀▄▀▄█ ▄▄ █ █▄█ █▄▄ ▀▀   ▄█ ▀▀▄▄█▀▄ ██ ▀█
█▀▄▄▄ ▀▄▀▀ █▀▀ ██ ▄▀██ ▄▀█▀ ▄ █ ██▀█▄▀▀█▄▄▀ ██▀▄▄ ▀▄ ▄██ ▀█
█▄█▀▀ ▄▄▀ █▀ ▄ █▀▄   ▄    █▀▀▄▀▄ ▄ ▄▀▄▄█▀█ █▀▄▄▄▀▄▀█▀▄ ▄█▄█
█ ▀▀█▀▄▄▀▀▀ ▄ █▄ ▄ ▄█ ███▄███▀▄█▄▄  ▄ ▀▀▀▀▄█ ▀▀▄ █  ▄▀▀█▄▄█
█ █▄▀ ▄▄▄ █▄█▄█   ▄▄▀▀█▄█▀  ▄▄▄ ▀ ▀ ▄▄▄▄ ▀ ▄▀ ▀▀  ▄▄▄ ▀▀▀██
█ ▄▀  █▄█    ▀█   █▄█▄▀▀ ▄█ █▄█   █▀▀▀██▄▀▀▄▀▄▀ █ █▄█ ▀▄▄▄█
█▀▀  ▄ ▄ ▄▀▀▄██ ▄  ▄██ ▄  ▀▄▄ ▄▄▀ ▀ █ ▄▄██ ▀█▄ █▄▄▄▄▄ ██▄▀█
█▀ █▄  ▄▄█▀ ▄█ ███ ██▄   ▀█▄ █▀▀▀█ ▄█▀▀▄▄ ▀▀▀▀ ▄▀▄ ██▄▀█▀▀█
█▀██ ▄▄▄ ██▄ ▀ ▄█▀ █▀█▄▄▀███▀  █▀ █ ▄▄▀ ▄▄█ █▀   ▄▄▄▀▀ ▄▄ █
█  ▄█▀ ▄ █▄█   ▀███ ▀███ ▄████ ▀ ▀ █  █▀▀████▀█▄██ ██▄ ▀▄██
█▄█▄▀▀ ▄ ▀▄▄▄██  ▄ ▀   █▄▀█  ▄▄█ ▄▀██ ▄▄ ▀▀ █▄▄▀ ▄▀█ ▄█ █▄█
█▀█▄▄  ▄▄█▄▄ ▀▄█▀  ▀ █ ▀█▄▀ ▀  ▄█▄▄▀▀█▄█▄▀▀▄▄▄  ▄▀▄▀▀ ▀▄█▄█
█▀█ ▄▄▄▄█▀█  █▀▀ ██▄ ██ █████▀▄ ▀▀██▀▄▄ █▄ ▄█▄▄▀▀ ▄██▄█▄▄██
█  ▄▄▄ ▄ ██▄▄▀▄▀▄█▀▀▀▄ █▀▀▄ ▄▄ ▀▀█ ▄▄█ ▄  ▀ ▀▀▄██▀▀█▄▄▀▄▄ █
█ ▀ ▀▀▄▄██  ▄▀█ ▄▀█▀ ▀█▄▄▄▄▀▄██▀   ▄▄▄▄███ █▀▀▄██ ▄ ▀▀██ ▄█
███████▄█▀▀ █▀ █▀█▄  ▀█▀▄▄▀ ▄▄▄  █ █▄ █ █▀██▄█▀██ ▄▄▄ ▄█▀██
█ ▄▄▄▄▄ ███▄▀▀█▄▀▄██▀  ▀▄ █ █▄█ ██ █▀     ██▄█▄██ █▄█  ▀███
█ █   █ █▀▄ ▄ █ ▀█▀█ ▄██ ▀█ ▄▄  ▄▄ ▀▀█▄█ █▄▄▄▄ ▀▄ ▄▄ ▄▄▄▀▄█
█ █▄▄▄█ █  █▄▀▄▀  ▀ ▄▀███▀█▀▀▀█▀▄▀  █ ▀▀▄▄ ██▄ ▄▀▄▀  █▄▄█▀█
█▄▄▄▄▄▄▄█▄▄█▄█▄███▄█▄█▄▄█▄██▄████▄██▄█▄▄▄▄▄████▄█▄██▄██▄███

❌ Bot disconnected (408), reconnecting in 5s...
❌ Bot disconnected (408), reconnecting in 5s...
Scan this QR code:
▄▄▄▄▄▄▄▄▄▄▄▄▄▄▄▄▄▄▄▄▄▄▄▄▄▄▄▄▄▄▄▄▄▄▄▄▄▄▄▄▄▄▄▄▄▄▄▄▄▄▄▄▄▄▄▄▄▄▄
█ ▄▄▄▄▄ █▀ █▀ ▀ ▀▀█▀▄▀▀▄▀▄▄█▄▄▄▄ ▀▄▀▀█▄██▄▄ ▀ ▄▄ ██ ▄▄▄▄▄ █
█ █   █ █▀  █  █▄█▀ ██▄▄  ▀█▄█ ▄▀██ ▀ █▀█▄▄  ▄ ▄ ██ █   █ █
█ █▄▄▄█ █▀█▀▀██▀▄█▄█▄ ▄█▀ █ ▄▄▄ ▄▀▀█▄█▄▀▄▀▄▄█ ▀▀▄██ █▄▄▄█ █
█▄▄▄▄▄▄▄█▄█ ▀ ▀ ▀▄▀ ▀ ▀ █ █ █▄█ ▀▄█ ▀▄█ █ █▄▀ ▀ ▀▄█▄▄▄▄▄▄▄█
█  ▄  ▀▄  █ ██ ▀ ▄▀▄ █▀▀▄▀▄     ▀█▀█▀  █▀█   █▄▄▀▀ █▄█▄▀▄▀█
█  ▀██▀▄  ███▀▄ ▄ ▀ ▀▀▀ █ ▄█▄▄ █▀▀▄▀█▀█ ▀▀▄▀▀▀▄▀▀▄▄█ ▀▀▀ ██
█▀▀▄█▄▀▄ ▀█   ▄▄▄█▀ ▄▄▀▄    █▀▀██▀█▄  ▀█▀█▀▀█▀▄█▀▀▀▄▀█▀ ███
█▀▀▀▄▄▄▄▀▄ ▄▄▀▀█ ▄ ▄▀███▄ ▀█ ██ ██▀▀▄█ █▄ ▀██▀██▄ ▀█▀▄ ▀ ██
█▄██   ▄   ▄█▄▄███▄▄ ▄▀█ ▀█▀▀   ▄▀ █▄▄ ▄▄██▀ ██▄ ▀███▀  ▀ █
█▄▀▀▀  ▄██▀▀▀▄▀█▄▀ ▄▄▄▄▀▄▄ ▄▀ ▀█▀ ▀ ▄█▀ ▀▀▄███▄ ▀ ▄ ▄▀▀▀▄██
█▄█ ▀▄█▄ ▀▀█▄ ▀█▄▀▄▄▄█▀█▀▄▀ ▀▀▀  █▄█▀▄▀███▀ ▄█▄█▄▀▄▄▄▀█ ▀▀█
██▄██ ▀▄█▄   ▀▀▄▄ ▄ ▄█  ▀█▀ █▀█▄█▄▄ █ █ ███▀██▄▀▄▀ ▄▄█▀▀▀██
██ ▄ ▀█▄▀▄▀▄ █▀▀▄█  █▄██  █▀▀▀█▀▄ ▄ ▄▄▀▄▀██▀▄█▄█▀  ▄▀▀█ ▄▄█
██ ▀▀ ▄▄▄ █▀▄ ▀▄█▄▄█ ▀▄█  ▀ ▄▄▄   ▄█▄▀█▄▀▀ ▀▄█  ▄ ▄▄▄ ▀  ▀█
█▀▄   █▄█ █▀▄▄ ▀▀▄▄▀ █▄█▀ ▀ █▄█ ▄██▄  ▄▄██   ▀▄█▄ █▄█ ██▄ █
█ █ █  ▄  ▄█  █▀▀▄  █▄▀▀ ▀█▄▄▄▄▄█▄█▀██ ▄▄ ▄▄▀█▄▄ ▄▄▄ ▄▀▀ ▀█
███ ███▄▀▄▄▀█▄ █▄▄  ▄▄█▀▀▀▄▀█▄▀  █▀█  ▀▄ ▀▄  ▀███▀▀ ▄▄  ▀ █
█ ▀▀██▄▄ █ ▄▄ ▄ ▀▄▀ █▀███▀▄▄▄▄▀ ██▄▄▀█   █ █▀▀█▄▀▄ █ ▄  █▀█
█▄▀ █▀▄▄  ▄▄▀▀▄ ▀█▄▄▀▀▀█▄ █▄▀█▀▀▄███▄▄ ▄▀▀▀ ▀▀█▄▀█ ███▀▄█ █
██▀█▀█▀▄▄▀▀█ ▄  ▀█▀▄▀  ▀▄ █ ▀█▀▄ █ ██ ▄█▄▀█▀▀█▄▄▀▄▄▀ ▀▀▀▄▄█
█▄▄▄▄█▀▄█ ▀▄▄  ▀▀▄  ▄▄▀▀▀▀█▀█▄ ▄▀█▀█▄ ▀▄▄█▀ ▄█ ██▄▀▄▄▄▄ █▀█
█ ▀▄█▄ ▄█▀▀▀█▀ ▀██▀ ▄ ▀ ▀ ▀▀ ▀  ████▀▀▄ ▄█ ▀ ▀▄▄█▄▀▀▄█  ▀██
█ ▄▄▀▄ ▄ ▀ ▀▄ █▄██▀ ▄▄▀▄  ▄ ██ █ ██▄▄▄████▀▀▀█▄██▄▀ ▄█▀ █▀█
█ ▀ ▀▀▄▄█ ▀█ ▄█▀ ▀▀▀█▄▄▀███▄ ▀▀▄▀ ▄▀ ▄▄▄▄ █▀▀▄▀▄▀█ █ ▄▄▀ ▀█
███████▄▄▀▀ ▀▀ ▀█▄▄ ▀▄██ ▀▄ ▄▄▄  ▀▄█▀▄████▀  ▀▄▄█ ▄▄▄ ▄██▄█
█ ▄▄▄▄▄ █▄▄ ▄██ ▄▀ ▀█▀██▀▀█ █▄█ ▀▀▀▄▄▀█ ▄▀▄ █▀▀█▀ █▄█ ▀▀ ██
█ █   █ █ █▀ ▄█ ▄▀▀▄▄██▀▀▄  ▄  ▄▀▀█▄▄▄▄█ ▀  ▄████  ▄  █ ▄██
█ █▄▄▄█ █  ▀██▀▄▄ ▀▄▄█ ▄▀██ █▀▀████▀   ▄█▀▄▀▀▀  ▄  ▄▀▀  ███
█▄▄▄▄▄▄▄█▄███▄▄███▄▄█▄██▄▄▄████▄▄▄▄▄▄▄█▄▄██▄███▄▄▄▄███▄█▄██

Scan this QR code:
▄▄▄▄▄▄▄▄▄▄▄▄▄▄▄▄▄▄▄▄▄▄▄▄▄▄▄▄▄▄▄▄▄▄▄▄▄▄▄▄▄▄▄▄▄▄▄▄▄▄▄▄▄▄▄
█ ▄▄▄▄▄ █▀█   ▄█▄█▄█ ▀▄▄▄ ▀█▄█   ▀▀█▄▀▄█▀▄█ ▀██ ▄▄▄▄▄ █
█ █   █ █▀█▀▀▀ █▄█  ███▄ ▄▀▀▀█▄ ▀▄ █▄▀ █▄▄▀▀▄▀█ █   █ █
█ █▄▄▄█ █▀▄ █▀  ▀▀▀▀▄▀  ▄ ▄▄▄ ▄▄█▄▀█▀▀ █▀█▄ ███ █▄▄▄█ █
█▄▄▄▄▄▄▄█▄█ ▀ █ ▀▄█▄█▄█▄█ █▄█ █▄█ █ ▀▄▀▄█▄█▄▀▄█▄▄▄▄▄▄▄█
█  ▄▄▄▀▄▄ ▄▄█▄▄▄▄▀ ▄▀▄▀█▀▄▄▄  ▀  ▀█▄█  ▄▀█▄ ▀█ █ ▀▄█ ██
██▄▄█ █▄ ▀▄ ▀▄█ ▄ ▀▀▀█▄█▀ ▀▄██▄█ ▀█▄███▀ ▀▄▀▄██▄ ▄ ▄▀▀█
██▄▀▀ █▄▄▄▄▀▄▄ ▀▀▄  ▄▄██ █▄ ▄▀  ▀█▄▄▄ ▀▄▀█▀▀▀███▀▄█▄ ▀█
█ █ ▄▀█▄▄▀  ▀▀▀█▀█▀ ▄ █▄█▀▀█▄▀██▄▀█▄▀   ▄▀▀ █▄ ▄ ▄█▄███
█▄█ ▄█▀▄█▀ █▀█▀█▀█▄ ▀█▀█ ▄ ▄▄▀  ▄█▄█ ▄▀▄█▀  ▀████ ▄ █▀█
██▀  █▀▄▀██ ▄ ▄▀▀█▄▄▄█ ▄▀▀▀▄ ▀▀ ▄▄ █▀▄███▀▄▀▄▄ ▀▀█▀█▄██
█ ▀▄▀██▄ █▄  █ ▀▄█ ▄▀█ ▀▄██▀▄ ▀▀ ▀█▄  █▄ ▀▀▀▄▄█▄█ █▄█ █
█ ▀▀▄ ▄▄▀█▄▄▄ ▄ ▀  █▀  ▄▄▀▀█▀▀█▀█ ▄██▀▄▄▄▀█▀█ ▄ ▄█▀█▀▀█
█▀▀█  ▄▄▄ ▄▀█ ▄▄▄▀   ▄▄▀▄ ▄▄▄  ▀ █▄▄   ▄▀▀▀ ▀ ▄▄▄ ██▀ █
███▄▀ █▄█ ▄██ █▄▄ █ █▀▄   █▄█  ▀█▀▄▀▀▄▀██▀  ▄ █▄█  █▀██
█▄ ▄ ▄ ▄▄  █ ▀ ▀ ▄▄ ▀██▀▀▄▄▄▄▄▀ ▀███▀▄▀█▄▀  █▄ ▄  ▄▀ ██
█▄▄▀▀  ▄▀ ▀█▀▀▀█ ▄▀ ███▀▀▄ ▄▄▄▄▄█ ▄▀ ▄█ ▀▄ ▀ ▀▀█▄▄ █▀▀█
█ █▀ █▀▄▀█▄▄▄▄▀█▀█▀▄ ▄▄▀▀▀▄▀  █▀ █▄█   █▀█▀▀▀█ ▄█▀▄█▀██
██▄ ▀▀▄▄▀▄█▄▄▄██▀█▄█  ▀▀█▀ ▀█▄▄▀ █▄ ▀ ▀█ ▀█▄ ▀▄▀ ▄ █▀▀█
██▄█ ▄ ▄▄▀▀▄▄█▄▀▄█▄ ▄▄▄▀▀▄ █▀ ▀ ▄█▄█   ▄▄▀█ █▄▀ ▀▀ █▄▀█
██▄ ▀  ▄▀▀▄▄▀ ▄ ▄▄ ▀ ██▀██ ██▄█▀▄ █▀ █ ▀███▀▄▀▄▀▀▀ ▄ ██
█▄  ▀█▄▄ █ ▄▀ ▄▄▄▀█ ▀▄█▀█▄▄█ ▄█▀ ▀▄▄▀▄▀▄▀█  ▀██▀▄▀ ▄▄▀█
█▄ ▀▄▄▄▄ ▄▄  ▀▀▀▄ ▄█▀▀▄▄▀██▄▄▄▄██ ▄▄▄█▀█  ▀█▀ ▄▀ ▀▀▄▄██
████▄██▄█▀▄▀█▀▀▀▄██▄ ▄█▀  ▄▄▄ ▀▀▀█▄█ ▄ ██▀ ▀█ ▄▄▄ ▄█▄▄█
█ ▄▄▄▄▄ █▄█▄ █   ▀▄██ █▀▄ █▄█   ▄  ▀██▀▄ ██▄▀ █▄█  █▀██
█ █   █ █ ▄▄▄▀█▄▀█▄▀▀███▀▄▄▄▄ ▀ █▀▄▄▀  █▀▀ ▀▀  ▄  ▀▄███
█ █▄▄▄█ █ ▄ ▀▄ █▀█▀█▄█▄▄███ ▀▀▀▀▀ █▀█▄█  ██▄▀▀ █▄▄▀█▀▄█
█▄▄▄▄▄▄▄█▄▄█▄██▄█▄▄▄▄███▄▄▄▄██▄▄████▄▄▄████████▄██▄▄███

Scan this QR code:
▄▄▄▄▄▄▄▄▄▄▄▄▄▄▄▄▄▄▄▄▄▄▄▄▄▄▄▄▄▄▄▄▄▄▄▄▄▄▄▄▄▄▄▄▄▄▄▄▄▄▄▄▄▄▄▄▄▄▄
█ ▄▄▄▄▄ █▀ █▀  ▀█▀█ ▄█▀▄▄▄▄█▄▄▄▄ ▀██▀▄ ▀ ▀▄ ▄▀▄▄ ██ ▄▄▄▄▄ █
█ █   █ █▀  ▀  █▄▄▀ █▄▄▄  ▀█▄█ ▄▀██ ▄▀█▀▄█▄ ▀█ ▄ ██ █   █ █
█ █▄▄▄█ █▀█▀ ▄█▀▄█▄█▄ ▄█▀ █ ▄▄▄  █▀█▀▀▄▀▄ ▄▄▀▄▀▀▄██ █▄▄▄█ █
█▄▄▄▄▄▄▄█▄▀▄▀▄▀ ▀▄▀ ▀ ▀ █ █ █▄█ ▀▄█ ▀▄█ █ █▄▀ ▀ ▀▄█▄▄▄▄▄▄▄█
█  ▄  █▄  █▀▄▀ ▀ ▄▀▄ █▀▀▄▀ ▄    ▀█▀█▀  █▀█   █▄▄▀▀ █▄▀▄▀▄▀█
█  ▀██ ▄███   ▄ ▄ ▀ ▀▀▀ █  ▄▄  █▀▀▄██▀█ ▀▀ ▀▀▀ █ ███▄ ▀▀ ██
█▀▀█▀▄▀▄█▀▄▀  ▄▄▄█▀ ▄▄▀▄  ▀▀ █▀██▀▄▄   ▄▀█ ▀█▀█▄▄▀▀▄▄▀█ ███
███▀▄▄▄▄▀▄ ▄▄▀▀█ ▄ ▀▀█  ▄ ▀█▀█▀ ██▀█▄▀█▄▄ ▀▄▀██ ▄▄▀█▀▄▀  ██
█▀█▀   ▄   ▄█▄▄█▄▄▀▄▀▄▀▀▀ █▀▀ ▀ ▄▀▀█▄▄▄█▄█▀ ▄██▄ ▀███▀▀▀▀▄█
█▄ ▄ ▄ ▄██▀▀▀▄▀█▀▀ ▄  ▄▀▄  ▄▀ ▀██ ▀ ▀▄   ▄▄▄ ▀█ ▀ ▄ ▄▀▀▀ ██
█▄  ▀▀ ▄ ▀▀█▀▄▀█▄▀▄▄▄█▀█▀▄▀ ▀▀▀  █▄█  ▀█▀▀▀ ▀▀▄█▄▀ █▄▀█ ▀ █
██▄██ █▄▀▄▄▄▄ ██▄ ▄ ▄█  ▀█▀ █▀█▄▄█▄ █ █ ▄▄█▀▄█▄▀▄▀▀▄ █▀▀▀██
██ ▄ ▀█▄▀ █▄▀▄▀▀▄█  █▄██  █▀▀▀█▀▄ ▄ ▄▄▀▄▀██▀▄█▄██▀ █▀██ ▄▄█
██ ▀▀ ▄▄▄ █▀▀▄ ██▄▄█ ▀▄█  ▀ ▄▄▄   ▄█▄▀▀▄▀▀▄█▄█ ▄▄ ▄▄▄ ▀  ▀█
█▀▄██ █▄█ ▄ ▄▄▀▄▀▄▄▀ █▄█▀ ▀ █▄█ ▄██▄   ███▀  ▀▄▄▄ █▄█ █▀▄ █
█▄▀▀▀  ▄ ▄▄█  █▀▀▄▀▄█▄▀▀ ▀▄ ▄▄▄▄█▄▄ ██ █ ▄▄▀██▄█  ▄      ▀█
█▀ ▀▄██▄▄█▄▀█▄ █▄▄▄ █▄██▄▀▄▀██▀  █▀█   ▄█▀▀▀ ▀█▄▀ ▀ ▄█▀ ▀▄█
█ █ ▄█▄▄█▄ ▄▄ ▄ ▀ ▀ ▄▄██▀▄▄▄▀ ▀ █▀▄▄██▀▀ ▄ ▄▀▀▄█▀▄ █ ▄   ▀█
█▄▀ █▀▄▄  ▄▄▀▄▄ ▀█▄▄▀▀▀█▄ █▄▀█ ▀ ███ ▄ ▄▀▀▀ █▀█▄▀█ ███▀▄▄ █
██▀█▀█▀▄▄▀██ █ █▀█▀▄▀  ▀▄ █ ▀█▄  ▄ ██ ▄█▄▀█▀▀█▄▄▀▄▄▀ ▀▀▀▄▄█
█▄▄▄▄  ▄█ █▀▄▀▄▄▀▄  ▄▄▀▀▀▀█▀█▄ ▄▀█▀█▄ ▀▄▄█▀ ▄█ ██▄▀▀▄▄▄ █▀█
█ ▀▄█ ▄▄█▀  ▄█ ███▀ ▄ ▀ ▀ ▀▀ ▀  ████▀▀▄▄▄█▄▀ ▀  ▀▀▄▀▄█▀▀▀██
█ ▄█▄ █▄▀▀▄▀▄ ▄███▀ ▄▄▀▄  ▄███ █ ███▄▄▀███▀▀▀█▄▄█▀▀ ▄▄█▄█▀█
█ ▀ ▀▀▄▄▄█▀█ ▄█▀ ▀▄▀█▄ ████  ▀▀▄▀ █▀ ▄ ▀  ▀▀█▄▀█ ▄▀▀ ▄▀  ▀█
███████▄▄▀▀ ▀▀ ▀ ▄▀▄▀█▀▀▀▀▄ ▄▄▄  ▀▄██▄ ▄▀█ ▀▄████ ▄▄▄ ▄▄█ █
█ ▄▄▄▄▄ █▄▄ ▄██ ▀▄ ▀▀██████ █▄█ ██▀▄▀█▄ ███ ██▀▄▀ █▄█ ▀▀ ██
█ █   █ █ █▀▀▄█ ▄▀▀▄▄██▀▀▄   ▄ ▄▄██▄▀▄▄█▀▀   ▀███  ▄▄ █ ▄██
█ █▄▄▄█ █ █ ▄▀▀▄▄ ▀▄▄█ ▄▀██ ██▀█▄██▀   ▄█ ▄▀ ▀  ▄  ▄▄▀  ███
█▄▄▄▄▄▄▄█▄▄██▄▄███▄▄█▄██▄▄▄█▄██▄▄▄▄▄▄▄█▄▄██▄███▄▄▄▄█▄▄▄█▄██

Scan this QR code:
▄▄▄▄▄▄▄▄▄▄▄▄▄▄▄▄▄▄▄▄▄▄▄▄▄▄▄▄▄▄▄▄▄▄▄▄▄▄▄▄▄▄▄▄▄▄▄▄▄▄▄▄▄▄▄
█ ▄▄▄▄▄ █▀ █▄▄▄▄█  ▀  █▀ ▄▀▄█▀ ▄▄▄█▄▀▀▄ ▄▄▀ ▀██ ▄▄▄▄▄ █
█ █   █ █▄▀█▄▀▄██▄█▄▀█▄██ █▀▄█▀▄█▄▀▄▀█▄███▄▀▄▀█ █   █ █
█ █▄▄▄█ █ ▄ █ ██ ▀▀█▀▄▀ ▄ ▄▄▄ ▄  ▀ █▀██  █▄ ███ █▄▄▄█ █
█▄▄▄▄▄▄▄█ █▄█ █ ▀ ▀ █▄█ ▀ █▄█ ▀ █▄▀ ▀ █▄▀ █▄▀▄█▄▄▄▄▄▄▄█
█▄▄█▄██▄ ▀██   ▄█ █ █▄ ▄▄ ▄   ▄█▄▀▀██▄█▄▄▄█▄▄██▄▄▄▀▄▄▀█
█▄█▀▄ ▄▄▄▄▀▄▀  ██ ▀█▄ ██▀▄█ ▄██▀▄▄▄▄█▀ ▄▀ █▄▀ █▄▀▀█▀▄▀█
█ █▀██▀▄▄█▄▀▄    ▀▄▄▄█▄ ▄▀█▀▀ ▄▄▀▄█▀ ▄▀█  ██▀▄▄ █ █▀▀▄█
█▄▀▀ ▄ ▄▄█▀▀█ ██ ▄▄▄  ▄█ ███  ▄█▄▀ █ ▄▄ ▀▄▄ ▀▄▀▀▀ █▄▄▄█
█  ██  ▄█ ▀█▀▀▄  █▄▄▄  █  █▀█ ▀██ ▄▄  ▄ ▄█ ██▀▄▄▄▄ ▄▄▀█
█▀▄▀▀ ▄▄ ▄██ ▄▄     ▄▄▀▀██ ▄▀▄██▄▄  █ ▄▄█▄▀███ ██ ▀▄ ▄█
██▀▄ ▄ ▄▄██▄▄▀▄▀█▄█ ██▀ ▀▀▀▀██▄█▄▀▄██▄▀▄▀ ▄█ ▄▄█ ▄▀▄█ █
█▄▄▄▄▄ ▄  █▄█ ▀█   ▀▄█▀▄▄█▄  ▀█▀▄█▀███▀▀█▀█▀ ██▄ ▀█▀ ▀█
██▀▄▀ ▄▄▄ █▄▀▄▄██▄▄▄ ██▄  ▄▄▄ ▄▄▀▄█▀  ▀█▄▄▄▄▀ ▄▄▄ ▄▄ ██
██▀▄  █▄█ ▄▀ ▄▀▄█▀ ▄▀▀█▀█ █▄█ ▄▄▀▀█▀█ ███ ▄▄  █▄█ ▄█ ▄█
█▀ ▀▄▄ ▄▄  ▄█▄█▄▀▄▄▄▄ ▄▀▀     ▀▄▄ ▄█▀ ▄ █▀ ▄▄    ▄▀▄▀██
█ ▄▀▄█▀▄▀   ▀▀▀▄▀▀█▄█▄▄▄█ ▀ █▀▄ ▀██▄▄▄▀▀ █ █▀   ▄█ ▄ ▄█
█▄▀▀▀▄▄▄████▀ ██ ▄▄ ▄▄█ ▄█ ▀▀▀ ▄▄▀▄▄█▄█▄  █▄██▀█ █ █ ▄█
████ ▀▄▄▄▀▀ ▄    █▄▀██ ▀███▄▄▄▄██▀█ ▀▄▄▀▀ █▀▀██▀  █  ▀█
█▄▄▀▀  ▄  ▄▄▄▄▄ █  ▄▄██▄█  ▄ ▀█▄▄▄█ ▄▄ ██▄▀▄█ █▄▄█▄▄█▄█
█▀ █▀██▄▄▄██ █  ████▄█▄  ▀█▄▄█▄█ ▄  ▀█ ▀▄▄ ▀▀▀  ██▄▄▀▄█
█ ██ █▄▄█ ▀▄▀▄▀▀█▀█▄▄▀▄▀█▀█ ▀▄▀██▄▄█ ▄█ ▄▀█▄▄ ▄▀▄██▀█▀█
█▄ ▀▄▄▄▄ █▄█▄█▀███ ▀▀ █▀▀▄██▄ ▀▀█ ▄ ▀  ▄▀█▄▀▀ █▄▄█▀██ █
████▄██▄▄ ███ █ █▄  ▄▄▄ █ ▄▄▄ ▄████▄█ ▄█▄ ██▀ ▄▄▄ ▄████
█ ▄▄▄▄▄ █▄▄▄█▀██▀▀▄▀ █▄▀▄ █▄█ ▄ ▀█▀▀▀█ ▀▀█▀▄▄ █▄█ █▀ ██
█ █   █ █▀█▀ ███   █▀▄▄ █ ▄▄▄ █▄▄▄█▀  ▀▄▄ █▄▀ ▄▄▄ ▀▄▄ █
█ █▄▄▄█ █▀ ▄▄  ▄ ▄▄▀ ███ ▀█▄▀▀▄█▄▀█   ▀▀▀█▀ █▀▄██▄██ ██
█▄▄▄▄▄▄▄█▄▄███▄█▄▄▄▄█▄▄█▄▄▄▄▄█▄▄▄▄▄█▄▄█▄▄███▄▄█▄▄███▄██

Scan this QR code:
▄▄▄▄▄▄▄▄▄▄▄▄▄▄▄▄▄▄▄▄▄▄▄▄▄▄▄▄▄▄▄▄▄▄▄▄▄▄▄▄▄▄▄▄▄▄▄▄▄▄▄▄▄▄▄▄▄▄▄
█ ▄▄▄▄▄ █▀ █▀  ▀▀▀█▀▀█▀▄▄ ▄█▄▄▄▄ ▀▀█▄▀▄█▄█▄▄▀█▄▄ ██ ▄▄▄▄▄ █
█ █   █ █▀  █  █▄█▀ ██▄▄ ▀▀█▄█ ▄▄▄█ ▀▀█▀▄█▄  █ ▄ ██ █   █ █
█ █▄▄▄█ █▀█▀▄▄█▀▄█▄█▄ ▄█▀ █ ▄▄▄ █▄▀█ ▄▄▀▀▀▄▄▄ ▀▀▄██ █▄▄▄█ █
█▄▄▄▄▄▄▄█▄█ ▀ ▀ ▀▄▀ ▀ ▀ █ █ █▄█ ▀▄█ ▀▄█ █ █▄▀ ▀ ▀▄█▄▄▄▄▄▄▄█
█  ▄  █▄   █▄  ▀ ▄▀▄ █▀▀▄▀ ▄    ▀█▀█▀  █▀█   █▄▄▀▀ █▄█▄▀▄▀█
█  ▀█▄▀▄█ ▀▀ ▀▄ ▄ ▀ ▀▀▀ █ █▄▄▄ █▀▀▄▀█▀▀ ▀▀ ▀▀▀ ▀▄▄▄██ ▀▀ ██
█▀▀▄ ▄▀▄▀▀█   ▄▄▄█▀ ▄▄▀▄    ██▀██▀▄▄  ▀█▀█▀ █▀██▄▀▀▄▀▀█ ███
███▀▄▄▄▄▀▄ ▄▄▀▀█ ▄▀█▀███▄ ▀█ █▀ ██▀█▄▀ █ ▄▄▄█▀█▄ ▀▀█▀█   ██
█▄▀▀   ▄   ▄█▄▄█▀▄▀▄ ███▀▀█▀▀   ▄▀▀█▄ ▀█▀▀▄▀ ▀ █ ▀███▀▀ █▄█
█ █▀▄▄▄▄██▀▀▀▄▀█▀█ ▄▄▀▄▀█▄ ▄▀  ▄▀▄▀ █▀ ▀▄█▄██▄█ ▀ ▄▄▄▀▀▀ ██
██▀ ▀▄ ▄ ▀▀█ ▀▀█▄▀▄▄▄█▀█▀▄▀ ▀▀▀ ▄▀▄█▄▄▀██▀▀  █▄█▄▀ ▄▄▀█ ▀ █
██▄███▀▄▀▄█▄▄█ ▄▄ ▄ ▄█  ▀█▀ █▀█▄▄█▄ █ █ ▄██▀█▄▄▀▄▀█▄ █▀▀▀██
██ ▄ ██▄▀▄█▀ ▀█▄▄█  █▄██  ▀█▀▀█▀▄ ▄ ▄▄▀▄▀██▀▄█▄█ ▀▀██▀█ ▄▄█
██ ▀▀ ▄▄▄ ▄ ▄▄▀▄█▄▄█ ▀▄█  █ ▄▄▄    █▄▀▀▄▀▀▄▀▄█ ▄▄ ▄▄▄ ▀  ▀█
█▀▄▄  █▄█ █▀▄▄▀▀▀▄▄▀ █▄█▀ ▀ █▄█ ▄█▄█   ███▀▀ ▀█▄█ █▄█  ▄▄ █
█▀▀ ▄  ▄▄▄▄█  █▀▀▄▀ █▄▄▀ ▀▄ ▄▄▄▄█▄▄▀▀█▄ ▄ █▀█▀▀ ▄▄▄   ▀  ▀█
█▄█▀▀██▄█▀▄▀█▄ █▀▄▄▄ █▀▀ ▀▄▀▀▄▀  █▀█▄ ▄█▄█ ▀▀█████▀ █▄▀ ▀ █
█▀▄▀▄█▄▄▄█ ▄▄ ▄ ▄ ▀ ▄▀██ ▀▄▄ █▀ █▀▄▄█   ▄  █  ▄█ ▄ ███  ▀▀█
███ █▀▄▄  ▄▄ ▀▄ ▀█▄▄▀▀▀█▄ █▄▀█  ▄███▄▄ ▄▄▀▀ ███▄▀█ ███▀▄▄ █
██▀█▀█▀▄▄▀█ ▀▀ ▀▀█▀▄▀  ▀▄ █ ▀█▀▄ █ ██ ▄██▀█▀ ▄▄▄▀▄▄▀ ▀▀▀▄▄█
█▄▄▄▄▄▄▄█  ▄▄▄▀▄▀▄  ▄▄▀▀▀▀█▀█▄ ▄▀█▀█▄ ▀▄▄█▀ ▄█ ██▄▀▀▄▄▄ █▀█
█ ▀▄█  ▄█▀  ▄▀ ▄██▀ ▄ ▀ ▀ █▀ ▀  ██▀█▀▀▄ ▄█ █ ▀ ▄▀▄▄▀▄█▀ ▀██
█ ▄█ ▄█▄ █▀ ▄ ▀███▀ ▄▄▀▄  ▄▄██ █ ██▄▄▄▀███▀ ▀█▄▄▀▄▀ ▄▄█ █▀█
█ ▀ ▀▀▄▄  ▀█ ▄█▀ ▀█▀█▄  ██▄▄ ▀▀▄▀ ▄▀ ▄ ▄  ▄██ ▄▀█▄ █▀█▄  ▀█
███████▄█ ▀ ▀▀ ▀▄█▀▄▀█▀█▄▀▄ ▄▄▄  ▀▄█▀▄ █▀▀   ██▄█ ▄▄▄ ▄██▄█
█ ▄▄▄▄▄ █▄▄ ▄██ ██ ▀█ ██ ▄█ █▄█ ▀▀▀▄█ ▄ ▀██ █▄▀▄▀ █▄█ ▀▀▄▀█
█ █   █ █ █▀███ ▄▀▀▄▄██▀▀▄  ▄  ▄█▀█▄▄▄▄█▀▀  ▄▀███  ▄ ▄█ ▄██
█ █▄▄▄█ █ ▀█▀ ▄█▄ ▀▄▄█ ▄▀██  ▀▀█▄▄█▀   ▄█▀▄▀    ▄  ▄▀▀  ███
█▄▄▄▄▄▄▄█▄▄▄▄██▄██▄▄█▄██▄▄▄████▄▄▄▄▄▄▄█▄▄██▄███▄▄▄▄█▄▄▄█▄██

Scan this QR code:
▄▄▄▄▄▄▄▄▄▄▄▄▄▄▄▄▄▄▄▄▄▄▄▄▄▄▄▄▄▄▄▄▄▄▄▄▄▄▄▄▄▄▄▄▄▄▄▄▄▄▄▄▄▄▄
█ ▄▄▄▄▄ █▄▀ ▄▄▄▀ █ ▀ █ ▄ ▄▀▀█▄▄▄▀▀███▄▄▀▀▄▀ ▀██ ▄▄▄▄▄ █
█ █   █ █ ▀ ▀ ▀██▄ ▀▄█▄█ █ ▀▀ ▄▀ ▄▀▄▄ ▀███▀▀▄▀█ █   █ █
█ █▄▄▄█ █▄ █▀▄▄▀▄█ ▄  █▄█ ▄▄▄ █▀▀█▄▀ ▄▄▄▄▀█ ███ █▄▄▄█ █
█▄▄▄▄▄▄▄█▄▀ █▄█▄█▄▀ █ ▀▄▀ █▄█ █▄█ ▀ ▀▄█ █▄█▄▀ █▄▄▄▄▄▄▄█
█  ▄▄▀▀▄▀ █████▄█  █ ▄ ▄▀▄ ▄    ▀██▄ █▀█▄  ▀ ▄▄█▀▄▄▄█ █
██▄█ █▄▄█ ▀▄ ▀▀▀▀▄ ▄█▄▀▀ █▄▄ ▀▄ ▄▀▀ ▄   ▄███ ▄  ▀▀▄█▀▀█
█  █▄ ▀▄▄ ███  ██▄▄▄▄ ▀█▄▀██▄█▄▄▀▀ ▄ ▄▀ ████▀▀▀██ ▀ ▄▀█
█▀▄██ ▀▄▀█▀▀▀▄ █ ▄▀▀█ ▄██  █  █ █▀ ▀█▀█▄▀▄▀▀▄▄▀█ █▀█▄▄█
█▀▀▀▀ █▄███▀  █▄▄▀███▄▄▀▀▀▄█ █▀█▄▄▀ ▀██▄ █▀█ █▀ ▀▀▀▀▄██
█ ▀▄▄██▄  ▀  ▄▄███  ▄▀▄▄███▀▄▀▄█▄▀▄▄█ █   ▀█▄ █▀▄▀▀▀▀▀█
█▄█▄▄▄█▄▀██   ▀▀█▄ █ █▀ ▄▄█ █▀▀ ▀▀▄█ ▀▄▄▀ ▀ █▄▄██▀  █ █
████▄ █▄▀▄▀ ▀▀ ▀▄▄▀ █▀█ █▄█▄▀▀▄▄▀▀▀█▄▄▄▀█▀  ▀▀█ █▄█▄▄██
██▀▀▄ ▄▄▄  ▀▀▄▄  ▀▄▄   ▀  ▄▄▄ ▄▄▄▀ ▄  ▀▀▀██▄█ ▄▄▄ ▄▀█▄█
█▀ ▄  █▄█  ▀█▀▄▄█▀█▀▄▀█▀  █▄█   █▀▄▀▀▄▀██   █ █▄█ ▀█ ▄█
█▀█ ▄  ▄▄ ▀▄▄▄▄ █ ███▄ █   ▄ ▄ ██▄ ▀ ▀█▄▀█▀██    ▄ ▄█▀█
█ ▄▄▄▄▀▄▀▄██▄█▀▀▄▄█▄█▀▀▀█ ██ ▄  ▀▄▄█▄ █ ▀  █▀██▀█▄ ▀█▀█
█▀▄▀▀▄▀▄ ███▄█ █ ▄▀█▀▄█ ▀ ██▀▀▀ █▀▀▄▄▀▀▄█▄   █▀██ ██ ▄█
█▄▀▀▄██▄██▄▀█▀▀▄▄▀█ ▄▀▄█  ▄ ▀▀█▄▄▄ ▄▀█▄██▄▄ ▄ ▀█▀▀▄▄▄██
██▄ ▀█▄▄▄▄▀▄█▀▄█ █ ▄▄  ▀█  ▀▄▄█▄▄▀ █▄▄   ▀▀▄▀█ █▄▄▄▀ ▀█
█▄█▀▄█▄▄▄▀██▄▀█ ██  ▀█▄ █▄▀ ▄██▄█  ▄ ▄▀█▄ ▀▄█▀▄▄▀  ▄▀▄█
█▀▄▀▄▀█▄▄▄█  █ █▀█▄███ █ ▀█ █  █ ▄ ▀▀▀█▄█▀ ▄█▄ ██▄██▀██
█▄ ▀▄▄▄▄  ▀ ▄█     ▀▀█ ▄███  █▀ ▄▄ ▄▀ ▀ ▄ █▀▀█ ▀▄█▀  ██
████▄██▄█▀▀▄▄   █▄██▀▄▄ ▀ ▄▄▄ ▀  ██▄ █▀█▄     ▄▄▄ ▀▀███
█ ▄▄▄▄▄ ██  █ ▄▀███ ▀▀ ██ █▄█ ██ ▀▀▀▄ ▀▀▀█▄▀█ █▄█ ▄▄▄▀█
█ █   █ █▀ ▄ ██ ██ █▀▀▀██ ▄   ▄█ ▀█▄▄ ▀ ▀█▄▄▀▄ ▄  ▀▀▀██
█ █▄▄▄█ █ ▀█▀█▄  ▄▀▄████▀▄ ▄▀▀▀▀  ▄▀███ ▀█▄▄ ▀██▄▀ █ ██
█▄▄▄▄▄▄▄█▄████▄▄▄▄██▄▄▄█████▄████▄▄███▄▄▄█▄▄█▄▄▄██▄█▄██

Scan this QR code:
▄▄▄▄▄▄▄▄▄▄▄▄▄▄▄▄▄▄▄▄▄▄▄▄▄▄▄▄▄▄▄▄▄▄▄▄▄▄▄▄▄▄▄▄▄▄▄▄▄▄▄▄▄▄▄▄▄▄▄
█ ▄▄▄▄▄ █▀ █▀   ▄█▄▀ █ ▄▄ ▄█▄▄▄▄ ▀▀██▄▄▀▀▄▀▄▀ ▄▄ ██ ▄▄▄▄▄ █
█ █   █ █▀  █  █▄▄▀ ▄█▄▄▀▀▀█▄█ ▄ ██ ▀ █▀██▄  █ ▄ ██ █   █ █
█ █▄▄▄█ █▀▀██▀█▀▄█▄█▄ ▄█▀ █ ▄▄▄ ▄▀▀█▀ ▄▀▀▀▄▄▀▄▀▀▄██ █▄▄▄█ █
█▄▄▄▄▄▄▄█▄▀ █ ▀ ▀▄▀ ▀ ▀ █ █ █▄█ ▀▄█ ▀▄█ █ █▄▀ ▀ ▀▄█▄▄▄▄▄▄▄█
█  ▄  █▄▄  ██▀ ▀ ▄▀▄ █▀▀▄▀▄     ▀█▀█▀  █▀█   █▄▄ ▀ █ █▄▀▄▀█
█  ▀█▄▀▄█ ▀▀▀▀▄ ▄ ▀ ▀▀▀ █  █▄▄ █▀▀ ▀█▀█▄▀▀▄▀▀▀ █▄▄██▀▀▀▀ ██
█▀▀▄█▄▀▄██▀█  ▄▄▄█▀ ▄▄▀▄    ██▀██▀█▄   ▄▀█▄▀█▀██▀▀▀▄▀██▄███
█ █▄▄▄▄▄▀█ ▄▄▀▀█ ▄██▀█▄█▄ ▀█▀██ ███  ▀▀▄▄ ▄▀█▀█▄▄▄▀█ ▄   ██
█▄▄▀   ▄   ▄█▄▄█▀▄   ▄██  █▀▀  ▀▄▀▀█▄ ▄▄ ██▀▄██▄ ▀███▀ ▀▀ █
█▀▄ ▄  ▄██▀▀▀▄▀█▄▄ ▄  ▄▀█  ▄▀ ▀█▀ ▀ ▀▀  ▄ ▄██ ▄ ▀ ▄ ▄▀▀▀▀▀█
██  ▀▄▀▄ ▀▀█▀ ▀█▄▀▄▄▄█▀█▀▄▀ ▀▀▀  ▀▄█▄ ▀█▄▀▀ ▄▀▄█▄▀ █▄▀█ ▀ █
██▄██ █▄▀ █▄  ▀█▄ ▄ ▄█  ▀█▀ █▀█▄█▄▄ █▀█ ███▀█▄▄▀▄▀▀█ ▀▀▀▀██
██ ▄ █▄▄ ██▀█▄▀▀▄█  █▄██  ▀█▀▀█▀▄ ▄ ▄▄▀▄▀██▀▄█▄█  ██▀██ ▄▄█
██ ▀▀ ▄▄▄ ▀▄▀▄  █▄▄█ ▀▄█  █ ▄▄▄    █▄▀▀▄▀▀ ▀▄█▄▄▀ ▄▄▄ █  ▀█
█▀▄ ▄ █▄█ ▄█▄▄  ▀▄▄▀ █▄█▀ ▀ █▄█ ▄███   ▄██▀  ▀▄█▄ █▄█ ▄█▄ █
█   ▄  ▄▄ ▄█  █▀▀▄▀▀█▄██ ▀█▄▄▄▄▄█▄▄▀▀█▄▄  ██▀▀█▄ ▄    █  ▀█
██▀ ▀██▄▀▄▄▀█▄ █▄▄▄▄▀█▀▀▄▀▄▀██▀  █▀█▄▄▀▄█▀▀ ▄▀▄▄█ ▀ ██▀▀█ █
██▄▄ █▄▄ ▄ ▄▄ ▄ ▀█▀  ▀██  ▄▄█▄▀ █▀▄▄▀▄▀▀   █  ▄█ ▄ ███  ▀██
█▀  █▀▄▄  ▄▄██▄ ▀█▄▄▀▀▀█▄ █▄▀███▀▀██▄▄ ▄▀█▀  ██▄▀█ ███▀▄█▀█
██▀█▀█▀▄▄▀ ▀▀▀ █▀█▀▄▀  ▀▄ █ ▀█ ▄▀▄ ██ ▄██▀█▀ █▄▄▀▄▄▀ ▀▀▀▄▄█
█▄▄▄▄▄█▄█ █▀▄  ▄▀▄  ▄▄▀▀▀▀█▀█▄ ▄▀█▀█▄ ▀▄▄█▀ ▄█ ██▄▄ ▄▄  █▀█
█ ▀▄█ ▀▄█▀▄██   ██▀ ▄ ▀ ▀ ▀▀ ▀  ██▀█▀▀▄▄▄█ █ ▀ ▄▀▄ ▀▄█▀▀▀██
█ ▄ ▄██▄ ▄▀▄▄ ▄▀██▀ ▄▄▀▄  █ ██ █ ███▄▄ ███▀ ▀███▀█ ██▄ ██▀█
█ ▀ ▀▀▄▄ ▀▀█ ▄█▀ ▀▀██▄▀███▄  ▀▀▄▀ █   █▀  █ █ █▀▀▀ ███ ▀ ▀█
███████▄█ ▀ ▀▀ ▀█▄  ▀▄▀█▄▀▄ ▄▄▄  ▀▄█▄▄▀▄▀█▀ ▄▀▄█▀ ▄▄▄ ██▀ █
█ ▄▄▄▄▄ █▄▄ ▄██ ▄▄ ▀█▄██▀ █ █▄█ ██▀▄▄▄█ ▀▀█▀▀█▀▄█ █▄█ ▀▀▄██
█ █   █ █ █▀▄▄█ ▄▀▀▄▄██▀▀▄   ▄ ▄▄██▄▄▄▄██▀  ▄▀███  ▄▄ █ ▄██
█ █▄▄▄█ █ ▀█▀▄▄ ▄ ▀▄▄█ ▄▀██ ██▀█▄██▀   ▄▄▀▄▀ ▀  ▄  ▄ ▀  ███
█▄▄▄▄▄▄▄█▄▄████▄██▄▄█▄██▄▄▄█▄██▄▄▄▄▄▄▄█▄▄██▄███▄▄▄▄█▄█▄█▄██

Scan this QR code:
▄▄▄▄▄▄▄▄▄▄▄▄▄▄▄▄▄▄▄▄▄▄▄▄▄▄▄▄▄▄▄▄▄▄▄▄▄▄▄▄▄▄▄▄▄▄▄▄▄▄▄▄▄▄▄
█ ▄▄▄▄▄ █▀▀   ▄█▄█▄█ ▀▄▄▄ ▀███▄▄█ ▀▀█▀▄█ ▀█ ▀██ ▄▄▄▄▄ █
█ █   █ █▀█▀▀█ █▄█  ███▄ ▄▀▀▀█▄ ▀▄ █▄▀ █▄▄▀▀▄▀█ █   █ █
█ █▄▄▄█ █▀█ ██  ▀▀▀▀▄▀  ▄ ▄▄▄ ▄▄█▄▀█▀▀ █▀█▄ ███ █▄▄▄█ █
█▄▄▄▄▄▄▄█▄█ █▄█ ▀▄█▄█▄█▄█ █▄█ █ █ ▀▄█▄▀ █ █ ▀▄█▄▄▄▄▄▄▄█
█  ▄▄▄█▄ ▄▄▄█▄▄▄▄▀ ▄▀▄▀█▀▄ ▄     ▀█▄ ▄ █▀█▄▀ █▄█▄▀▄█▄▀█
█▀ ▄█ █▄▀   ▀▄█ ▄ ▀▀▀█▄█▀ ▀▄██▄▄▀▀▄▄██▄▀  ▄▀█▄██ ▄ ▄ ██
█ ▄▀▄ █▄▄▄█▄█▀ ▀▀▄  ▄▄██ ██ ▄▀  ▀█▄▄▄ ▀▄▀█▀▀▀███▀▄▀▄ ▀█
█ █▄▄▀▀▄▄█  █▄▀█▀█▀ ▄ █▄█▀▀██▀██ ▀▀ █ ▄  ▀█ █▄  ▄▄▀████
█▄█ ▄▀▄▄██ █▀█▀█▀█▄ ▀█▀█ ▄ ▄▄▀▀▀▀█▄█ ▄ █▀▀  ▀▄██▄ ▄▀█▀█
█ █  █▀▄ █▄▄▄ ▄▀▀█▄▄▄█ ▄▀▀ ▄ ▀  ▄█ █▀███▄▀▄     ▀▄▀██▀█
██▄ ███▄ █▀▄ ▀ ▀▄█ ▄▀█ ▀▄██▀  ▀▀ ▀█▄  █▄ ▀▀▀▄▄█▄█ █▄█ █
█ ▀▄█▄▄▄█▀▄▄▀▀▄ ▀  █▀  ▄▄▀▀██▀█▀█▄▄███   ██▀█ ▄▄ █▄█▀▀█
█▀▀█  ▄▄▄ ▄▀█ ▄▄▄▀   ▄▄▀▄ ▄▄▄ ▀  ██▄▄▄█▄▀▀▀▀█ ▄▄▄ █▄▀▄█
█▀▄▄▀ █▄█ ▄██ █▄▄ █ █▀▄   █▄█ ▀ █ █ ▀▄▀▄▄▀ ▀▄ █▄█  █▀██
█ ▀▀▄▄▄▄ ▄▀▀▄█ ▀ ▄▄ ▀██▀▀▄▄▄ ▄▀ ▀███▀▄▀█▄▀  █ ▄   ▄▀ ██
█▄▄▀▀█▀▄█▀▀███▀█ ▄▀ ███▀▀▄▀▀▄▄▄▄█  █▄ ▀ ▀▄▄█▀▀█▀▀▀ ▄▀▀█
█ █▀ █▀▄▀█▄▄▄▄▀█▀█▀▄ ▄▄▀▀▀█▀  ▀ ▄▀▄▄   ▄██▀ ▀█ ▄█▀▄▄▀██
█ ▀ ▀▀▄▄▀▄ █▄▄██▀█▄█  ▀▀▀█ ▀███  ██▀ ▀▀▄ ▀▄▄▄ ▄▀ ▄ █▀▀█
█▀▄▄   ▄ ▄ ▄▀▄▄▀▄█▄ ▄▄▄▀▀▄ █ ▄▀ ▄█▄█   ▄▄▀█ ▀▀ █▄▀ █▄▀█
██▄▄ ▀▀▄██▄▄▄▀▄ ▄▄ ▀ ██▀██▀ █▄▀▀  ▀▀▄▀ ▀▀████▀██▀▀ ▄ ██
█▄  ▀█▄▄ █ ▄▀ ▄▄▄▀█ ▀▄█▀▀█▄▀ ▄ ▀▀▀ █▄▄▄███▄ ▀██▀▄▀ █▄▀█
█▄ ▀▄▄▄▄ ▄██ ▀ █▄ ▄█▀▀▄▄█▀█▄▄▄█▄▄▀█▄██▀▄   ██ ▄▀ ▀▀▄▄██
████▄██▄█ ▀▄▄▄ ▄▄██▄ ▄█▀  ▄▄▄ ▀▀▀█▄█ ▄ ██▀ ▀▀ ▄▄▄ ▄▀▄▄█
█ ▄▄▄▄▄ █▄█▄█▄   ▀▄██ █▀▄ █▄█ ▄    █▀█▀  ██▄  █▄█  █▀██
█ █   █ █ ▄▄▄▀█▄▀█▄▀▀███▀▄▄▄▄▄▀▀█▀▄▄▄▄ ▄██▄ ▀  ▄▄▄▀████
█ █▄▄▄█ █ ▀▀▀▄ █▀█▀█▄█▄▄▀▀▀▄ ▀▀  ▀█▀█▄▄  ▄▄█▀▀▄▄▄ ▀█▀▄█
█▄▄▄▄▄▄▄█▄▄█▄██▄█▄▄▄▄███▄▄▄███▄▄████▄▄▄████████▄▄█▄▄███

Scan this QR code:
▄▄▄▄▄▄▄▄▄▄▄▄▄▄▄▄▄▄▄▄▄▄▄▄▄▄▄▄▄▄▄▄▄▄▄▄▄▄▄▄▄▄▄▄▄▄▄▄▄▄▄▄▄▄▄▄▄▄▄
█ ▄▄▄▄▄ █▀ █▀   ▄██  ▀▀▄  ▄█▄▄▄▄ ▀█▀█ ▄█  ▀▄▄▄▄▄ ██ ▄▄▄▄▄ █
█ █   █ █▀  █▄ █▄▄▀ ██▄▄▀ ▀█▄█ ▄ ▄█ ▀ █▀██▄ ▀█ ▄ ██ █   █ █
█ █▄▄▄█ █▀█▀  █▀▄█▄█▄ ▄█▀ █ ▄▄▄   ▀███▄▀█▄▄▄█ ▀▀▄██ █▄▄▄█ █
█▄▄▄▄▄▄▄█▄█ █ ▀ ▀▄▀ ▀ ▀ █ █ █▄█ ▀▄█ ▀▄█ █ █▄▀ ▀ ▀▄█▄▄▄▄▄▄▄█
█  ▄  █▄ ▄▀ ██ ▀ ▄▀▄ █▀▀▄▀▄▄    ▀█▀█▀  █▀█   █▄▄   █▄█▄▀▄▀█
█  ▀██ ▄▀▄▀▄██▄ ▄ ▀ ▀▀▀ █ ▀█▄  █▀▀▄▀█▀▀▄▀▀ ▀▀▀ ▀ ██▄ ▄▀▀ ██
█▀▀▀ ▄▀▄   █  ▄▄▄█▀ ▄▄▀▄    ██▀██▀██  ▄█▀█▄▀█▀▄█▀ ▀▄█▀▀▄███
███  ▄▄▄▀▄ ▄▄▀▀█ ▄ ▄▀█▀█▄ ▀█ ██▄████ ▀▀▄▄▄▄▀█▀▀▀  ▀█ █▀  ██
█▀▄ ▀  ▄   ▄█▄▄█▀▄▄▄▀▄▀█▄▀█▀▀ ▀▀▄▀▀▄  ▀▄██ ▀▄▀██ ▀███▀▀▀█▄█
█▄  ▀ ▄▄██▀▀▀▄▀█▄  ▄▀█▄▀▄  ▄▀  ▄█ ▀ ▀▄ ▀▀█▄█▀▄▄ ▀ ▄▄▄▀▀▀▄▀█
█ ▀ ▀█ ▄ ▀▀█▀▄▀█▄▀▄▄▄█▀█▀▄▀ ▀▀▀ ▄▀▄█▄▄▀██▀▀ ▄█▄█▄▀ █▄▀█  ▀█
██▄██▀ ▄█ ▀▄▄ ▄█▄ ▄ ▄█  ▀█▀ █▀█▄██▄ ▄ █ ███▀▄█▄▀▄▀▀█▄▀▀▀▀██
██ ▄  █▄█▀▄  ▄▄█▄█  █▄██  ██▀▀█▀▄ ▄ ▄▄▀▄▀██▀▄█▄██▀▀▄▄▀█ ▄▄█
██ ▀▀ ▄▄▄  ▄▀█ ██▄▄█ ▀▄█    ▄▄▄    █▄▀█ ▀▀ ▀▄█ ▄▄ ▄▄▄ ▀  ▀█
█▀▄ █ █▄█   ▄▄ ▄▀▄▄▀ █▄█▀ ▀ █▄█ ▄█▄█   ▄██ ▀ ▀██▀ █▄█ ▄▀▄ █
██▄▄ ▄ ▄ ▄▄█  █▀▀▄▀ █▄█▀ ▀█ ▄▄▄▄█▄▄▀▀█▀█  ▀▀▀█▄ █▄ ▄ ▄▄▀ ▀█
█▀▄▄ ██▄█▀▄▀█▄ █▄██▄▀▄██▀ ▄▀▄▄▀  █▀█▀▄ ▄▀█ ▀▄█▄▄▀ ▀ █▄▀▀▀ █
██▄ ▀█▄▄█▄ ▄▄ ▄ ▀█▀  ▀██▄▀▄▄▄█▀ ██▄▄▄  ▀█ ▀██▀█▄▀▄ █ ▀  ▀██
█▄  █▀▄▄  ▄▄█▄▄ ▀█▄▄▀▀▀█▄ █▄▀██▄ ▀██▄▄ ▄ █▀  ▀█▄▀█ ███▀▄█▀█
██▀█▀█▀▄▄▀▀▀▄ ▄▄▀█▀▄▀  ▀▄ █ ▀█▄▄ █ ██ ▄█▄ █▀▀▄▄▄▀▄▄▀ ▀▀▀▄▄█
█▄▄▄▄█▄▄█ ▄ ▄█▀▀▀▄  ▄▄▀▀▀▀█▀█▄ ▄▀█▀█▄ ▀▄▄█▀ ▄█ ██▄▄▄▄▄▄ █▀█
█ ▀▄█▄█▄█▀▄█▀ ████▀ ▄ ▀ ▀ ▀▀ ▀  ███▀▀▀▄ ▄█ ▀ ▀  ██▄█▄█ ▀▀██
█ ▄ ▀▀ ▄▀▀▄▄▄  ▀██▀ ▄▄▀▄  █▀██ █ █▄█▄▄▀███ ▀▀█ ███ ██████▀█
█ ▀ ▀▀▄▄▄▀▀█ ▄█▀ ▀▀██▄▄▀███  ▀▀▄▀ █  ▄▄█ ▄██▀ ▄▄▀█▄▀▀▄ ▀ ▀█
███████▄█▀▀ ▀▀ ▀▀▄ ▄▀▄▄▀▀ ▄ ▄▄▄  ▀▄██▄ █▀▀▀ ▄▀▄▄█ ▄▄▄ ▄█▀ █
█ ▄▄▄▄▄ █▄▄ ▄██ ▀█ ▀▄██████ █▄█ ▀█▀▄ ▄▄▀█▀█ ▄▀▀▄▀ █▄█ ▀▀▄██
█ █   █ █ █▀ ▀█ ▄▀▀▄▄██▀▀▄   ▄ ▄▄██▄▄ ▄██▀  ▀▀██▄  ▄▄ █ ███
█ █▄▄▄█ █  ▄ █▄█▄ ▀▄▄█ ▄▀██ ██▀██▄█▀▀▀ ▄█ ▄▀    ▄  ▄██  ███
█▄▄▄▄▄▄▄█▄▄▄▄▄▄▄██▄▄█▄██▄▄▄█▄▄█▄▄▄▄▄▄▄█▄▄██▄███▄▄▄▄███▄█▄██

Scan this QR code:
▄▄▄▄▄▄▄▄▄▄▄▄▄▄▄▄▄▄▄▄▄▄▄▄▄▄▄▄▄▄▄▄▄▄▄▄▄▄▄▄▄▄▄▄▄▄▄▄▄▄▄▄▄▄▄
█ ▄▄▄▄▄ █▀█▄  ▄█▄█▄█ ▀▄▄▄ ▀█▄▄  █ ▄▀ ▄ █▀██ ▀██ ▄▄▄▄▄ █
█ █   █ █▀ ▄█▀ █▄█  ███▄ ▄▀▀█ ▄ ▀▄ █▄▀ █▄▄▀▀▄▀█ █   █ █
█ █▄▄▄█ █▀▄ ▄▀  ▀▀▀▀▄▀  ▄ ▄▄▄ ▄▄█▄▀█▀▀ █▀█▄ ███ █▄▄▄█ █
█▄▄▄▄▄▄▄█▄█ █ █ ▀▄█▄█▄█▄█ █▄█ █▄█ ▀▄█ ▀▄▀ ▀ ▀▄█▄▄▄▄▄▄▄█
█  ▄▄ █▄▄ ▄▄█▄▄▄▄▀ ▄▀▄▀█▀▄    ▀  █▄▄▄ █▄▀█▀ ▄▄ █▄▀▄█ ██
█▀ ▄█▀▄▄  ▄▄▀▄█ ▄ ▀▀▀█▄█▀  ▄██▄█ ▀██▄▄▄ ▀▀▄▀▄▀▄▄▀█ ▄███
█▀▄ ▄ █▄▄▄ ▀▄▄ ▀▀▄  ▄▄██ █▄▀ ▀  ▀█▄▄▄ ▀▄▀█▀▀▀███▀▄█ ▀▀█
█ █▀███▄▄▀  ██▀█▀█▀ ▄ █▄█▀▀█▀███ ▀▀ ▀  ▄▄██▄█▄   ▄ ████
█▄█ ▄▄ ▄▀█ █▀█▀█▀█▄ ▀█▀█ ▄ ▄▄ ▄ ██▄▄▄  █▀▀▀▀▀██▄█▄▄▀▀██
█▄█  █ ▄▀██ ▄ ▄▀▀█▄▄▄█ ▄▀▀ ▄ ▀ ▀▄█▀█ ██▄▄▀█  ▄▀▀▀▄▀█▀▀█
█▄▄█▀██▄ █▀▄   ▀▄█ ▄▀█ ▀▄█▄▀▄ ▀▀ ▀█▄  █▄ ▀▀▀▄▄█▄█ █ █ █
█ ▀  ▄▄▄▀▀▄▄▄█▄ ▀  █▀  ▄▄▀▀█ ██▀▀  ▀█▀▄▄▄▀███  ▄ █▄█▀▀█
█▀▀█  ▄▄▄ ▄▀█ ▄▄▄▀   ▄▄▀▄ ▄▄▄ ▀ ▀▀▄█▄▄▀▄▀█▀▀  ▄▄▄ ▄▄▀▄█
█ ▀▄▀ █▄█ ▀▀█ █▄▄ █ █▀▄   █▄█ ▀ █ ▄ ▀▄ ██▀ ▀▄ █▄█  █▀██
█▄▀▀▄  ▄▄▄▀█▀▄ ▀ ▄▄ ▀██▀▀▄▄▄  ▀ ▀███▀▄▀█▄▀  ▄▄▄   ▄▀ ██
█▄▄▄▀█▄▄▄ ▀█▀█▀█ ▄▀ ███▀▀▄██▄▄ ▄█  ▀▄ █▄█▄ ▀▀▀▀██▀ █▀▀█
█ █▀ █▀▄▀█▄▄▄▄▀█▀█▀▄ ▄▄▀▀▀▀▀  ▀ █▀▄█ ▄▀███ ▀▀█ ▄█▀▄█▀██
█ █ ▀▀▄▄▀▄█ ▄▄██▀█▄█  ▀▀▀█ ▀██▄▀ █▄▀   █  █▄ ▀▄▀ ▄ █▀▀█
█▀▀█  █▄▄ ▄▄ ▀▄▀▄█▄ ▄▄▄▀▀▄ █▄▀▀ ▄█▄█   ▄▄▀█ █ ▄▄▀▀▄▀▄▀█
██▄▀█ █▄ █▄▄▀█▄ ▄▄ ▀ ██▀██ ██▄██▄▄▀▀▄▀▄█▀▀███▀▀██  █ ██
█▄  ▀█▄▄ █ ▄▀ ▄▄▄▀█ ▀▄█▀▀▄▀▀ ▄▀ ▄██▄▄  ▄▀▀█▀▀██▀▄▀▀▄▄▀█
█▄ ▀▄▄▄▄ ▄▀█ ▀▀█▄ ▄█▀▀▄▄███▄▄███▄ ▄▄██ █▀▀ █▀▀▄▀ ▀▀▄▄██
████▄██▄▄▀▄██▀ ▀▄██▄ ▄█▀  ▄▄▄ ▀▀▀█▄█ ▄ ██▀ ▀█ ▄▄▄  ▀▄▄█
█ ▄▄▄▄▄ █▄█▄▀█   ▀▄██ █▀▄ █▄█ ▄ ▄▄ █▀██  ██▄  █▄█ ▀▄▀██
█ █   █ █ ▄▄▄▀█▄▀█▄▀▀███▀▄▄▄▄ ▄  ▀██ ▄▄█▀█▄   ▄  ▄▀▄███
█ █▄▄▄█ █  ▄▀▄▄ ▀█▀█▄█▄▄███▄▀▀ ▀▀▀█ ▄▄▄ ▀█▄█▀▀▄▄  ▀█▀▄█
█▄▄▄▄▄▄▄█▄█████▄█▄▄▄▄███▄▄▄███▄▄████▄▄▄███████▄▄██▄▄███

Scan this QR code:
▄▄▄▄▄▄▄▄▄▄▄▄▄▄▄▄▄▄▄▄▄▄▄▄▄▄▄▄▄▄▄▄▄▄▄▄▄▄▄▄▄▄▄▄▄▄▄▄▄▄▄▄▄▄▄▄▄▄▄
█ ▄▄▄▄▄ █▀▀ █▄  ▄  ▄▄▄▀▀▄▄▄▄█▀     ▄  ▄▄▄   ▄ █▄ ██ ▄▄▄▄▄ █
█ █   █ █▄▀▀▄▄▄█▄▄▄▄ ▄██▄████▄█ ▄▄▄▀▄▄▀▀██▀▄▄▄▀▄ ██ █   █ █
█ █▄▄▄█ █ ▄▀█  ▄██▄▀▀███▀▄  ▄▄▄ ▀▄ █ █▀▄ ▀▄ ▀█ ▀▄██ █▄▄▄█ █
█▄▄▄▄▄▄▄█ ▀ █▄▀ ▀ █▄▀ ▀▄▀▄█ █▄█ ▀▄█▄█ █ █▄▀ ▀ ▀▄█ █▄▄▄▄▄▄▄█
█▄▄█ █▀▄ ▀▀▄▄▀▄▀▀█▄ ▄█  ▀█    ▄▄██ ▄▄▄▄█ ▄█▄▄███▄█▀▄ ▄▀▄ ▀█
█▄█▄▄█▀▄▄▄█▀ █▀██ ▀▄▄▄  █▄█▀▀  ▀▄▄█▀██▄█ ▀▄▀▄▄█▀▄▄▀▀▀ ▀██ █
██▀█▄▀█▄ ▀█▄▄▄▄██ █▄▄█ ▀▄▄▀▀█▄█▀█ █▀▄▄ █  ▄▄█ █ ██▀█▄ █▄█▄█
█▀ ▄ █▀▄▄▄▀█▀███▀█▀ ████▀▄██▀▄  ▀█▀ ▀█▄ ▀█ ▀▀██▀▀▄██ ▄█▄▄██
█▀▄█▀  ▄██▀▄█ ▀ ▄▄▄▄▄  █ █ ▄   ▄▀▄ ▄▄ █  █▄█▀▄▄█ █  ▄▀▀█ ▀█
█▄█▀██ ▄█▄ ▄█ ▀▄█ ▄ █ █▄█▄ █ ██ ██ █▄▄▀ ▄  ▀▄ ▄██▄ ▀█▄██ ▄█
█ ▄  ▀█▄▄▀ ▄ ▀███ ▀  █ ▄▄ █   ▄▄▄▀█▄▀ ██▄▄▄▄▀▀█▄▀█▄▄█  ▄█▀█
█▀▀ ▄▄ ▄ ▀ ▀▀ ▀ █ ▄▄▀ ▀ ▀▀▄█▄▀█   █ ██ ██▄██  █▀▄█▀ ▀█▀█▄ █
█▀ █▀▀ ▄   ▀ ██▄█ ▄▄██▄ ▄▄▀  ▄▀█▄▀██  ▀█  ▀█▄▄█ █▄ ▄  ▀▄▄██
█▀▄▀  ▄▄▄ █▀▄ ▄█▄█▀▀▄▀█▄█▄▄ ▄▄▄ ▄ ▀▄▀█▀▄  ▀▀ ███▄ ▄▄▄ ▄▄▄▀█
██▀▄  █▄█ ██▄  ▀ ▄▄██ ██▀▄▄ █▄█ ▀ █▄ ▄▀ ▄█ ▄█▄███ █▄█ █▄▀██
█▄ ▄▀▄▄▄ ▄█ ▄▄█  ▀████ ▀▄█▄ ▄   ██▄██▀ ▀██  ▀▄▄▀   ▄ ▄▄▄  █
██ ▄▀▄ ▄ ▄█   ▄█▄▄▄ █▄▄▄▀█ ▀██▄▄▄█ ▄█▄▀▄  ▄▄ █▄▄ ██ ▄██▄█▄█
██ █ █▄▄  ▀▄▄▄▀█ ▀▀▄▀▄▄█▀▄▀▀ ▀▀▄▄▄█▄█ ██▄▀▀ █ ██  █  █ ▄█ █
█▄▄▀▄▄ ▄ ▀█▀█ ▄▀    ▀    ▄██   ██▄▄    █▄▄█▄▄▄▄▀█▀ ▄▄ █ █▀█
█▀██ ▄▄▄ ▀█▄█▀▀▄ ▄▄ █ ▀ ▀▄▀  ▄█▄█▄▀▄▀▄ █▄▀ █▄███▄  ▀▀ ▄█ ▄█
█ ▀▀███▄ █▀▄▄█ ▀ ▄ ▄▀▀ ▀▀█ ▄▄▄  ▄  █▄▄▄▀██▀▄▀ ▀██ █▄█▄▄▄ ▄█
█▄▀█▄█▀▄█  ██▀▄▄▄ █▄▄▀ ██▄▀ ▀▄▄▄█▄  ██▄██ ▄█  ▀▀█  ▄█ ▄█▀▄█
█▄ ▀▀▄▀▄▄ ▀█▀▄█ ▄▄▄▄ ▄ ██▄ █▄▄█▀▄█ ▄▀  ▄▄▄█▄██▄█▄▀ █▄██▄▀▀█
█ ▀ ▀▀▄▄▄█ █   ▄▀▀   ▀▀ █▀▀ ▀▀▀ ▄█▄ ▄ ▄▀▀ ▀▄▄▀█▄▀▀█   ▀██▄█
███████▄▄▀ ███  ▄▀▄▄ ▄  █▄▄ ▄▄▄   █ ▄ ██ ▄▄█▄▄▄ █ ▄▄▄ ▀ █▀█
█ ▄▄▄▄▄ █▄█▀▀▀▀  ███▄▄▄▄█▀▀ █▄█ █▀ █▀▄  ▀  ▄█▀ █▄ █▄█ ▄█ ▀█
█ █   █ █▀▄▀▀▀ ██▀▀ ▀ ▄▀▀ █▄▄   ▀ ▄▄  ▀ ██ ▄  ▄██▄▄ ▄▄█▄ ▀█
█ █▄▄▄█ █▀▀▀ ▄█▄███ ▄▄▀▀█▀█▀  █▀██▄▄██ ██▄ █▀▀▀█ ▄ █  ▄▄█▄█
█▄▄▄▄▄▄▄█▄▄▄█▄██▄▄█▄█▄▄▄█▄▄██▄▄▄▄▄███▄█▄█▄▄▄██▄██▄▄█████▄██

Scan this QR code:
▄▄▄▄▄▄▄▄▄▄▄▄▄▄▄▄▄▄▄▄▄▄▄▄▄▄▄▄▄▄▄▄▄▄▄▄▄▄▄▄▄▄▄▄▄▄▄▄▄▄▄▄▄▄▄
█ ▄▄▄▄▄ █▀█▄  ▄█▄█▄█ ▀▄▄▄ ▀█▀▄▄▄▄▄█▀ ▀▄██▄█ ▀██ ▄▄▄▄▄ █
█ █   █ █▀██▀█ █▄█  ███▄ ▄▀▀██▄ ▀▄ █▄▀ █▄▄▀▀▄▀█ █   █ █
█ █▄▄▄█ █▀▄ █   ▀▀▀▀▄▀  ▄ ▄▄▄ ▄▄█▄▀█▀▀ █▀█▄ ███ █▄▄▄█ █
█▄▄▄▄▄▄▄█▄█ █▄█ ▀▄█▄█▄█▄█ █▄█ █ █▄▀▄█▄▀ █ █▄▀▄█▄▄▄▄▄▄▄█
█  ▄▄ █▄  ▄▄█▄▄▄▄▀ ▄▀▄▀█▀▄▄▄   ▀▄█▄█ ▄▀█ ▀▀▀ ▄▄█ ▀▄█▄██
██ ▄█ ▄▄▀▀█▀▀▄█ ▄ ▀▀▀█▄█▀  █████ ▀▄▄▄▄▄▀▀ ▄ ▄▀██ █ ▄███
█▄█▄  █▄▄▄▀▀▄▄ ▀▀▄  ▄▄██ ██  ▀  ▀█▄▄▄ ▀▄▀█▀▀▀███▀▄▀▄ ▀█
█ ██ ██▄▄█  ▀ ▀█▀█▀ ▄ █▄█▀▀███▀▀▄██ ▀ ▄▄ █▀ █▄▄▄▄  ████
█▄█ ▄▄ ▄▄  █▀█▀█▀█▄ ▀█▀█ ▄  ▄  ▀▄▀ ▄▄▄███▀  ▀█▀█▄▄█ █▀█
█▀   ▄ ▄▀█ ▀▄ ▄▀▀█▄▄▄█ ▄▀▀▀█ ▀ ▀█▄▀▄ █▄▄█▀█ █▀   █▀█▀▀█
█▀▀█ ██▄ ██▀   ▀▄█ ▄▀█ ▀▄█▄  ▄▀▀ ▀█▄  █▄ ▀▀▀▄▄█▄█ █ ▄ █
█ ▀▀▄ ▄▄▀█▄▄ ▄▄ ▀  █▀  ▄▄▀▀████▀▀▄ ███▄ ▄▀▀██   ▄▀▀▄▀▀█
█▀▀█  ▄▄▄ ▄▀█ ▄▄▄▀   ▄▄▀▄ ▄▄▄ ▀▀▄█ ▄▄  ███▀ ▀ ▄▄▄ ▄█▀▄█
█▄▀▄▀ █▄█ █▄█ █▄▄ █ █▀▄   █▄█   █ █ ▀▄▀▄█▀  ▄ █▄█  █▀██
█    ▄▄▄  ▀██  ▀ ▄▄ ▀██▀▀▄▄▄  ▀ ▀███▀▄▀█▄▀  ▄ ▄   ▄▀ ██
█▄▄▄█  ▄  ▀█▄▀▀█ ▄▀ ███▀▀▄▄█▄▄▄▄▀▄ ▀  █ █ ▄▀▀▀▀▀ ▄▀▄▀▀█
█ █▀ █▀▄▀█▄▄▄▄▀█▀█▀▄ ▄▄▀▀▀▀▀     ▀▄█  ▄▄▄▀ ▀▀█ ▄█▀██▀██
███ ▀▀▄▄▀▄▀▀▄▄██▀█▄█  ▀▀█▀ ▀███  █▄▀   ▄▀ ▄█▄ ▄▀ ▄ █▀▀█
█▀▀▀▀ █▄▄██ █▄▄▀▄█▄ ▄▄▄▀▀▄ █ ▀▀ ▄█▄█   ▄▄▀█ ▀  ▄▀▀▄▀▄▀█
██▄ ▀▀ ▄█▀▄▄▄▀▄ ▄▄ ▀ ██▀██▀▄█▄▀█  █▀ █▄█▀▀▀▀█▀▀▀█  ▄ ██
█▄  ▀█▄▄ █ ▄▀ ▄▄▄▀█ ▀▄█▀██ ▀ ▄█ █▀▄▄▀ ▀█▀█▀▀▀██▀▄▀ ▄▄▀█
█▄ ▀▄▄▄▄ ▄█  ▀█▀▄ ▄█▀▀▄▄█ █▄▄███▄ ▄███▀▄ ▀▀▄▀▄▄▀ ▀▀▄▄██
████▄██▄▄ ▄▀ ▀▀ ▄██▄ ▄█▀▀ ▄▄▄ ▀▀▀█▄█ ▄ ██▀ ▀▀ ▄▄▄ ▄█▄▄█
█ ▄▄▄▄▄ █▄█▄▀    ▀▄██ █▀▄ █▄█ ▄▄▄▄▄▀███▄▄█▀ ▄ █▄█  ▄▀██
█ █   █ █ ▄▄▄▀█▄▀█▄▀▀███▀▄▄▄▄▄ ▀ ███   █▀▀    ▄▄ ▄ ▄███
█ █▄▄▄█ █  █▀▄▄▄▀█▀█▄█▄▄▀█▀▄▀▀ ▀ ▀█▀█▄▄▀ ██▄▀▀▀▄█▄▀█▀▄█
█▄▄▄▄▄▄▄█▄▄█▄▄█▄█▄▄▄▄████▄▄███▄▄████▄▄▄███████▄▄██▄▄███

❌ Bot disconnected (408), reconnecting in 5s...
❌ Bot disconnected (408), reconnecting in 5s...
Scan this QR code:
▄▄▄▄▄▄▄▄▄▄▄▄▄▄▄▄▄▄▄▄▄▄▄▄▄▄▄▄▄▄▄▄▄▄▄▄▄▄▄▄▄▄▄▄▄▄▄▄▄▄▄▄▄▄▄▄▄▄▄
█ ▄▄▄▄▄ █▀█▄▄ █ ██▄▀▄█▄█ ▄ ██▀ ▄▄ ▀█▄▄ █▀▄▀▄▀▀▄▄ ██ ▄▄▄▄▄ █
█ █   █ █▀▄ █ ▀████▀█▄▄▄  ▀█▀▄▄ ▀██ ▀ █▀██▀▄▀▄ ▄ ██ █   █ █
█ █▄▄▄█ █▀▄▀▄▀ ▄▄███▄ ▀▄▀ █ ▄▄▄  █▄▀▀█▄▀ ▀▀▄▄ ▀▀▄██ █▄▄▄█ █
█▄▄▄▄▄▄▄█▄▀ █▄█▄▀▄▀ ▀ █ █ █ █▄█ ▀▄█ ▀▄█▄█ ▀ ▀ █▄▀▄█▄▄▄▄▄▄▄█
█ ▄  ▄█▄   ███ █▄▄█▄ █▀█ ▀▄▄▄▄  ▀█▀█▀  █▀█▄▀██▄▄  ▄█▄█▄▀ ▀█
██▀▀▀ █▄▄████▄▄ ▄▄▀ ▀▀▀ ▀▀ █▀▀▀█▀▀ ▀█▄█▀ ▄ █▀ ▄▄▄▀▄▄▄█▀▀▄▀█
█▀▄█▄▀█▄█▄▀▄ █▄▄█▄▀ ▀█▀▄  ██▀▀▀██▀▄█▀▄ █▀▀▀▀▀▀▄▄ ▀ ██▀▀ ▀▀█
██▄▄▀▀ ▄▄██  ▀██▄▄▀▄▀▄▀ ▄▄▀█ ▄▀▄█▀▄▄  ▀█ ██ ▄▀▀▄█▀▄▀█ ▀ ███
█ ▄  █▀▄█▀▀▄  ▄▀▄▄▄▄▀▄▄▀▄▀▀█▀  ▀██▀█▄ ██▀██▀▄██▄▀▀▀█▀█  ▀▀█
█ ▀█▀ ▀▄ ▀▀▀██▀█▄▀▀█▄▄ █▀█▄▄▀ ▀ ▀ ▀▄▄▄ ▄█▀▄▀█ ▄   ██  ▀▀▀▀█
█▀ ▄█ ▄▄ ▀▀▄  ▀█▄▀▄ ▄█▀█▀▄  █▀█▀▄▀ ▄ ▄ ███▀▀█▀ █▄▀ ▄▀██▄▀▀█
█▀▀ ▄▄▄▄▀▀▀█ ▄▄▀▄ ▀█▄██▄▀█▀ ▄  ▀▄██  ▀ ▄▄ ▀ ▄▄▀  ▀██▄▄▀▀▀██
█▄▀█▀██▄ ▀▄ ▄▀▄▄▄▄▄ █▄▀█▀ █▀▀▀ ▀▄ ▄  ▄▀██▀ ▀ ██▄▄▀▀▄█▀█▀▄ █
█▀▄▄  ▄▄▄ ▀█▀▀▄▄▀▀▄█ ▀▄██ ▀ ▄▄▄    █▄██ ▀ ▄█      ▄▄▄ ▀  ██
██ ▀  █▄█   ▀▄█▄█▄▄▀▀█▄█▀▀▀ █▄█ ▄▀ ▄ ▄ ▄▀█ ▀████  █▄█ ██ ██
█▄█ ▄▄ ▄ ▄█▀ ▀█▄  ███▀█▀▄▄▀     ▀▄█ ▀ █▀█▀▀▀█▄  █▄  ▄   ▄██
█ ▄▀▀▀ ▄▀▄ ▀▄▄▀█▄█ ▄ █▄▀▀ ▄▄██▀  █▀█  ▄█ ▀ ▀ █▄▄█▄▀█▄█▀▄ ▀█
█▄ ▄  █▄▀▀  ▀▄▄██▀▀  █▀  ▀▀▄ ▀▀ ▀▀ ▄█ ▄   █▄█▀▄▄▀▀ ██▄▀▀ ▀█
███ ▀▀▄▄ ▀ █▄▀ █▀█▀▄▀▀▀█▄ █▀▀█▀█ █▄█  ███▀▀▀ ▀▀▄▀▀ ▀▀▄▄██▀█
██▄▄   ▄▀▀▀▄▀   ▀█  ▀ ▀▄▄ ▄ ▀█▄  █ ▄▄▀█▄ ▀▀▀█▄█  █ █▀██▀▄▄█
█▄▀█▀▄█▄ ▄▄▀▀█  ▄▄▀▄▄▄██▄▀█▀▄▄▀▀▀█▀█   ▄▀█ ▀ ██▄█▄█▄▄▄ █▀██
███▄ ▄▀▄██  ▄ ▀▄▄█▀  ▀▀ ▀▀█▀▀▀ ▄▀████ ▄ ▀▄▄▄█  █▀▄▄▀▀▄▀▀▄▀█
█▀▀▀█ █▄▄█▀▄▄   █▄▀  ▄▀▄▀ ▄▄██   ██▄▄▄ █▀▀ ▀ ▀████▀▄ ▄█▄█ █
█ ▀ ▀▀▄▄▀ █▄█▄▀▀▀█▄▄▄ ▄▄█▀▀ ▀▀▄▄▄▀█ ▀▀█▀ ▀▄ ▀▄ ▀▀█ █ █▀ ▄██
███████▄█ █ ▀█ ▀▄█ ▄ ▄▀▀▀▀▀ ▄▄▄  ▀▄█▄▄ █▀█  ▄▀▀█▀ ▄▄▄  ▀█▀█
█ ▄▄▄▄▄ █▄▄█▀ ▄▄  █▄ ▀▀  ▀▄ █▄█  █▀▄▄   ▄▄███▀█▄█ █▄█    ▀█
█ █   █ █ ▀▄▀█▀▀▄▀  ▄█ ▀▀▄▀ ▄  ▄▄███▄  ▄███▀█▀██▄▄ ▄▄ █▀▄██
█ █▄▄▄█ █ ██▀▀▄█▄ █▄▄█▀█▀███▄▀▀███▄ ▀█▀█▀█▄▀▄ ▄▄█ ▀▄▄▀  ███
█▄▄▄▄▄▄▄█▄▄█▄▄█▄▄▄▄▄██████▄██▄█▄▄▄▄▄▄▄█▄██▄▄▄█▄███▄█▄▄██▄██

Scan this QR code:
▄▄▄▄▄▄▄▄▄▄▄▄▄▄▄▄▄▄▄▄▄▄▄▄▄▄▄▄▄▄▄▄▄▄▄▄▄▄▄▄▄▄▄▄▄▄▄▄▄▄▄▄▄▄▄▄▄▄▄
█ ▄▄▄▄▄ █▀ █▀ ▀ ██▄▀▄▀ █▄ ▄█▄▄▄▄ ▀██▄▀▄▀▀   ▄█▄▄ ██ ▄▄▄▄▄ █
█ █   █ █▀  ▀  ███▀ ▄▄▄▄▀ ▀█▄█ ▄▄▄█ ▀▀█▀▄█▄ ▀█ ▄ ██ █   █ █
█ █▄▄▄█ █▀▀█ ▀█▀▄█▄█▄ ▄█▀ █ ▄▄▄ ▀ ▀█▄▄▄▀▀▀▄▄▄█▀▀▄██ █▄▄▄█ █
█▄▄▄▄▄▄▄█▄█▄█ ▀ ▀▄▀ ▀ ▀ █ █ █▄█ ▀▄█ ▀▄█ █ █▄▀ ▀ ▀▄█▄▄▄▄▄▄▄█
█  ▄  █▄▄▄██▀  ▀ ▄▀▄ █▀▀▄▀ ▄    ▀█▀█▀  █▀█   █▄▄ ▀ █▄█▄▀▄▀█
█  ▀██ ▄   ▀▄▄▄ ▄ ▀ ▀▀▀ █  ▄   █▀▀▄██▀█ ▀▀▄█▀▀▄█▀▀▄██▀▀▀ ██
█▀▀ █▄▀▄█▀██  ▄▄▄█▀ ▄▄▀▄   ▀█▀▀██▀█▄   █▀█ ▀█▀ ▄ ▀▀▄██▀ ███
█▄▄▄ ▄▄▄ ▄ ▄▄▀▀█ ▄▄ ▀█▄▄▄ ▀█▀█▀ ████ ▀▀▄  ▀▀█▀▄▄█▀▀█ ▄   ██
██▀    ▄   ▄█▄▄███▄▄▀▄█▀▄▀█▀▀  ▀▄▀▀█▄  ████ ▄█▀█ ▀███▀▀ █ █
█▄▄▄▀▄ ▄██▀▀▀▄▀█ ▄ ▄ ▀▄▀▄  ▄▀ ▀▄█▄▀ ▀▄▀ ▀▄▄█ ▀█ ▀  ▄▄▀▀▀ ██
█▄█ ▀▄█▄ ▀▀█▀▄▀█▄▀▄▄▄█▀█▀▄▀ ▀▀▀  █▄█▄▄▀█▀█▀ ██▄█▄▀ ▄▄▀█ ▀ █
██▄██▀▄▄▀▄▀▄▄█ ▀▄ ▄ ▄█  ▀█▀ █▀█▄█▄▄ █▀█ █▄█▀▄█▄▀▄▀▄▄▄▀▀▀▀██
██ ▄ ▄█▄▀▀█ █▄▄▄▄█  █▄██  ▀█▀▀█▀▄ ▄ ▄▄▀▄▀██▀▄█▄█▄▀ █ ▀█ ▄▄█
██ ▀▀ ▄▄▄ ▄▄ ▄ ▄█▄▄█ ▀▄█  ▀ ▄▄▄   ▄█▄▀█ ▀▀ █▄█▄ █ ▄▄▄ █  ▀█
█▀▄▄▀ █▄█ ▀▄▄▄█▄▀▄▄▀ █▄█▀ █ █▄█ ▄█▄▄   ▄██▀  ▀█▄█ █▄█ ▀▀▄ █
█▀ ▄ ▄ ▄▄▄▄█  █▀▀▄█▀█▄██ ▀▄ ▄▄▄▄█▄▄ ▀█▄█  ▄▀▀█▀█     ▄ ▀ ▀█
█▀▄ ███▄  ▄▀█▄ █▀▄  ▀█▀█  ▄▀▄█▀  █▀█ ▄ ██▀ ▀ █▄█▀ ▀ ▀▄  ▀ █
█▀ ███▄▄ █ ▄▄ ▄ ▀▀▀ █████▀▄▄█▄▀ █▀▄▄▄ ▀  ▀ █▀ ██ ▄ █ ▄  ▀██
██  █▀▄▄  ▄▄▀█▄ ▀█▄▄▀▀▀█▄ █▄▀█▄█ ███▄  ▄█▀▀ ▄██▄▀█ ███▀▄█▀█
██▀█▀█▀▄▄▀█  ▀▀▀▀█▀▄▀  ▀▄ █ ▀█▄ ▀▄ █▄ ▄█▄ █▀▀█▄▄▀▄▄▀ ▀▀▀▄▄█
█▄▄▄▄ █▄█ ▀▀▄▄ ▄▀▄  ▄▄▀▀▀▀█▀█▄ ▄▀█▀█▄ ▀▄▄█▀ ▄█ ██▄▀▀▄▄▄▄█▀█
█ ▀▄█▀ ▄█▀▀ ██▀▀██▀ ▄ ▀ ▀ █▀ ▀  ██▀▀▀▀ ▄▄█ ▀ ▀▄▄▀█ █▄█ ▀▀██
█ ▄▀▄▄▄▄█ ▀▄▄ ▄▄██▀ ▄▄▀▄  ▄▄██ █ █▄▄▄▄ ███▀▀▀██▄▀▄███▄ ▀█▀█
█ ▀ ▀▀▄▄▄▀▀█ ▄█▀ ▀▄ █▄▀▄██▄▄ ▀▀▄▀ ▄▀  ▄ ▄ █▀▀▄  ██▄▀ █▀▀ ▀█
███████▄▄▀▀ ▀▀ ▀█▄▄▄▄▄█▀▀ ▄ ▄▄▄  ▀▄█▄ ██ █▄▀▄▀▄▄█ ▄▄▄ ▄█▀ █
█ ▄▄▄▄▄ █▄▄ ▄██ ▀▀ ▀▄▀██▀██ █▄█ ██▀▄▄▄▄  ▀▄▀▀ ▀▄█ █▄█ ▀▀█▀█
█ █   █ █ █▀█▄█ ▄▀▀▄▄██▀▀▄  ▄▄ ▄▄▀█▄  ▄█▄█  █▀███  ▄ ▄█ █▄█
█ █▄▄▄█ █ ██▄▄ █▄ ▀▄▄█ ▄▀██ ▀▀▀██▄█▀▀  ▄▄▀▄▀ ▀  ▄  ▄▀█  ███
█▄▄▄▄▄▄▄█▄█▄▄██▄██▄▄█▄██▄▄▄████▄▄▄▄▄▄▄█▄▄██▄███▄▄▄▄█▄▄▄█▄██

❌ Bot disconnected (408), reconnecting in 5s...
❌ Bot disconnected (408), reconnecting in 5s...
❌ Bot disconnected (408), reconnecting in 5s...
❌ Bot disconnected (408), reconnecting in 5s...
Scan this QR code:
▄▄▄▄▄▄▄▄▄▄▄▄▄▄▄▄▄▄▄▄▄▄▄▄▄▄▄▄▄▄▄▄▄▄▄▄▄▄▄▄▄▄▄▄▄▄▄▄▄▄▄▄▄▄▄▄▄▄▄
█ ▄▄▄▄▄ █▀█▄▄ █ ▀██▀ ▀█▄█▄ ██▀ ▄▄ ▄▀ █▄▀ ▄▄ █▀▄▄ ██ ▄▄▄▄▄ █
█ █   █ █▀▄ █▄▀█▄██▀█▄▄▄  ▀█▀▄▄ ▀██ ▄▀█▀▄█▀▄▄▄ ▄ ██ █   █ █
█ █▄▄▄█ █▀ ██  ▄▄███▄ ▀▄▀ █ ▄▄▄  █▄▀█▀▄▀▄█▀▄▄ ▀▀▄██ █▄▄▄█ █
█▄▄▄▄▄▄▄█▄█▄▀ █▄▀▄▀ ▀ █ █ █ █▄█ ▀▄█ ▀▄█▄█ ▀ ▀ █▄▀▄█▄▄▄▄▄▄▄█
█ ▄   ▀▄▄▄█  █ █▄▄█▄ █▀█ ▀▄ ▄▄  ▀█▀█▀  █▀█▄▀██▄▄ ▀ █ █▄▀ ▀█
██▀▀▀▀▄▄▀▀██ █▄ ▄▄▀ ▀▀▀ ▀▀ ███▀█▀▀▄██▄▀█ ▄ ▀▀ ▄▄▄▀███▀▀▀▄▀█
█▀▄▀▄▀█▄█▄▀▀ █▄▄█▄▀ ▀█▀▄  █▄█▀▀██▀▄▄▀▄██▀▀▀▀▀▀▄▄▀▀ ██▀█ ▀▀█
█▀ ▀ ▀ ▄███  ▀██▄▄▄█▀▄██▄▄▀█▀██▄█▀▄▄▄▄▄▄▄▀█▄ ▀ ▄██▄▀█▀ ▀███
█▀▀  █▀▄█▀▀▄  ▄▀▀▄▄▄▀▄▀▀▄▀▀█▀ █▀██ █ ▄▀▄██  ▄██▄▀▀▀█▀█▀ ▀▀█
█   ▄▄█▄ ▀▀▀██▀█▀█▀██▄ █▀ ▄▄▀  ▀█▄▀▄█▄ ▄ ██▀▄██   ██  ▀▀▄▀█
█▀ ▄█▀ ▄ ▀▀▄▀ ▀█▄▀▄ ▄█▀█▀▄  █▀█▀ █ ▄   █▀▀▀▀▄█ █▄▀ ▄▀██▄▀▀█
█▀▀ ▄  ▄▀▀  █▄▄▀▄ ▀█▄██▄▀█▀ ▄  ▀█▄█ ▀▀ ▄▄ ▀ ██▀  ▀▄█  ▀▀▀██
█▄▀█▀█▀▄▄███▄█▄█▄▄▄ █▄▀█▀ ▀█▀▀ ▀▄ ▄  ▄▀██▀ ▀ ██▄  ▀▄███▀▄ █
█▀▄▄  ▄▄▄ █▄▀▄▀█▀▀▄█ ▀▄██ ▄ ▄▄▄   ▄▀▄█▀▄▀ ▄█    █ ▄▄▄ ▀  ██
██ █▄ █▄█  ▄▀▄▄▄█▄▄▀▀█▄█▀▀▀ █▄█ ▄▀█▄ ▄ ▄▀█  ██▄▄▀ █▄█ ▄  ██
█▄▄▀▄ ▄▄▄▄█▀ ▀█▄  ▀██▀▄▀▄▄▀     ▀▄█ ▀▄██▀▀▀█▀ █▄▀▄▄▄ ▄▄ ▄██
█▀▀▄▀▀ ▄ ▀ ▀▄▄▀███▄  ▄██  ▄▄█▄▀  █▀█▄▄▀▄█▀ ▀▀██▄██▀█▄█ █ ██
██ ▄█ █▄ █  ▀▄▄█ █▀ ▄▄▀ █▀▀▄  ▀ ▀▀ ▄ ▄▄ █▀█▄▀█▄▄▀▀ █ ▄▀▀ ▀█
█ ▄ ▀▀▄▄ ▀ █ █ █▀█▀▄▀▀▀█▄ █▀▀█ ▄▄▀▄█▀ ███▀▀▀ ▀▀▄▀▀ ▀▀▄▄█▄ █
██▄▄   ▄▀▀▄█▀█  ▀█  ▀ ▀▄▄ ▄ ▀█ ▄ ▄ ▄█ █▄▀ ▀▀▄██  █ █▀██▀▄▄█
█▄▀█▀ ▀▄ ▄▀ ▄ ▀▄▄▄▀▄▄▄██▄▀█▀▄▄▀▀▀█▀█   ▄▀█ ▀ ██▄█▄█▄▄▄▄█▀██
███▄ ▄▄▄██▄█▀█▄█▄█▀  ▀▀ ▀▀█▀▀▀ ▄▀█▀██  ▄▀▄▄▄█  █▀▄▄█▀▄  ▄▀█
█▀▀ ▄▄▄▄ ▀  ▄ █ █▄▀  ▄▀▄▀ ▄▀██   ██▄▄▄█▄▀▀▀  ▀▄█▀  █▄▄  █ █
█ ▀ ▀▀▄▄█▄█▄█▄▀▀▀█▄▄▄  ██▀ ▄▀▀▄▄▄▀▄ ▀█▄▄▄▀ ▄█ ▀█▄█ █▄▄▀ ▄██
███████▄█▀█ ▀█ ▀██▄ ▄▄██▀▀▀ ▄▄▄  ▀▄█ ▄▀██▀ ▀▄█▄▄█ ▄▄▄ ▀▀█▀█
█ ▄▄▄▄▄ █▄▄█▀ ▄▄▄▀█▄▄▀▀  ▄▄ █▄█ ▄▀▀▄▀   ▀▄██▀▄█▄▄ █▄█    ▀█
█ █   █ █ ▀▄█▄▀▀▄▀  ▄█ ▀▀▄▀  ▄ ▄ ███▄▄ ▄███▀ ███▄▄ ▄▄▄█▀███
█ █▄▄▄█ █  ▀▀▀█ ▄ █▄▄█▀█▀███▀█▀██▄▄  ▄▀█▀█▄▀█▀▄▄█ ▀▄▀▀  ███
█▄▄▄▄▄▄▄█▄█▄▄██▄▄▄▄▄██████▄████▄▄▄▄▄▄▄█▄██▄▄▄█▄███▄█▄▄██▄██

Scan this QR code:
▄▄▄▄▄▄▄▄▄▄▄▄▄▄▄▄▄▄▄▄▄▄▄▄▄▄▄▄▄▄▄▄▄▄▄▄▄▄▄▄▄▄▄▄▄▄▄▄▄▄▄▄▄▄▄▄▄▄▄
█ ▄▄▄▄▄ █▀ █▀ ▀▀▀█▄▀▄▀▀▄█ ▄█▄▄▄▄ ▀██  ▄█▀▀▀▄▄█▄▄ ██ ▄▄▄▄▄ █
█ █   █ █▀  █  ██▄▀ ██▄▄▀ ▀█▄█ ▄ ██   █▀██▄  █ ▄ ██ █   █ █
█ █▄▄▄█ █▀█▀ ██▀▄█▄█▄ ▄█▀ █ ▄▄▄ ▄█▀█ █▄▀▀█▄▄▀█▀▀▄██ █▄▄▄█ █
█▄▄▄▄▄▄▄█▄█ █ ▀ ▀▄▀ ▀ ▀ █ █ █▄█ ▀▄█ ▀▄█ █ █▄▀ ▀ ▀▄█▄▄▄▄▄▄▄█
█  ▄ ▄█▄  ▄▄▀  ▀ ▄▀▄ █▀▀▄▀▄     ▀█▀█▀  █▀█   █▄▄▀▀ █▄▀▄▀▄▀█
█  ▀█▄▀▄ ▀ ▀  ▄ ▄ ▀ ▀▀▀ █  ▄   █▀▀ ██▀█ ▀▀▄▀▀▀ █▄▀██ ▀▀▀ ██
█▀▀▀▀▄▀▄██▀▀  ▄▄▄█▀ ▄▄▀▄  ▀▀▄█▀██▀█▄   █▀█▀▀█▀█▄ ▀▀▄▀██ ███
█▄▀ █▄▄▄▀▄ ▄▄▀▀█ ▄█▀▀█▄▀▄ ▀█▀██ ██▄█ ██▄▄▄████▄█ █▀█▀█   ██
███ ▀  ▄   ▄█▄▄█▄▄▄  ██▀▄▀█▀▀ ▀ ▄▀▀█▀  ██▀▀  █▄▄ ▀███▀▀ ▀ █
█ ▄██▄▄▄██▀▀▀▄▀█ ▀ ▄▄▀▄▀▀▀ ▄▀  ▄▀ ▀ ▄█▀ ▄▀█▄▄ ▄ ▀   ▄▀▀▀█▀█
█▄█ ▀▀▀▄ ▀▀█▀▄▀█▄▀▄▄▄█▀█▀▄▀ ▀▀▀ █▀▄██▄▀█▄█▀ ▄▀▄█▄▀ ▄▄▀█ ▀▀█
██▄██▄█▄▀▄▀ █ ██▄ ▄ ▄█  ▀█▀ █▀█▄▄█▄ ▄ █ ▄▄█▀▄█▄▀▄▀ ▀▄▀▀▀▀██
██ ▄ ▄▄▄▀ ▀█▄█▄█▄█  █▄██  ▀▀▀▀█▀▄ ▄ ▄▄▀▄▀██▀▄█▄█▀  ▄█▀█ ▄▄█
██ ▀▀ ▄▄▄ ▄▄▀▀█ █▄▄█ ▀▄█    ▄▄▄    ▀▄▀█ ▀▀ █▄█ ▄▄ ▄▄▄ ▀  ▀█
█▀▄▄█ █▄█   ▄▄█▄▀▄▄▀ █▄█▀ ▀ █▄█ ▄█▄▄  ▀███▀  ▀█▄█ █▄█ ▀█▄ █
█ ▄█▀  ▄▄▄▄█  █▀▀▄  █▄ ▄ ▀▄ ▄▄▄▄█▄█▀██ ▄ ▄█▀█▀█ ▀    ▄ ▀ ▀█
█▄█  ██▄▄ ▄▀█▄ ███▄▄▄▄▀█▄▀▄▀▄█▀  █▀█▄▄ █▀▀▀▀▄▀▄█▀▄▀ ██ ▀▀ █
█▄▄▀ █▄▄▀█ ▄▄ ▄ ▄ ▀ ▀███▄▀▄▄▀█▀ ▀█▄▄    ▀█ █████ ▄ █▄▄  ███
█▀  █▀▄▄  ▄▄██▄ ▀█▄▄▀▀▀█▄ █▄▀█▀▀▄███▄  ▄▀█▀  ▀█▄▀█ ███▀▄▄▀█
██▀█▀█▀▄▄▀  █▄▄ ▀█▀▄▀  ▀▄ █ ▀██▄▀▄ █▄ ▄██ █▀ ▄▄▄▀▄▄▀ ▀▀▀▄▄█
█▄▄▄▄█▄▄█ ▀▀ ▀▀▄▀▄  ▄▄▀▀▀▀█▀█▄ ▄▀█▀█▄ ▀▄▄█▀ ▄█ ██▄▀▀▄▄▄▄█▀█
█ ▀▄█▀ ▄█▀▄ ▀ █ ██▀ ▄ ▀ ▀ █▀ ▀  ██▀█▀▀ ▄▄█▄█ ▀▄▄██ █▄█ ▀▀██
█ ▄▀▄▀▀▄█▄▄█▄ ▄▀██▀ ▄▄▀▄  █▄██ █ ███▄▄▀▄██▀▀▀█▄██▄▄▀▀▄▀▀█▀█
█ ▀ ▀▀▄▄▄█▀█ ▄█▀ ▀ ▀█▄▀▄██▄▄ ▀▀▄▀ ▄ ▄▄█▄▄▄▄▄█ ██▀▄▄▀ ▄█  ▀█
███████▄▄ ▀ ▀▀ ▀▄▄  ▀▄▀█▄▀▄ ▄▄▄  ▀▄█▄▄█▄███ ▄▀█▄▀ ▄▄▄ ▄██▄█
█ ▄▄▄▄▄ █▄▄ ▄██ ▀█ ▀█▀██▄██ █▄█ ██▀▄█▄▄ ▀▀▄▀█ ▀▄█ █▄█ ▀▀▄██
█ █   █ █ █▀▀██ ▄▀▀▄▄██▀▀▄  ▄  ▄▄▀█▄  ▄█▀█  ▀███▄  ▄▄ █ █▄█
█ █▄▄▄█ █ ▀▀█ ▄▀▄ ▀▄▄█ ▄▀██ █▀▀████▀ ▀ ▄▄ ▄▀ ▀  ▄  ▄▀█  ███
█▄▄▄▄▄▄▄█▄█▄▄█████▄▄█▄██▄▄▄██▄█▄▄▄▄▄▄▄█▄▄██▄███▄▄▄▄███▄█▄██

❌ Bot disconnected (408), reconnecting in 5s...
❌ Bot disconnected (408), reconnecting in 5s...
Scan this QR code:
▄▄▄▄▄▄▄▄▄▄▄▄▄▄▄▄▄▄▄▄▄▄▄▄▄▄▄▄▄▄▄▄▄▄▄▄▄▄▄▄▄▄▄▄▄▄▄▄▄▄▄▄▄▄▄▄▄▄▄
█ ▄▄▄▄▄ █▄▀▄ ▄█▄▀█ ▄▄▀ ▄▄  ▀▀▀▄ ▄▄ ▀▄█▀█▀█ ▄▄█ ▄ ██ ▄▄▄▄▄ █
█ █   █ █ █▀▀█ █▄▄█ ████ ▀ █ █▄▀▀█▄▀ ▀▄▀██▀█ █▀▄ ██ █   █ █
█ █▄▄▄█ █▄████▄█▀▀▄  ▀▄  █▀ ▄▄▄ ▄█▀██▄  ▀  ▀▀▀▄▀▄██ █▄▄▄█ █
█▄▄▄▄▄▄▄█▄█ █▄█ █▄█▄▀▄▀ ▀▄█ █▄█ ▀ ▀ █ █ ▀ █▄▀▄▀▄█ █▄▄▄▄▄▄▄█
█ ▄  ▀█▄▀  █ ▀▀█████▀█ ▄  █ ▄▄   █ ▄▀▀▀█ ▄▄ ▄███▀  █▀▄▄ ▀ █
█ █ ▄▄▄▄▀ ▀▀▄▀ ▀▀  ██ ▄▄ ▄▀▄ █  █ ▀▀▄▀▀▄█ █ █▀█ ▀ ▀▄█▄ ▄  █
██▄██▀▀▄▀ ▄ ▄▀▄ ▀▄█▄▀▀█▄▄▄▄  ██▀██ ▄█ ▄ █▀▄▄▀█▀▄██ ▀▀▀█▄▀██
█▀█▀█  ▄▄▄▄▀  ▄███ ▀ ▄▀▀▄█ █ ▄█▀▄▀█▄ ▀█▄█ █▄██▀ ███▀█▀ ▀▄██
█▄ ▄ ▀ ▄▀ ▄ ▀█  ▀▀▀▀▄█▀█▀██▄▄▄ █▀▄█▀██▀▄▀█▀▄▄    ▄█▄▄▀▀█▀▄█
██▀ █▄█▄ ██▀▀▀▀▀█▀█▀  ▄█▀█▄ █ █▄▀▄█▄▄▀     ▄ █▀ ▄▄▀▀▄ ██ ██
██▀▄▄▄█▄▀▀ █ █ ██ ▄▀██ ▄▀█▀ ▄ █ ▄█▀█▀▀▀█▄▄▀ █▀▀▄▄ ▀▄ ▄██▀ █
█▄█▀▀█▀▄▀ ▀  ▄█▄▀▄   ▄    █▀▀▄▀▄ ▄ ▄▀▄▄█ ▄ █▀▄▄▄▀▄██▀  ▄█▄█
█ ▀▀█▄▄▄ ▀▄▀ ▄▀█ ▄ ▄█ ███▄█▀█▀▄█▄▄  ▄ ▀▀▀▀▄█ ▀▀▄█▄▀ ▀█▀█▄▄█
█ █▄▀ ▄▄▄ ▀ █ ▄   ▄▄▀▀█▄█▀  ▄▄▄ ▀ ▀▄▄▄▄  ▀  ▀ ▀▀▄ ▄▄▄ ▀▀▀██
█ ▄   █▄█ ▄  ▀ █  █▄█▄▀▀ ▄█ █▄█   ▄▀▀▀▄▄▄▀▀█▀▄    █▄█ ▄▄▄▄█
█ █▀█▄▄▄▄ ▀▀▄██ ▄ █▄██▄▄  ▀ ▄ ▄▄▀   ▀  ▀██▀▀█▄▄ █ ▄ ▄▄▄▄▄▀█
█▀▄▀   ▄  ▀ ▄█ █▄█ ██▄▄▄▀ █▄▄█▀▀▀█ ▄ █▀█▄ ▀▀▀▀███▄ ██▄ ██▀█
█▀▄ █▄▄▄▄██▄ ▀ ▄█▄ █▀ ▄▄▀▄██▀  ██ █ █▀▀▀▄█▄▀█ ▀  ▄▄▄   ▄▄▄█
█▀█▄█▀ ▄ █▄█   ▀███ ▀███ ▄████▀███ █ ▄█▀████▄██▄██ ██▄ ▀▄██
█▄█▄▀▀ ▄ ▀▄█▀█▀█ ▄ ▀   █▄▀█  ▄ █▀▄▀██▀▄▄▀▀▀ ▄▄▄▀ ▄▀█ ▄█ █▄█
█▀█▄▄▀█▄▄█▀▄  ██▀  ▀ █ ▀█▄▀ ▀  ▄█▄▄▀▀█▄█▄▀▀▄▄▄  ▄▀▀ ▀ █▄█▄█
█▀█ ▄█▀▄█▀ ▄  █  ██▄ ██ ██▀██▀▄ ▀▀█▀▀▄  █▄▄▄█▄▄▀█▀▄██▄██▄██
█    █▀▄▀ ▀█▄▀▀▄▄█▀▀▀▄ █▀▀█▄▄▄ ▀▀█▄█▄█ █   ▀▀▀ ██ ▄▀██▀ ▄ █
█ ▀ ▀▀▄▄██  ▄▀█ ▄▀▄▄ ▀▄▀▄▄▄█▄██▀  ▀▄  ▀▀▀█ ▀▀█▄▄  ▄▄▄▄█▄ ▄█
███████▄▄ ▀ █▀ █▀██ ▄ ▀█ █▀ ▄▄▄  █ █▄▄  ████▄▀ ▄▀ ▄▄▄ ███▀█
█ ▄▄▄▄▄ ███▄▀▀█▄▀ ██▄▄ ▀█▄█ █▄█ █▀ █▀█▀ █▀█▄█▀▄▄  █▄█  ▀▀▀█
█ █   █ █▀▄ ▄▀█ ▀█▀█ ▄██ ▀█     ▄  ▀▀█▄███▄▄▄  ▀▄ ▄▄▄▄▄▄▀▄█
█ █▄▄▄█ █ ███  ▀  ▀ ▄▀███▀█▀█▀█▀▄   ▄ ▀▀▄▄ █▄█ ▄▀▄▀ ▀█▄▄█▀█
█▄▄▄▄▄▄▄█▄▄▄█▄█▄██▄█▄█▄▄█▄██▄▄███▄██▄█▄▄▄▄▄████▄█▄███▄█▄███

Scan this QR code:
▄▄▄▄▄▄▄▄▄▄▄▄▄▄▄▄▄▄▄▄▄▄▄▄▄▄▄▄▄▄▄▄▄▄▄▄▄▄▄▄▄▄▄▄▄▄▄▄▄▄▄▄▄▄▄▄▄▄▄
█ ▄▄▄▄▄ █▀ █▀ ▀ █▀▄▀▀█▀▄█ ▄█▄▄▄▄ ▀█▀█  █▀█▀▄█▄▄▄ ██ ▄▄▄▄▄ █
█ █   █ █▀  █  █▄█▀ ██▄▄▀ ▀█▄█ ▄▀██   █▀█▄▄ ▀▄ ▄ ██ █   █ █
█ █▄▄▄█ █▀▀▀  █▀▄█▄█▄ ▄█▀ █ ▄▄▄ █▀▀███▄▀█▄▄▄▄▄▀▀▄██ █▄▄▄█ █
█▄▄▄▄▄▄▄█▄▀ ▀ ▀ ▀▄▀ ▀ ▀ █ █ █▄█ ▀▄█ ▀▄█ █ █▄▀ ▀ ▀▄█▄▄▄▄▄▄▄█
█  ▄  ▀▄ ▄ ██▀ ▀ ▄▀▄ █▀▀▄▀▄     ▀█▀█▀  █▀█   █▄▄ ▀ █▄▀▄▀▄▀█
█  ▀█▄▀▄  ███▄▄ ▄ ▀ ▀▀▀ █ ▀▄▄▄ █▀▀▄██▀█▄▀▀ █▀▀▄▀█▄▄█▄ ▀▀ ██
█▀▀▀ ▄▀▄ ▄▀▄  ▄▄▄█▀ ▄▄▀▄    ▀▀▀██▀▄█  ▀▄▀█▀▀█▀█▄▀▀▀▄███▄███
██ ▄█▄▄▄ ▄ ▄▄▀▀█ ▄ ▄▀█ ▄▄ ▀█ ▄█ ████ █▀█ ▄█ █▀▄█▄▀▀█▀█ ▀ ██
█  ▄   ▄   ▄█▄▄██▄▄ ▀█▄▀  █▀▀ ▀▀▄▀▀▄ ▄▀█▀█▀  ▀██ ▀███▀▀ █ █
█▄▀█  ▄▄██▀▀▀▄▀██▄ ▄█▄▄▀▄▀ ▄▀ ▀▄▀ ▀ ▀█ ▀ ▀▄██▀▄ ▀ ▄▄▄▀▀▀█▀█
██▄ ▀▀█▄ ▀▀█▀▄▀█▄▀▄▄▄█▀█▀▄▀ ▀▀▀ ██▄█▄▄▀███▀  ▀▄█▄▀▀█▄▀█  ▀█
██▄██▀█▄█ ▄▀▄▄▄ ▄ ▄ ▄█  ▀█▀ █▀█▄▄▄▄ ▄ █ ▄▄█▀▄█▄▀▄▀ ▄ ▀▀▀▀██
██ ▄ ▀▄▄▄███▀  ▀▄█  █▄██  ▀█▀▀█▀▄ ▄ ▄▄▀▄▀██▀▄█▄█   ▄ ██ ▄▄█
██ ▀▀ ▄▄▄ █▄  ▀▀█▄▄█ ▀▄█  ▀ ▄▄▄    █▄▀▀ ▀▀▄█▄█▄▄  ▄▄▄ ▀  ▀█
█▀▄▄▄ █▄█ ▀ ▄▄▄▄▀▄▄▀ █▄█▀ █ █▄█ ▄█▄▄  ▀▄██▀▀ ▀██  █▄█ ▀▄▄ █
█▄  ▄▄ ▄▄▄▄█  █▀▀▄ ██▄▄█ ▀▄ ▄▄▄▄█▄▄ ███▄▄ █▀█▀▄ █▄ ▄  █  ▀█
█▀█ ▄██▄ ▄▄▀█▄ █▀▄▄  █▀█ ▀▄▀▄▄▀  █▀█   █▄█   █▄▄█▀▀ ▀▄▀▀▀ █
█▄ ▀▀█▄▄   ▄▄ ▄ ▄ ▀ ▀███▄ ▄▄▄█▀ ██▄▄█▄ ▀ █▀█▄▀▄█▀▄ █▄▄   ██
█▄▀ █▀▄▄  ▄▄██▄ ▀█▄▄▀▀▀█▄ █▄▀███▄▀██▄▄ ▄▀█▀  ██▄▀█ ███▀▄▄▀█
██▀█▀█▀▄▄▀▀ ▄█ █▀█▀▄▀  ▀▄ █ ▀█▄ ▀█ ██▀▄██ █▀▀▄▄▄▀▄▄▀ ▀▀▀▄▄█
█▄▄▄▄█ ▄█  ▀▄  █▀▄  ▄▄▀▀▀▀█▀█▄ ▄▀█▀█▄ ▀▄▄█▀ ▄█ ██▄▄█▄▄ ▄█▀█
█ ▀▄█ █▄█▀█▀ █  ██▀ ▄ ▀ ▀ █▀ ▀  ██▀█▀▀  ▄█▄▀ ▀ ▄█▄▀▀▄█  ▀██
█ ▄▄█▄▀▄▀▄█ ▄ █ ██▀ ▄▄▀▄  ████ █ ███▄▄▀███▀▀▀████▄▀█▄▄▀▄█▀█
█ ▀ ▀▀▄▄ ▄▀█ ▄█▀ ▀ ██▄▄▀███  ▀▀▄▀ █ ▄▄▄▄▄ █▄▀ █ ▀▄ ██▄ ▀ ▀█
███████▄█ ▀ ▀▀ ▀▄█▄ ▀█ ▀▀▀▄ ▄▄▄  ▀▄█ ▄ █▄█   █▄█▀ ▄▄▄ ██▀ █
█ ▄▄▄▄▄ █▄▄ ▄██    ▀  ██▄▀█ █▄█ ▀▀▀▄▀ █▀▀▀▄▀▀▄ ▄█ █▄█ ▀▀ ██
█ █   █ █ █▀▄▄█ ▄▀▀▄▄██▀▀▄     ▄█▀█▄▄ ▄██▀  ▄███▄  ▄  █ ▄██
█ █▄▄▄█ █ ▄ ▀ ▀ ▄ ▀▄▄█ ▄▀██ ▀█▀██▄█▀▀▀ ▄█ ▄▀▀   ▄  ▄█▀  ███
█▄▄▄▄▄▄▄█▄██▄▄▄███▄▄█▄██▄▄▄██▄█▄▄▄▄▄▄▄█▄▄██▄███▄▄▄▄█▄▄▄█▄██

❌ Bot disconnected (408), reconnecting in 5s...
❌ Bot disconnected (408), reconnecting in 5s...
Scan this QR code:
▄▄▄▄▄▄▄▄▄▄▄▄▄▄▄▄▄▄▄▄▄▄▄▄▄▄▄▄▄▄▄▄▄▄▄▄▄▄▄▄▄▄▄▄▄▄▄▄▄▄▄▄▄▄▄▄▄▄▄
█ ▄▄▄▄▄ █▀ █▀   █▀▄▀ ▀▀█ ▄▄█▄▄▄▄ ▀▀█ █▄█▀▀▄   ▄▄ ██ ▄▄▄▄▄ █
█ █   █ █▀  ▀  ███▀ ▄█▄▄▀ ▀█▄█ ▄▄▄█ ▀ █▀▄▄▄ ▀▄ ▄ ██ █   █ █
█ █▄▄▄█ █▀▀▀ ▀█▀▄█▄█▄ ▄█▀ █ ▄▄▄  ▀▀█▄▀▄▀ ▀▄▄█ ▀▀▄██ █▄▄▄█ █
█▄▄▄▄▄▄▄█▄█ █▄▀ ▀▄▀ ▀ ▀ █ █ █▄█ ▀▄█ ▀▄█ █ █▄▀ ▀ ▀▄█▄▄▄▄▄▄▄█
█  ▄  █▄▄ ▀ ▄▀ ▀ ▄▀▄ █▀▀▄▀      ▀█▀█▀  █▀█   █▄▄▀▀ █ ▀▄▀▄▀█
█  ▀█▄▀▄▄ ▄█▄▄▄ ▄ ▀ ▀▀▀ █ ▄▄   █▀▀ ▀█▀█▄▀▀ ▀▀▀ ▀  ██▄ ▀▀ ██
█▀▀▀▄▄▀▄▀ ▄█  ▄▄▄█▀ ▄▄▀▄     █▀██▀█▄   ▄▀█▀▀█▀██▀▀▀▄▄▀█▄███
██▀▀█▄▄▄ ▄ ▄▄▀▀█ ▄▄ ▀█  ▄ ▀█ ▄█ ███ ▄██ ▄  ▄██  ▀▀▀█▀██▀ ██
█▄▄█▄  ▄   ▄█▄▄█▀▄▄ ▀█▀█▄▀█▀▀ █ ▄▀▀█▄▄ ███ ▀▄▀██ ▀███▀ ▀▀ █
█ ▀██▄ ▄██▀▀▀▄▀█   ▄██▄▀██ ▄▀ ▀██▄▀ ▀▄▀ ▄█▄██▄▄▀▀ ▄▄▄▀▀▀▄██
███ ▀  ▄ ▀▀█ ▀▀█▄▀▄▄▄█▀█▀▄▀ ▀▀▀ ▄▀▄█  ▀██▀▀  ▀▄█▄▀ ▄▄▀█   █
██▄██▀▄▄█  ▄█▄  ▄ ▄ ▄█  ▀█▀ █▀█▄█▄▄ ▄ █ ▄▄█▀██▄▀▄▀▄▄▄▀▀▀▀██
██ ▄ ▄▄▄▄▄▄▄ ▀▄▀▄█  █▄██  ▀█▀▀█▀▄ ▄ ▄▄▀▄▀██▀▄█▄█ ▀▀▄▀██ ▄▄█
██ ▀▀ ▄▄▄   ▄▀▄▀█▄▄█ ▀▄█  ▀ ▄▄▄    ▀▄▀█▄▀▀▄█▄█▄▄█ ▄▄▄ █  ▀█
█▀▄▄▀ █▄█ █▀▄▄█▄▀▄▄▀ █▄█▀ ▀ █▄█ ▄█ ▄   ███   ▀██▄ █▄█ ▄█▄ █
█ ▄▀█  ▄▄ ▄█  █▀▀▄▄██▄   ▀█ ▄▄▄▄█▄█ ▀█  ▄ ▄███▄▄ ▄ ▄▄▄   ▀█
██▄ ▄██▄  ▄▀█▄ ███   █▀█▀ ▄▀██▀  █▀█▄▄▀▄█▀▀▀▄▀█▄▀▀▀ ██▀ █▄█
█▄ █▀█▄▄▀▄ ▄▄ ▄  ▀▀ ▀███  ▄▄██▀ █▀▄▄▀▀   ▀ ▄███▄▀▄ █▄▄  ▄██
██▀ █▀▄▄  ▄▄█▄▄ ▀█▄▄▀▀▀█▄ █▄▀█ █▄▀██   ▄ ▀▀ ▄██▄▀█ ███▀▄█▀█
██▀█▀█▀▄▄▀▀█▀█ ▄▀█▀▄▀  ▀▄ █ ▀█ ▄▀▄ █▄▀▄██▀█▀ █▄▄▀▄▄▀ ▀▀▀▄▄█
█▄▄▄▄▀▀▄█ ▀█  █▀▀▄  ▄▄▀▀▀▀█▀█▄ ▄▀█▀█▄ ▀▄▄█▀ ▄█ ██▄█▀▄▄▄ █▀█
█ ▀▄██ ▄█▀█▄ ▄█▀██▀ ▄ ▀ ▀ █▀ ▀  ████▀▀▄▄▄█▄▀ ▀▄▄█▄▀▀▄█▀▀▀██
█ ▄  █ ▄▀▀▄█▄ ████▀ ▄▄▀▄  ████ █ ██▄▄▄▀███▄▀▀█▄▄█ ▀▄▀▄ ▀█▀█
█ ▀ ▀▀▄▄▄▀▀█ ▄█▀ ▀  █▄ ▄███  ▀▀▄▀ ▄  ▄▄▄▄▄▄▀█  █▀▀ ▀▀█   ▀█
███████▄█ ▀ ▀▀ ▀▄▄ ▄ ▄██  ▄ ▄▄▄  ▀▄█ ▄ █▀▀ ▀▄█▀▄█ ▄▄▄ ██▀▄█
█ ▄▄▄▄▄ █▄▄ ▄██  █ ▀█ █████ █▄█ ▀█▀▄▄ ▄  ▀█▀█ ▀▄▀ █▄█ ▀▀▄▀█
█ █   █ █ █▀ ▀█ ▄▀▀▄▄██▀▀▄  ▄  ▄ ▀█▄▄ ▄███   ████  ▄ ▄█ ███
█ █▄▄▄█ █  █▄█▀█▄ ▀▄▄█ ▄▀██ ██▀████▀▀▀ ▄▄ ▄▀▀   ▄  ▄▀▀  ███
█▄▄▄▄▄▄▄█▄█▄▄▄▄███▄▄█▄██▄▄▄████▄▄▄▄▄▄▄█▄▄██▄███▄▄▄▄█▄▄▄█▄██

Scan this QR code:
▄▄▄▄▄▄▄▄▄▄▄▄▄▄▄▄▄▄▄▄▄▄▄▄▄▄▄▄▄▄▄▄▄▄▄▄▄▄▄▄▄▄▄▄▄▄▄▄▄▄▄▄▄▄▄▄▄▄▄
█ ▄▄▄▄▄ █▄▀▄ ▄██▀▀▀▄▄▀ ▄ ▄ ▀▀▀▄ ▄▄ ▀▄▀ ██▀▄ ▀  ▄ ██ ▄▄▄▄▄ █
█ █   █ █ █▀█▀ █▄██ ▄▄██▀  █ █▄▀▀▄▄▀  ▄▀▄█▀█▀█▀▄ ██ █   █ █
█ █▄▄▄█ █▄▀▀█ ▄█▀▀▄  ▀▄  █▀ ▄▄▄   ▀█▀▄  ▄▄ ▀▀ ▄▀▄██ █▄▄▄█ █
█▄▄▄▄▄▄▄█▄▀▄█ █ █▄█▄▀▄▀ ▀▄█ █▄█ ▀ ▀ █ █ ▀ █▄▀▄▀▄█ █▄▄▄▄▄▄▄█
█ ▄  ▀█▄█▄█ ▀▄▀█████▀█ ▄  ▀▄▄▄   █ ▄▀▀▀█ ▄▄ ▄███ ▀▄██ ▄ ▀ █
█ █ ▄▄▄▄▀█▀ ▄█ ▀▀  ██ ▄▄ ▄▄█▄█  █ █▀▄▀▀▄█ █ █▀█ ▀▀▀█ █ ▄  █
██▄▄█▀▀▄█▄█ ▄▀▄ ▀▄█▄▀▀█▄▄▄▄▀███▀██ ██  ▀█▀█▄▀█ ▄▄▄ ▀ ██▄▀██
█▀▄█   ▄▄█▄▀  ▄███ ▄ ▄ ▀▄█ █ ▄▀▀▄▀▀▄▄█ █▀▄████▀▀ ▄█▀▄▀▀ ▄██
█▄█▄█▀ ▄▀ ▄ ▀█  ▀  ▀█▄ ██▄█▄▄▄▀▄▀▄█▀▄▀▀▄▄▀ ▄  ▀  ▄█▄▄▀▀▄█▄█
█▄▄▀▄ █▄ ██▀▀▀▀▀███▀▄█▄█▀█▄ █ ▄█▀▄█▄▄▀  █▀▀█▀▀ ▀▄▄▀▀▄ ██ ▀█
█▄ ▄▄▀▄▄▀▀ █ ▀ ██ ▄▀██ ▄▀█▀ ▄ █ ▀█▀█▄█▀█▄ ▀ ██▀▄▄ ▄█ ▄██▀▀█
█▄█▀▀█▀▄█▄▀▀▀██▀▀▄   ▄    █▀▀▄▀▄▀▄ ▄ ▄▄█▀█ █▀▄▄▄▀▄▀▀▀▄ ▄█▄█
█ ▀▀█ █▄▀█▄▀▀ ▀  ▄ ▄█ ███▄███▀▄█▄▄  ▄ ▀▀▀▀▄█ ▀▀▄██▄ ▄█▀█▄▄█
█ █▄▀ ▄▄▄ █ ▀▀    ▄▄▀▀█▄█▀▄ ▄▄▄ ▀ █▄▄▄   ▀▄ ▀ ███ ▄▄▄ ▀▀▀██
█ ▄ █ █▄█  ▄ ▀    █▄█▄▀▀ ▄▀ █▄█   ▀▀▀▀██▄▀▀▄▀▄ ▀  █▄█ ▄█▄▄█
█ ▀ █▄▄▄▄ ▀▀▄██ ▄   ██▀▀    ▄ ▄▄▀ ▀ ▀▄█▄█▀▀█▀▄███▄▄▄▄▄██▄▀█
█ ▄▀▄  ▄▄ ▀ ▄█ █▄█ ▀▀▄▄▄▄ █▄█▄▀▀▀█ ▄▄▀▀█  █ ▄█▄█▀▄ ██▄▀▄███
██ ▄▀▄▄▄▄▀█▄ ▀ ▄▄  ███▄▄████ ▀ █▀▄█ ▄  ▀█▀▄ █▄  ▀▄▄▄██ ▄▄ █
█ ▀▄█▀ ▄ █▄█ ▄ ▀███ ▀███ ▄████▄▄▄▀ █ ▄█▀▀▀██▄▀█▄██ ██▄ ▀▄▄█
█▄█▄▀▀ ▄ ▀ █ ▄▄▄ ▄ ▀   █▄▀█  ▄▄█ ▄▀█▄ ▄▄ ▀▀ █▄▄▀ ▄▀█ ▄█ █▄█
█▀█▄▄  ▄▄█▀ ▄▄▀█▀  ▀ █ ▀█▄▀ ▀  ▄█▄▄▀▀█▄█▄▀▀▄▄▄  ▄▀▄▀▀ ▀▄█▄█
█▀█ ▄▄▀▄█▀ █▄ ▀  ██▄ ██ ██▀██▀▄ ▀▀▀█▀▄▄▄█▄▄ █▄▄▀▀▀▄▀█▄▄█▄██
█   ▄█ ▄▄ ▄ ▄▀▀ ▄█▀▀▀▄ █▀▀█▀▄▄ ▀▀██▄▄█ █  ▀ ▀▀▄▄██   █▀ ▄ █
█ ▀ ▀▀▄▄▀▄  ▄▀█ ▄▀▀█ ▀▀ ▄▄▄▀▄██▀  ▀█  ████▄▀█▀ ▀▀█  █▀▀█ ▄█
███████▄▄▀▀ █▀ █▀▄▄  ▀██▄▄▀ ▄▄▄  █ █ ▄█▀█▀▄█▄█▀▄▀ ▄▄▄ ▄████
█ ▄▄▄▄▄ ███▄▀▀█▄▄████▄ ▀▀ █ █▄█ ▀▀ ██ ▀  ▀█▄█▄█▄▀ █▄█  ▀▀██
█ █   █ █▀▄ █▀█ ▀█▀█ ▄██ ▀█     ▀▄ ▀▀▀▄█▄▀▄▄   ▀▄ ▄▄▄▄▄▄▀▄█
█ █▄▄▄█ █ ▀▄▀  █  ▀ ▄▀███▀█▀▀▀█▀█   ▄ ▀▀▄▄ ██▄ ▄▀▄▀ ▀█▄▄█▀█
█▄▄▄▄▄▄▄█▄██▄▄████▄█▄█▄▄█▄███████▄██▄█▄▄▄▄▄████▄█▄███▄█▄███

❌ Bot disconnected (408), reconnecting in 5s...
❌ Bot disconnected (408), reconnecting in 5s...
Scan this QR code:
▄▄▄▄▄▄▄▄▄▄▄▄▄▄▄▄▄▄▄▄▄▄▄▄▄▄▄▄▄▄▄▄▄▄▄▄▄▄▄▄▄▄▄▄▄▄▄▄▄▄▄▄▄▄▄▄▄▄▄
█ ▄▄▄▄▄ █▄▀▄ ▄█▄▀▀▀▄▄▀▀█▄▄ ▀▀▀▄ ▄▄█▀▀ ▀█▄▀  █  ▄ ██ ▄▄▄▄▄ █
█ █   █ █ █▀█▀ ████ ████ ▀ █ █▄▀ █▄▀▀ ▄▀██▀█▀█▀▄ ██ █   █ █
█ █▄▄▄█ █▄▀██▀▄█▀▀▄  ▀▄  █▀ ▄▄▄ ██▀█▀█  ▄  ▀ ▄▄▀▄██ █▄▄▄█ █
█▄▄▄▄▄▄▄█▄█▄▀ █ █▄█▄▀▄▀ ▀▄█ █▄█ ▀ ▀ █ █ ▀ █▄▀▄▀▄█ █▄▄▄▄▄▄▄█
█ ▄  ██▄▀ ▄   ▀█████▀█ ▄  ▀ ▄▄   █ ▄▀▀▀█ ▄▄ ▄███ ▀ ██▄▄ ▀ █
█ █ ▄██▄█▀▄██▄ ▀▀  ██ ▄▄ ▄▄█▄▀  █ █▀▄▀▀ █ █▄█▀█▄█▄ ▄█  ▄  █
██▄▀▄▀▀▄████▄▀▄ ▀▄█▄▀▀█▄▄▄█ ▀██▀██▀██ ▄ █▀█▄▀█ ▄█▄ ▀▀██▄▀██
█ ██▀  ▄▄▄▄▀  ▄███ █ ▄▄▄▄█ █▀▄▀▀▄▀▄  █▄ ▀   ▀█ █ ▄█▀▄▀  ▄██
█▄▄██▀ ▄▀ ▄ ▀█  ▀  ▀██▄█▀██▄▄▄ ▄▀▄▄ █▀ ▄ ▀ ▄ ▄   ▄█▄▄▀ ██ █
█ ██▀ ▀▄ ██▀▀▀▀▀█▀█▀  ▄█ ▀▄ █ ▄▄▀ █▄▀▀   ▀▀█▀▄▀ ▄▄▀█▄ █████
█▀▄▄▄ ▄▄▀▀ █▄█ ██ ▄▀██ ▄▀█▀ ▄ █ ▀█▀█▄█▀█ ▄▀ █▀▀▄▄  █ ▄██▀ █
█▄█▀▀█▀▄▀▄█ █▀▄▀▀▄   ▄    █▀▀▄▀▄ █ ▄ ▄▄█ █ █▀▄▄▄▀▄▀▀█▄ ▄█▄█
█ ▀▀█▀▄▄▄█  █▄   ▄ ▄█ ███▄▀▀█▀▄█▄▄  ▄ ▀▀▀▀▄█ ▀▀▄██▀ ██▀█▄▄█
█ █▄▀ ▄▄▄ ▄  ███  ▄▄▀▀█▄█▀▄ ▄▄▄ ▀ ▀ ▄▄   ▀▄ ▀ ▀██ ▄▄▄ ▀▀▀██
█ ▄█  █▄█ ▀▀ ▀▄▀  █▄█▄▀▀ ▄█ █▄█   ▀ ▀▀▄█▄▀ █▀▄ ▀█ █▄█ ▀▀▄▄█
█ █▄   ▄▄ ▀▀▄██ ▄ █ ███▄  ▀ ▄ ▄▄▀   █▄▄ ▀█▀ █▄ ▄█   ▄ ▄█▄▀█
█▄▀█▀  ▄  ▀ ▄█ █▄▄▄█▀██ ▀▀█▄██▀▀▀█ ▄ █▄█ ▄█▀███▄█▀ ███▀▄█▀█
█▀  ▀▄▄▄█▀█▄ ▀ ▄ ▀ ██▀▄▄▀███   █▀▄█ ▄▄ ▀▀▄█ ██   ▄▄▄█  ▄▄ █
███▄█▀ ▄ █▄█▀█ ▀███ ▀███ ▄████▀  █ █ ▄█▀████▄██▄██ ██▄ ▀▄▄█
█▄█▄▀▀ ▄ ▀▄▀     ▄ ▀   █▄▀█  ▄ █▀█▀██ ▄▄▀ ▀ █▄▄▀ ▄▀█ ▄█ █▄█
█▀█▄▄ ▀▄▄█      ▀  ▀ █ ▀█▄▀ ▀  ▄█▄▄▀▀█▄█▄▀▀▄▄▄  ▄▀▄█▀ ▀▄█▄█
█▀█ ▄▀▀▄█▀▄ ▀▄▀█ ██▄ ██ ██▀██▀▄ ▀▀▀█▀▄▄▄█▄▄ █▄ ▀▀ ▄▀█▄██▄██
█  ▄█▀▀▄▀▀▄ ▄▀▀█▄█▀▀▀▄ █▀▀██▄▄ ▀▀██▄▄█▀█    ▀▀ ▄██▄▀▄███▄ █
█ ▀ ▀▀▄▄ █  ▄▀█ ▄▀▄▀ ▀█ ▄▄▄█▄██▀   █▄  █▀█▀▄▀█  █  ▄ ▀ ▄ ▄█
███████▄▄ ▀ █▀ █ █  ▀▀███▄▀ ▄▄▄  █ ██ ▄ ██▄█ ▀▀▄█ ▄▄▄ █▄█▀█
█ ▄▄▄▄▄ ███▄▀▀█▄ ███   ▀▀▀█ █▄█ █▀ █ ▄  ▄██▄█▀██▀ █▄█  ▀▀██
█ █   █ █▀▄  ▄█ ▀█▀█ ▄██ ▀█  ▄     ▀▀█▄█ ▀▄▄▄  ▀▄ ▄▄ ▄▄▄▀██
█ █▄▄▄█ █ █▄▄▄    ▀ ▄▀███▀█▀███▀█   █ ▀▀▄█ █▄█ ▄▀▄▀ ▀█▄▄█▀█
█▄▄▄▄▄▄▄█▄█▄▄█████▄█▄█▄▄█▄███████▄██▄█▄▄▄▄▄████▄█▄█████▄███

Scan this QR code:
▄▄▄▄▄▄▄▄▄▄▄▄▄▄▄▄▄▄▄▄▄▄▄▄▄▄▄▄▄▄▄▄▄▄▄▄▄▄▄▄▄▄▄▄▄▄▄▄▄▄▄▄▄▄▄▄▄▄▄
█ ▄▄▄▄▄ █▀ █▀ ▀▀▀▀▄  ▀ ▄▄▄▄█▄▄▄▄ ▀▀▀█▄▄█▄▄  ▄▄▄▄ ██ ▄▄▄▄▄ █
█ █   █ █▀  ▀▄ █▄▄▀ █▄▄▄  ▀█▄█ ▄▄▄█ ▀▀█▀▄▄▄ █▄ ▄ ██ █   █ █
█ █▄▄▄█ █▀▀██ █▀▄█▄█▄ ▄█▀ █ ▄▄▄  █▀██▀▄▀  ▄▄  ▀▀▄██ █▄▄▄█ █
█▄▄▄▄▄▄▄█▄▀ ▀ ▀ ▀▄▀ ▀ ▀ █ █ █▄█ ▀▄█ ▀▄█ █ █▄▀ ▀ ▀▄█▄▄▄▄▄▄▄█
█  ▄  ▀▄▄▄█▀█▀ ▀ ▄▀▄ █▀▀▄▀ ▄    ▀█▀█▀  █▀█   █▄▄▀▀ █ ▀▄▀▄▀█
█  ▀██▀▄  ██▀▀▄ ▄ ▀ ▀▀▀ █  █ ▄ █▀▀▄██▀▀▄▀▀ █▀▀ ▀▀ ██▄█▀▀ ██
█▀▀▄█▄▀▄   ▀  ▄▄▄█▀ ▄▄▀▄  ▀ ▀▀▀██▀▄▄  ▀▄▀█▄▀█▀▄█ ▀▀▄▀█▀▄███
█▀█ ▄▄▄▄ ▄ ▄▄▀▀█ ▄█▄▀█▀▄▄ ▀█▀█▀ ██ █▄█▀▀▄  ▀▀▀▀▀█▀▀█▀█▀  ██
█▄██   ▄   ▄█▄▄███  █▄▀▀▀ █▀▀ ▄ ▄▀▀▄▄ ▀▄██▀▀▄█▄█ ▀███▀▀▀█▄█
█ ▀    ▄██▀▀▀▄▀█ ▀ ▄▀▀▄▀▀▀ ▄▀  █▀ ▀ ▀▀  ██▄▄█ ▄▀▀ ▄ ▄▀▀▀▄██
█ ▄ ▀▀ ▄ ▀▀█▄▄▀█▄▀▄▄▄█▀█▀▄▀ ▀▀▀ ▄▀▄█  ▀█▀█▀ █▀▄█▄▀█▄▄▀█ ▀▀█
██▄██ █▄▀ ▄▀ ▄█▄▄ ▄ ▄█  ▀█▀ █▀█▄▄█▄ █▀█ █▄█▀█▄▄▀▄▀▄▄▄█▀▀▀██
██ ▄  █▄▄ ▄▀█▄ ▄▄█  █▄██  ██▀▀█▀▄ ▄ ▄▄▀▄▀██▀▄█▄█▀▀ ▄███ ▄▄█
██ ▀▀ ▄▄▄  ▄▀  ▀█▄▄█ ▀▄█  ▀ ▄▄▄   ▄█▄▀█▄▀▀▄▀▄█  █ ▄▄▄ █  ▀█
█▀▄▄  █▄█ ▀ ▄▄ ▀▀▄▄▀ █▄█▀ ▀ █▄█ ▄█▄▄  ▄▄██ ▀ ▀███ █▄█  █▄ █
█▀▀▀   ▄▄ ▄█  █▀▀▄███▄█  ▀█▄▄▄▄▄█▄▄ ▀█ ▄ ▄▀ ▀█   ▄       ▀█
█ ▄█ ██▄▀▀▄▀█▄ █▄█  ▀██▀ ▀▄▀▄▄▀  █▀█▀  ███▀▀ ▀▄▄▀ ▀ ▄▄ ▀▀ █
█▄█ ██▄▄▀  ▄▄ ▄ ▀█▀ ▄ ██▀▀▄▄▀▄▀ █▀▄▄▄▀  ▀▀▀▄████ ▄ █ ▄   ██
█▀▄ █▀▄▄  ▄▄██▄ ▀█▄▄▀▀▀█▄ █▄▀█ ▄ ▀██ ▄ ▄▀▀▀ ▄██▄▀█ ███▀▄█▀█
██▀█▀█▀▄▄▀▀ ▄█▀▄▀█▀▄▀  ▀▄ █ ▀█▄ ▀█ ██▀▄█▄▀█▀ █▄▄▀▄▄▀ ▀▀▀▄▄█
█▄▄▄▄ ▀▄█  ▀▄▄ ▄▀▄  ▄▄▀▀▀▀█▀█▄ ▄▀█▀█▄ ▀▄▄█▀ ▄█ ██▄ █▄▄▄▄█▀█
█ ▀▄██ ▄█▀ ▄██▀███▀ ▄ ▀ ▀ █▀ ▀  ███▀▀▀ ▄▄█▄█ ▀ ▄▀▀▄█▄██ ▀██
█ ▄ ▄ ▄▄███▄▄ ▄ ██▀ ▄▄▀▄  █ ██ █ █▀▄▄▄▄████▀▀██▄▀█▀█▄█▄▀█▀█
█ ▀ ▀▀▄▄█ ▀█ ▄█▀ ▀▀▀█▄▄▀███▄ ▀▀▄▀ █ ▄▄▄▄▄▄ ██ █▄▀█▄▀▀▄▄▀ ▀█
███████▄▄ ▀ ▀▀ ▀▀▄  ▀▄▀▀  ▄ ▄▄▄  ▀▄█  ▀▄██▄  ████ ▄▄▄ ▄██▄█
█ ▄▄▄▄▄ █▄▄ ▄██ ▀█ ▀▀▀██▄██ █▄█ ▀▀▀▄▄██ ▄█▄▀█▀▀█  █▄█ ▀▀ ▀█
█ █   █ █ █▀▀██ ▄▀▀▄▄██▀▀▄     ▄▄██▄▄ ▄███  ▄▀███  ▄ ▄█ ███
█ █▄▄▄█ █ ▄▀▀█▄█▄ ▀▄▄█ ▄▀██ ▀▀▀█▄██▀   ▄▄▀▄▀▀▀  ▄  ▄▀▀  ███
█▄▄▄▄▄▄▄█▄▄███████▄▄█▄██▄▄▄█▄██▄▄▄▄▄▄▄█▄▄██▄███▄▄▄▄█▄█▄█▄██

❌ Bot disconnected (408), reconnecting in 5s...
❌ Bot disconnected (408), reconnecting in 5s...
❌ Bot disconnected (408), reconnecting in 5s...
❌ Bot disconnected (408), reconnecting in 5s...
Scan this QR code:
▄▄▄▄▄▄▄▄▄▄▄▄▄▄▄▄▄▄▄▄▄▄▄▄▄▄▄▄▄▄▄▄▄▄▄▄▄▄▄▄▄▄▄▄▄▄▄▄▄▄▄▄▄▄▄▄▄▄▄
█ ▄▄▄▄▄ █  ▄▄  █ ██▀█▄ ▄  █  ▀ ▄▀█ ▀▀ ▀▄▄▄   ▄▀▄ ██ ▄▄▄▄▄ █
█ █   █ █ ▄█▄▀▀██  ▄█▄▄▀▄▄▀█▀▀▀█▀▄██▄▄█▀ ▀▄▀▀█ ▄ ██ █   █ █
█ █▄▄▄█ █▀▀▀▀▀█▀▀███▀█▄▄▀   ▄▄▄ ▀ ▀▀██▀▄█▀▀▄▄▄▄▀▄██ █▄▄▄█ █
█▄▄▄▄▄▄▄█▄█ ▀ █▄▀ █▄▀ █▄▀▄█ █▄█ ▀▄█▄█ █▄█▄█▄▀ █ █ █▄▄▄▄▄▄▄█
█  ██▄ ▄▀█ ▄▄ █ ▀▄█▄█ ▄█ ▀▀▄ ▄  ▄ ▄█▀ █ ▄█▄▀  ▀▄▀ █▀ ▀▄ ▄▄█
█ ▀▀▀█ ▄███▀▄▀▄ ▄▀▄█▀▀▀█▄▄▄█▀ ▄ ▀▀ ▄ ▀█▀ ▀█ ▀ ▄▀▀███▄█▄▄▄▀█
█▀▀█▀▀█▄▄▄▀█ █▀▀ ▄▀ ▄ ▄▄  ▀▀ ▀▀█ ▄▀▄▀▄█▀▄▀▀ ▄▄ █▄▀█ ▄▀█▄▄▄█
████▄▄█▄█████▄██▄▀ ▄▀▄ █▀▀▀█ ▀▄██▀▄ █▀▀ ▄▄▀█▄██▄▄▀▄▀▄▄█▄███
█▀ ▀ █▀▄ ▄▄▄  ▀▄ ▄▄ ▄▀▄█▄▀▄ ▄  ▀  ▄▄▀ ▄▀▀█▀▀█▄▄▄▀▀▄ ▄█▀▀  █
█  ▀█▀▄▄ ▀▀▄  ▀█▀█▄ ▄█  ██▄▄▀███▀ ▀▀█▄▀█▄▄▀▄▄███████ █▄▄▄▀█
█▀▀▀ █ ▄█▄▄▄▀▀▄ ▀▀▄ ▀ ▄█▀▄██ ▀█▀▀▄█▄▄▄█ ▄█▀▀█▄██▄▀▄ ▄██▄█▄█
█▄▀ ▄▀█▄▀▀ ▄ ▄▀ ▄█▄ ▄██▀▄ ▀ ▄██▄█▄████ ▄▄█▄█▄█▀██▄   ▀▄▄▀██
█▄▄ ▄▀▄▄██▀█ █▄█▀▄▄  ▀▄█▀   ▄▀ ▀▀█▀  ▄▄  ▀ ▀█  ▄▀▀▄▀▄██▀▀██
█▄▄▄  ▄▄▄ █ ▀▀▀█▀▄▀  ▀▄  █▀ ▄▄▄   ▄ ▀ ▀▄▀██▄   █▀ ▄▄▄  █ ██
███ █ █▄█ ▀▄▀▄ ▄ ▄▄▀▄ ▀█▀▀▄ █▄█ ▀▄▀▄ ▄█ ▄█▀   ▀██ █▄█  ▀█ █
███▄▄▄▄▄▄ █▄█▄█▄ █▄██▀▀█▀▀   ▄▄▄▀▄▄▄ ▀███▄ ▀█▄▀       ██▄██
█▀▀▀▀▀ ▄  █▀▄▄▄ ▀▄▄ ▄▀▀▀  ▀▀▀▄▀ █ ▄█ ▄█▀██  █▄▀▄█▀▄ ▀█ ▄█▄█
█▄▀▀▄█ ▄▀▀ █▄▀▄█▄▀▄█ █▀█▄▄▀▄▄▀▄██▀ ▀▀▄█▀ █ ▀ ▄▄ ▄▄ █▀ ▄▄▄██
█▄██▄▀▄▄█▄██ ▄█ ▄█▀▄▄▄▄█▄  ▄▄█ ▄█▄▀█▄▄   █▀▀█▄▄▄▀▀█▄▄▄▄█ ██
█ ▄▄ ██▄▀▀▄ ▀▄ ▄▀ ██▀ ▀▀▀█▄ ▀ ██ █ ▀▀██▄ ▄▄▄█████  █▀  ▄▄▄█
█▄▄ ▄▄▀▄█▀  ▀ ▀ ▀▄▀▄▀▀ █▄▀ ▄▀▄▀▀▄ ▄█  █▀▄█ ▀█  ▄█▄ ▄▀▄ ▀▄ █
█ █▄ █▄▄██▄▀████▄ ▄█ ▀▀█▄▄█▀▀▄█▀▀██▄ █▄ ▀▀███  ▄▄▄▀▀▀▀ █▄▀█
█▀▄██ ▄▄▄▄█ ▄ ▄▀ ▄▀ █▀▄▄▀ ▀  █  █ ▄█▄▄█▀▄▀ ▀█▄▀██▄█ ▄▄ ▀ ██
█ ▀ ▀▀▄▄ ██▀ ▀▀▀▀ ▀▀▄  ▄ ▄▀▄▀▄▀▀▄▀██  ▀█   ▄█ █ █▀▄▀███▄▄██
███████▄▄   ▀██▄▄▄▄ ▄ ▄▀▄▀▄ ▄▄▄ █▄▀█▀ ▄ ▄▀   ▄ ██ ▄▄▄ ▀▀ ▄█
█ ▄▄▄▄▄ █▀▄ ▄█▄▄██ ▀▄▀▀█  ▄ █▄█ ▄▀▀▀▄▀▀ ▀▀   ▀█   █▄█ ██▄██
█ █   █ █▄▄▄ █▄▄▀▀  ▀ █▀▀▄▄▄   ▄▀  █ ▄█▀▄▀█▀▀▄ █▄▄▄ ▄ █▀▀ █
█ █▄▄▄█ █▀█ ▄█▄▄▄█ ▀▄█▀ ▄ ██  ▄ ▄█▄██ ▀█  ▀▄█ ▄▀ █▀▄▀▄█████
█▄▄▄▄▄▄▄█▄████▄██▄▄▄▄▄▄████▄███▄███▄▄▄▄█▄█▄▄█▄█████▄▄████▄█

Scan this QR code:
▄▄▄▄▄▄▄▄▄▄▄▄▄▄▄▄▄▄▄▄▄▄▄▄▄▄▄▄▄▄▄▄▄▄▄▄▄▄▄▄▄▄▄▄▄▄▄▄▄▄▄▄▄▄▄▄▄▄▄
█ ▄▄▄▄▄ █▀ █▀  ▀██▄ ▄█ ▄  ▄█▄▄▄▄ ▀▀▀▀█ ██▄▀▄▄▀▄▄ ██ ▄▄▄▄▄ █
█ █   █ █▀  ▀▄ █▄█▀ █▄▄▄ ▀▀█▄█ ▄▀▄█ ▀ █▀█▄▄ ▄▄ ▄ ██ █   █ █
█ █▄▄▄█ █▀▀██▀█▀▄█▄█▄ ▄█▀ █ ▄▄▄ █▀▀█▀▄▄▀  ▄▄  ▀▀▄██ █▄▄▄█ █
█▄▄▄▄▄▄▄█▄▀▄█▄▀ ▀▄▀ ▀ ▀ █ █ █▄█ ▀▄█ ▀▄█ █ █▄▀ ▀ ▀▄█▄▄▄▄▄▄▄█
█  ▄ ▄▀▄▄      ▀ ▄▀▄ █▀▀▄▀ ▄    ▀█▀█▀  █▀█   █▄▄▀▀ █▄▀▄▀▄▀█
█  ▀██▀▄ ▀ ▀ ▄▄ ▄ ▀ ▀▀▀ █ ▀█▄  █▀▀▄██▀█▄▀▀ ▀▀▀▄█▄ ██ ▀▀▀ ██
█▀▀▀█▄▀▄███▄  ▄▄▄█▀ ▄▄▀▄  ▀▀▀█▀██▀▄▄   █▀█▀ █▀▄▄▄▀▀▄▀▀█▄███
██▀▀ ▄▄▄ █ ▄▄▀▀█ ▄▀ ▀█▄█▄ ▀█▀█▀ ██  ▄▀█ ▄▄█▄█▀▄▀█▄▀█ ▄▀▀ ██
███▄   ▄   ▄█▄▄█▄█▀▄ █▀▀▀ █▀▀ ▀ ▄▀▀▄▄▄ █▀▀▀  █▄█ ▀███▀▀▀█▄█
█▀▀█▀ ▄▄██▀▀▀▄▀█▄▄ ▄▄█▄▀█  ▄▀ ▀▄█▄▀ █▀ ▀ ▄█▄█ █▀▀ ▄ ▄▀▀▀▄██
█▄▄ ▀ ▄▄ ▀▀█▄ ▀█▄▀▄▄▄█▀█▀▄▀ ▀▀▀  █▄█▄▄▀██▀▀ ▀▀▄█▄▀▀█▄▀█ ▀ █
██▄██▄█▄▀▄█ ▄███▄ ▄ ▄█  ▀█▀ █▀█▄▄▄▄ █▀█ ▄▄█▀▄█▄▀▄▀▀▀▄▀▀▀▀██
██ ▄ █ ▄█ ▀█ ▄▀█▄█  █▄██  █▀▀▀█▀▄ ▄ ▄▄▀▄▀██▀▄█▄█▀ ▀▄▄▀█ ▄▄█
██ ▀▀ ▄▄▄ ▄▄▀ ▀▄█▄▄█ ▀▄█  ▄ ▄▄▄   ▄█▄▀▀▄▀▀▄▀▄█  ▀ ▄▄▄ ▀  ▀█
█▀▄▄▀ █▄█   ▄▄▀█▀▄▄▀ █▄█▀ ▀ █▄█ ▄█▄█  ▀███   ▀███ █▄█ ▄▄▄ █
█ ▄▀▀▄ ▄  ▄█  █▀▀▄▀ █▄▀▄ ▀█▄▄▄▄▄█▄▄▀██ █ ▄▄█▀▀▀▀▀▄▄ ▄▄   ▀█
██ █▀██▄▄▀▄▀█▄ ██▄▀▄▀▄█▀  ▄▀▀▄▀  █▀█ ▄ ▄▀▀   ▀▄█▀█▀ ▄█▀ ▀ █
█   ▄█▄▄ ▄ ▄▄ ▄ █▄▀  ███▄▀▄▄ █▀ █▀▄▄█ ▀▀▀  █▀▄▄▄▀▄ █▀▄   ▀█
██▄ █▀▄▄  ▄▄█▄▄ ▀█▄▄▀▀▀█▄ █▄▀█▄  ███▄  ▄ █▀  ██▄▀█ ███▀▄█▀█
██▀█▀█▀▄▄▀▀▄▄▀ ▄▀█▀▄▀  ▀▄ █ ▀█▀▄▀█ ██▀▄██ █▀▀▄▄▄▀▄▄▀ ▀▀▀▄▄█
█▄▄▄▄▄▄▄█ ▄█ █  ▀▄  ▄▄▀▀▀▀█▀█▄ ▄▀█▀█▄ ▀▄▄█▀ ▄█ ██▄ ▀▄▄▄▄█▀█
█ ▀▄█ ▄▄█▀ █▄▀▀▀██▀ ▄ ▀ ▀ █▀ ▀  ███▀▀▀▄▄▄█ ▀ ▀  █▄▀▀▄█▀▀▀██
█ ▄▄█ █▄█▄  ▄ ▄▀██▀ ▄▄▀▄  █ ██ █ █▄▄▄▄▀███▀▀▀█ ▄▀▄▀ ▄▄▀ █▀█
█ ▀ ▀▀▄▄▀▀▀█ ▄█▀ ▀  █▄▄▀██▄▄ ▀▀▄▀ ▄ ▄▄    █▀█ ▄ ▀█▄▀▄ ▀  ▀█
███████▄▄ ▀ ▀▀ ▀▄█ ▄ ▄▄▀▀▀▄ ▄▄▄  ▀▄█▄▄ ██▀▀ ▀▀▄▄▀ ▄▄▄ ██▀ █
█ ▄▄▄▄▄ █▄▄ ▄██    ▀▀▄██▀██ █▄█ ██▀▄▄ ▄  ██ ▀▄ ██ █▄█ ▀▀▄▀█
█ █   █ █ █▀ ▀█ ▄▀▀▄▄██▀▀▄  ▄▄ ▄▄▀█▄▄ ▄██▀   ▀███  ▄▄▄█ █▄█
█ █▄▄▄█ █ ▀ ▀ █ ▄ ▀▄▄█ ▄▀██ ▀█▀█▄▄█▀▀  ▄▄▀▄▀    ▄  ▄▀▀  ███
█▄▄▄▄▄▄▄█▄▄█▄▄████▄▄█▄██▄▄▄█▄██▄▄▄▄▄▄▄█▄▄██▄███▄▄▄▄██▄▄█▄██

❌ Bot disconnected (408), reconnecting in 5s...
❌ Bot disconnected (408), reconnecting in 5s...
❌ Bot disconnected (408), reconnecting in 5s...
❌ Bot disconnected (408), reconnecting in 5s...
❌ Bot disconnected (408), reconnecting in 5s...
❌ Bot disconnected (408), reconnecting in 5s...
Scan this QR code:
▄▄▄▄▄▄▄▄▄▄▄▄▄▄▄▄▄▄▄▄▄▄▄▄▄▄▄▄▄▄▄▄▄▄▄▄▄▄▄▄▄▄▄▄▄▄▄▄▄▄▄▄▄▄▄▄▄▄▄
█ ▄▄▄▄▄ █▀█▄▄ ▄▀█▀█  ▀██▄▄ ██▀ ▄▄ ▄▀  ▄█▀▀▄▄▀ ▄▄ ██ ▄▄▄▄▄ █
█ █   █ █▀▄ █ ▀██▄█▀▄█▄▄▀▀▀█▀▄▄ ▄▄█ ▀ █▀██▀▄▀▄ ▄ ██ █   █ █
█ █▄▄▄█ █▀▄▀▄▀ ▄▄███▄ ▀▄▀ █ ▄▄▄ ▀▄▄▀██▄▀  ▀▄▀▄▀▀▄██ █▄▄▄█ █
█▄▄▄▄▄▄▄█▄▀▄▀ █▄▀▄▀ ▀ █ █ █ █▄█ ▀▄█ ▀▄█▄█ ▀ ▀ █▄▀▄█▄▄▄▄▄▄▄█
█ ▄   ▀▄▄▄█▀▀█ █▄▄█▄ █▀█ ▀ ▄▄▄  ▀█▀█▀  █▀█▄▀██▄▄▀▀ █ █▄▀ ▀█
██▀▀▀ ▄▄▀▄█▄█ ▄ ▄▄▀ ▀▀▀ ▀▀ ▄█▀▀█▀▀ ▀█▄▀█ ▄▄█▀ ▄ ▄ ▄██▀▀▀▄▀█
█▀▄ █▀█▄▀▄   █▄▄█▄▀ ▀█▀▄  ▄▄▄▀▀██▀█▄▀▄ █▀▀▀ ▀▀▄█▀  █▀▀█ ▀▀█
█▄▄█ ▀ ▄█▄█  ▀██▄▄█▀▀▄▄█▄▄▀█ █▀ █▀██ ▄ ▄ ▀  ▄█ ▄▄█▄▀▄  ▀███
█▄▄ ▀█▀▄█▀▀▄  ▄▀ ▄▀▄ █▄▀▀▀▀█▀  ▀██ █▀▄▀▄██▀▀▄▀█▄▀▀▀█▀█▀ ▀▀█
█ ███▄▀▄ ▀▀▀██▀█▀ ▀█▄█ █▄▄▄▄▀ ▀ ▀ ▀▄▀ ▀███▄ ▄██   ▀█  ▀▀ ▀█
█▄ ▄█ ▄▄ ▀▀▄█ ▀█▄▀▄ ▄█▀█▀▄  █▀█▀▄▀ ▄ ▄ ██▀▀▀ ▀ █▄▀▀█▀██▄  █
█▀▀ ▄▀█▄▀▀▄▀  ▄▀▄ ▀█▄██▄▀█▀ ▄  ▀▄▄█  ▀ ▄█ ▀ ██▀  ▀▀█ ▄▀▀▀██
█▄▀█▀ ▄▄ ▀█  █▄ ▄▄▄ █▄▀█▀ ██▀▀ ▀▄ ▄  ▄▀██▀ ▀ ██▄▀▀▀▄█▀█▀▄ █
█▀▄▄  ▄▄▄  ▀█▀▄ ▀▀▄█ ▀▄██ █ ▄▄▄    ▀▄█▀▄▀  ▀   ▄▄ ▄▄▄ ▀  ██
██ █▄ █▄█ ▀▄▀▄ ██▄▄▀▀█▄█▀▀▀ █▄█ ▄▀██ ▄██▀█  ███▄  █▄█ ▀█ ██
█ ▀▀ ▄ ▄ ▄█▀ ▀█▄  █▀█▀▀█▄▄ ▄    ▀▄█ ▀   █▀▄▀█  ▀▀ ▄▄ ▄ ▀▄██
█▀▄██▀ ▄█▀ ▀▄▄▀█▄█   █▀█▀ ▄▄▀▄▀  █▀█▄ ▀███  ▄█▄▄██▀█▄█▀▄▄▀█
█▀▄ █ █▄█▄  ▀▄▄█▄▄▀ ██▀ █ ▀▄▀▀▀ █▀ ▄█▄▄▀ ▀▄▄ ▀▄█▀▀ ██▄▀▀▀██
███ ▀▀▄▄ ▀ ███ █▀█▀▄▀▀▀█▄ █▀▀█▀▀▄█▄█▄ ████▀▀▄▀▀▄▀▀ ▀▀▄▄█▄▀█
██▄▄   ▄▀▀▄ ▄ ▄ ▀█  ▀ ▀▄▄ ▄ ▀█▄ ▀▄ ▄▄ █▄ ▀▀▀███  █ █▀██▀▄▄█
█▄▀█▀▀▀▄ ▄  ██▄▀▄▄▀▄▄▄██▄▀█▀▄▄▀▀▀█▀█   ▄▀█ ▀ ██▄█▄▀▀▄▄ ▀▀██
███▄  ▀▄██▀▄▄ █▀▄█▀  ▀▀ ▀▀█▀▀▀ ▄▀█▀▀█ ▄▄▀▄  █  ▀▀▄ █▀▄▀▀▄▀█
█▀▀▀ █ ▄█  █▄ ▄▀█▄▀  ▄▀▄▀ ▄ ██   █▄█▄▄▀▄▀▀▀  ▀▀▄█▀▀▀█▄▄ █ █
█ ▀ ▀▀▄▄▄██▄█▄▀▀▀█▄▄▄  ▀█▀▀ ▀▀▄▄▄▀▄ ▀▀▀▄▄▀▀ ▀▄▀ ██ █ ▀  ▄██
███████▄█▀█ ▀█ ▀▄█▄  ██▀ ▀▀ ▄▄▄  ▀▄█ ▄ █▄▀▄ ▄▀▄██ ▄▄▄ ▀▀▀▀█
█ ▄▄▄▄▄ █▄▄█▀ ▄▄▀▄█▄▄▀▀ ██▄ █▄█ ▄█▀▄▀ ▀▀▄▀▄█▀ ▄█  █▄█   ███
█ █   █ █ ▀▄▀█▀▀▄▀  ▄█ ▀▀▄▀ ▄▄ ▄ ▀██ ▄ ▄▀▀█▀▀████▄ ▄ ▄█▀▄██
█ █▄▄▄█ █ ▀█▄▀██▄ █▄▄█▀█▀████▀▀█▄█▄ ▀▄▀█▀▄▄▀▄▀▄▄█ ▀▄██  ███
█▄▄▄▄▄▄▄█▄▄█▄███▄▄▄▄██████▄████▄▄▄▄▄▄▄█▄██▄▄▄█▄███▄█████▄██

Scan this QR code:
▄▄▄▄▄▄▄▄▄▄▄▄▄▄▄▄▄▄▄▄▄▄▄▄▄▄▄▄▄▄▄▄▄▄▄▄▄▄▄▄▄▄▄▄▄▄▄▄▄▄▄▄▄▄▄▄▄▄▄
█ ▄▄▄▄▄ █▀ █▀ ▀▀▀▀▄▀ █▀█  ▄█▄▄▄▄ ▀▀▀▀█ █▄█▄▄█▀▄▄ ██ ▄▄▄▄▄ █
█ █   █ █▀  █▄ █▄▄▀ ▄█▄▄▀▀▀█▄█ ▄▀▄█  ▀█▀ ▄▄ ▀█ ▄ ██ █   █ █
█ █▄▄▄█ █▀▀▀ ██▀▄█▄█▄ ▄█▀ █ ▄▄▄ █▀▀██▀▄▀▄█▄▄█▀▀▀▄██ █▄▄▄█ █
█▄▄▄▄▄▄▄█▄▀▄█▄▀ ▀▄▀ ▀ ▀ █ █ █▄█ ▀▄█ ▀▄█ █ █▄▀ ▀ ▀▄█▄▄▄▄▄▄▄█
█  ▄  █▄▄▄ ▀▀█ ▀ ▄▀▄ █▀▀▄▀▄▄    ▀█▀█▀  █▀█   █▄▄▀  █▄█▄▀▄▀█
█  ▀█▄ ▄██ ██ ▄ ▄ ▀ ▀▀▀ █  █▄▄ █▀▀ ██▀▀ ▀▀ ▀▀▀ ▀  ██  ▀▀ ██
█▀▀█▄▄▀▄▀█▄   ▄▄▄█▀ ▄▄▀▄  ▀ ▀▀▀██▀█▄   ▄▀█▀▀█▀▄▄  ▀▄▀▀▀ ███
██▀█▄▄▄▄▀▄ ▄▄▀▀█ ▄▀▀▀███▄ ▀█ █▀▄██▀ ▄█▀▄▄  █▀▀ ▀▄█▀█▀█   ██
█▄ ▀▄  ▄   ▄█▄▄█▄▄ ▄▀██▀ ▀█▀▀   ▄▀▀▄   ▄██ ▀▀▀██ ▀███▀  ▀ █
█▀ ▄▀ ▄▄██▀▀▀▄▀█▀▄ ▄▄▄▄▀   ▄▀ ▀▄▀ ▀ ▀▀▀ ▀▀██▄▄█▀▀ ▄ ▄▀▀▀█▀█
█ █ ▀▀▄▄ ▀▀██ ▀█▄▀▄▄▄█▀█▀▄▀ ▀▀▀ ▀▀▄█  ▀█▀█▀  ▀▄█▄▀ █▄▀█ ▀▀█
██▄████▄█▄    ▀ ▄ ▄ ▄█  ▀█▀ █▀█▄▄█▄ ▄ █ ▄██▀██▄▀▄▀ ▀▄▀▀▀▀██
██ ▄ ▄█▄▄  █▄▀██▄█  █▄██  ▀▀▀▀█▀▄ ▄ ▄▄▀▄▀██▀▄█▄█▄▀▀▄▀██ ▄▄█
██ ▀▀ ▄▄▄ █  ▀▀██▄▄█ ▀▄█    ▄▄▄    █▄▀█▄▀▀▄▀▄█  ▀ ▄▄▄ ▀  ▀█
█▀▄▀▄ █▄█ ▀▄▄▄▄▄▀▄▄▀ █▄█▀ ▀ █▄█ ▄█▄█   ███▀  ▀▀▄▀ █▄█ ▄ ▄ █
██ █▀▄ ▄  ▄█  █▀▀▄█▄█▄ █ ▀▄▄▄▄▄▄█▄▄▀▀█▄▄▄▄ ▀██▀▄▀ ▄▄ ▄   ▀█
█▀█▄███▄  ▄▀█▄ █▀▄▄ ▀█▄▀ ▀▄▀▄▄▀  █▀█  ▀▄█▀▄ ▄▀▄██▄▀ █▄ ▀▀▄█
█▀▄█ █▄▄ █ ▄▄ ▄ █▄▀ █▀████▄▄▄█▀ ▀▀▄▄██▀▀██ █▄ ██▀▄ █ █   ▀█
█▄█ █▀▄▄  ▄▄ █▄ ▀█▄▄▀▀▀█▄ █▄▀█▄▄████▄▄ ▄▀▀▀  ▀█▄▀█ ███▀▄▄▀█
██▀█▀█▀▄▄▀█▀▄█▀█▀█▀▄▀  ▀▄ █ ▀█▀▄ █ ██ ▄█▄▀█▀ █▄▄▀▄▄▀ ▀▀▀▄▄█
█▄▄▄▄█▄▄█  ▀ ▀▄ ▀▄  ▄▄▀▀▀▀█▀█▄ ▄▀█▀█▄ ▀▄▄█▀ ▄█ ██▄█▄▄▄▄▄█▀█
█ ▀▄██▀▄█▀ █ █▀▀██▀ ▄ ▀ ▀ ▀▀ ▀  ██▀▀▀▀▄ ▄█ ▀ ▀  ▀▄▀▀▄█▀▀▀██
█ ▄▀██ ▄▄▀ ▀▄ ▀ ██▀ ▄▄▀▄  ▄███ █ ██▄▄▄▀▄██▀▀▀███▀█  █▄█▄█▀█
█ ▀ ▀▀▄▄▄▀▀█ ▄█▀ ▀▄▀█▄████▄▄ ▀▀▄▀ █ ▄ ▄█ ▄▀▀█▄ ▄█▄▄▀▄▄▀▀ ▀█
███████▄█▀▀ ▀▀ ▀▀▄▀▄ ▄█▀▀▀▄ ▄▄▄  ▀▄█ ▄▄▄▀▀▀  ▀███ ▄▄▄ ██▀ █
█ ▄▄▄▄▄ █▄▄ ▄██ ▄▄ ▀████▄ █ █▄█ ▀█▀▄▀▄▄ █▀▄▀▀▀▀█▄ █▄█ ▀▀█▀█
█ █   █ █ █▀█▄█ ▄▀▀▄▄██▀▀▄     ▄ ██▄▄ ▄█▀▀  ▀████  ▄▄ █ ▄██
█ █▄▄▄█ █ ▀  ▄▀█▄ ▀▄▄█ ▄▀██ ██▀████▀▀  ▄▄ ▄▀▀   ▄  ▄ ▀  ███
█▄▄▄▄▄▄▄█▄█▄█▄▄███▄▄█▄██▄▄▄█▄██▄▄▄▄▄▄▄█▄▄██▄███▄▄▄▄███▄█▄██

❌ Bot disconnected (408), reconnecting in 5s...
❌ Bot disconnected (408), reconnecting in 5s...
❌ Bot disconnected (408), reconnecting in 5s...
Scan this QR code:
▄▄▄▄▄▄▄▄▄▄▄▄▄▄▄▄▄▄▄▄▄▄▄▄▄▄▄▄▄▄▄▄▄▄▄▄▄▄▄▄▄▄▄▄▄▄▄▄▄▄▄▄▄▄▄▄▄▄▄
█ ▄▄▄▄▄ █▀█▄▄ █▀▀█▄▀████▄▄ ██▀ ▄▄ ██▀▀ ██ ▄▄▀█▄▄ ██ ▄▄▄▄▄ █
█ █   █ █▀▄ █ ▀█▄▄█▀██▄▄  ▀█▀▄▄ █▄█ ▄▀█▀▄█▀▄▄▄ ▄ ██ █   █ █
█ █▄▄▄█ █▀▄▀█▀ ▄▄███▄ ▀▄▀ █ ▄▄▄  █▄▀▄ ▄▀▀▀▀▄▀ ▀▀▄██ █▄▄▄█ █
█▄▄▄▄▄▄▄█▄█ ▀▄█▄▀▄▀ ▀ █ █ █ █▄█ ▀▄█ ▀▄█▄█ ▀ ▀ █▄▀▄█▄▄▄▄▄▄▄█
█ ▄   █▄▄▄█▀▄▄ █▄▄█▄ █▀█ ▀ ▄▄▄  ▀█▀█▀  █▀█▄▀██▄▄▀▀▄█ ▀▄▀ ▀█
██▀▀▀▀▄▄▄█▀▀  ▄ ▄▄▀ ▀▀▀ ▀▀▀█▀▀▀█▀▀ ▀█▄▀█ ▄▄▀▀   ▀▀█▄  ▀▀▄▀█
█▀▄▀█▀█▄█ ▄▄ █▄▄█▄▀ ▀█▀▄  ▄▄▀█▀██▀▄█▀▄██▀▀▀▀▀▀▄█▀▀ ██▀█▄▀▀█
█ █▀ ▀ ▄▄██  ▀██▄▄▄▄▀▄▄▀▄▄▀█▀▄▀▄█▀█▄▄▄▄  ▀▀█▄▀▄▀▄▀▄▀▄▀█ ███
█ ▄▄██▀▄█▀▀▄  ▄▀██▄ ▄▄█▀▄▀▀█▀  ▀██▀█ ▄▄█ ▀▀▀ █▄█▀▀▀█▀█▀▀█▀█
█▄█▄  █▄ ▀▀▀██▀██▀▀█ ▄ █▀▄▄▄▀ ▀▀▀▄▀▄██▀▄█▀█ ██▄   █▀  ▀▀ ██
█ █▄█ █▄ ▀▀▄██▀█▄▀▄ ▄█▀█▀▄  █▀█▀ ▀ ▄ ▄ ███▀▀ ▀ █▄▀▀▄▀██▄▀▀█
█▀▀ ▄▄ ▄█▀▄ ▀ ▀▀▄ ▀█▄██▄▀█▀ ▄  ▀█▄█    ▄▄ ▀ ▄▄▀  ▀▀▀▄ ▀▀▀██
█▄▀█▀▄▀▄█▀▄▄█▀▀█▄▄▄ █▄▀█▀ ██▀▀ ▀▄ ▄  ▄▀██▀ ▀ ██▄▄▀ ▄█▀█▀▄ █
█▀▄▄  ▄▄▄ █▀▄▄▀ ▀▀▄█ ▀▄██ ▀ ▄▄▄    ▀▄█▀▄▀  ▀  ▄ ▄ ▄▄▄ ▀  ██
██    █▄█  █▀▄▄██▄▄▀▀█▄█▀▀█ █▄█ ▄▀██ ▄▀▄▀█  ██ ▄█ █▄█ ▄█ ██
██ █▀▄ ▄ ▄█▀ ▀█▄  ███▀██▄▄      ▀▄▄▀█▄█ ▀█  █▄█ ▄▄▄▄▄▄ ▀▄██
█▄█▄▀▀ ▄█▄ ▀▄▄▀█▄▄▀▄ ▄▀▀▀ ▄▄▄█▀  █▀█   ▄▀▀   ▀▀▄██▀███▀▄ ▀█
█▀█▄▄ █▄▀▀  ▀▄▄█ ▄▀ ▄▄▀  ▀▀▄█ ▀ ██ ▄███ ▄ ▄██▀█▄▀▀ █▀█▀▀ ██
█▀  ▀▀▄▄ ▀ █▀  █▀█▀▄▀▀▀█▄ █▀▀█▀▀▄▀▄█▄▄██ ▀▀▀ █▀▄▀▀ ▀▀▄▄█▄▀█
██▄▄   ▄▀▀▀▀▀▀▄▄▀█  ▀ ▀▄▄ ▄ ▀█▀▄ ▄ ▄█ █▄  ▀▀▄██  █ █▀██▀▄▄█
█▄▀█▀█▀▄ ▄█▄██▄▀▄▄▀▄▄▄██▄▀█▀▄▄▀▀▀█▀█   ▄▀█ ▀ ██▄█▄█ ▄▄▄▀▀██
███▄  ▀▄███▄▄▄  ▄█▀  ▀▀ ▀▀█▀▀▀ ▄▀█▀██  ▄▀▄  █  ███▄█▀▄▀▀▄▀█
█▀▀ ██▀▄ █▄ ▄ █▀█▄▀  ▄▀▄▀ ▄███   ██▄▄▄▀█▀▀ ▀ ▀████▄▀▄▄ ██ █
█ ▀ ▀▀▄▄ ▄█▄█▄▀▀▀█ ▄▄ ▀██▀ ▀▀▀▄▄▄▀▄ █▀▀▄▄▀▀ ▀▄ ▄ █▄█▄█▄▀▄██
███████▄█ █ ▀█ ▀▀▄  ▀██▀▀▀▀ ▄▄▄  ▀▄█ ▄ ▄▀█  ▄██▄█ ▄▄▄  ▀▀▀█
█ ▄▄▄▄▄ █▄▄█▀ ▄▄███▄▄▀▀ ▄▄▄ █▄█ ▄▀▀▄▄▀▀ █▄█▄█▀██▄ █▄█   █▀█
█ █   █ █ ▀▄  ▀▀▄▀  ▄█ ▀▀▄▀    ▄▄███ ▄ ▄█▀█▀ ▀██▄▄ ▄ ▄█▀█▄█
█ █▄▄▄█ █ ▀█▄▄▀▄▄ █▄▄█▀█▀███ █▀█▄█▄  ▄▀█▀█▄▀█▀▄▄█ ▀▄▀▀  ███
█▄▄▄▄▄▄▄█▄▄█▄███▄▄▄▄██████▄████▄▄▄▄▄▄▄█▄██▄▄▄█▄███▄█▄███▄██

❌ Bot disconnected (408), reconnecting in 5s...
Scan this QR code:
▄▄▄▄▄▄▄▄▄▄▄▄▄▄▄▄▄▄▄▄▄▄▄▄▄▄▄▄▄▄▄▄▄▄▄▄▄▄▄▄▄▄▄▄▄▄▄▄▄▄▄▄▄▄▄▄▄▄▄
█ ▄▄▄▄▄ █▀ █▀   ▄▀▄▀██ ▄▄▄▄█▄▄▄▄ ▀█▀▄█▄███▄▄ █▄▄ ██ ▄▄▄▄▄ █
█ █   █ █▀  ▀▄ █▄▄▀ █▄▄▄▀▀▀█▄█ ▄▄▄█ ▀▀█▀█▄▄  ▄ ▄ ██ █   █ █
█ █▄▄▄█ █▀█████▀▄█▄█▄ ▄█▀ █ ▄▄▄ ▄█▀██ ▄▀█▀▄▄█▀▀▀▄██ █▄▄▄█ █
█▄▄▄▄▄▄▄█▄█▄▀▄▀ ▀▄▀ ▀ ▀ █ █ █▄█ ▀▄█ ▀▄█ █ █▄▀ ▀ ▀▄█▄▄▄▄▄▄▄█
█  ▄  ▀▄       ▀ ▄▀▄ █▀▀▄▀ ▄    ▀█▀█▀  █▀█   █▄▄▄▀ █ █▄▀▄▀█
█  ▀██ ▄▄ ▄▄█ ▄ ▄ ▀ ▀▀▀ █  █ ▄ █▀▀▄██▀█▄▀▀ ▀▀▀ ▀  █▄▄█▀▀ ██
█▀▀▀█▄▀▄  ▀█  ▄▄▄█▀ ▄▄▀▄  ▀ ██▀██▀█▄  ▀▄▀█  █▀▄█▀ ▀▄███ ███
█▀▄▀▀▄▄▄▀▄ ▄▄▀▀█ ▄▀▄▀██▄▄ ▀█▀█▀ ██▀█▄▀▄█  ▀ ██▄▄██▀█ █   ██
█▀▄█▀  ▄   ▄█▄▄█▄▄▄ ▀▄█▀▀▀█▀▀ █▀▄▀▀▄▄▄ ▄▀▀▀▀ ▀▄▄ ▀███▀▀ ▀ █
█▀▀ ▄▄ ▄██▀▀▀▄▀█▀▀ ▄ █▄▀▄▄ ▄▀  █▀ ▀ ▀▄ ▀ ▀██▀ █ ▀ ▄▄▄▀▀▀▄██
█ █ ▀▀ ▄ ▀▀█▀▀▀█▄▀▄▄▄█▀█▀▄▀ ▀▀▀ ▀▀▄█ ▄▀██▀▀ ▀█▄█▄▀▀▄▄▀█ ▀ █
██▄████▄█▄███  ▀▄ ▄ ▄█  ▀█▀ █▀█▄██▄ ▄ █ ▄██▀██▄▀▄▀ ▀▄▀▀▀▀██
██ ▄  ▀▄ ▀█▄▀█▄ ▄█  █▄██  ██▀▀█▀▄ ▄ ▄▄▀▄▀██▀▄█▄█▀  ▄▄▀█ ▄▄█
██ ▀▀ ▄▄▄  ▀▄█▄ █▄▄█ ▀▄█  ▄ ▄▄▄    █▄▀█▄▀▀▄█▄█ ▄▄ ▄▄▄ ▀  ▀█
█▀▄█▄ █▄█ ██▄▄▀ ▀▄▄▀ █▄█▀ ▀ █▄█ ▄█▀▄   ▄██▀  ▀▄▄▄ █▄█ ▀▀▄ █
█▄▄   ▄▄▄ ▄█  █▀▀▄▄ █▄ █ ▀▄ ▄▄▄▄█▄█ ▀█▀█▄▄▄▀█▀  ▄▄▄▄▄ ▀  ▀█
█▀██▀██▄██▄▀█▄ ██▄▄ ▀▄██ ▀▄▀█▄▀  █▀█▄▄ ▄▀█ ▀ ▀▄▄▀▀▀ ▄█▀▀▀▄█
███ ▄█▄▄█  ▄▄ ▄ ▄█▀ █▀██▄▀▄▄▀█▀ █▀▄▄▀█▀▀▀▀▀▄█▀█▄▀▄ █    ▄▀█
██▄ █▀▄▄  ▄▄ █▄ ▀█▄▄▀▀▀█▄ █▄▀█ ▄▄▀███  ▄██▀  ██▄▀█ ███▀▄█▀█
██▀█▀█▀▄▄▀ █▀▄█ ▀█▀▄▀  ▀▄ █ ▀█  ▀▄ █▄ ▄██ █▀▀▄▄▄▀▄▄▀ ▀▀▀▄▄█
█▄▄▄▄▀█▄█ █ ▄▄▀▀▀▄  ▄▄▀▀▀▀█▀█▄ ▄▀█▀█▄ ▀▄▄█▀ ▄█ ██▄█▄▄▄  █▀█
█ ▀▄█▄ ▄█▀  ▄ ▀▀██▀ ▄ ▀ ▀ █▀ ▀  ████▀▀ ▄▄█▄▀ ▀▄ ▀█▄█▄█  ▀██
█ ▄█▄▄▄▄ █ ▄▄ ████▀ ▄▄▀▄  ▄ ██ █ █▀█▄▄ ▄██  ▀█▄█▀  ▄▄█▄▄█▀█
█ ▀ ▀▀▄▄▀▀▀█ ▄█▀ ▀▄▀█▄▄▄███▄ ▀▀▄▀ █  ▄▄█  ▄▀▀ ▄▄ ▀ ▀▀█ ▀ ▀█
███████▄▄▀▀ ▀▀ ▀▀▄▄▄▀▄█▀ ▀▄ ▄▄▄  ▀▄█▄▄▀▄▀▀  ██▀█▀ ▄▄▄ ███ █
█ ▄▄▄▄▄ █▄▄ ▄██ ▀▄ ▀█▄██▄ █ █▄█ ▀▀▀▄▄▄▄▀  █▀ ▀▀▄█ █▄█ ▀▀▄██
█ █   █ █ █▀█ █ ▄▀▀▄▄██▀▀▄  ▄  ▄▄██▄▄▄▄█▀▀  █▀██▄  ▄  █ ███
█ █▄▄▄█ █ ▄▄█▀█ ▄ ▀▄▄█ ▄▀██  █▀█▄██▀▀▀ ▄▄▀▄▀▀▀  ▄  ▄▀▀  ███
█▄▄▄▄▄▄▄█▄▄▄██▄███▄▄█▄██▄▄▄████▄▄▄▄▄▄▄█▄▄██▄███▄▄▄▄█▄█▄█▄██

❌ Bot disconnected (408), reconnecting in 5s...
❌ Bot disconnected (408), reconnecting in 5s...
Scan this QR code:
▄▄▄▄▄▄▄▄▄▄▄▄▄▄▄▄▄▄▄▄▄▄▄▄▄▄▄▄▄▄▄▄▄▄▄▄▄▄▄▄▄▄▄▄▄▄▄▄▄▄▄▄▄▄▄▄▄▄▄
█ ▄▄▄▄▄ █▀ █▀ ▀ ▄▀▄▀▄▀▀█ ▄▄█▄▄▄▄ ▀███▄▀▀█▄▀▄▀▄▄▄ ██ ▄▄▄▄▄ █
█ █   █ █▀  ▀  █▄█▀ ▄█▄▄ ▀▀█▄█ ▄▀▄█ ▀▀█▀██▄ ▄▄ ▄ ██ █   █ █
█ █▄▄▄█ █▀▀█▄▀█▀▄█▄█▄ ▄█▀ █ ▄▄▄ █ ▀█  ▄▀ ▀▄▄ ▄▀▀▄██ █▄▄▄█ █
█▄▄▄▄▄▄▄█▄▀ █▄▀ ▀▄▀ ▀ ▀ █ █ █▄█ ▀▄█ ▀▄█ █ █▄▀ ▀ ▀▄█▄▄▄▄▄▄▄█
█  ▄  █▄   ▄ █ ▀ ▄▀▄ █▀▀▄▀▄     ▀█▀█▀  █▀█   █▄▄▀  █ ▀▄▀▄▀█
█  ▀██▀▄█▀█▀▀▀▄ ▄ ▀ ▀▀▀ █ ▀▄▄  █▀▀ ██▀█ ▀▀ ▀▀▀▄▀▀█▄▄█ ▀▀ ██
█▀▀  ▄▀▄ ▄█   ▄▄▄█▀ ▄▄▀▄  ▀▀██▀██▀▀█   █▀██ █▀██▀▀▀▄█▀█▄███
█▄██ ▄▄▄ ▄ ▄▄▀▀█ ▄▀▀▀███▄ ▀█ ██▄██▄▄▄█▄▀▄▄ ▀█▀  ▄ ▀█ ▄   ██
█  █   ▄   ▄█▄▄███▄▄ ▄▀▀▀▀█▀▀  ▀▄▀▀█▄ ▀█▀▀   █▄▄ ▀███▀▀ ▀ █
█▄▄▀▄▄ ▄██▀▀▀▄▀█ █ ▄█ ▄▀▀▀ ▄▀ ▀█▀▄▀  ▄▀▀█▀▄█ ▀█▀▀ ▄ ▄▀▀▀▀██
█ ▄ ▀▀▄▄ ▀▀█ ▄▀█▄▀▄▄▄█▀█▀▄▀ ▀▀▀ ▄▀▄█▄▄▀█▄█▀ ██▄█▄▀ █▄▀█ ▀▀█
██▄██▀█▄█▄ ▄█▀▄█▄ ▄ ▄█  ▀█▀ █▀█▄█▄▄ █ █ ▄██▀█▄▄▀▄▀▀█ █▀▀▀██
██ ▄ ▀ ▄ ▄█▄▄▄▀▄▄█  █▄██  ▀▀▀▀█▀▄ ▄ ▄▄▀▄▀██▀▄█▄█▀▀▀▄▀██ ▄▄█
██ ▀▀ ▄▄▄ ▄▄ ▄ ██▄▄█ ▀▄█  ▄ ▄▄▄   ▄▀▄▀█▄▀▀▄▀▄█▄▄  ▄▄▄ ▀  ▀█
█▀▄▄█ █▄█ ██▄▄ █▀▄▄▀ █▄█▀ ▀ █▄█ ▄█▀▄   ▄██▀▀ ▀███ █▄█ █▄▄ █
█▄▄ ▄▄ ▄ ▄▄█  █▀▀▄█▄█▄▄█ ▀█▄▄▄▄▄█▄█ ▀▀██▄ █▀█▀ ▀█▄▄   ▀▀ ▀█
█ ▄▀███▄▄▀▄▀█▄ ███ ▄▀▄█▀▄▀▄▀█▄▀  █▀█▄▄ █▀▀ ▀▄█ ██▄▀ ▄█▀ ▀ █
█   ▄█▄▄▀  ▄▄ ▄ ▄ ▀ █▄██▄▀▄▄▀▄▀ ▀▀▄▄▄▄  ▄▀▀█ ▀█▄▀▄ █▄▄  ▀▀█
█ █ █▀▄▄  ▄▄▄▀▄ ▀█▄▄▀▀▀█▄ █▄▀██▄ ▀██   ▄▀█▀ ███▄▀█ ███▀▄▄ █
██▀█▀█▀▄▄▀█▄▄▄▄ ▀█▀▄▀  ▀▄ █ ▀█▀▄▀█ █▄ ▄█▄ █▀ ▄▄▄▀▄▄▀ ▀▀▀▄▄█
█▄▄▄▄██▄█ ▄▄▀██▀▀▄  ▄▄▀▀▀▀█▀█▄ ▄▀█▀█▄ ▀▄▄█▀ ▄█ ██▄ █▄▄ ▄█▀█
█ ▀▄█  ▄█▀█▀ ▀▀███▀ ▄ ▀ ▀ ▀▀ ▀  ██▀█▀▀▄ ▄█ █ ▀  ▀▄▄█▄█▀▀▀██
█ ▄▀█▄ ▄▄▀▄ ▄ ████▀ ▄▄▀▄  ████ █ █▄█▄▄ ▄██ ▀▀█▀█▀▄▄ ▄█▀██▀█
█ ▀ ▀▀▄▄▀█▀█ ▄█▀ ▀▀ █▄ ▄██▄▀ ▀▀▄▀ ▄  ▄▄█▄ ▄█▀ █▄█▄▄▀▀▀▄▀ ▀█
███████▄█▀▀ ▀▀ ▀▄█▄▄▄▄▀▀▀▀▄ ▄▄▄  ▀▄█▄▄▀█▀█ ▀▄▀█▄▀ ▄▄▄ ▄██▄█
█ ▄▄▄▄▄ █▄▄ ▄██ ▀  ▀▄▄██ ▀█ █▄█ ▀█▀▄█▄▄ ▀█▄ █▄▀█  █▄█ ▀▀ ▀█
█ █   █ █ █▀▄ █ ▄▀▀▄▄██▀▀▄  ▄  ▄ ██▄▄ ▄██▀   ████  ▄ ▄█ ▄▄█
█ █▄▄▄█ █ ▄▄▄█▄▀▄ ▀▄▄█ ▄▀██ ▀▀▀█▄██▀▀  ▄▄▀▄▀▀▀  ▄  ▄▀▀  ███
█▄▄▄▄▄▄▄█▄█▄▄█▄▄██▄▄█▄██▄▄▄█▄██▄▄▄▄▄▄▄█▄▄██▄███▄▄▄▄██▄▄█▄██

Scan this QR code:
▄▄▄▄▄▄▄▄▄▄▄▄▄▄▄▄▄▄▄▄▄▄▄▄▄▄▄▄▄▄▄▄▄▄▄▄▄▄▄▄▄▄▄▄▄▄▄▄▄▄▄▄▄▄▄
█ ▄▄▄▄▄ █▄▀ ▄▄▄▀ █ ▀ █ ▄ ▄▀▀ █▄▄ ██▀▀  ▀▄█▀ ▀██ ▄▄▄▄▄ █
█ █   █ █   ▀▄▀██▄ ▀▄█▄█ █ ▀▄█▄▀ ▄▀▄▄ ▀███▀▀▄▀█ █   █ █
█ █▄▄▄█ █▄▀▄ █▄▀▄█ ▄  █▄█ ▄▄▄ █▀▀█▄▀ ▄▄▄▄▀█ ███ █▄▄▄█ █
█▄▄▄▄▄▄▄█▄▀ ▀ █▄█▄▀ █ ▀▄▀ █▄█ █▄█▄█ ▀▄█ ▀ ▀ ▀ █▄▄▄▄▄▄▄█
█  ▄▄█▀▄▀▄█████▄█  █ ▄ ▄▀▄ ▄   ▀▀██▄ █▀██ █  ▄▄█▀▄▄▄█ █
█▀██ █▄▄█ ▄█ ▀▀▀▀▄ ▄█▄▀▀ █▄▄ ▀█▀█▀  █▀ ▀▄██▄▀█▀ ▀▀▄█ ██
█ ▄▄█ ▀▄▄ █▀▀█ ██▄▄▄▄ ▀█▄▀█▄ ▀▄▄▀▀ ▄ ▄▀ ████▀▀▀██ █ ▄▀█
█▀▄ ▄ █▄██▀▀ █ █ ▄▀▀█ ▄██  ██▄█▄▀▀ █▀▀█ █ █▀▄▄█▀ ▀ ▄▄▄█
█▀▀▀▀█▄▄  █▀  █▄▄▀███▄▄▀▀▀ █ █ ▄▄▄▀▀▀█████▀█ █  █▀  ▄██
█▀▄▄▄█▄▄  █  ▄▄███  ▄▀▄▄███ ▄▀██▄ █▄▄▀▄  ▀▀███▄▀█ ▀▀███
█▀▀  ▄█▄▀█ ▄█▄▀▀█▄ █ █▀ ▄▄█ ▀█▀ ▀▀▄█ ▀▄▄▀ ▀ █▄▄██▀▄ █▀█
███▄▄ █▄█▄▀ ▀▀ ▀▄▄▀ █▀█ █▄█▄▄█ ▄▀█▀▀▄  █▀█▄ ▀▀█▄█▄██▄██
██▀▀▄ ▄▄▄  ▀▀▄▄  ▀▄▄   ▀  ▄▄▄ ▀█ █▀█  █ ████▄ ▄▄▄ ▄ █ █
█▀▀▄  █▄█ ▄██▀▄▄█▀█▀▄▀█▀  █▄█   █▀▄  █▀▄▄▀▀▀█ █▄█ ▀█ ▄█
█▀ ██ ▄▄   ▄▄▄▄ █ ███▄ █   ▄   ██▄ ▀ ▀█▄▀█▀█▀ ▄  ▄  █▀█
█ ▄▄█ ▄▄▀▀███▄▀▀▄▄█▄█▀▀▀█ █▀ ▄▄▄▀▄▄█▄ █ █ ▄█▀█ ▀▀▀█ █▀█
█▀▄▀▀▄▀▄ ███▄█ █ ▄▀█▀▄█ ▀ ▀█▀▀ ▀ ▀██▀█▀▄▄▄▀▀ █▀██ █▄ ▄█
█▀▄▀▄██▄██▀ █▀▀▄▄▀█ ▄▀▄█  ▄  ▀▄▄▄█▀▄▀█████▄   ▀█▀▀▄▄▄██
█▀▀▀▀█ ▄█ ▀  ▄▄█ █ ▄▄  ▀█  ▀▄ █▄▄▀ █▄▄   ▀▀▄█▀█▀██ ▀ ▀█
█▄█ ▄▀█▄▄███▀▀█ ██  ▀█▄ █▄▄█▄██▄█   ▄ █▀▄▄▀▄▄▀▄▄▄█▀█▀▄█
█▀▄▀▄▀█▄▄▄█  █ █▀█▄███ █    █ ▀█▀▄  ▀█▄█ █▀██▄ ██▄▄█▀██
█▄ ▀▄▄▄▄   █▄██    ▀▀█ ▄▀██ ▀▄  ██▀█▀  ▀▄ █▀▀  ▀▄█▀  ██
████▄██▄▄▀▀▄  ▄ █▄██▀▄▄ ▀ ▄▄▄ ▀  ██▄ █▀█▄   ▄ ▄▄▄ █▀███
█ ▄▄▄▄▄ ██  ██▄▀███ ▀▀ ██ █▄█ ██▄█▀▀  ███▀▄█▀ █▄█ ██▄▀█
█ █   █ █▀ ▄ ██ ██ █▀▀▀██ ▄ ▄▄██ █ █▀ █▀▀█▄▄▀▄ ▄ ▄▀ ▀██
█ █▄▄▄█ █ █ ▀██▄ ▄▀▄████▀▄ ▄   ▀▀▀▄ ███ ▀▄▄█ ▀██ █ █ ██
█▄▄▄▄▄▄▄█▄███▄██▄▄██▄▄▄█▄██▄▄████▄▄███▄▄▄█▄▄█▄▄██▄▄█▄██

❌ Bot disconnected (408), reconnecting in 5s...
❌ Bot disconnected (408), reconnecting in 5s...
Scan this QR code:
▄▄▄▄▄▄▄▄▄▄▄▄▄▄▄▄▄▄▄▄▄▄▄▄▄▄▄▄▄▄▄▄▄▄▄▄▄▄▄▄▄▄▄▄▄▄▄▄▄▄▄▄▄▄▄▄▄▄▄
█ ▄▄▄▄▄ █▄▀▄ ▄▄█▀▀ █ █▀▄ ▄ ▀▀▀▄ ▄▄█▀▀ ▀█▀█ ▄ ▀ ▄ ██ ▄▄▄▄▄ █
█ █   █ █ █▀▀█ █▄██ ▄▄██▀  █ █▄▀ ▄▄▀▄ ▄▀▄█▀██▄▀▄ ██ █   █ █
█ █▄▄▄█ █▄▀█▄▀▄█▀▀▄  ▀▄  █▀ ▄▄▄ ▀▀▀█▄▀  ▀▀ ▀ ▄▄▀▄██ █▄▄▄█ █
█▄▄▄▄▄▄▄█▄▀▄▀▄█ █▄█▄▀▄▀ ▀▄█ █▄█ ▀ ▀ █ █ ▀ █▄▀▄▀▄█ █▄▄▄▄▄▄▄█
█ ▄  ▀█▄▀▄▀█▄█▀█████▀█ ▄  █ ▄▄   █ ▄▀▀▀█ ▄▄ ▄███▀ ▄█▀▄▄ ▀ █
█ █ ▄██▄█▄▄▄ ▀ ▀▀  ██ ▄▄ ▄█▄ ▀  █ █▀▄▀▀ █ ▀▄█▀▀  ▄ ██▄ ▄  █
██▄  ▀▀▄▄▀▄█▄▀▄ ▀▄█▄▀▀█▄▄▄▄▀█▀█▀██▀▄█  ▀█▀█▄▀█▀█▄▄ ▀▀██▄▀██
█▄█▀▄  ▄▄▄▄▀  ▄███▄▀ ▄██▄█ █▀█▀█▄▀▀▀▄█▄▀█   ▀▀▄▀ ██▀▄ █ ▄██
█  ▀▀▀ ▄▀ ▄ ▀█  ▀ █▀█▄▄█▀██▄▄▄ █▀▄▄ ███▄ █ █▀▄▀  ▄█▄▄▀▀▄█ █
█▀▄▀▀▄▀▄ ██▀▀▀▀▀▀██▀  ▄█▀ ▄ █ █▄▀ █▄ ▄  ▄▀ █▀█  ▄▄██▄ ███▀█
█ ▄▄▄▀█▄▀▀ █▀▄ ██ ▄▀██ ▄▀█▀ ▄ █ ▀█▀█ ▀▀█▄ ▀  █▀▄▄ ▀█ ▄██  █
█▄█▀▀██▄█▄██▄  █▀▄   ▄    █▀▀▄▀▄ █ ▄ █▄█▀█ █ ▄▄▄▀▄ ▄▀  ▄█▄█
█ ▀▀█ ▄▄▄█ ▀▀▀▀▄ ▄ ▄█ ███▄▀▀█▀▄█▄▄  ▄ ▀▀▀▀▄█ ▀▀▄▄▄ ▀▀█▀█▄▄█
█ █▄▀ ▄▄▄ ▀ ▀█▄▀  ▄▄▀▀█▄█▀█ ▄▄▄ ▀ █▄▄▄   ▀▄ ▀ ▀▀▄ ▄▄▄ █▀▀██
█ ▄█▄ █▄█ ▀█ ▀██  █▄█▄▀▀ ▄█ █▄█   ▀ ▀▀█▄▄▀▀▄▀▄▀ █ █▄█ ▀▄▄▄█
█▀▄▀   ▄▄ ▀▀▄██ ▄ ████    ▀ ▄ ▄▄▀   █ ██▀▀▀▄▀▄▀▄█ ▄ ▄▄▀▄▄▀█
█▄▄█▀  ▄█ ▀ ▄█ ██▄ ▀ █  ▀▀█▄█▄▀▀▀█ ▄ █ █▄   ▀▀▄▄█▄ █▄█▀▄███
█▀█▄ ▄▄▄▄▄█▄ ▀ ▄█▀ █▄█▄▄▄███▀  █▀▄█ ▄▀▀ ▀▄▄ █  ▀▀▄▄▄▄▀ ▄▄▄█
█ █▄█▀ ▄ █▄███ ▀███ ▀███ ▄████ ▄▄█ █  █▀▄███ ▀█▄██ ██▄ ▀█▄█
█▄█▄▀▀ ▄ ▀▄ ▄██▄ ▄ ▀   █▄▀█  ▄▄█ █▀██▀▄▄  ▀ █▄▄▀ ▄▀█ ▄█ █▄█
█▀█▄▄█▄▄▄█▄█▀▄█▀▀  ▀ █ ▀█▄▀ ▀  ▄█▄▄▀▀█▄█▄▀▀▄▄▄  ▄▀█ ▀ ▀▄█▄█
█▀█ ▄▄ ▄█▀▄▀▄█▀▀ ██▄ ██ █████▀▄ ▀▀█▀▀▄  █▄ ▄█▄ █▀ ▀██▄█▄▄██
█  ██ ▀▄██ ▀▄▀▀ ▄█▀▀▀▄ █▀▀█▀▄▄ ▀▀██▄▄█▄▄  ▀ ▀▀▀██▄█▀█▄▄▄▄ █
█ ▀ ▀▀▄▄█▀  ▄▀█ ▄▀ ▀ ▀▄▄▄▄██▄██▀   █▄ ▄███ ▀██▄  ▀█ ▄ ▀▄ ▄█
███████▄█▀▀ █▀ █▀▄  ▀ ██▄▄▀ ▄▄▄  █ █▄ ▀▀▀██▄▄█▀█▀ ▄▄▄ ██▀██
█ ▄▄▄▄▄ ███▄▀▀█▄█▄██ ▀ ▀▀ █ █▄█ ▀█ █▀▀  ▀█▄██▀█▄▀ █▄█  ▀▀██
█ █   █ █▀▄ █▀█ ▀█▀█ ▄██ ▀█  ▄  ▄▄ ▀██▄█▄█▄▄ ▄ ▀▄ ▄▄▄▄▄▄▀██
█ █▄▄▄█ █ ▄▄▄██   ▀ ▄▀███▀█▀▀██▀▄▀  █▀▀▀▄█ ██▄ ▄▀▄▀ ▀▀▄▄█▀█
█▄▄▄▄▄▄▄█▄▄▄██████▄█▄█▄▄█▄███▄███▄██▄█▄▄▄▄▄████▄█▄███▄█▄███

Scan this QR code:
▄▄▄▄▄▄▄▄▄▄▄▄▄▄▄▄▄▄▄▄▄▄▄▄▄▄▄▄▄▄▄▄▄▄▄▄▄▄▄▄▄▄▄▄▄▄▄▄▄▄▄▄▄▄▄▄▄▄▄
█ ▄▄▄▄▄ █▀ █▀ ▀▀██▄▀ █ ▄▄▄▄█▄▄▄▄ ▀▀▀▀▀▄█   ▄▀▄▄▄ ██ ▄▄▄▄▄ █
█ █   █ █▀  ▀▄ █▄█▀ ▄█▄▄▀ ▀█▄█ ▄ ▄█ ▀▀█▀██▄ ▄▄ ▄ ██ █   █ █
█ █▄▄▄█ █▀██  █▀▄█▄█▄ ▄█▀ █ ▄▄▄ ▄█▀█  ▄▀ ▀▄▄ ▄▀▀▄██ █▄▄▄█ █
█▄▄▄▄▄▄▄█▄▀▄▀ ▀ ▀▄▀ ▀ ▀ █ █ █▄█ ▀▄█ ▀▄█ █ █▄▀ ▀ ▀▄█▄▄▄▄▄▄▄█
█  ▄  █▄  █▀▀  ▀ ▄▀▄ █▀▀▄▀▄     ▀█▀█▀  █▀█   █▄▄  ▄█▄▀▄▀▄▀█
█  ▀██▀▄  ▀▄█▀▄ ▄ ▀ ▀▀▀ █  █▄  █▀▀ ▀█▀▀▄▀▀ ▀▀▀▄█▄▄▄▄▄ ▀▀ ██
█▀▀ █▄▀▄ ▄▄▀  ▄▄▄█▀ ▄▄▀▄    ▀█▀██▀█▄  ▀▄▀█▀ █▀█▄▀▀▀▄▀█▀▄███
█▀ ▀▄▄▄▄▀▄ ▄▄▀▀█ ▄█ ▀█ ▀▄ ▀█ ██ ██ █▄▀█   █▀▀▀ ▀▄▀▀█▀▄▄▀ ██
██▄▀   ▄   ▄█▄▄█▄▄▀▄ ▄▀▀▀▀█▀▀ ▀ ▄▀▀▄▄▄ █▀▀▄▀█▀ ▄ ▀███▀ ▀█ █
█▄    ▄▄██▀▀▀▄▀███ ▄▀█▄▀██ ▄▀  ▄█ ▀ ▀▄  █▀▄█▄██ ▀ ▄ ▄▀▀▀ ██
███ ▀ █▄ ▀▀█▀ ▀█▄▀▄▄▄█▀█▀▄▀ ▀▀▀ ▄█▄█▀▄▀██▀▀  █▄█▄▀ █▄▀█ ▀▀█
██▄██▄ ▄█▄▀ ▄▀▀█▄ ▄ ▄█  ▀█▀ █▀█▄▄█▄ ▄ █ ▄██▀█▄▄▀▄▀▀▄ █▀▀▀██
██ ▄ ▀█▄ ▄▄▄█▄  ▄█  █▄██  ▀█▀▀█▀▄ ▄ ▄▄▀▄▀██▀▄█▄█ ▀▀█▀██ ▄▄█
██ ▀▀ ▄▄▄  ▀▀ ▀▄█▄▄█ ▀▄█  ▄ ▄▄▄    ▀▄▀█▄▀▀▄█▄█▄ █ ▄▄▄ ▀  ▀█
█▀▄▀█ █▄█ ▄█▄▄▄ ▀▄▄▀ █▄█▀ ▀ █▄█ ▄██▄  ▄████▀ ▀██▀ █▄█   ▄ █
█ █▀█▄▄▄▄ ▄█  █▀▀▄▄ █▄ ▀ ▀█▄▄▄▄▄█▄▄ ▀█▄▄▄ ▄█▀█▄█  ▄▄▄▄▀▀ ▀█
█▀▄▀▄██▄▄▄▄▀█▄ █▀▄  ▀█▀█ ▀▄▀▀▄▀  █▀█▄▄▀█▄█  ▄█▄█▀▀▀ ▄█▀▀█▄█
█ █  █▄▄▀█ ▄▄ ▄ ▄▄▀ ▄▄██▄▄▄▄▀▀▀ █▀▄▄█▄ ▀██▀▄▄▀██▀▄ █▀█   ██
███ █▀▄▄  ▄▄██▄ ▀█▄▄▀▀▀█▄ █▄▀█▀▀▄███ ▄ ▄██▀ ▄▀█▄▀█ ███▀▄█ █
██▀█▀█▀▄▄▀▄█▄▀█▄▀█▀▄▀  ▀▄ █ ▀█▄  █ █▄ ▄█▄ █▀ █▄▄▀▄▄▀ ▀▀▀▄▄█
█▄▄▄▄▀▄▄█ ▄▀▄▄▀▀▀▄  ▄▄▀▀▀▀█▀█▄ ▄▀█▀█▄ ▀▄▄█▀ ▄█ ██▄▀█▄▄▄▄█▀█
█ ▀▄█▀█▄█▀▀▄██ ▄██▀ ▄ ▀ ▀ ▀▀ ▀  ██▀█▀▀▄▄▄█▄▀ ▀▄▄▀▀▄█▄█▀ ▀██
█ ▄ ▄▀█▄▀▄  ▄ ▄▀██▀ ▄▄▀▄  ▄▀██ █ █▄▄▄▄▀▄██ ▀▀█▄██▀▀ ▄█▀▄█▀█
█ ▀ ▀▀▄▄█▀▀█ ▄█▀ ▀█ █▄▀███▄  ▀▀▄▀ ▄▀▄  █ ▄▄▄█▄▀▄██ ███   ▀█
███████▄█ ▀ ▀▀ ▀▄█▄▄ █▀█▄▀▄ ▄▄▄  ▀▄█▄▄ █▀▀▀ ▄▀██▀ ▄▄▄ █▄▀ █
█ ▄▄▄▄▄ █▄▄ ▄██ ██ ▀ ▄██▄▀█ █▄█ ▀▀▀▄▄██▀█▀▄ █▄ ▄▀ █▄█ ▀▀▀██
█ █   █ █ █▀▀▄█ ▄▀▀▄▄██▀▀▄  ▄  ▄███▄▄▄▄███   ▀███  ▄▄ █ ███
█ █▄▄▄█ █ ▀▀█▄▀ ▄ ▀▄▄█ ▄▀██ ▀▀▀██▄█▀▀  ▄▄ ▄▀▀▀  ▄  ▄█▀  ███
█▄▄▄▄▄▄▄█▄▄███▄▄██▄▄█▄██▄▄▄█▄▄█▄▄▄▄▄▄▄█▄▄██▄███▄▄▄▄█▄▄▄█▄██

Scan this QR code:
▄▄▄▄▄▄▄▄▄▄▄▄▄▄▄▄▄▄▄▄▄▄▄▄▄▄▄▄▄▄▄▄▄▄▄▄▄▄▄▄▄▄▄▄▄▄▄▄▄▄▄▄▄▄▄▄▄▄▄
█ ▄▄▄▄▄ █  ▄▄  █▀█▄▀▄  ▄ ▄█  ▀ ▄▀█ █▀ ▀ ██ ▄ ▄▀▄ ██ ▄▄▄▄▄ █
█ █   █ █ ▄█ █▀██▀ ▄▄█▄▀▄█▀█▀▀▀█▄▄███▄█▀▄ ▄▀▀█ ▄ ██ █   █ █
█ █▄▄▄█ █▀▀▀█ █▀▀███▀█▄▄▀   ▄▄▄ █▀▀▀ █▀▄▄ ▀▄▄ ▄▀▄██ █▄▄▄█ █
█▄▄▄▄▄▄▄█▄█▄█ █▄▀ █▄▀ █▄▀▄█ █▄█ ▀▄█▄█ █▄█▄█▄▀ █ █ █▄▄▄▄▄▄▄█
█  ██  ▄▀█▄▀▄▄█ ▀▄█▄█ ▄█ ▀▀  ▄  ▄ ▄█▀ █ ▄█▄▀  ▀▄▀ █▀ █▄ ▄▄█
█ ▀▀▀█▀▄  ▀█▄█▄ ▄▀▄█▀▀▀█▄▄ █▀▄▄ ▀▀   ▀▀▀ ▀▀ ▀  ▀ ▄▄█▄█▄▄▄▀█
█▀▀▄█▀█▄  █▀ █▀▀ ▄▀ ▄ ▄▄  ▀▀▄▀▀█ ▄██▀▄  ▄▀ ▀▄▄▄█▀▀█  ▀█▄▄▄█
█▀ █ ▄█▄█████▄██▄▀██▀▄█ ▀▀▀█ ▀ ██▀▀███▀▄▄ ▀▀ ▀▄█▄▀▄▀██▀▄███
█▄██▀█▀▄ ▄▄▄  ▀▄▀▄█▄█▀▀▀▀ ▄ ▄ █▀  ▄█ ▄▄ ▄▀  █▄ ▄▀▀▄ ▄█▀▀ ▄█
█▄▀▄▄█▄▄ ▀▀▄  ▀█▀▀▄ █▀  ▀▄▄▄▀██▄▀▄▀▀▀▀▀█ ▄ ▄█▀▄████▀ █▄▄▄██
███▀ █▀▄█▄▄▄▄ ▄ ▀▀▄ ▀ ▄█▀▄██ ▀█▀█▄█▄▀▄█  █▀▀█▄██▄▀█ ▄██▄▄▄█
█▄▀ ▄▀▀▄▀▀▄█▄█ ▄▄█▄ ▄██▀▄ ▀ ▄██▄▄▄███▄ ▄██▄██▄▀██▄██ █▄▄▀██
█▄▄ ▄ █▄▀ ██    ▀▄▄  ▀▄█▀  ▄▄▀ ▀▀█▀  ▄▄  ▀ ▀█  ▄▄▀█  ▀█▀▀██
█▄▄▄  ▄▄▄ ▄▄▀▀▀▀▀▄▀  ▀▄  █▀ ▄▄▄   ▄ ▀ ▀ ▀██▄   █▄ ▄▄▄  █ ██
███   █▄█ ▀▀▀▄█▄ ▄▄▀▄ ▀█▀▀▄ █▄█ ▀▄▀█ ▄█▀▄█▀▀   ▄▀ █▄█ ███ █
█▄██▀  ▄  █▄█▄█▄ ██ █▀ ▄▀▀▀▄ ▄▄▄▀▄▄█▄▀█ █▄█▄▀ ▀▄  ▄   ▀▄▄██
█▀▄█ ▀ ▄███▀▄▄▄ ▀█▄ ▀▀▀▀ ▀▀▀▀█▀ █ ▄██  ▀▄█▀▀▀▄ ▄▀█▄ ▀█▀██▄█
█  ▄▄█ ▄▀█ █▄▀▄█▄ ▄███▀██ ▀▄▄ ▄███ ▀  ▄ ▀▄▀▀█▄▄▀▄▄ █ ▄▄▄▄▀█
█▄ █▄▀▄▄█▄██ ▄█ ▄█▀▄▄▄▄█▄  ▄▄██▄▀▄▀█▀▄  ▄▀▀▀█ ▄▄▀▀█▄▄▄▄█ ██
█ ▄▄ ██▄▀▀ ▀█▄▀▄▀ ██▀ ▀▀▀█▄ ▀ ▄▀▀▄ ▀▀▄█▄ ▄▄▄█▄███  █▀  ▄▄▄█
█▄▄ ▄▀▀▄█▀  █▄▀█▀▄▀▄▀▀ █▄▀ ▄▀▄▀▀▄ ▄█  █▀▄█ ▀█  ▄█▄█▄▀▄ █▄ █
█ █▄ ▄▄▄██▀██ ▀ ▄ ▄█ ▀▀█▄▄▀▀▀▄█▀▀██  █▄ ▀▀▀██   ▄▀ █▀▀█▄▄▀█
█▀▄█▀██▄▀█▄▄▄ ▄  ▄▀ █▀▄▄▀    █  █  ▄▄▄█ ▄▀▀ █▄ ███ ▀▀▄██ ██
█ ▀ ▀▀▄▄  █▀ ▀▀▀▀ ▄▄▄ ▄▄ ▄  ▀▄▀▀▄▀██  ▄▄ ▄▄▄█  ▀  ▄█  █▄▄██
███████▄▄▀  ▀██▄▄▄▄▄█▀▄█▀▀▄ ▄▄▄ █▄▀█ ▄█▀▄▀▄▀█▄ ██ ▄▄▄  ▀  █
█ ▄▄▄▄▄ █▀▄ ▄█▄▄▀  ▀▄█▀█ ▀▄ █▄█ ▄█▀▀▀▀ ▀█ ▀ ▄▄▄   █▄█ ██ ▀█
█ █   █ █▄▄▄█▄▄▄▀▀  ▀ █▀▀▄▄▄▄  ▄█  █ ▄█▀ ██▀▀▄ █▄▄▄   █▀▀▀█
█ █▄▄▄█ █▀  ▄ █▀▄█ ▀▄█▀ ▄ ██▀▄▄ ▄█▄██▀▀█  ▀▄█▀▄▀ █▀▄  █████
█▄▄▄▄▄▄▄█▄▄▄█▄▄██▄▄▄▄▄▄████▄███▄███▄▄▄▄█▄█▄▄█▄█████▄█▄███▄█

Scan this QR code:
▄▄▄▄▄▄▄▄▄▄▄▄▄▄▄▄▄▄▄▄▄▄▄▄▄▄▄▄▄▄▄▄▄▄▄▄▄▄▄▄▄▄▄▄▄▄▄▄▄▄▄▄▄▄▄▄▄▄▄
█ ▄▄▄▄▄ █▀ █▀   ██▄ ▄█▀▄▀ ▄█▄▄▄▄ ▀▀█▄▄▄▀ ▀  ▀▄▄▄ ██ ▄▄▄▄▄ █
█ █   █ █▀  █▄ ███▀ ██▄▄▀ ▀█▄█ ▄▄▄█   █▀▄▄▄  █ ▄ ██ █   █ █
█ █▄▄▄█ █▀██▄▄█▀▄█▄█▄ ▄█▀ █ ▄▄▄ ▀ ▀██▄▄▀▄█▄▄▀█▀▀▄██ █▄▄▄█ █
█▄▄▄▄▄▄▄█▄▀ █ ▀ ▀▄▀ ▀ ▀ █ █ █▄█ ▀▄█ ▀▄█ █ █▄▀ ▀ ▀▄█▄▄▄▄▄▄▄█
█  ▄ ▄▀▄ ▄▄▀▀  ▀ ▄▀▄ █▀▀▄▀▄▄    ▀█▀█▀  █▀█   █▄▄▀  █▄▀▄▀▄▀█
█  ▀██ ▄▀▄▄▄  ▄ ▄ ▀ ▀▀▀ █ ▀█▄  █▀▀ ▀█▀▀▄▀▀ ▀▀▀ █▄ ▄▄▀█▀▀ ██
█▀▀ █▄▀▄█▄█▄  ▄▄▄█▀ ▄▄▀▄  ▀  ▀▀██▀██  ▀█▀█▀ █▀██  ▀▄▀█▀ ███
█ ▀▀▄▄▄▄▀▄ ▄▄▀▀█ ▄▀ ▀███▄ ▀█▀▄█ ██ █ ▀▀▀  ▄ ▀▀ ▄▄█▀█▀█▄  ██
█▄ █   ▄   ▄█▄▄███  ▄▄▄▀▀ █▀▀  ▀▄▀▀█   ██▀ ▀▄▀██ ▀███▀ ▀▀▄█
█ ▄█ ▄▄▄██▀▀▀▄▀██  ▄█▄▄▀▀▀ ▄▀ ▀██ ▀  ▄▀▀ █▄▄ █▄ ▀  ▄▄▀▀▀▄▀█
█ ▀ ▀█ ▄ ▀▀█▀█▀█▄▀▄▄▄█▀█▀▄▀ ▀▀▀ ▄▀▄█▀ ▀█▀█▀  █▄█▄▀█▄▄▀█ ▀ █
██▄███ ▄▀▄█▀▄█▀▄▄ ▄ ▄█  ▀█▀ █▀█▄█▄▄ █ █ ███▀██▄▀▄▀ ▄ █▀▀▀██
██ ▄ ▄▄▄▀ ▀▀  █▄▄█  █▄██  ▀█▀▀█▀▄ ▄ ▄▄▀▄▀██▀▄█▄█▀▀▀█▀▀█ ▄▄█
██ ▀▀ ▄▄▄ █ ███▀█▄▄█ ▀▄█  ▀ ▄▄▄    █▄▀█ ▀▀ ▀▄█ ▄▀ ▄▄▄ ▀  ▀█
█▀▄█  █▄█ █ ▄▄██▀▄▄▀ █▄█▀ █ █▄█ ▄██▄  ▀███▀  ▀▄▄█ █▄█ ▄▀▄ █
█▄▄    ▄ ▄▄█  █▀▀▄███▄ █ ▀▄ ▄▄▄▄█▄█▀██▄ ▄ ██▀▀▀ ▀  ▄▄    ▀█
██▄ ▀██▄▄▀▄▀█▄ █▄█▄▄▀█▄▀▄▀▄▀▄█▀  █▀█▄▄▀▄ ▀▀  ▀▄▄██▀ ▄▄  █▄█
█ ▄▀██▄▄▄  ▄▄ ▄  ▄▀ ▄▀██▀█▄▄▀ ▀ ▀█▄▄█▄ ▀ ▄ █ ▀██▀▄ ██    ▀█
█ ▄ █▀▄▄  ▄▄█ ▄ ▀█▄▄▀▀▀█▄ █▄▀██▀▄▀██▄▄ ▄█▀▀ █▀█▄▀█ ███▀▄█▀█
██▀█▀█▀▄▄▀▀█▀▀▄▄▀█▀▄▀  ▀▄ █ ▀█▄ ▀█ ██▀▄██▀█▀▀█▄▄▀▄▄▀ ▀▀▀▄▄█
█▄▄▄▄██▄█ ███▄▄▄▀▄  ▄▄▀▀▀▀█▀█▄ ▄▀█▀█▄ ▀▄▄█▀ ▄█ ██▄▀▀▄▄  █▀█
█ ▀▄█ █▄█▀█    ▀██▀ ▄ ▀ ▀ █▀ ▀  ██▀▀▀▀▄▄▄█▄█ ▀  █▄ █▄█ ▀▀██
█ ▄▄▀  ▄█  ▄▄  ▀██▀ ▄▄▀▄  ▄▄██ █ ███▄▄▀███▄▀▀█▄█▀ ▀▀▄▄▄▀█▀█
█ ▀ ▀▀▄▄▀▀▀█ ▄█▀ ▀▀ █▄▀▀███▄ ▀▀▄▀ ▄   █ ▄▄ ▀▀ ▀  █ █▀  ▀ ▀█
███████▄█ ▀ ▀▀ ▀██▄▄▀▄▀▀▀▀▄ ▄▄▄  ▀▄█   ██▀  ▀█▀██ ▄▄▄ █▄█ █
█ ▄▄▄▄▄ █▄▄ ▄██ ▄  ▀  ██▄ █ █▄█ ▀▀▀▄▀▄█ █▄█ ▄▀▀▄▀ █▄█ ▀▀ ▀█
█ █   █ █ █▀▄▄█ ▄▀▀▄▄██▀▀▄   ▄ ▄█▀█▄ ▄▄███   ████  ▄  █ ▄██
█ █▄▄▄█ █ ▀█ █▄▄▄ ▀▄▄█ ▄▀██ ▀▀▀████▀▀  ▄▄ ▄▀ ▀  ▄  ▄██  ███
█▄▄▄▄▄▄▄█▄▄▄██████▄▄█▄██▄▄▄█▄██▄▄▄▄▄▄▄█▄▄██▄███▄▄▄▄███▄█▄██

Scan this QR code:
▄▄▄▄▄▄▄▄▄▄▄▄▄▄▄▄▄▄▄▄▄▄▄▄▄▄▄▄▄▄▄▄▄▄▄▄▄▄▄▄▄▄▄▄▄▄▄▄▄▄▄▄▄▄▄▄▄▄▄
█ ▄▄▄▄▄ █  ▄▄  █▄▀▄ ▀▄ █▄ █  ▀ ▄▀█▀▀█▄▀ ▄▄█▄█ ▀▄ ██ ▄▄▄▄▄ █
█ █   █ █ ▄█▄▀▀█▄▀ ▄██▄▀██▀█▀▀▀█ ███▀▄█▀▄ ▄▀▀▄ ▄ ██ █   █ █
█ █▄▄▄█ █▀▀██▀█▀▀███▀█▄▄▀   ▄▄▄ █▄▀▀ ▀▀▄█ ▀▄█ ▄▀▄██ █▄▄▄█ █
█▄▄▄▄▄▄▄█▄█ ▀ █▄▀ █▄▀ █▄▀▄█ █▄█ ▀▄█▄█ █▄█▄█▄▀ █ █ █▄▄▄▄▄▄▄█
█  ██▄ ▄█▀  ▀██ ▀▄█▄█ ▄█ ▀▀▄ ▄  ▄ ▄█▀ █ ▄█▄▀  ▀▄▄▀█▀▄▀▄ ▄▄█
█ ▀▀▀█ ▄ ▀▄▄ ▄▄ ▄▀▄█▀▀▀█▄▄███ ▄ ▀▀▄  ▀▀█ ▀█▄▀ ▄▀▄▄██  ▄▄▄▀█
█▀▀ ▄▀█▄   █ █▀▀ ▄▀ ▄ ▄▄  ▀▀ ▀▀█ ▄█▄▀▄▀ ▄▀▀ ▄▄▀▄▄▀█  ▀█▄▄▄█
██ ██▄█▄▄▄███▄██▄▀ ▄▀▄▀▄▀▀▀█   ██▀▀▀▀▀ ▄▄ █ ▄█▀▀▀▀▄▀▄█ ████
█   ██▀▄ ▄▄▄  ▀▄▀█▄▄▄ ▀▀▀ ▄ ▄ ▀   ██▄ █ ▄▀ ▀█▄▀█▀▀▄ ▄█ ▀  █
█▀ ▄▀█▄▄ ▀▀▄  ▀██▀▄ ▄█  ▄▀▄▄▀████ ▀▀█ ▀▄█▄ ▄ ▀████▀█ █▄▄▄▀█
██▀▀ ▀▀▄█▄▄▄ █▄ ▀▀▄ ▀ ▄█▀▄██ ▀█▀█▄█▄▀ █  █▀▀▄ ██▄▀▄ ▄██▄▄██
█▄▀ ▄█▀▄█▀ ▀▀██▀▄█▄ ▄██▀▄ ▀ ▄██▄▄▄██▄█ ▄▄█▄█▄█▀██▄▀▄ █▄▄▀██
█▄▄ ▄ ▀▄████▀ ▀ ▀▄▄  ▀▄█▀   ▄▀ ▀▀█▀  ▄▄  ▀ ▀█  ▄▀ █ ▄██▀▀██
█▄▄▄  ▄▄▄  ▄▀███▀▄▀  ▀▄  ██ ▄▄▄     ▀ █▄▀█▀▄   ██ ▄▄▄ ▄█ ██
████▄ █▄█ ▀ ▀▄▀▄ ▄▄▀▄ ▀█▀▀▄ █▄█ ▀▄▄▄ ▄▄▀▄█ ▀   █  █▄█ █▀█ █
█▄█ ▀  ▄  █▄█▄█▄ █▀██▀ ▀▀▀ ▄ ▄▄▄▀▄██ █▄▄▀ ▄██  ▀█▄▄▄ ▄▄▄▄██
█▀█  ▀ ▄▄██▀▄▄▄  ▄ ▄█ ▄█▀▀▀▀ ▄▀ █ ▄█ ▄█  ▀  █ ▀██▀▄ ▀▄▀▄█▄█
█▄▄▀██ ▄█  █▄▀▄███▄█▀ ▀█▄█▀▄▄ ▄██▀ ▀  ▄  ▄  ▀██ ▄▄ █▀▄▄▄ ▀█
█  █▄▀▄▄█▄██▄██ ▄█▀▄▄▄▄█▄  ▄▄██ ▀▄▀█▄    █▀▀█▄▄▄▀▀█▄▄▄▄█▀▄█
█ ▄▄ ██▄▀▀▀▄  ▀ ▀ ██▀ ▀▀▀█▄ ▀ ██ █ ▀▀██▄ █▄▄█████  █▀  ▄▄▄█
█▄▄ ▄█▄▄█▀ █ ▀  ▀▄▀▄▀▀ █▄▀ ▄▀▄▀▀▄ ▄█  █▀▄█ ▀█  ▄█▄▀ ▀▄ ▀▄ █
█ █▄  ▄▄█████▀ █▄ ▄█ ▀▀█▄▄▀▀▀▄█▀▀█▀▄ █ ▄▀▀█▀█   ▄█▄▀▀▀▄█▄▀█
█▀▄▄ ▄▀▄    ▄  ▄ ▄▀ █▀▄▄▀ ▀  █  █ ▄█▄▄█ ▄▀▀▀█▄ ▄██▄ ▀▄▄▄ ██
█ ▀ ▀▀▄▄ ██▀ ▀▀▀▀ ▀▀▄ █▄ ▄ ▄▀▄▀▀▄▀██  ▄█▄▄▄ █▄▄▀█ ▄█  █▄▄██
███████▄▄   ▀██▄█▄▀▄▄ ▄█  ▄ ▄▄▄ █▄▀██▄ ▀▄█▀▀▀▄▀██ ▄▄▄   ▄ █
█ ▄▄▄▄▄ █▀▄ ▄█▄▄   ▀█▄▀█  ▄ █▄█  █▀▀▀▀   █▀ █ ▄▀▀ █▄█ ██ ██
█ █   █ █▄▄▄  ▄▄▀▀  ▀ █▀▀▄▄▄ ▄ ▄▀  █▄ █▀ ██▀█  ██▄▄  ▄█▀▀▀█
█ █▄▄▄█ █▀▀ ▀ █▄▄█ ▀▄█▀ ▄ ██▀ ▄ ██▄█▄ ▀█▀▀▀▄█ ▄▀ █▀▄█▄█████
█▄▄▄▄▄▄▄█▄▄▄█▄█▄█▄▄▄▄▄▄████▄▄██▄███▄▄▄▄█▄█▄▄█▄█████▄▄████▄█

Scan this QR code:
▄▄▄▄▄▄▄▄▄▄▄▄▄▄▄▄▄▄▄▄▄▄▄▄▄▄▄▄▄▄▄▄▄▄▄▄▄▄▄▄▄▄▄▄▄▄▄▄▄▄▄▄▄▄▄▄▄▄▄
█ ▄▄▄▄▄ █▀▀ █▄▀▀  ▀▄▄ ▀▀▄ ▄▄█▀    █▄▀▀▄▄    ▄▄█▄ ██ ▄▄▄▄▄ █
█ █   █ █▄▀▀▄▄▄███▄▄ ████▄███▄█ █▄▄▀▄█▀▀██▀▄ ▄▀▄ ██ █   █ █
█ █▄▄▄█ █  █ █ ▄██▄▀▀███▀▄  ▄▄▄  █ █▄▀▀▄  ▄  ▄ ▀▄██ █▄▄▄█ █
█▄▄▄▄▄▄▄█ ▀▄▀ ▀ ▀ █▄▀ ▀▄▀▄█ █▄█ ▀▄█▄█ █ █▄▀ ▀ ▀▄█ █▄▄▄▄▄▄▄█
█▄▄█ ▀▀▄ ▀▀▄▄█▄▀▀█▄ ▄█  ▀█▄▄  ▄▄██ ▄▄▄▄█ ▄█▄▄████▄▀▄▄▄▀▄ ▀█
█▄█▄▄▄▀▄▀█▀█ ▄▀██ ▀▄▄▄  █▄▄▀█▄ ▀▄▄▀███▄▀ ▀▄█▄▄███ ▀▀ █▀██ █
██▀▀█▀█▄█ █ ▄▄▄██ █▄▄█ ▀▄▄  ▄ █▀█ █▀▄▄▀█   ▄█ ▄ █▄▀█▄ ▀ █▄█
█ █▄▄█▀▄▄█▀█▀███▀██ ██▄▀▀▄██ █ ▄▀█▀██▀▄██▀▀▀▀███ ▀██ ▄▀█▄██
█ █▄▄  ▄██▀▄█ ▀ ▄▄▄▄█  ▀▄█ ▄   ▄▀▄▀█ ▄█ ▄▀ ▄█▄▀█ █  ▄▀ █ ██
██  ▄█ ▄█▄ ▄█ ▀▄ ▀▄ ▄██▄ ▄ █ █▄ ▀█ █▀    █ ▀█▄▄██▄▄██▄██▄ █
██   █ ▄▄▀ ▄▀████ ▀  █ ▄▄ █   ▄▄ ██▄█▄██  ▄▄ ▀█▄▀█▄██  ▄▄▀█
█▀▀ ▄ ▀▄ █▄ █▄▄▀█ ▄▄▀ ▀ ▀▀▄█▄▀█  ▀█ █▄ ██▄██▀ █▀▄█▄ ▀▀▀█▄ █
█▀ █▀  ▄ ▀█▀ ▀  █ ▄▄██▄ ▄▄█▄ ▄▀█▄▀██  ▀█  ▀█▄▄█ ▄▄ ▄▄▄▀▄▄██
█▀▄▀  ▄▄▄ ██ ██▀▄█▀▀▄▀█▄█▄█ ▄▄▄ ▄ █▄▀█▀   ▀▀ ████ ▄▄▄ ▄▄▄▀█
██▀█▄ █▄█ ▄▀▄  █ ▄▄██ ██▀▄▄ █▄█ ▀ ▄█ ▄█ ▄█▀▄█▄██▄ █▄█  █▀██
████▄  ▄ ▄█ ▄▄█  ▀▄███▀▄▄█▄ ▄   ██▄██▀▄▄▀█  █  █▀  ▄▄▄▀▄  █
█▀▄█▄▄ ▄▄▄█   ▄█▄█▄ ▄█▄ ▄▄ ▀█▄▄▄▄█ ▄▄ ▄▄ ▄█▄ █ ▄▄██ ▄▄▄█▀ █
█▄▄ ▀█▄▄█ ▀▄▄▄▀█ █▀▄▀▀▄█▀▀▀▀ █▀▄▄▄█▄███▄▀ ▀▀▀▀▄▄  █ ▀▀ ▄▀ █
███▀▄▄ ▄ ▀█▀▄ ▄▀    ▀    ▄██  ▀ ▄▄▄ ▄▄ █  █▄▄▄▄▀█▀ ▄▄ █ █▀█
█▀██ ▄▄▄ ▀ ▀█ ▄▀ ▄▄ █ ▀ ▀▄▀  ▄▄ ██▀▄▀█ ██▀ █▄███▄  ▀▀ ▄█ ▄█
█ ▀▀█▀█▄ ██▀ ▄ ▄ ▄ ▄▀▀ ▀▀█ ▄▄▄  ▄  █▄▄▄▀██▀▄▀ ▀██ ▀ █▄▄  ▄█
█▄▀█▄▄▄▄█ ▀▄█▄█▀▄ █▄▄▀ ██▄█ ▀▄▄▄█▄ ▄██▄██ ▄█  ▀█▀ ▄▄█ ██▀▄█
█▄ ▄▀▀█▄▀ ▄▀▀▄▀▀▄▄▄▄ ▄ ██▄ ▄▄▄█▀▄██▄▀ ▄▄▄▄▄▄███▄ ▄▄▀▀█ ▀▀▀█
█ ▀ ▀▀▄▄ █ █   ▄▀▀▄▄ ▀▀▄█▀ █▀▀▀ ▄█▄▀▄  ▀▀ ▀▄ █▀   ▄▄ █ ██▄█
███████▄█▀ ███  ▄  ▄ ▄  █▄▄ ▄▄▄   █  ▄ █  ██  █ ▀ ▄▄▄   ▀▀█
█ ▄▄▄▄▄ █▄█▀▀▀▀   ██  ▄▄▄█▀ █▄█ ██ █▀    ▄ █  ▀▄█ █▄█ ▄█▄██
█ █   █ █▀▄▀ ▀ ██▀▀ ▀ ▄▀▀ █▄ ▄  █▄▄▄▄▄▀ ▄█ ▄▀ ▄██▄▄  ▄█▄  █
█ █▄▄▄█ █▀█▀▀▀▀████ ▄▄▀▀█▀█▀▄ █▀█▄▄▄██ █▄▄ █  ▀█ ▄ █▄ ▄▄█▄█
█▄▄▄▄▄▄▄█▄▄████▄▄▄█▄█▄▄▄█▄▄█▄▄▄▄▄▄███▄█▄█▄▄▄██▄██▄▄█▄▄██▄██

Scan this QR code:
▄▄▄▄▄▄▄▄▄▄▄▄▄▄▄▄▄▄▄▄▄▄▄▄▄▄▄▄▄▄▄▄▄▄▄▄▄▄▄▄▄▄▄▄▄▄▄▄▄▄▄▄▄▄▄▄▄▄▄
█ ▄▄▄▄▄ █▄▀▄ ▄██▀█▀▄▄█ ▄▄  ▀▀▀▄ ▄▄▀█▀█▄▀█▄ ▄▄▄ ▄ ██ ▄▄▄▄▄ █
█ █   █ █ █▀▀▀ ██▄█ ▄▄██▀  █ █▄▀ ▄▄▀▀ ▄▀█▄▀█▀█▀▄ ██ █   █ █
█ █▄▄▄█ █▄█▀ ▀▄█▀▀▄  ▀▄  █▀ ▄▄▄ ▄▀▀█ █  ▀▀ ▀▀█▄▀▄██ █▄▄▄█ █
█▄▄▄▄▄▄▄█▄▀▄▀▄█ █▄█▄▀▄▀ ▀▄█ █▄█ ▀ ▀ █ █ ▀ █▄▀▄▀▄█ █▄▄▄▄▄▄▄█
█ ▄  ▀▀▄▀▄  ▀ ▀█████▀█ ▄  █ ▄▄   █ ▄▀▀▀█ ▄▄ ▄███▄  ██▄▄ ▀ █
█ █ ▄▄▄▄▀▄█▀█▄ ▀▀  ██ ▄▄ ▄█▄▄▀  █ ██▄▀█▄█ █ █▀▀▄▄▄▀█▄█ ▄  █
██▄▀ ▀▀▄▀▀█▀▄▀▄ ▀▄█▄▀▀█▄▄▄▄▀███▀██ ▄█   █▀ ▄▀█ ███ ▀▀▀█▄▀██
█▀▀▄   ▄▄█▄▀  ▄███▀  ▄ █▄█ █ ▄██▄▀█▄ █▀ █▄ ▄█▀█▄█ █▀█  ▀▄██
█▀ ▄▄▀ ▄▀ ▄ ▀█  ▀▀████ █ ▄█▄▄▄▀█▀▄▄▀▀▀█▄▄█▄▄   ▀ ▄█▄▄▀ ▄█▄█
█  █▄ ▀▄ ██▀▀▀▀▀ ▄█▀█▀▄█▀ ▄ █ ███▄█▄▄▀  █▀ █▀▀ ▀▄▄▀▀▄ ██▄▀█
█▀▀▄▄ ▀▄▀▀ █▀▀ ██ ▄▀██ ▄▀█▀ ▄ █ ▀▀▀███▀█ ▄▀ ▀█▀▄▄  ▄ ▄██  █
█▄█▀▀██▄█ █▀▄▄▄▄▀▄   ▄    █▀▀▄▀▄ ▄ ▄▀▄▄█▀▄ █▀█▄▄▀▄  █  ▄█▄█
█ ▀▀█ ▀▄▀██▀ ▄▄▀ ▄ ▄█ ███▄█▀█▀▄█▄▄  ▄ ▀▀▀▀▄█ ▀▀▄▄▄█▀▀█▀█▄▄█
█ █▄▀ ▄▄▄  ▄▀▀▀▀  ▄▄▀▀█▄█▀▀ ▄▄▄ ▀ ▀ ▄▄ ▄ ▀▄ ▀ ▀██ ▄▄▄ ▀▀▀██
█ ▄██ █▄█ ▄█ ▀█▄  █▄█▄▀▀ ▄█ █▄█   ▀▀▀▀█▄▄▀██▀▄ ▀  █▄█ ▀ ▄▄█
█▄▀▀█▄▄▄▄▄▀▀▄██ ▄ ████▄█   ▄▄ ▄▄▀ ▀▀▀ ▄▄▀▀██▀ ▄█▄  ▄ ▄█▄▄▀█
█  █▀  ▄▄▀▀ ▄█ ██▄▄▀▀█ ▄  █▄ █▀▀▀█ ▄ ▀ ██▄ ▀▀█▄███ █ █▀█▀██
█▄▄█▄▄▄▄▀▀█▄ ▀ ▄█▀ █▀▀▄▄▀████▄ ██ █ ▄▀▀▀▄██▀ █▀▀ ▄▄▄▄▀ ▄  █
██ ▄█▀ ▄ █▄█   ▀███ ▀███ ▄█████▀▀▀ █▄▄█▀█▀██▄▀█▄██ ██▄ ▀███
█▄█▄▀▀ ▄ ▀   ▀▄▀ ▄ ▀   █▄▀█  ▄▀█▀█▀██ ▄▄▀ ▀ █▄▄▀ ▄▀█ ▄█ █▄█
█▀█▄▄  ▄▄█  ▄▀▄█▀  ▀ █ ▀█▄▀ ▀  ▄█▄▄▀▀█▄█▄▀▀▄▄▄  ▄▀█▄▀ ▀▄█▄█
█▀█ ▄ █▄█▀▀▄▄▄▀  ██▄ ██ ██▀██▀▄ ▀▀██▀▄▄ █▄▄ █▄ █▀▀▄▀█▄██▄██
█  ████▄██▄▀▄▀▄ ▄█▀▀▀▄ █▀▀▄▀▄▄ ▀▀█▄▄▄█▀▄  ▄ ▀▀ ██▀ ▄█▄▄▄▄ █
█ ▀ ▀▀▄▄▄▀  ▄▀█ ▄▀ ▄ ▀▄█▄▄██▄██▀  ▀▄  ▄█▀██ ▀█▄ ▀▀▄▄█▀ ▄ ▄█
███████▄█▀▀ █▀ █▀█ ▄  █▀██▀ ▄▄▄  █ ██▄▀ ▀▀██▄▀▀▄█ ▄▄▄ ▄█▀██
█ ▄▄▄▄▄ ███▄▀▀█▄▀ ██▀▄ ▀▄██ █▄█ ▀█ █▀▄▀▀▄████████ █▄█  ▀▄▀█
█ █   █ █▀▄ █▄█ ▀█▀█ ▄██ ▀█ ▄▄  ▄  ▀█▀▄█ ▀▄▄ ▄ ▀█ ▄▄▄▄▄▄ ██
█ █▄▄▄█ █ ▄▀▀ █▀  ▀ ▄▀███▀█▀▀██▀█   ▄ ▀▀▄▄ █▄█ ▄▀▄▀ ▀▀▄▄█▀█
█▄▄▄▄▄▄▄█▄█▄█▄▄▄██▄█▄█▄▄█▄██▄▄███▄██▄█▄▄▄▄▄████▄█▄██▄▄█▄███

Scan this QR code:
▄▄▄▄▄▄▄▄▄▄▄▄▄▄▄▄▄▄▄▄▄▄▄▄▄▄▄▄▄▄▄▄▄▄▄▄▄▄▄▄▄▄▄▄▄▄▄▄▄▄▄▄▄▄▄▄▄▄▄
█ ▄▄▄▄▄ █▀ █▀ ▀ ▀█▄▀▀▀▀▄█▄▄█▄▄▄▄ ▀▀█ ▀ ▀ ▄  ▀▄▄▄ ██ ▄▄▄▄▄ █
█ █   █ █▀  ▀▄ ███▀ █▄▄▄▀ ▀█▄█ ▄ ██ ▀▀█▀▄▄▄ ▀█ ▄ ██ █   █ █
█ █▄▄▄█ █▀▀████▀▄█▄█▄ ▄█▀ █ ▄▄▄ ▄▀▀█▀▀▄▀ ▄▄▄ █▀▀▄██ █▄▄▄█ █
█▄▄▄▄▄▄▄█▄█ ▀ ▀ ▀▄▀ ▀ ▀ █ █ █▄█ ▀▄█ ▀▄█ █ █▄▀ ▀ ▀▄█▄▄▄▄▄▄▄█
█  ▄  ▀▄ ▄█ ▀▄ ▀ ▄▀▄ █▀▀▄▀ ▄    ▀█▀█▀  █▀█   █▄▄ ▀ █▄▀▄▀▄▀█
█  ▀█▄ ▄   █▀▀▄ ▄ ▀ ▀▀▀ █ ▄█▄  █▀▀▄██▀▀▄▀▀▄▀▀▀▄█  █▄▄▀▀▀ ██
█▀▀ █▄▀▄▄ █▄  ▄▄▄█▀ ▄▄▀▄  ▀ ██▀██▀█▄  ▀▄▀█  █▀ █▀ ▀▄▄█▀▄███
█ ▀  ▄▄▄ █ ▄▄▀▀█ ▄ ▄▀█ █▄ ▀█ ▄▀ ██▀▀ █ █    ▀█▀▄█ ▀█ ▄█▀ ██
██▀▀▄  ▄   ▄█▄▄█▄▄ ▄▀█▀█ ▀█▀▀ ▀ ▄▀▀█ ▄ ███▀ ▄▀▄█ ▀███▀ ▀█▄█
█▄  ▄  ▄██▀▀▀▄▀█▀▀ ▄█▄▄▀▀█ ▄▀  █▀ ▀ ▄▀▀▀▄ ██▀▀▄▀▀  ▄▄▀▀▀ ▀█
██  ▀▀▀▄ ▀▀█▀▄▀█▄▀▄▄▄█▀█▀▄▀ ▀▀▀ ▄▀▄█  ▀█▄█▀ █▀▄█▄▀ █▄▀█  ▀█
██▄██▄▄▄▀▄▄▀ ▀█ ▄ ▄ ▄█  ▀█▀ █▀█▄█▄▄ █▀█ ▄██▀██▄▀▄▀▀▀▄▀▀▀▀██
██ ▄ █▄▄ ▀ ▄▀▀█ ▄█  █▄██  ▀▀▀▀█▀▄ ▄ ▄▄▀▄▀██▀▄█▄█ ▀▀▄▀▀█ ▄▄█
██ ▀▀ ▄▄▄ ▄▄▄ █▀█▄▄█ ▀▄█    ▄▄▄    ▀▄▀█▄▀▀▄▀▄█    ▄▄▄ ▀  ▀█
█▀▄ ▄ █▄█ ▀▀▄▄▀▀▀▄▄▀ █▄█▀ ▀ █▄█ ▄█▄▄   ███▀▀ ▀███ █▄█ ▄ ▄ █
█▀▄ █  ▄▄▄▄█  █▀▀▄█ █▄██ ▀▄ ▄▄▄▄█▄█▀██ ▀▄▄▀▄▀▀▄█▄▄▄ ▄▄▀▀ ▀█
███▀▄██▄▀ ▄▀█▄ ██▄▄▄▄▄██▀ ▄▀▄█▀  █▀█   ██▀   ▀▀██▄▀ ██  █▄█
█ ▄▄▄█▄▄▄▄ ▄▄ ▄ ▄ ▀ █▀██▀▀▄▄  ▀ ▀█▄▄▀▄▀ ▄▀ █▄██▄▀▄ █▄█  ▄▀█
█ ▀ █▀▄▄  ▄▄▀▀▄ ▀█▄▄▀▀▀█▄ █▄▀█▀▄▄▀██ ▄ ▄ ▀▀  ██▄▀█ ███▀▄█ █
██▀█▀█▀▄▄▀▄▄ ▀▀▀▀█▀▄▀  ▀▄ █ ▀█ ▄▀█ ██ ▄█▄ █▀ ▄▄▄▀▄▄▀ ▀▀▀▄▄█
█▄▄▄▄▀▀▄█ ▀▀█▄▀ ▀▄  ▄▄▀▀▀▀█▀█▄ ▄▀█▀█▄ ▀▄▄█▀ ▄█ ██▄  ▄▄▄ █▀█
█ ▀▄██▀▄█▀▀▀█▄▄███▀ ▄ ▀ ▀ ▀▀ ▀  ████▀▀▄▄▄█ █ ▀ ▄▀▀▀▀▄█▀ ▀██
█ ▄▀█▀▀▄▀█▀ ▄  ▄██▀ ▄▄▀▄  █▀██ █ █ ▄▄▄▀████ ▀██▄▀  ▄▄█▄▀█▀█
█ ▀ ▀▀▄▄█▄▀█ ▄█▀ ▀▀██▄▄▀██▄▄ ▀▀▄▀ █ ▄ ▄█▄ █▀▀ █▄▀▄ █▀▀   ▀█
███████▄▄ ▀ ▀▀ ▀▄▄   ▄▀█  ▄ ▄▄▄  ▀▄█ ▄▀▄▀▀ ▀ ▀ █▀ ▄▄▄ ▄█▀▄█
█ ▄▄▄▄▄ █▄▄ ▄██ █▄ ▀ ███▀▄█ █▄█ ▀█▀▄▀██▀▀▄█ ▄█▀▄  █▄█ ▀▀▄▀█
█ █   █ █ █▀ ▀█ ▄▀▀▄▄██▀▀▄   ▄ ▄▄██▄▄▄▄██▀  ▄▀███  ▄ ▄█ ███
█ █▄▄▄█ █ ▄ ▀▄█ ▄ ▀▄▄█ ▄▀██ █▀▀█▄██▀▀▀ ▄▄ ▄▀▀▀  ▄  ▄██  ███
█▄▄▄▄▄▄▄█▄█▄█▄█▄██▄▄█▄██▄▄▄████▄▄▄▄▄▄▄█▄▄██▄███▄▄▄▄█▄▄▄█▄██

Scan this QR code:
▄▄▄▄▄▄▄▄▄▄▄▄▄▄▄▄▄▄▄▄▄▄▄▄▄▄▄▄▄▄▄▄▄▄▄▄▄▄▄▄▄▄▄▄▄▄▄▄▄▄▄▄▄▄▄▄▄▄▄
█ ▄▄▄▄▄ ██▄█ ▄▀▀▄▄▀▄▄ ██ ▄▄▄▄ ▄  ▀     ▄▀█   ██▄ ██ ▄▄▄▄▄ █
█ █   █ █▄█▀▀ █▄▄▄▀█▀▄███▄█▄ █ ▄█▄▄▀▄█▀ ▄▄█ ▄█▀▄ ██ █   █ █
█ █▄▄▄█ ██▀ ▀█▄██▄▀▀ ▀ ██▄▀ ▄▄▄ ▄▄█ ▄   ▄██ ██ ▀▄██ █▄▄▄█ █
█▄▄▄▄▄▄▄█ ▀ █ ▀▄▀▄█▄█ █ ▀▄▀ █▄█ █▄█ █ ▀▄█ █▄█ █▄█ █▄▄▄▄▄▄▄█
█▄  ▀▄▄▄ ▄ ▄  ▄▄██▀ ▄▄ ▄▄█ ▄▄▄▄▄█▄ ▄█▄▄▄ ▄ █▀▄██ █ ▄▀▀▀▄█▀█
█▀█  ▀ ▄██ ▀▄  ▀███▄█  ▀██▄▄▄▄█▀█ █▄▀ ▀▄▀█ ██▀▀▀ ▄ █▀▀██  █
██ ▀  ▀▄▄▀▄▄▄▀ █▄██▄█▄ █▄▄ █ ▄█▀▀ █▄█ ▄▄  ▀██ ██▄▄▄▄  █▄█ █
█▀▄▄█ ▄▄ ▄▄▀▄█▀▄███▄██▀▀  █▄▀▄▀ ▀ ▀▀▄ █▄█ ▄▀ ▄▀▄ █  ▄▀ █▀▄█
██ █▀▄█▄▀  █▄▄  ▄▄  ▄█▄▄▄██▄ ▀██▀▄ ██▄█▄▄▄▄▄▄ █▄███▄ ▄▄██ █
█▄▄  ▀█▄▄   ▀▀█▄▀ █▀  ▀▄ █ █ ▀▄█▀█ █ ▀█▄█▀ ▄▀ █▀▄▄█▄▀▀██ ▄█
██▀█▄██▄▄  █ ▀█▄█  ▄ ▄ ▄█ ▄▀▄ ▀█ ▄▀█  ▄▄▀ ██▄ ▀▄ █▄█ ▄▀ █▀█
███▀█▄▀▄▀ ▀▀▄▀█▀█▀█▀ ▄▄██▀█▀█▀▄█ ▄▄▀▄▄▄█▄ █▄▀▄ ▀▄█ ▀█▀███▄█
█ █▄ ▄▄▄████ ▄ ▀██ ▄▀█ ▄█▄▀   ▄█ ▀█▀▄ █▄▄ ▄█▄▄▄██▄█▄  ▀█ ▀█
██ █▀ ▄▄▄  ▀▀▀▀▀   ▀▄ █▄▀▄▀ ▄▄▄ ▄▀▀  ▀█▀ ▀▄█▄▀▀▀  ▄▄▄ █▄▄▄█
█▀▄ █ █▄█ █ █ ▀ ▄█ ██▄█▄███ █▄█   ▄█▄ ▄▄ ▄▄▄▀▄██  █▄█  ▄▄▄█
█▀▀██▄▄▄▄▄▄ ▄█▀█▀▀▀ ▀     ▄   ▄▄██▄▀▀▄▄▀▄ ▄▄█▀▀ ▀ ▄▄▄▄▄█ ▄█
█▀▄▄  ▄▄ █▀   █▄██▄▄▄▄█  █ █▄▄█▄▄▄ ▄  ██▀▄▄█▀ ██▀██▄█▄▄  ▄█
█ █▄ ▀▀▄▀▄▀▀█  ▄▀ █▄ ▄ ▀▄▀███▄█▄█▄▀█▄▀ ▀██▀ ▄▀████▄▄█▄██▄▄█
█▄ ▀   ▄▄ ▀▄█▀▄▄ ▄█ █  ▄ ▄▀  ▄██ ▄█▄▀▄▀▄▄ ██▄  ███▄  █ ▀  █
█▀ █▀▀▄▄█ ▄▀ ▄   ▄▄▄█▀ █ ▄ ▀ ▄▄▄██▀█ ▄▀█  ██▀█▄▀▄▀▄▄ ▄▀█ ██
█ █▄ ▀█▄▄██ █▄  ███  █▄▄ █▀ █████▄ ▄▄▄▄█ ▄▄█▄▄▄█▀ ▀▀██▄██▄█
█▀▀█▀▄▄▄▀▄▄▀▀▄ ▄█▄█▄▄  ▀██▀   ▄ █▄  ▀▄ ▀ █ ▄▀▀▀ █▀ ▄ █▄▄  █
█████▀▀▄▄▀   ▄██▄██▄▄█ ██▄▀▀▄▄▄▄▄▄██  ▄▄  █▄▄ ██▀█▀▄▄▄▀▄▀▀█
█ ▀ ▀▀▄▄▄ ▄█▀ █  ▄█▄ ▀▀█▀█▄█      █ ▀█▀▄▀ ▀ ▀▀█ █     ██ ▄█
███████▄█▀▄▀█▀▄ ██▄ ▄▄ ▄█▄█ ▄▄▄ ▄ █▄▄▄▄▄ ▄██ ▄▀▄█ ▄▄▄ ▄██ █
█ ▄▄▄▄▄ █ █▄█▄ █▄▄▀ ▄▀ ▀▀█  █▄█ ▄  █ ▄█▀▄ ▀▀ ▄▄█▄ █▄█ ▄▄▄ █
█ █   █ █▄ █▄▀█ █ ▄▄ ▄▀ █ █ ▄▄▄ ▀▄▄▄▄▄▄██▄▀█▄ ▄▄▀ ▄▄▄▄▀█ ██
█ █▄▄▄█ █ █▀▀█▄▀█▀▀  ▄ ▄█▀▀▄ ▄█▀ ▄█▀█▀█▄ █ █▀▀██▀▄██▄▄▄▄▀▄█
█▄▄▄▄▄▄▄█▄█▄█▄████▄▄█▄▄▄██▄▄▄▄█▄▄███▄▄██▄▄▄▄▄▄█▄██▄▄▄▄██▄▄█

Scan this QR code:
▄▄▄▄▄▄▄▄▄▄▄▄▄▄▄▄▄▄▄▄▄▄▄▄▄▄▄▄▄▄▄▄▄▄▄▄▄▄▄▄▄▄▄▄▄▄▄▄▄▄▄▄▄▄▄▄▄▄▄
█ ▄▄▄▄▄ █▀ █▀ ▀  ██ ▄▀▀█▄ ▄█▄▄▄▄ ▀▀▀█▄ ██  ▄▀█▄▄ ██ ▄▄▄▄▄ █
█ █   █ █▀  █▄ ███▀ ██▄▄ ▀▀█▄█ ▄▀▄█ ▄▀█▀▄█▄ ▀█ ▄ ██ █   █ █
█ █▄▄▄█ █▀█▀███▀▄█▄█▄ ▄█▀ █ ▄▄▄  ▀▀█▄█▄▀ ▀▄▄ █▀▀▄██ █▄▄▄█ █
█▄▄▄▄▄▄▄█▄█ █▄▀ ▀▄▀ ▀ ▀ █ █ █▄█ ▀▄█ ▀▄█ █ █▄▀ ▀ ▀▄█▄▄▄▄▄▄▄█
█  ▄ ▄▀▄▄▄██▀▄ ▀ ▄▀▄ █▀▀▄▀ ▄    ▀█▀█▀  █▀█   █▄▄   █▄█▄▀▄▀█
█  ▀█▄▀▄▀  █  ▄ ▄ ▀ ▀▀▀ █  ▄▄  █▀▀ ▀█▀█ ▀▀ ▀▀▀ ▀▄▀██▄▀▀▀ ██
█▀▀▄ ▄▀▄▄▄▄█  ▄▄▄█▀ ▄▄▀▄   ▀ ▀▀██▀██  ▀█▀██▀█▀▄█ ▀▀▄▄▀█▄███
█   █▄▄▄ █ ▄▄▀▀█ ▄ ▀▀███▄ ▀█▀█▀ ██▄▀▄█▄▀ ▄▄▀▀▀▄▄▄ ▀█▀█   ██
█▄▀ ▄  ▄   ▄█▄▄████▄▄▄▀▀▀ █▀▀ ▀ ▄▀▀▄ ▄▀█▀█▀▀ ▀█▄ ▀███▀▀▀█▄█
██▄█▄▄ ▄██▀▀▀▄▀█ ▄ ▄██▄▀▄  ▄▀ ▀▄█ ▀ █▄  ▀ ███▀█ ▀ ▄▄▄▀▀▀ ▀█
█   ▀▄▀▄ ▀▀█▀▄▀█▄▀▄▄▄█▀█▀▄▀ ▀▀▀  ▀▄█▀▄▀███▀  ▀▄█▄▀▄▄▄▀█ ▀▀█
██▄██▄▄▄▀▄▀█▄█▀ ▄ ▄ ▄█  ▀█▀ █▀█▄██▄ █ █ █▄█▀▄█▄▀▄▀▄▄ ▀▀▀▀██
██ ▄ ▀ ▄   █▄▄▀▄▄█  █▄██  ▀█▀▀█▀▄ ▄ ▄▄▀▄▀██▀▄█▄█ ▀▀▄█▀█ ▄▄█
██ ▀▀ ▄▄▄ ▄▀▀ ▀▄█▄▄█ ▀▄█    ▄▄▄   ▄█▄▀█ ▀▀ ▀▄█▄   ▄▄▄ ▀  ▀█
█▀▄█▄ █▄█  ▀▄▄▀ ▀▄▄▀ █▄█▀ ▀ █▄█ ▄██▄  ▀███▀  ▀▀▄▄ █▄█ ▄█▄ █
█   ▀  ▄▄ ▄█  █▀▀▄▀██▄█  ▀█▄▄▄▄▄█▄▄▀▀█ █ ▄██▀██▄  ▄  ▄   ▀█
█▄█▀███▄▄ ▄▀█▄ ██▄▄▄ ▄█▀  ▄▀▄█▀  █▀█▀ ▀██▀▀ ▄▀ ▄▀█▀ ██ ▀▀ █
█▄▀▄▄█▄▄██ ▄▄ ▄ ▄▄▀ █▀██  ▄▄ █▀ ██▄▄▀▄  ▀▀ █▀ █▄▀▄ █▄    ██
█▄▄ █▀▄▄  ▄▄██▄ ▀█▄▄▀▀▀█▄ █▄▀█▀▄ ████  ▄██▀ ▄▀█▄▀█ ███▀▄█ █
██▀█▀█▀▄▄▀▀▄▄▄▀█▀█▀▄▀  ▀▄ █ ▀█▄ ▀▄ █▄▀▄██▀█▀ █▄▄▀▄▄▀ ▀▀▀▄▄█
█▄▄▄▄▀▀▄█ ▀ ▀█▄▀▀▄  ▄▄▀▀▀▀█▀█▄ ▄▀█▀█▄ ▀▄▄█▀ ▄█ ██▄ ▀▄▄▄▄█▀█
█ ▀▄██▀▄█▀ ▄ █▄███▀ ▄ ▀ ▀ ▀▀ ▀  ████▀▀▄▄▄█ █ ▀▄▄▀▄ █▄█▀▀▀██
█ ▄▄  ▀▄█▄▄▄▄  ▄██▀ ▄▄▀▄  █▄██ █ █▄▄▄▄▀████ ▀██▄▀██▄▄▄███▀█
█ ▀ ▀▀▄▄ ▀▀█ ▄█▀ ▀ ██▄▀███▄█ ▀▀▄▀ ▄▀  ▀▄▄  ▀▀▄ ▀▄▄▄▀▀▀▀  ▀█
███████▄▄▀▀ ▀▀ ▀▄▄▀▄ ▄▀▀  ▄ ▄▄▄  ▀▄█ ▄▄▄▄█  ▄▀███ ▄▄▄ ▄█▀ █
█ ▄▄▄▄▄ █▄▄ ▄██ ▀▄ ▀ ▄██▄██ █▄█ ▀▀▀▄█▄▄ █▀█  █ ▄█ █▄█ ▀▀ ▀█
█ █   █ █ █▀▄ █ ▄▀▀▄▄██▀▀▄  ▄  ▄█▀█▄ ▄▄█ █   ▀██▄  ▄ ▄█ █▄█
█ █▄▄▄█ █  █▀▀▀▄▄ ▀▄▄█ ▄▀██ ▄▀▀█▄██▀ ▀ ▄▄ ▄▀ ▀  ▄  ▄▀█  ███
█▄▄▄▄▄▄▄█▄▄██▄█▄██▄▄█▄██▄▄▄██▄█▄▄▄▄▄▄▄█▄▄██▄███▄▄▄▄█▄▄▄█▄██

Scan this QR code:
Scan this QR code:
▄▄▄▄▄▄▄▄▄▄▄▄▄▄▄▄▄▄▄▄▄▄▄▄▄▄▄▄▄▄▄▄▄▄▄▄▄▄▄▄▄▄▄▄▄▄▄▄▄▄▄▄▄▄▄▄▄▄▄
█ ▄▄▄▄▄ █▀ █▀ ▀ ██▄ ▄█ ▄ ▄▄█▄▄▄▄ ▀██▀▄ █ ▀ ▄ █▄▄ ██ ▄▄▄▄▄ █
█ █   █ █▀  █  █▄█▀ ▄▄▄▄  ▀█▄█ ▄ ██   █▀▄▄▄  █ ▄ ██ █   █ █
█ █▄▄▄█ █▀███▄█▀▄█▄█▄ ▄█▀ █ ▄▄▄ ▄ ▀█▄ ▄▀ ▄▄▄ █▀▀▄██ █▄▄▄█ █
█▄▄▄▄▄▄▄█▄▀▄█▄▀ ▀▄▀ ▀ ▀ █ █ █▄█ ▀▄█ ▀▄█ █ █▄▀ ▀ ▀▄█▄▄▄▄▄▄▄█
█  ▄  ▀▄▄▄▄  █ ▀ ▄▀▄ █▀▀▄▀▄▄    ▀█▀█▀  █▀█   █▄▄   █ █▄▀▄▀█
█  ▀█▄ ▄▀█▄▄▄▄▄ ▄ ▀ ▀▀▀ █  █▄  █▀▀ ██▀▀ ▀▀▄▀▀▀▄█ ▄█▄█▀▀▀ ██
█▀▀  ▄▀▄▀█▄▄  ▄▄▄█▀ ▄▄▀▄    ▄▀▀██▀▄█  ▀▄▀█  █▀█▄▀▀▀▄▀██ ███
█▄█▄▀▄▄▄▀█ ▄▄▀▀█ ▄██▀█▀█▄ ▀█ █▀ ██▄▄▄██▄▄▄████▀ ▄▀▀█▀█   ██
█ ▀▀▄  ▄   ▄█▄▄███▄ ▀█▀▀ ▀█▀▀ ▀ ▄▀▀█   ███  ▄█▄█ ▀███▀ ▀▀ █
█ ▀ ▀▄▄▄██▀▀▀▄▀█▀▀ ▄ █▄▀ █ ▄▀  ▄█ ▀ ▄▄   █▄▄ ▀█▀▀  ▄▄▀▀▀█▀█
█▄▀ ▀█ ▄ ▀▀█▄▄▀█▄▀▄▄▄█▀█▀▄▀ ▀▀▀ ▀█▄█▄▄▀███▀  █▄█▄▀▄▄▄▀█ ▀▀█
██▄██▀▄▄▀▄ █▀▀█▄▄ ▄ ▄█  ▀█▀ █▀█▄▄█▄ █ █ ▄▄█▀█▄▄▀▄▀▄  ▀▀▀▀██
██ ▄ ▀▀▄▀▄ ▄▀█▄ ▄█  █▄██  ██▀▀█▀▄ ▄ ▄▄▀▄▀██▀▄█▄█▀  █▀██ ▄▄█
██ ▀▀ ▄▄▄ ▀ ▄█▄ █▄▄█ ▀▄█    ▄▄▄    ▀▄▀▀▄▀▀ █▄█ ▄█ ▄▄▄ ▀  ▀█
█▀▄▄█ █▄█ ▀▄▄▄█▄▀▄▄▀ █▄█▀ ▀ █▄█ ▄█▄▄  ▀███   ▀▄▄▀ █▄█ █▀▄ █
█▀█▀▀▄ ▄▄ ▄█  █▀▀▄█▀█▄▄▄ ▀▄ ▄▄▄▄█▄█▀▀▀▄▄▄ ▄▀█▀  █▄ ▄ ▄▀  ▀█
█▀  ▀██▄█ ▄▀█▄ █▀▄ ▄▀█▀▀▀ ▄▀█▄▀  █▀█ ▄ █▄█ ▀▄█▄███▀ ▄█  ▀ █
█▀ █▀█▄▄▄█ ▄▄ ▄ ▀ ▀ █▄██▄▀▄▄▀▀▀ ▀█▄▄█▄▀▀█▀▀█▀ ██▀▄ ██    ██
█ █ █▀▄▄  ▄▄ ▀▄ ▀█▄▄▀▀▀█▄ █▄▀██▀ ▀██▄  ▄██▀ ▀██▄▀█ ███▀▄█ █
██▀█▀█▀▄▄▀▀ █▄▀█▀█▀▄▀  ▀▄ █ ▀█   ▄ ██▀▄█▄ █▀▀█▄▄▀▄▄▀ ▀▀▀▄▄█
█▄▄▄▄▀█▄█ ▄▄█ ▀█▀▄  ▄▄▀▀▀▀█▀█▄ ▄▀█▀█▄ ▀▄▄█▀ ▄█ ██▄▀▄▄▄  █▀█
█ ▀▄█ ▄▄█▀█▀█ █▀██▀ ▄ ▀ ▀ █▀ ▀  ████▀▀▄▄▄█▄█ ▀ ▄██▀▀▄█  ▀██
█ ▄███▀▄▀██▄▄ ▄███▀ ▄▄▀▄  ▄███ █ █▄█▄▄▀▄██▄ ▀██████▀▀▄█▀█▀█
█ ▀ ▀▀▄▄▄ ▀█ ▄█▀ ▀█▀█▄█▄███▄ ▀▀▄▀ █▀  ▀▀▄  █▀ ▄▄▀▄ ▀▄▄   ▀█
███████▄█ ▀ ▀▀ ▀ ▄ ▄ █▀█  ▄ ▄▄▄  ▀▄█▄  ▄▄▀▀ █▀▄█▀ ▄▄▄ ▄▄▀▄█
█ ▄▄▄▄▄ █▄▄ ▄██ ▀▄ ▀▀▄██▄▄█ █▄█ ██▀▄▀█▄▀█▀▄ ▀ ▀█  █▄█ ▀▀▄▀█
█ █   █ █ █▀ ▀█ ▄▀▀▄▄██▀▀▄  ▄▄ ▄ ▀█▄▀▄▄█▀█   ████  ▄  █ █▄█
█ █▄▄▄█ █  ▄▄▄ ▀▄ ▀▄▄█ ▄▀██ ▀█▀█▄██▀ ▀ ▄▄▀▄▀▀   ▄  ▄▄▀  ███
█▄▄▄▄▄▄▄█▄▄██▄▄███▄▄█▄██▄▄▄█▄██▄▄▄▄▄▄▄█▄▄██▄███▄▄▄▄███▄█▄██

❌ Bot disconnected (408), reconnecting in 5s...
▄▄▄▄▄▄▄▄▄▄▄▄▄▄▄▄▄▄▄▄▄▄▄▄▄▄▄▄▄▄▄▄▄▄▄▄▄▄▄▄▄▄▄▄▄▄▄▄▄▄▄▄▄▄▄▄▄▄▄
█ ▄▄▄▄▄ █▄▀▄ ▄▄█▀█▀█ █▀▄▄  ▀▀▀▄ ▄▄ ▀   ███▄▄▄▀ ▄ ██ ▄▄▄▄▄ █
█ █   █ █ █▀█▀ █▄▄█ ████▀  █ █▄▀█▄▄▀ ▀▄▀██▀█ █▀▄ ██ █   █ █
█ █▄▄▄█ █▄▀▀▀█▄█▀▀▄  ▀▄  █▀ ▄▄▄ ██▀██▀  ██ ▀▀ ▄▀▄██ █▄▄▄█ █
█▄▄▄▄▄▄▄█▄▀▄█▄█ █▄█▄▀▄▀ ▀▄█ █▄█ ▀ ▀ █ █ ▀ █▄▀▄▀▄█ █▄▄▄▄▄▄▄█
█ ▄  ▀█▄▀▄▄▄▀ ▀█████▀█ ▄  █▄▄▄   █ ▄▀▀▀█ ▄▄ ▄███▀▀ █▀ ▄ ▀ █
█ █ ▄██▄▀▄▄██▀ ▀▀  ██ ▄▄ ▄▄▄ █  █ ██▄▀█ █ ▀ █▀█ ▄  ▄▄▀ ▄  █
██▄ ▀▀▀▄  ▀█▄▀▄ ▀▄█▄▀▀█▄▄▄▄ ███▀██ ██   █▀▄▄▀█▀█ █ ▀███▄▀██
█▄█ ▄  ▄█▄▄▀  ▄███▄█ ▄  ▄█ █ ▄█▀▄▀█▄▄▀█ █ ▀▀████ ▀█▀█  ▀▄██
███▄ ▀ ▄▀ ▄ ▀█  ▀▀▀▀▄▄▄▀ ▄█▄▄▄ █▀▄█▀█▀▄▄██ ▄  ▀▀ ▄█▄▄▀ ██▄█
███▀▄▄▀▄ ██▀▀▀▀▀█▀█▀ ▄▄█▀ ▄ █ █▄█▄█▄▀█▀▀ ▀ ▄▀█ ▀▄▄██▄ ██▄██
██▀▄▄ █▄▀▀ █▀  ██ ▄▀██ ▄▀█▀ ▄ █ ▀█▀█ █▀█ ▄▀ █▀▀▄▄  ▄ ▄██ ▀█
█▄█▀▀▀█▄▀ ▄▀█▄▄▄▀▄   ▄    █▀▀▄▀▄▀█ ▄▀▄▄█ █ █▀█▄▄▀▄▀▀▀▄ ▄█▄█
█ ▀▀█  ▄██ ▄▀▀█  ▄ ▄█ ███▄███▀▄█▄▄  ▄ ▀▀▀▀▄█ ▀▀▄▄▄▀ ▀▀▀█▄▄█
█ █▄▀ ▄▄▄ ▄▄▀▀ ▄  ▄▄▀▀█▄█▀▄ ▄▄▄ ▀ ▀▄▄▄▄▄ ▀▄▄▀ ▀▀▄ ▄▄▄ ▀▀▀██
█ ▄█▀ █▄█  ▄ ▀ ▄  █▄█▄▀▀ ▄█ █▄█     ▀▀▄█▄▀▀█▀▄█ ▀ █▄█ ▄▀▄▄█
█ ▀█ ▄ ▄▄ ▀▀▄██ ▄ █ ██ █   ▄▄ ▄▄▀   ▀ ██▀▀▄▄▀  ▄▄▄▄ ▄▄▄▄▄▀█
█▀▄█▀  ▄ █▀ ▄█ █ █▄█ ██  ▀█▄ █▀▀▀█ ▄▄█▀▄   ▀█▀▄▄▀▄ █▄█ ████
█  █ ▄▄▄ ██▄ ▀ ▄ ▀ ███▄▄ ███▄▀ ██ █ █▀▀▀ ██ ▄    ▄▄▄ █ ▄ ▄█
█▀ ▄█▀ ▄ █▄█▄▀ ▀███ ▀███ ▄████▀▀█▀ ██ █▀▄▀██ ▀█▄██ ██▄ ▀▄██
█▄█▄▀▀ ▄ ▀██ █▄▀ ▄ ▀   █▄▀█  ▄▄█▀█▀█▄▀▄▄  ▀ █▄▄▀ ▄▀█ ▄█ █▄█
█▀█▄▄▄▄▄▄█▀▀█▀ ▄▀  ▀ █ ▀█▄▀ ▀  ▄█▄▄▀▀█▄█▄▀▀▄▄▄  ▄▀ ▀▀ ▀ █▄█
█▀█ ▄▀ ▄█▀█▄▀█ ▄ ██▄ ██ ██▀██▀▄ ▀▀█▀▀▄▄ █▄  █▄▄▀█  ██▄▄▄▄██
█  █▀ █▄▀▄▄▀▄▀▀█▄█▀▀▀▄ █▀▀▄█▄▄ ▀▀█▄▄▄█▀▄   ▀▀▀▄██▀   ██▀▄ █
█ ▀ ▀▀▄▄▄▄  ▄▀█ ▄▀█  ▀▀▀▄▄▄█▄██▀  ▀█▄▄▄▄████▀▀▀▀ ▀█  █▀█ ▄█
███████▄█ ▀ █▀ █▀▄█ ▀ ████▀ ▄▄▄  █ █▄ ▀ ▀▀▀█▄█▄▄▀ ▄▄▄ █▄▀▀█
█ ▄▄▄▄▄ ███▄▀▀█▄█▄██▀▀ ▀ ▄█ █▄█ ██ █ ▄  █▀█▄▄▀▄█▀ █▄█  ▀███
█ █   █ █▀▄ ▀▀█ ▀█▀█ ▄██ ▀█     ▄  ▀ █▄█▀▀▄▄   ▀▄ ▄▄▄ ▄▄▀██
█ █▄▄▄█ █ ▀▄▀█▄█  ▀ ▄▀███▀█▀█▀█▀▄   ▄ ▀▀██ ██▄ ▄▀▄▀ ▀█▄▄█▀█
█▄▄▄▄▄▄▄█▄██▄▄█▄██▄█▄█▄▄█▄███████▄██▄█▄▄▄▄▄████▄█▄█████▄███

❌ Bot disconnected (408), reconnecting in 5s...
Scan this QR code:
▄▄▄▄▄▄▄▄▄▄▄▄▄▄▄▄▄▄▄▄▄▄▄▄▄▄▄▄▄▄▄▄▄▄▄▄▄▄▄▄▄▄▄▄▄▄▄▄▄▄▄▄▄▄▄▄▄▄▄
█ ▄▄▄▄▄ █▄▀▄ ▄▄██▀▀▄▄█▀█ ▄ ▀▀▀▄ ▄▄ ▀ ▄▀█▀█▄▄▀  ▄ ██ ▄▄▄▄▄ █
█ █   █ █ █▀▀█ ████ ▄▄██▀▀ █ █▄▀ ▄▄▀  ▄▀█▄▀██▄▀▄ ██ █   █ █
█ █▄▄▄█ █▄▀▀▄█▄█▀▀▄  ▀▄  █▀ ▄▄▄ ▄▄▀█▄    ▄ ▀██▄▀▄██ █▄▄▄█ █
█▄▄▄▄▄▄▄█▄█ ▀▄█ █▄█▄▀▄▀ ▀▄█ █▄█ ▀ ▀ █ █ ▀ █▄▀▄▀▄█ █▄▄▄▄▄▄▄█
█ ▄  ▀▀▄▀▄▀█▀▄▀█████▀█ ▄  ▀▄▄▄   █ ▄▀▀▀█ ▄▄ ▄███▀  █▀ ▄ ▀ █
█ █ ▄█▄▄█▄▀█ █ ▀▀  ██ ▄▄ ▄▄█ ▀  █ ▀▀▄▀█ █ █ █▀▀▄▄▀ █ █ ▄  █
██▄▀█▀▀▄▄▄██▄▀▄ ▀▄█▄▀▀█▄▄▄▄▀█▀█▀██▀▄█  ▀█▀█▄▀█ ██▄ ▀██▀ ▀██
█▄  ▄  ▄▄▄▄▀  ▄███   ▄▀▄▄█ █ ▄▀█▄▀▄█▄▀▄▄▀  ▀███  ▀█▀█▀ ▀▄██
█ ██▀▀ ▄▀ ▄ ▀█  ▀▀ ▀█▄▄▀▀██▄▄▄▀█▀▄█▀██▄▄▄█▀▄  ▀▀ ▄█▄▄▀ ▄█ █
███▄▄▄█▄ ██▀▀▀▀▀ ▀█▀██▄█▄ ▄ █ ██▀▄█▄▀▀  ▄ ▀▄ █▀▀▄▄██▄ ██ ▀█
█▄█▄▄ ▀▄▀▀ █ ▄ ██ ▄▀██ ▄▀█▀ ▄ █  ▀▀█ █▀█▄ ▀ ▀█▀▄▄  ▄ ▄██▀ █
█▄█▀▀ ▀▄█  ▀▀█ █▀▄   ▄    █▀▀▄▀▄▀▄ ▄▀█▄█▀█ █▀▄▄▄▀▄▀▄▀▄ ▄█▄█
█ ▀▀█▄█▄ ▄▄▄ ▀   ▄ ▄█ ███▄▀▀█▀▄█▄▄  ▄ ▀▀▀▀▄█ ▀▀▄▄▄ ▀▄▀▀█▄▄█
█ █▄▀ ▄▄▄  ▀██▀   ▄▄▀▀█▄█▀  ▄▄▄ ▀ ▀ ▄▄▄▄ ▀▄ ▀ ▀▀▄ ▄▄▄ ▀▀▀██
█ ▄ ▄ █▄█ ▄▀ ▀█▄  █▄█▄▀▀ ▄█ █▄█   ▀ ▀▀▄█▄▀ ▄▀▄    █▄█ █ ▄▄█
██ ▄ ▄ ▄  ▀▀▄██ ▄ █████   ▀▄▄ ▄▄▀  ▀▀▄▄ ▀▀▄ █▄▄▄█    ▄██▄▀█
█▀▄▀▄  ▄  ▀ ▄█ ███ ▀▀▄ ▄▀ █▄ █▀▀▀█ ▄▄▀▀█▄▄▀ ██▄██▀ ███ ▄███
██▄▀ ▄▄▄▄██▄ ▀ ▄▄▀ █▄▄▄▄█▀██▀▀ █▀▄█ ▄█▀ ▄ ▄▀█▀▀  ▄▄▄   ▄  █
█  ▄█▀ ▄ █▄█▄  ▀███ ▀███ ▄█████  ▀ █ ▄█▀▀██████▄██ ██▄ ▀███
█▄█▄▀▀ ▄ ▀█  ▀█  ▄ ▀   █▄▀█  ▄▄█ ▄▀██ ▄▄▀ ▀ ▄█▄▀ ▄▀█ ▄█ █▄█
█▀█▄▄▀▀▄▄█▄█    ▀  ▀ █ ▀█▄▀ ▀  ▄█▄▄▀▀█▄█▄▀▀▄▄▄  ▄▀▀▀▀ █ █▄█
█▀█ ▄▄▀▄█▀████ ▀ ██▄ ██ █████▀▄ ▀▀█▀▀▄▄▄█▄▄▄█▄ █▀▀▄▀█▄▀█▄██
█  █▄▄ ▄▀██▀▄▀█ ▄█▀▀▀▄ █▀▀█▄▄▄ ▀▀███▄█ █  ▄▀▀▀█▄█ ▄██▄▄▄▄ █
█ ▀ ▀▀▄▄▀█  ▄▀█ ▄▀█▀ ▀▄▀▄▄▄ ▄██▀  ▀█    █▀▀ ██ ▀▄ ▄ ▄█ ▄ ▄█
███████▄█ ▀ █▀ █▀▄█ ▄ ██▄█▀ ▄▄▄  █ █▄  ▀▀▀██ █▀▄▀ ▄▄▄ ▄▄███
█ ▄▄▄▄▄ ███▄▀▀█▄▄▄██   ▀█ █ █▄█ ██ █ █  █ ▄▄█▀▄█▀ █▄█  ▀▀▀█
█ █   █ █▀▄ █▄█ ▀█▀█ ▄██ ▀█  ▄  ▄▄ ▀ █▄█▄▀▄▄▄  ▀█ ▄▄ ▄▄▄▀▄█
█ █▄▄▄█ █ █  ▄▀▄  ▀ ▄▀███▀█▀▀██▀▄▀  ▄ ▀▀▄█ █▄█ ▄▀▄▀ ▄▀▄▄█▀█
█▄▄▄▄▄▄▄█▄█▄█▄████▄█▄█▄▄█▄███▄███▄██▄█▄▄▄▄▄████▄█▄███▄█▄███

Scan this QR code:
▄▄▄▄▄▄▄▄▄▄▄▄▄▄▄▄▄▄▄▄▄▄▄▄▄▄▄▄▄▄▄▄▄▄▄▄▄▄▄▄▄▄▄▄▄▄▄▄▄▄▄▄▄▄▄▄▄▄▄
█ ▄▄▄▄▄ █▀ █▀   ██▄▀█▀ █▄▄▄█▄▄▄▄ ▀▀█  ▀▀▀█▄  ▄▄▄ ██ ▄▄▄▄▄ █
█ █   █ █▀  ▀  ███▀ █▄▄▄  ▀█▄█ ▄ ██ ▀▀█▀█▄▄ █▄ ▄ ██ █   █ █
█ █▄▄▄█ █▀██▀██▀▄█▄█▄ ▄█▀ █ ▄▄▄  ▀▀█  ▄▀▄▄▄▄█▀▀▀▄██ █▄▄▄█ █
█▄▄▄▄▄▄▄█▄▀▄▀▄▀ ▀▄▀ ▀ ▀ █ █ █▄█ ▀▄█ ▀▄█ █ █▄▀ ▀ ▀▄█▄▄▄▄▄▄▄█
█  ▄  █▄▄ ▀ ▄▀ ▀ ▄▀▄ █▀▀▄▀▄     ▀█▀█▀  █▀█   █▄▄▀  █▄▀▄▀▄▀█
█  ▀██ ▄  ▀██▄▄ ▄ ▀ ▀▀▀ █ ▀█▄  █▀▀▄██▀▀▄▀▀ █▀▀ ▀▄▀▄▄▀▀▀▀ ██
█▀▀▄█▄▀▄█ ▀█  ▄▄▄█▀ ▄▄▀▄   ▀ █▀██▀▄▄  ▀▄▀█ ▀█▀▀█ ▀▀▄▀▀▀▄███
█▀█▀▀▄▄▄▀█ ▄▄▀▀█ ▄█ ▀█ ▄▄ ▀█▀██ ██  ▄█▀▄ ▄▀██▀█▄▄▄▀█▀█▀  ██
█▄▀    ▄   ▄█▄▄██▄▄▄ ██▀▄▀█▀▀ ▄ ▄▀▀█▄  ▄▀▀ ▀ █▀▄ ▀███▀▀ █ █
█▀ █ ▄▄▄██▀▀▀▄▀█ ▄ ▄▄▀▄▀ ▀ ▄▀  ██▄▀ ██▀▀█▀▄▄▄▀█ ▀  ▄▄▀▀▀▄▀█
█▀█ ▀ █▄ ▀▀██▀▀█▄▀▄▄▄█▀█▀▄▀ ▀▀▀  █▄█  ▀█▀█▀  ▀▄█▄▀▀▄▄▀█ ▀▀█
██▄██  ▄▀▄▀▀█ ▄█▄ ▄ ▄█  ▀█▀ █▀█▄█▄▄ ▄▀█ ▄▄█▀█▄▄▀▄▀█▄ ▀▀▀▀██
██ ▄  █▄▀██ █▀██▄█  █▄██  ██▀▀█▀▄ ▄ ▄▄▀▄▀██▀▄█▄█▄▀ ▄█▀█ ▄▄█
██ ▀▀ ▄▄▄ ▀▄█▀█▄█▄▄█ ▀▄█    ▄▄▄   ▄█▄▀█▄▀▀▄▀▄█▄▄▀ ▄▄▄ ▀  ▀█
█▀▄▀█ █▄█ ▄▄▄▄▄▀▀▄▄▀ █▄█▀ ▀ █▄█ ▄█ █   ███▀▀ ▀ █  █▄█ █▀▄ █
█▀ ██ ▄▄ ▄▄█  █▀▀▄▄▄█▄▀▀ ▀█▄▄▄▄▄█▄▄ ▀█ ▀  ▄▄▀▀▄▄█▄▄▄  ▀▀ ▀█
██▄ ▀██▄  ▄▀█▄ ███   ▄▀█▀▀▄▀▄▄▀  █▀█▀▄▀▄▀▀  ▀▀ ▄▀▄▀ █▄▀▀█▄█
█▄  ▄█▄▄ ▄ ▄▄ ▄ ▄▄▀  ▄██▀▀▄▄▀ ▀ ██▄▄█▀  █▄ ██▀█▄▀▄ █▀█  ▄▀█
███ █▀▄▄  ▄▄ ▀▄ ▀█▄▄▀▀▀█▄ █▄▀█▀▀▄▀██   ▄▀▀▀  ██▄▀█ ███▀▄█▀█
██▀█▀█▀▄▄▀▀▄█▄  ▀█▀▄▀  ▀▄ █ ▀█▄▄▀█ ██▀▄█▄ █▀▀▄▄▄▀▄▄▀ ▀▀▀▄▄█
█▄▄▄▄█▀▄█  ▀▄▀▀▀▀▄  ▄▄▀▀▀▀█▀█▄ ▄▀█▀█▄ ▀▄▄█▀ ▄█ ██▄▀█▄▄▄▄█▀█
█ ▀▄██ ▄█▀▄ ▀▀  ██▀ ▄ ▀ ▀ █▀ ▀  ██▀▀▀▀ ▄▄█▄█ ▀▄ ▀▄▄█▄█▄ ▀██
█ ▄ ▄▀▄▄▀ ▄ ▄ ▄███▀ ▄▄▀▄  ▄ ██ █ ██▄▄▄▀▄██  ▀██▄▀ ▄▀ ▄ ██▀█
█ ▀ ▀▀▄▄█▄▀█ ▄█▀ ▀▀▀█▄█▄██▄▄ ▀▀▄▀ ▄▀▄▄▄▀ ▄█▄▀▄▀▀▀█▄█▄█▀▀ ▀█
███████▄█ ▀ ▀▀ ▀▄█▄  █▀█▀▀▄ ▄▄▄  ▀▄██ ▀█▀█  ▄███▀ ▄▄▄ ▄▄▀ █
█ ▄▄▄▄▄ █▄▄ ▄██ ▀█ ▀█ ██▀▀█ █▄█ █▀▀▄ ▄█ ▀██ ▀█▀▄  █▄█ ▀▀▄▀█
█ █   █ █ █▀▀██ ▄▀▀▄▄██▀▀▄   ▄ ▄▄▀█▄ ▄▄███  ▄▀███  ▄ ▄█ ███
█ █▄▄▄█ █   █ ▄▀▄ ▀▄▄█ ▄▀██ █▀▀█▄██▀   ▄▄▀▄▀▀   ▄  ▄▀█  ███
█▄▄▄▄▄▄▄█▄█▄█▄▄███▄▄█▄██▄▄▄██▄█▄▄▄▄▄▄▄█▄▄██▄███▄▄▄▄███▄█▄██

Scan this QR code:
▄▄▄▄▄▄▄▄▄▄▄▄▄▄▄▄▄▄▄▄▄▄▄▄▄▄▄▄▄▄▄▄▄▄▄▄▄▄▄▄▄▄▄▄▄▄▄▄▄▄▄▄▄▄▄▄▄▄▄
█ ▄▄▄▄▄ █▄▀▄ ▄▄███▀█▄▀▀▄▄▄ ▀▀▀▄ ▄▄▀▀ ▀▄▀▄▄▄ █  ▄ ██ ▄▄▄▄▄ █
█ █   █ █ █▀▀▀ ████ ▄███   █ █▄▀▀▄▄▀ ▀▄▀▄█▀█ ▄▀▄ ██ █   █ █
█ █▄▄▄█ █▄▀█▀▀▄█▀▀▄  ▀▄  █▀ ▄▄▄ ▀ ▀█▄▄  ▄▀ ▀▄▄▄▀▄██ █▄▄▄█ █
█▄▄▄▄▄▄▄█▄█ ▀ █ █▄█▄▀▄▀ ▀▄█ █▄█ ▀ ▀ █ █ ▀ █▄▀▄▀▄█ █▄▄▄▄▄▄▄█
█ ▄  █▀▄█▄█▀▄ ▀█████▀█ ▄  █ ▄▄   █ ▄▀▀▀█ ▄▄ ▄███▄ ▄██▄▄ ▀ █
█ █ ▄██▄▄█   ▀ ▀▀  ██ ▄▄ ▄ ▄▄▀  █ ██▄▀▀ █ █▄█▀▀ ▀█ ██▄ ▄  █
██▄ ▄▀▀▄ ▀▀█▄▀▄ ▀▄█▄▀▀█▄▄▄█ ▀▀█▀██ ██ ▀ █▀▀█▀█▀███ ▀█▀█▄▀██
███▄█  ▄▄█▄▀  ▄█████ ▄▄▄▄█ █ ▄▀▀▄▀██▄█ ▄█▄  ██▀█ ▄█▀█▀▀ ▄██
██▀█▀▀ ▄▀ ▄ ▀█  ▀ ██ █▀█ ▄█▄▄▄▀█▀▄▄ ▄▀█▄ █ █  ▀▀ ▄█▄▄▀▀▄▀▄█
█ ▀█  ▀▄ ██▀▀▀▀▀▄▀█▀▄█▄██▀▄ █ ▄█▀▄█▄ ▄▀▀ ▀▀▄██ ▀▄▄█▀▄ ██▄██
█ ▄▄▄▀█▄▀▀ █▀█ ██ ▄▀██ ▄▀█▀ ▄ █ ▀▀▀█▄█▀█▄ ▀ █▀▀▄▄  ▄ ▄██ ▀█
█▄█▀▀▄█▄▀    █▀█▀▄   ▄    █▀▀▄▀▄▀▄ ▄ █▄█▀█ █ ▄▄▄▀▄▀█▀▄ ▄█▄█
█ ▀▀█▀▀▄█▀▀▀  ▄▄ ▄ ▄█ ███▄███▀▄█▄▄  ▄ ▀▀▀▀▄█ ▀▀▄▄▄ ▀█▀▀█▄▄█
█ █▄▀ ▄▄▄ ▀▀▄█▀▄  ▄▄▀▀█▄█▀▀ ▄▄▄ ▀ █▄▄▄   ▀▄ ▀ █▀▄ ▄▄▄ ▀▀▀██
█ ▄█▄ █▄█ █▀ ▀▀▄  █▄█▄▀▀ ▄█ █▄█     ▀▀▄▄▄▀▀█▀▄█▀▄ █▄█ ▄▄▄▄█
█ █▀   ▄ ▄▀▀▄██ ▄ █▄██▀▀  ▀ ▄ ▄▄▀ ▀▀█▄▀▀▀▀▄▄▀ ▀▄█▄▄▄▄▄▄▄▄▀█
█▄█▄▀  ▄ ▄▀ ▄█ ███ ▀ ▄ ▄▀ █▄██▀▀▀█ ▄▄█ ▄█▄ ▀██████ ███▀█▀██
██▀ ▄▄▄▄ ██▄ ▀ ▄▄█ █▄▀▄▄████▄  ██▄█ ██▀ █▀▄ ▀█▀  ▄▄▄█▀ ▄  █
█▀▀▄█▀ ▄ █▄█ ▀ ▀███ ▀███ ▄████▄▄ █ █ ▄█▀█▀██▄██▄██ ██▄ ▀▄██
█▄█▄▀▀ ▄ ▀█▀ ▀▄▄ ▄ ▀   █▄▀█  ▄▄▀▀▄▀█▄▀▄▄▀ ▀ ▄▄▄▀ ▄▀█ ▄█ █▄█
█▀█▄▄ █▄▄██ ▀█▀▄▀  ▀ █ ▀█▄▀ ▀  ▄█▄▄▀▀█▄█▄▀▀▄▄▄  ▄▀▀▀▀ ▀ █▄█
█▀█ ▄▀▀▄█▀█▄▄▄▀▀ ██▄ ██ █████▀▄ ▀▀█▀▀▄  █▄ ▄█▄▄█▀ ▄▀█▄▄▄▄██
█  ▀ ▀▄▄▀▀▄▀▄▀█▄▄█▀▀▀▄ █▀▀▄▄▄▄ ▀▀██▄▄█▀▄   ▀▀▀█▄▀▀▄▄██ ▀▄ █
█ ▀ ▀▀▄▄ ▄  ▄▀█ ▄▀ █ ▀▄▄▄▄▄▀▄██▀  ▀▄  ▀▀█▀▄▀█▀ ▄▄ ▄   ▀▄ ▄█
███████▄█▀▀ █▀ █ ▄▄▄▀ █▀▄▄▀ ▄▄▄  █ █▄▄ ▀█▀▄█ ██▄█ ▄▄▄ ▄▄▀██
█ ▄▄▄▄▄ ███▄▀▀█▄ ███ ▄ ▀███ █▄█ █▀ █▀▄▀▀█ █▄▀▀▄██ █▄█  ▀ ██
█ █   █ █▀▄ ▀██ ▀█▀█ ▄██ ▀█  ▄  ▄  ▀▄█▄█ ▀▄▄   ▀█ ▄▄ ▄▄▄▀▄█
█ █▄▄▄█ █   ▄█▄▀  ▀ ▄▀███▀█▀▀▀█▀█   ▄▀▀▀██ █▄█ ▄▀▄▀ █▀▄▄█▀█
█▄▄▄▄▄▄▄█▄██▄█▄███▄█▄█▄▄█▄██▄▄███▄██▄█▄▄▄▄▄████▄█▄███▄█▄███

Scan this QR code:
▄▄▄▄▄▄▄▄▄▄▄▄▄▄▄▄▄▄▄▄▄▄▄▄▄▄▄▄▄▄▄▄▄▄▄▄▄▄▄▄▄▄▄▄▄▄▄▄▄▄▄▄▄▄▄▄▄▄▄
█ ▄▄▄▄▄ █▀ █▀ ▀▀▀▀▄ ▄█ █▄▄▄█▄▄▄▄ ▀███ ▄███▄ █ ▄▄ ██ ▄▄▄▄▄ █
█ █   █ █▀  ▀  ███▀ ██▄▄  ▀█▄█ ▄▀██ █▀█▀█▄▄ ▀▄ ▄ ██ █   █ █
█ █▄▄▄█ █▀▀█▄██▀▄█▄█▄ ▄█▀ █ ▄▄▄ ▀█▀█▄▄▄▀▄ ▄▄█▀▀▀▄██ █▄▄▄█ █
█▄▄▄▄▄▄▄█▄█▄▀▄▀ ▀▄▀ ▀ ▀ █ █ █▄█ ▀▄█ ▀▄█ █ █▄▀ ▀ ▀▄█▄▄▄▄▄▄▄█
█  ▄  █▄▄ ██▄▄ ▀ ▄▀▄ █▀▀▄▀▄     ▀█▀█▀  █▀█   █▄▄▀  █▄▀▄▀▄▀█
█  ▀██ ▄██ █ ▄▄ ▄ ▀ ▀▀▀ █ ▄▄ ▄ █▀▀▄▀█▀▀▄▀▀▄█▀▀ █▄▀█▄▄ ▀▀ ██
█▀▀ ▄▄▀▄█ ▄▄  ▄▄▄█▀ ▄▄▀▄    ▀▀▀██▀█▄   █▀██▀█▀█▄▀▀▀▄▄▀▀ ███
██ ▄▄▄▄▄▀▄ ▄▄▀▀█ ▄▄ ▀█▄ ▄ ▀█ ▄▀▄██ ▄ █▀▀ ▄▄██▀ ▀▄ ▀█▀█   ██
█▀▀▄█  ▄   ▄█▄▄█▄▄▀▄▄▄▀▀  █▀▀ ▀ ▄▀▀█ ▄ ███▀▀▄▀▄▄ ▀███▀▀ █▄█
█ ▄▄█ ▄▄██▀▀▀▄▀█ ▄ ▄ █▄▀▄  ▄▀  █▀▄▀ ▀▀▀  ▀█▄▀ ▄ ▀ ▄ ▄▀▀▀▄▀█
███ ▀▀ ▄ ▀▀█▀▀▀█▄▀▄▄▄█▀█▀▄▀ ▀▀▀ ▄█▄█  ▀██▀▀ ▀█▄█▄▀▀█▄▀█ ▀▀█
██▄██▄▄▄█▄▀▄█  ▄▄ ▄ ▄█  ▀█▀ █▀█▄█▄▄ █ █ █▄█▀██▄▀▄▀▀▄ █▀▀▀██
██ ▄ ▄▄▄ ▀ ▄▄▀ ▀▄█  █▄██  ██▀▀█▀▄ ▄ ▄▄▀▄▀██▀▄█▄█▀▀▀████ ▄▄█
██ ▀▀ ▄▄▄  █▄▄▄▄█▄▄█ ▀▄█    ▄▄▄    █▄▀▀▄▀▀ ▀▄█▄▄█ ▄▄▄ ▀  ▀█
█▀▄ ▀ █▄█ █▀▄▄██▀▄▄▀ █▄█▀ ▀ █▄█ ▄█▀█  ▄███▄▀ ▀ ▄▀ █▄█   ▄ █
██ ▄█ ▄▄▄▄▄█  █▀▀▄  █▄▀█ ▀▄▄▄▄▄▄█▄█ ██    ▄▀██▀   ▄▄ ▄█  ▀█
█▄▀ ▀██▄▄█▄▀█▄ ███  ▀█▀█▀ ▄▀██▀  █▀█ ▄▄█▀██▀▄█▄▄▀ ▀ ▀▄ ▀█ █
█  ▀▀█▄▄█▀ ▄▄ ▄ ▄█▀ ▀███▄▄▄▄  ▀ ██▄▄██   ▀ ██▀▄▄ ▄ ██▀   ▀█
█▄▄ █▀▄▄  ▄▄█ ▄ ▀█▄▄▀▀▀█▄ █▄▀███▄▀██▄▄ ▄▀▀▀ ▄▀█▄▀█ ███▀▄▄▀█
██▀█▀█▀▄▄▀█▄   ▄▀█▀▄▀  ▀▄ █ ▀█▄ ▀█ █▄▀▄█▄ █▀▀█▄▄▀▄▄▀ ▀▀▀▄▄█
█▄▄▄▄ █▄█ ▄▀▄▀▀▄▀▄  ▄▄▀▀▀▀█▀█▄ ▄▀█▀█▄ ▀▄▄█▀ ▄█ ██▄▀ ▄▄  █▀█
█ ▀▄█▄ ▄█▀█▄█▀█▄██▀ ▄ ▀ ▀ ▀▀ ▀  ██▀█▀▀ ▄▄█▄▀ ▀▄▄██ ▀▄█  ▀██
█ ▄█▀▄█▄▀▄ ▀▄ ▄███▀ ▄▄▀▄  ▄▀██ █ ██▄▄▄ ▄██ ▀▀█▄▄█▄ ▀██▀▀█▀█
█ ▀ ▀▀▄▄  ▀█ ▄█▀ ▀▄▄█▄█▄██▄▄ ▀▀▄▀ █▀▄▄▄█▄▄ ▀▀  ▀█▄▄▀▀ █▀ ▀█
███████▄▄▀▀ ▀▀ ▀██▄▄▀██▀  ▄ ▄▄▄  ▀▄██  ███▀ █▀█▄▀ ▄▄▄ ██▀ █
█ ▄▄▄▄▄ █▄▄ ▄██ ▀▀ ▀▄▀███▄█ █▄█ ▀▀▀▄▄██ ▄▀▄  ▄ █▀ █▄█ ▀▀███
█ █   █ █ █▀▀ █ ▄▀▀▄▄██▀▀▄  ▄▄ ▄ ▀█▄▄ ▄███  ▄████  ▄  █ █▄█
█ █▄▄▄█ █ █ ██▄▀▄ ▀▄▄█ ▄▀██ ▀▀▀█▄██▀▀  ▄▄▀▄▀▀   ▄  ▄▀▀  ███
█▄▄▄▄▄▄▄█▄█▄▄▄█▄██▄▄█▄██▄▄▄████▄▄▄▄▄▄▄█▄▄██▄███▄▄▄▄█▄▄▄█▄██

Scan this QR code:
▄▄▄▄▄▄▄▄▄▄▄▄▄▄▄▄▄▄▄▄▄▄▄▄▄▄▄▄▄▄▄▄▄▄▄▄▄▄▄▄▄▄▄▄▄▄▄▄▄▄▄▄▄▄▄▄▄▄▄
█ ▄▄▄▄▄ █▀█▄▄ █ █▀▄▀▀██▄▀▄ ██▀ ▄▄ ██▄█▄█▀▄  ▄ ▄▄ ██ ▄▄▄▄▄ █
█ █   █ █▀▄ ▀ ▀█▄▄█▀▄█▄▄  ▀█▀▄▄ █▄█ ▄▀█▀██▀▄ ▄ ▄ ██ █   █ █
█ █▄▄▄█ █▀ ▀▀▄ ▄▄███▄ ▀▄▀ █ ▄▄▄ ▄█▄▀▀▄▄▀ ▀▀▄▀▀▀▀▄██ █▄▄▄█ █
█▄▄▄▄▄▄▄█▄█▄▀ █▄▀▄▀ ▀ █ █ █ █▄█ ▀▄█ ▀▄█▄█ ▀ ▀ █▄▀▄█▄▄▄▄▄▄▄█
█ ▄   █▄▄▄█▄▄█ █▄▄█▄ █▀█ ▀▄ ▄▄  ▀█▀█▀  █▀█▄▀██▄▄▀  █▄█▄▀ ▀█
██▀▀▀ █▄▄▄██  ▄ ▄▄▀ ▀▀▀ ▀▀ ██▀▀█▀▀▄██▄██ ▄▄█▀ ▄▄▀▀█▄▄▀▀▀▄▀█
█▀▄▄ ▀█▄█ ▄▀ █▄▄█▄▀ ▀█▀▄  ▄▄██▀██▀██▀▄▀▄▀▀▀ ▀▀██▄▀ █ ██ ▀▀█
████▄▀ ▄█▄█  ▀██▄▄█▀▀▄▄▀▄▄▀█▀▄█▄█▀▀█▄ ▀▀▄▀  ▄▀ ▀▄▄▄▀▄   ███
█▄   █▀▄█▀▀▄  ▄▀▄▄  ▄▄▄▀▀▀▀█▀  ▀██▀█▄▄ █▀▀  ████▀▀▀█▀█▀▀▀██
█▄█▄▀ ▀▄ ▀▀▀██▀█ ▄▀██▄ ██▀▄▄▀ ▀▀█▄▀▄▄  ▄  █▀█ █▀  ▀█  ▀▀ ▀█
█▄ ▄█▀ ▄ ▀▀▄ █▀█▄▀▄ ▄█▀█▀▄  █▀█▀ █ ▄▄▄ █▀█▀▀▄▀ █▄▀▀█▀██▄ ▀█
█▀▀ ▄  ▄█▀█   ▀█▄ ▀█▄██▄▀█▀ ▄  ▀█▄█ ▀▀ ▄█▀▀ █▄▀  ▀▀█▄ ▀▀▀██
█▄▀█▀██▄█▀██ ▄█▄▄▄▄ █▄▀█▀ █▀▀▀ ▀▄ ▄  ▄▀██▀ ▀ ██▄▀▀ █ ██▀▄ █
█▀▄▄  ▄▄▄ █▄ █▀ ▀▀▄█ ▀▄██ █ ▄▄▄   ▄█▄█▀▄▀  ▀   ▄█ ▄▄▄ █  ██
██  █ █▄█ ▀ ▀▄▄██▄▄▀▀█▄█▀▀▀ █▄█ ▄▀█▄ ▄██▀█▀▀███▄▀ █▄█ ▄█ ██
█ ▀  ▄ ▄  █▀ ▀█▄   ▄█▀ █▄▄ ▄    ▀▄▄▀█ ▄ █▀██▀  ▄▀▄▄▄  ▀▀▄██
█ █▄▄▀ ▄ ▀ ▀▄▄▀█▄▄▄▄ ███▀ ▄▄▄█▀  █▀█▄▄▀██▀▀▀▀██▄█ ▀███ █ ▀█
██▄██ █▄ ▄  ▀▄▄█▀ ▀ █▀▀ ▄ ▀▄▀▄▀ ▀█ ▄███ ▀▀█▄  ▄▄ ▀ ██ ▀▀▄██
█▀  ▀▀▄▄ ▀ █▀▀ █▀█▀▄▀▀▀█▄ █▀▀█▄  █▄█ ▄████▀▀ █▀▄▀▀ ▀▀▄▄█▄▀█
██▄▄   ▄▀▀█▀▀▀▄▄▀█  ▀ ▀▄▄ ▄ ▀█▄  ▄ ▄█▀█▄▀▀▀▀█▄█  █ █▀██▀▄▄█
█▄▀█▀▀ ▄ ▄▄▀█▀ █▄▄▀▄▄▄██▄▀█▀▄▄▀▀▀█▀█   ▄▀█ ▀ ██▄█▄▄▄▄▄▄▀▀██
███▄ █ ▄██  ▀▀▀█▄█▀  ▀▀ ▀▀▀▀▀▀ ▄▀█▀▀█  ▄▀▄  █ ▄█▀█▄▀▀▄  ▄▀█
█▀▀▀█▀▄▄▄▀ █▄   █▄▀  ▄▀▄▀ ████   █▄█▄▄▀█▀▀▀▀ ▀▄▄█▄▄█▀▄▄▀█ █
█ ▀ ▀▀▄▄ ▀█▄█▄▀▀▀██▄▄ ▀▀█▀▀▄▀▀▄▄▄▀▄▀▀█▀▄ ▀▄██ ▄▀▀▀ ▀█▄▀ ▄██
███████▄▄▀█ ▀█ ▀▄█▄ ▀▄▀▀▀▀▀ ▄▄▄  ▀▄█ ▄▀▄▀▀█▀ ▀▄▄▀ ▄▄▄   ███
█ ▄▄▄▄▄ █▄▄█▀ ▄▄▀ █▄█ ▀ ▄█▄ █▄█ ▄█▀▄▄█▀▀██▄█▀▀▄▄▀ █▄█    ██
█ █   █ █ ▀▄  ▀▀▄▀  ▄█ ▀▀▄▀    ▄ ▀███▄ ▄▀▀█▀ ▀██▄▄ ▄ ▄█▀▄██
█ █▄▄▄█ █ █▄ ▀▀█▄ █▄▄█▀█▀████▀▀█▄▄▄ ▀▄▀█▀█▄▀█ ▄▄█ ▀▄██  ███
█▄▄▄▄▄▄▄█▄██▄██▄▄▄▄▄██████▄████▄▄▄▄▄▄▄█▄██▄▄▄█▄███▄█▄▄██▄██

Scan this QR code:
▄▄▄▄▄▄▄▄▄▄▄▄▄▄▄▄▄▄▄▄▄▄▄▄▄▄▄▄▄▄▄▄▄▄▄▄▄▄▄▄▄▄▄▄▄▄▄▄▄▄▄▄▄▄▄▄▄▄▄
█ ▄▄▄▄▄ █▀ █▀ ▀ █▀▄ ▄▀▀▄▀ ▄█▄▄▄▄ ▀▀▀▀▀▄▀ █▄▄ █▄▄ ██ ▄▄▄▄▄ █
█ █   █ █▀  █▄ █▄▄▀ ▄▄▄▄▀▀▀█▄█ ▄▀██  ▀█▀▄█▄ ▄▄ ▄ ██ █   █ █
█ █▄▄▄█ █▀█▀▀██▀▄█▄█▄ ▄█▀ █ ▄▄▄ ▄▄▀█ █▄▀ ▄▄▄█▄▀▀▄██ █▄▄▄█ █
█▄▄▄▄▄▄▄█▄▀ ▀ ▀ ▀▄▀ ▀ ▀ █ █ █▄█ ▀▄█ ▀▄█ █ █▄▀ ▀ ▀▄█▄▄▄▄▄▄▄█
█  ▄ ▄▀▄▄▄ █▀▀ ▀ ▄▀▄ █▀▀▄▀ ▄    ▀█▀█▀  █▀█   █▄▄  ▄█▄█▄▀▄▀█
█  ▀██▀▄█████ ▄ ▄ ▀ ▀▀▀ █  █▄  █▀▀ ██▀▀ ▀▀▄█▀▀ ██▄█▄██▀▀ ██
█▀▀██▄▀▄  █▀  ▄▄▄█▀ ▄▄▀▄  ▀▀██▀██▀▄█  ██▀█▀ █▀█▄  ▀▄▀▀█▄███
█▀ ▄▀▄▄▄ ▄ ▄▄▀▀█ ▄█▄▀█▄▄▄ ▀█▀██ ██ ▄ █  ▄ ▄█▀▀ ▄ ▀▀█▀▄ ▀ ██
█▄ █▀  ▄   ▄█▄▄█ ▄▄ ▀███▀▀█▀▀ ▀▀▄▀▀▄▄▄▀▄▀█  ▀██▄ ▀███▀  █ █
█▀  █▄▄▄██▀▀▀▄▀██▀ ▄  ▄▀▀▄ ▄▀ ▀▄▀ ▀ ▄▄▀ █▄▄██▄▄▀▀  ▄▄▀▀▀▀▀█
█ ▀ ▀▄█▄ ▀▀█ █▀█▄▀▄▄▄█▀█▀▄▀ ▀▀▀ ▀▀▄█▄ ▀██▀▀ ▄▀▄█▄▀▀█▄▀█  ▀█
██▄███▄▄▀▄ █▄▄▀█▄ ▄ ▄█  ▀█▀ █▀█▄██▄ █▀█ ███▀▄█▄▀▄▀▄▀▄█▀▀▀██
██ ▄ ██▄█▄▀▄▀██ ▄█  █▄██  ▀█▀▀█▀▄ ▄ ▄▄▀▄▀██▀▄█▄█ ▀ ▄███ ▄▄█
██ ▀▀ ▄▄▄ █▄▀ ▄██▄▄█ ▀▄█    ▄▄▄   ▄█▄▀▀▄▀▀▄█▄█▄▄█ ▄▄▄ █  ▀█
█▀▄   █▄█  ▄▄▄█▀▀▄▄▀ █▄█▀ ▀ █▄█ ▄█▄▄   ███▀  ▀▄▄█ █▄█  ▀▄ █
█ ▀▄█▄ ▄▄ ▄█  █▀▀▄▀██▄█▀ ▀█ ▄▄▄▄█▄▄▀▀█▄   ██▀▀█ ▀▄▄▄ ▄ ▀ ▀█
█▀▄ ███▄█▀▄▀█▄ █▄▄▄▄▀█▄▀▀▀▄▀██▀  █▀█  ▀█▀▀▀ ▄▀▄██ ▀ ▄█ ▀▀ █
█▀▀█▀█▄▄█▄ ▄▄ ▄ █▀▀ ▀███ ▀▄▄ ▀▀ ▀▀▄▄▄▀ ▀█ ▀██▄██ ▄ █▀▀  ▀▀█
█▄  █▀▄▄  ▄▄▀▀▄ ▀█▄▄▀▀▀█▄ █▄▀███▀▀██   ▄▀▀▀ ▄██▄▀█ ███▀▄█▀█
██▀█▀█▀▄▄▀█▄▄▄ ▀▀█▀▄▀  ▀▄ █ ▀█▄ ▀▄ ██ ▄█▄▀█▀ ▄▄▄▀▄▄▀ ▀▀▀▄▄█
█▄▄▄▄▄▀▄█ █▀ ▀▀█▀▄  ▄▄▀▀▀▀█▀█▄ ▄▀█▀█▄ ▀▄▄█▀ ▄█ ██▄▀▀▄▄  █▀█
█ ▀▄█ █▄█▀▄▄▀█  ██▀ ▄ ▀ ▀ █▀ ▀  ██▀█▀▀ ▄▄█ ▀ ▀ ▄▀▀▄█▄█▀ ▀██
█ ▄█▄▄ ▄▄▄█ ▄  ▄██▀ ▄▄▀▄  ▄▄██ █ █▄▄▄▄█▄██▄ ▀█▄█▀▄▀▀██  █▀█
█ ▀ ▀▀▄▄█▀▀█ ▄█▀ ▀ ▄█▄█▀██▄▄ ▀▀▄▀ █ ▄  ▄ ▄▀█▀▄▄█ ▀▄▀ ▄▀▀ ▀█
███████▄▄ ▀ ▀▀ ▀▄▄▄ ▄▄▀▀▀▀▄ ▄▄▄  ▀▄█ ▄ ███▀▀▄█▄▄█ ▄▄▄ ▄█▀ █
█ ▄▄▄▄▄ █▄▄ ▄██ ▀▀ ▀▄ ███▄█ █▄█ █▀▀▄▄▄▄ ▄ ▄▀▄█ █  █▄█ ▀▀▀▀█
█ █   █ █ █▀█ █ ▄▀▀▄▄██▀▀▄  ▄  ▄█▀█▄  ▄██▀   ▀██▄  ▄▄▄█ ███
█ █▄▄▄█ █ ▀▄  ▀█▄ ▀▄▄█ ▄▀██ ▄▀▀████▀▀▀ ▄█ ▄▀    ▄  ▄▀▀  ███
█▄▄▄▄▄▄▄█▄█▄▄█████▄▄█▄██▄▄▄█▄██▄▄▄▄▄▄▄█▄▄██▄███▄▄▄▄███▄█▄██

Scan this QR code:
▄▄▄▄▄▄▄▄▄▄▄▄▄▄▄▄▄▄▄▄▄▄▄▄▄▄▄▄▄▄▄▄▄▄▄▄▄▄▄▄▄▄▄▄▄▄▄▄▄▄▄▄▄▄▄▄▄▄▄
█ ▄▄▄▄▄ █▄▀▄ ▄▄███ ▄▄█ ▄ ▄ ▀▀▀▄ ▄▄ ▀▀▀▄▀    ██ ▄ ██ ▄▄▄▄▄ █
█ █   █ █ █▀██ █▄▄█ ▄███▀▀ █ █▄▀ ▄▄▀▀▀▄▀▄█▀█▀▄▀▄ ██ █   █ █
█ █▄▄▄█ █▄█▀▀ ▄█▀▀▄  ▀▄  █▀ ▄▄▄  ▀▀██▄  ▀▀ ▀█▄▄▀▄██ █▄▄▄█ █
█▄▄▄▄▄▄▄█▄▀▄▀▄█ █▄█▄▀▄▀ ▀▄█ █▄█ ▀ ▀ █ █ ▀ █▄▀▄▀▄█ █▄▄▄▄▄▄▄█
█ ▄  ▀▀▄█  █▄ ▀█████▀█ ▄  ▀▄▄▄   █ ▄▀▀▀█ ▄▄ ▄███▀▀ ██ ▄ ▀ █
█ █ ▄▄█▄█▄ █▀▀ ▀▀  ██ ▄▄ ▄█▄ █  █ ██▄▀▀▄█ █▄█▀█ ██▀█▀█ ▄  █
██▄▀█▀▀▄█ █▄▄▀▄ ▀▄█▄▀▀█▄▄▄▄▀▄██▀██▀▄█  ▀█▀ ▄▀███ █ ▀█▀█ ▀██
███▀   ▄▄▄▄▀  ▄███▀▀ ▄██▄█ █▀█▀▀▄▀ █▄▀▄ ▀▄▄ ▀█ █ ▄█▀▄ ▀▀▄██
█ ▄ ▄▀ ▄▀ ▄ ▀█  ▀ █▀█▄▄▀▀▄█▄▄▄ █▀▄█▀█▀▄▄ █▀▄▄▄ ▀ ▄█▄▄▀▀█▀▄█
█▀ ▀ ▄█▄ ██▀▀▀▀▀█▄█▀█▄▄██▄▄ █ ▄▄█ █▄▀▀    ▀█ █  ▄▄█▀▄ ██ ▀█
██ ▄▄▀▄▄▀▀ ██  ██ ▄▀██ ▄▀█▀ ▄ █ ▀▀▀█ ▀▀█  ▀  █▀▄▄ ▀▄ ▄██▀▀█
█▄█▀▀██▄█ ▀█▀ ▄█▀▄   ▄    █▀▀▄▀▄▀█ ▄▀█▄█▀▄ █▀█▄▄▀▄▄▀▀▄ ▄█▄█
█ ▀▀█ ▀▄▀▄▀█ ▀██ ▄ ▄█ ███▄█▀█▀▄█▄▄  ▄ ▀▀▀▀▄█ ▀▀▄ █  ▄█▀█▄▄█
█ █▄▀ ▄▄▄ ▀▄ ▄▄▄  ▄▄▀▀█▄█▀▄ ▄▄▄ ▀ ▀▄▄▄ ▄ ▀▄ ▀ ███ ▄▄▄ ▀▀▀██
█ ▄▀█ █▄█ ▀  ▀██  █▄█▄▀▀ ▄█ █▄█   ▀▀▀▀▄█▄▀▀█▀▄▀▀▄ █▄█ ██▄▄█
███▀▄▄▄▄▄ ▀▀▄██ ▄ ████ █  ▀ ▄ ▄▄▀  ▀█ █▀█▀█▄▀ █ ▀   ▄▄ ▄▄▀█
█▀▄ ▀  ▄  ▀ ▄█ ███▀█ ██  ▀█▄▄▄▀▀▀█ ▄ █ █▄▄█ ▀██▄█▀ ███ ▄▀██
█ ▀ ▄▄▄▄█ █▄ ▀ ▄▀▀ █ ▄▄▄▀▀██   █▀▄█ ██▀▀ ██ █▀   ▄▄▄▀  ▄▄ █
██▀▄█▀ ▄ █▄█ ▀ ▀███ ▀███ ▄█████▄▄▀ █  █▀▀███▄██▄██ ██▄ ▀█▄█
█▄█▄▀▀ ▄ ▀▀ ▄ ▀▀ ▄ ▀   █▄▀█  ▄▄▀ █▀██▀▄▄ ▀▀ ▄▄▄▀ ▄▀█ ▄█ █▄█
█▀█▄▄▀ ▄▄█▄▀▀▄▀▄▀  ▀ █ ▀█▄▀ ▀  ▄█▄▄▀▀█▄█▄▀▀▄▄▄  ▄▀  ▀ █▄█▄█
█▀█ ▄█▀▄█▀██▄▄██ ██▄ ██ █████▀▄ ▀▀▀▀▀▄  █▄▄ █▄▄███ ██▄▄█▄██
█  █ ▀█▄ ▄█▀▄▀█▀▄█▀▀▀▄ █▀▀█ ▄▄ ▀▀███▄█ ▄    ▀▀▄█▀█ ▀▄▄▄▀▄ █
█ ▀ ▀▀▄▄█▀  ▄▀█ ▄▀▄█ ▀█ ▄▄▄▀▄██▀   ▄  ▄ ████▀▀█ ▀  ▄▀█ █ ▄█
███████▄█ ▀ █▀ █▀▄▄ ▄ ▀██▄▀ ▄▄▄  █ █▄▄▀▀▀█▄▄ █ ██ ▄▄▄ ███▀█
█ ▄▄▄▄▄ ███▄▀▀█▄▀▄██ █ ▀▄ █ █▄█ ▀▀ █▄█▀  ▄▄▄▄██▄  █▄█  ▀▀▀█
█ █   █ █▀▄ ▀▄█ ▀█▀█ ▄██ ▀█ ▄▄  ▀  ▀▀▀▄█▄█▄▄ ▄ ▀▄ ▄▄ ▄▄▄ ▄█
█ █▄▄▄█ █  ▀ █▀   ▀ ▄▀███▀█▀▀▀█▀█   █ ▀▀▄█ ██▄ ▄▀▄▀  █▄▄█▀█
█▄▄▄▄▄▄▄█▄█▄▄█████▄█▄█▄▄█▄███▄███▄██▄█▄▄▄▄▄████▄█▄██▄▄█▄███

Scan this QR code:
▄▄▄▄▄▄▄▄▄▄▄▄▄▄▄▄▄▄▄▄▄▄▄▄▄▄▄▄▄▄▄▄▄▄▄▄▄▄▄▄▄▄▄▄▄▄▄▄▄▄▄▄▄▄▄▄▄▄▄
█ ▄▄▄▄▄ █▀ █▀  ▀██▄▀ ▀ █▄ ▄█▄▄▄▄ ▀▀▀█ ▄█▄█▄ █ ▄▄ ██ ▄▄▄▄▄ █
█ █   █ █▀  █▄ █▄▄▀ ▄█▄▄▀ ▀█▄█ ▄ ██ ▄▀█▀▄█▄ ▀█ ▄ ██ █   █ █
█ █▄▄▄█ █▀▀█ ▀█▀▄█▄█▄ ▄█▀ █ ▄▄▄  ▄▀█▄ ▄▀▄▄▄▄▄▄▀▀▄██ █▄▄▄█ █
█▄▄▄▄▄▄▄█▄▀▄█▄▀ ▀▄▀ ▀ ▀ █ █ █▄█ ▀▄█ ▀▄█ █ █▄▀ ▀ ▀▄█▄▄▄▄▄▄▄█
█  ▄  ▀▄▄ ▄▀▀█ ▀ ▄▀▄ █▀▀▄▀ ▄    ▀█▀█▀  █▀█   █▄▄▀▀ █▄▀▄▀▄▀█
█  ▀█▄ ▄██ █▀ ▄ ▄ ▀ ▀▀▀ █  █▄  █▀▀▄██▀█▄▀▀▄▀▀▀▄██▄█▄▄ ▀▀ ██
█▀▀▄█▄▀▄ ▀▄   ▄▄▄█▀ ▄▄▀▄    ██▀██▀ ▄   █▀█  █▀██ ▀▀▄██▀▄███
██▄▄▀▄▄▄ ▄ ▄▄▀▀█ ▄▀▀▀█▀█▄ ▀█ ██▄███  █ ▄▄   ██▄▄▀ ▀█▀█ ▀ ██
█▀██▀  ▄   ▄█▄▄█▄▄▄▄▀█▄▀  █▀▀ ▀▀▄▀▀▄ ▄ ▄▀▀ ▀▄█▄█ ▀███▀▀▀█▄█
█ ▀▀▄▄ ▄██▀▀▀▄▀█▀▀ ▄  ▄▀▀  ▄▀ ▀██▄▀ █▀▀▀▄ █▄  ▄ ▀ ▄▄▄▀▀▀▄▀█
█▄  ▀▄▀▄ ▀▀█▄▄▀█▄▀▄▄▄█▀█▀▄▀ ▀▀▀  █▄█▄▄▀█▀█▀  ▀▄█▄▀ █▄▀█ ▀▀█
██▄██ █▄▀▄▀▄▄▄█▀▄ ▄ ▄█  ▀█▀ █▀█▄██▄ █▀█ ███▀██▄▀▄▀▄  ▀▀▀▀██
██ ▄ █▄▄▄████▀▄▀▄█  █▄██  ██▀▀█▀▄ ▄ ▄▄▀▄▀██▀▄█▄█ ▀ ▄ ▀█ ▄▄█
██ ▀▀ ▄▄▄ █▀█▄ ██▄▄█ ▀▄█  ▄ ▄▄▄   ▄█▄▀█ ▀▀▄█▄█ ▄▀ ▄▄▄ ▀  ▀█
█▀▄▄█ █▄█   ▄▄ ▄▀▄▄▀ █▄█▀ ▀ █▄█ ▄█▀▄  ▄████▀ ▀▄▄▄ █▄█ ▄█▄ █
█▀   ▄ ▄▄ ▄█  █▀▀▄▀▄█▄▀▀ ▀▄ ▄▄▄▄█▄█ █▀▄    ▀█▀▄▄█▄  ▄ ▄▀ ▀█
█▀█  ██▄ ▄▄▀█▄ █▀▄ ▄█▄██▀▀▄▀██▀  █▀█   ▄▀█ ▀ ▀█▄▀▀▀ ▄▄ ▀█▄█
████ █▄▄ ▄ ▄▄ ▄   ▀  ███▄ ▄▄ █▀ ▀▀▄▄ ▀▀▀▄▀▀▄▄▀█▄▀▄ █    ▄██
█ ▄ █▀▄▄  ▄▄▀█▄ ▀█▄▄▀▀▀█▄ █▄▀█▄▄▄███▄  ▄ ▀▀  ▀█▄▀█ ███▀▄█ █
██▀█▀█▀▄▄▀█   ▄█▀█▀▄▀  ▀▄ █ ▀██▄ ▄ ██ ▄██▀█▀ ▄▄▄▀▄▄▀ ▀▀▀▄▄█
█▄▄▄▄█ ▄█  ▀▀▀▄█▀▄  ▄▄▀▀▀▀█▀█▄ ▄▀█▀█▄ ▀▄▄█▀ ▄█ ██▄█▄▄▄  █▀█
█ ▀▄█▄ ▄█▀▀▀▄█▄▄██▀ ▄ ▀ ▀ █▀ ▀  ██▀█▀▀ ▄▄█▄▀ ▀ ▄██▄▀▄█ ▀▀██
█ ▄▀ ▀▄▄▀▀▀▄▄ ▄▄██▀ ▄▄▀▄  ████ █ █ █▄▄▀▄██▀ ▀█▀██▄█ ▄████▀█
█ ▀ ▀▀▄▄█▀▀█ ▄█▀ ▀▄▄█▄ ▄██▄  ▀▀▄▀ █ ▄▄▀█▄ ▀ ▀ █▄██ █▄█   ▀█
███████▄█▀▀ ▀▀ ▀▄█▀▄▄▄▄▀▄▀▄ ▄▄▄  ▀▄█▄▄▀█▄▀▄▀▀██▄█ ▄▄▄ ▄▄▀ █
█ ▄▄▄▄▄ █▄▄ ▄██ █▄ ▀▀███▀ █ █▄█ █▀▀▄▀▄▄▀█ █▀▄▀▀██ █▄█ ▀▀ ██
█ █   █ █ █▀▄ █ ▄▀▀▄▄██▀▀▄  ▄▄ ▄▄██▄  ▄█ ▀   ▀██▄  ▄  █ ███
█ █▄▄▄█ █ ▄▀▀█ █▄ ▀▄▄█ ▄▀██ █▀▀█▄██▀   ▄█▀▄▀ ▀  ▄  ▄█▀  ███
█▄▄▄▄▄▄▄█▄█▄▄▄▄▄██▄▄█▄██▄▄▄██▄█▄▄▄▄▄▄▄█▄▄██▄███▄▄▄▄█▄▄▄█▄██

Scan this QR code:
▄▄▄▄▄▄▄▄▄▄▄▄▄▄▄▄▄▄▄▄▄▄▄▄▄▄▄▄▄▄▄▄▄▄▄▄▄▄▄▄▄▄▄▄▄▄▄▄▄▄▄▄▄▄▄▄▄▄▄
█ ▄▄▄▄▄ █▄▀▄ ▄▄▄▄▀ █▀▀▀█▄  ▀▀▀▄ ▄▄█▀  ▄█ ▀▄▄█▄ ▄ ██ ▄▄▄▄▄ █
█ █   █ █ █▀██ ████ ▄▄██▀▀ █ █▄▀▀▄▄▀▄ ▄▀ █▀█ █▀▄ ██ █   █ █
█ █▄▄▄█ █▄█▀▀ ▄█▀▀▄  ▀▄  █▀ ▄▄▄ ██▀█▀▀   ▀ ▀ ▄▄▀▄██ █▄▄▄█ █
█▄▄▄▄▄▄▄█▄▀ █ █ █▄█▄▀▄▀ ▀▄█ █▄█ ▀ ▀ █ █ ▀ █▄▀▄▀▄█ █▄▄▄▄▄▄▄█
█ ▄  ██▄█▄ ▄▄ ▀█████▀█ ▄  ▀▄▄▄   █ ▄▀▀▀█ ▄▄ ▄███ ▀ █▀▄▄ ▀ █
█ █ ▄▄▄▄▄█▄  █ ▀▀  ██ ▄▄ ▄▄▄ ▀  █ █▀▄▀█▄█ ▀ █▀█ ▄▄ █▀█ ▄  █
██▄  ▀▀▄█ █▀▄▀▄ ▀▄█▄▀▀█▄▄▄▄ █▀█▀██▀██  ▀█▀▄▄▀█▀█ █ ▀▀██▄▀██
█ █▄   ▄██▄▀  ▄█████ ▄▄▄▄█ █▀▄▀▀▄▀█  █▀▀▀ █▄█▀  █▄█▀█ ▀ ▄██
█▀██▄▀ ▄▀ ▄ ▀█   ▀▀██▄▀█ ██▄▄▄▀▄▀▄▄ ▄▀██ █ ▄▄ █  ▄█▄▄▀ ▄█▄█
█▀ █ ▄▀▄ ██▀▀▀▀▀▀▄█▀▀▀▄█ █▄ █ █▄▀▄█▄▀  ▀█▀▀▄▀█▀ ▄▄▀▀▄ ██ ▀█
█▄▄▄▄ █▄▀▀ ██  ██ ▄▀██ ▄▀█▀ ▄ █ ██▀█ █▀█  ▀ ▄▀▀▄▄ ▀█ ▄██▀▀█
█▄█▀▀█▄▄█ █ ▄█▀█▀▄   ▄    █▀▀▄▀▄▀█ ▄ █▄█▀█ █▀█▄▄▀▄▀▀▀▄ ▄█▄█
█ ▀▀██▄▄▄▄▄ ██▄▄ ▄ ▄█ ███▄█▀█▀▄█▄▄  ▄ ▀▀▀▀▄█ ▀▀▄▄▄ ▀▀▀▀█▄▄█
█ █▄▀ ▄▄▄ ▀▄█▄█   ▄▄▀▀█▄█▀█ ▄▄▄ ▀ ▀ ▄▄ ▄ ▀ ▄▀ ▀██ ▄▄▄ ▀▀▀██
█ ▄ ▄ █▄█ ▀█ ▀▄▄  █▄█▄▀▀ ▄█ █▄█    ▀▀▀▀█▄▀▀█▀▄█   █▄█ █ ▄▄█
███▀█  ▄▄▄▀▀▄██ ▄ █ ███▀   ▄▄ ▄▄▀  ▀█▄▄ ▀▀▄▄█▄█ ▄ ▄▄  ▄▄▄▀█
█▀▄▀▄  ▄██▀ ▄█ █▄▄▄█▀█ ▄ ▀█▄ █▀▀▀█ ▄▄█ █▄▄█ ██ ▄▀█ █▄█▀▄█▀█
█▄▀▀█▄▄▄█ █▄ ▀ ▄█▀ █▀█▄▄▀ ███  ██▄█ ▀▀▀  ▀█ ▀    ▄▄▄██ ▄▄▄█
██▄▄█▀ ▄ █▄███ ▀███ ▀███ ▄████ ▀ ▀ █  █▀▀▀██ ▀█▄██ ██▄ ▀▄██
█▄█▄▀▀ ▄ ▀▄▀▀▄ ▄ ▄ ▀   █▄▀█  ▄ █ █▀█▄▀▄▄▀▀▀ ██▄▀ ▄▀█ ▄█ █▄█
█▀█▄▄  ▄▄█ ▀  ▄▄▀  ▀ █ ▀█▄▀ ▀  ▄█▄▄▀▀█▄█▄▀▀▄▄▄  ▄▀▄ ▀ █▄█▄█
█▀█ ▄▀▀▄█▀ ▀ ▄▄█ ██▄ ██ █████▀▄ ▀▀█▀▀▄  █▄ ▄█▄▄██ ▀██▄▄▄▄██
█  ██▄ ▄█▄█▄▄▀█▄▄█▀▀▀▄ █▀▀▄▄▄▄ ▀▀███▄█▀█  ▀ ▀▀███▀█ ███▄▄ █
█ ▀ ▀▀▄▄▀█  ▄▀█ ▄▀ █ ▀▀▀▄▄▄ ▄██▀  ▀▄▄▄▀█▀█ ███▀▀ ▀▄▄ ▀ █ ▄█
███████▄█▀▀ █▀ ██▄  ▄ ▀███▀ ▄▄▄  █ █▄ ▄▀▀▀██▄▀ ██ ▄▄▄ █▄█▀█
█ ▄▄▄▄▄ ███▄▀▀█▄▄ ██▄█ ▀███ █▄█ ▀▀ █▀   ▀▄▄█▄ ▄██ █▄█  ▀▀▀█
█ █   █ █▀▄  ▀█ ▀█▀█ ▄██ ▀█  ▄  ▀  ▀█▀▄█ █▄▄   ▀█ ▄▄ ▄▄▄ ▄█
█ █▄▄▄█ █  █▀█ █  ▀ ▄▀███▀█▀▄▀█▀▄   █ ▀▀█▄ ███ ▄▀▄▀ █▀▄▄█▀█
█▄▄▄▄▄▄▄█▄█▄██▄███▄█▄█▄▄█▄███████▄██▄█▄▄▄▄▄████▄█▄██▄██▄███

Scan this QR code:
▄▄▄▄▄▄▄▄▄▄▄▄▄▄▄▄▄▄▄▄▄▄▄▄▄▄▄▄▄▄▄▄▄▄▄▄▄▄▄▄▄▄▄▄▄▄▄▄▄▄▄▄▄▄▄▄▄▄▄
█ ▄▄▄▄▄ █▀ █▀ ▀ ▀▀▄  █ ▄  ▄█▄▄▄▄ ▀▀▀██▄▀ ▀█▄ █▄▄ ██ ▄▄▄▄▄ █
█ █   █ █▀  █▄ █▄▄▀ ██▄▄▀ ▀█▄█ ▄▀██ ▄▀█▀▄▄▄  ▄ ▄ ██ █   █ █
█ █▄▄▄█ █▀█▀▄██▀▄█▄█▄ ▄█▀ █ ▄▄▄ █▄▀█ █▄▀ ▀▄▄█ ▀▀▄██ █▄▄▄█ █
█▄▄▄▄▄▄▄█▄▀▄█ ▀ ▀▄▀ ▀ ▀ █ █ █▄█ ▀▄█ ▀▄█ █ █▄▀ ▀ ▀▄█▄▄▄▄▄▄▄█
█  ▄  █▄▄ ▄▀▀█ ▀ ▄▀▄ █▀▀▄▀      ▀█▀█▀  █▀█   █▄▄ ▀ █▄█▄▀▄▀█
█  ▀██▀▄▄▀ ▀  ▄ ▄ ▀ ▀▀▀ █  █   █▀▀ ██▀▀ ▀▀▄▀▀▀▄█▀▀█▄▀█▀▀ ██
█▀▀▄█▄▀▄█  ▄  ▄▄▄█▀ ▄▄▀▄  ▀▀██▀██▀▄▄   ▄▀█▀ █▀██ ▀▀▄▀▀█ ███
█▀▄█ ▄▄▄ █ ▄▄▀▀█ ▄▄ ▀███▄ ▀█ ▄█ ██▄▄ █▄ ▄ ▀███ ▀█▄▀█ █▀▀ ██
█▀▄█▀  ▄   ▄█▄▄███▄▄▄▄██▀▀█▀▀   ▄▀▀▄ ▄▀▄ █▄▀ █▄█ ▀███▀▀ ▀▄█
█ ▀▄  ▄▄██▀▀▀▄▀███ ▄▄█▄▀ ▀ ▄▀  ▄▀▄▀ █▄  ▄▄██▀ ▄ ▀ ▄ ▄▀▀▀ ██
█ ▄ ▀▄▄▄ ▀▀█▄█▀█▄▀▄▄▄█▀█▀▄▀ ▀▀▀ ▄█▄█▄▄▀███▀ ▄▀▄█▄▀ ▄▄▀█   █
██▄██▀█▄▀ ▄▄▄█▄ ▄ ▄ ▄█  ▀█▀ █▀█▄██▄ ▄ █ █▄█▀▄▄▄▀▄▀ ▄▄█▀▀▀██
██ ▄ ▀▄▄█ ▀▀█ ██▄█  █▄██  ██▀▀█▀▄ ▄ ▄▄▀▄▀██▀▄█▄█ ▀▀████ ▄▄█
██ ▀▀ ▄▄▄ ▄▀▀▄▀▀█▄▄█ ▀▄█  ▄ ▄▄▄    ▀▄▀▀▄▀▀▄█▄█▄ █ ▄▄▄ ▀  ▀█
█▀▄▀  █▄█ █▀▄▄▀█▀▄▄▀ █▄█▀ ▀ █▄█ ▄███   ▄██▀  ▀▄▄▀ █▄█  ▀▄ █
█▄▀▄█▄▄▄▄▄▄█  █▀▀▄ ██▄ ▀ ▀▄ ▄▄▄▄█▄▄▀██▄█▄▄ █▀▀█▄█▄▄ ▄▄▄  ▀█
█ █▄▀██▄▄ ▄▀█▄ █▄▄ ▄ ▄█▀▀▀▄▀▀▄▀  █▀█  ▀██▀ ▀ █▀█▀█▀ ▄█ ▀█▄█
█▀▀ ▄█▄▄▀  ▄▄ ▄ ▄▀▀  ███  ▄▄ ▄▀ ▀▀▄▄█ ▀▀ █▀▄█▄█▄▀▄ ███  ▄██
█ ▀ █▀▄▄  ▄▄▀ ▄ ▀█▄▄▀▀▀█▄ █▄▀██▀████▄  ▄█▀▀  ██▄▀█ ███▀▄█ █
██▀█▀█▀▄▄▀████▄▀▀█▀▄▀  ▀▄ █ ▀█▄▄ █ █▄ ▄██▀█▀▀▄▄▄▀▄▄▀ ▀▀▀▄▄█
█▄▄▄▄█▀▄█ ▀ █▀▄█▀▄  ▄▄▀▀▀▀█▀█▄ ▄▀█▀█▄ ▀▄▄█▀ ▄█ ██▄█▀▄▄  █▀█
█ ▀▄█ █▄█▀ █ ▄█▀██▀ ▄ ▀ ▀ ▀▀ ▀  ████▀▀▄▄▄█▄▀ ▀▄▄█▄▄▀▄█  ▀██
█ ▄▀█▄ ▄▄█▀▀▄ ▄▀██▀ ▄▄▀▄  ████ █ █▀█▄▄▀▄███ ▀█▀▄▀ ▀ █▄▄▄█▀█
█ ▀ ▀▀▄▄█▄▀█ ▄█▀ ▀  █▄▄▄██▄▄ ▀▀▄▀ █  ▄▄▄ ▄ ▀█ ▀▄▄█▄▀███  ▀█
███████▄▄ ▀ ▀▀ ▀▄▄ ▄ ██▀▀ ▄ ▄▄▄  ▀▄█   █▀█▄▀▄▀▄█▀ ▄▄▄ ▄█▀ █
█ ▄▄▄▄▄ █▄▄ ▄██ ▄█ ▀█ ██▄██ █▄█ ██▀▄█▄█▀▀▀▄▀██▀██ █▄█ ▀▀███
█ █   █ █ █▀▀▄█ ▄▀▀▄▄██▀▀▄  ▄▄ ▄▄██▄▄▄▄█▀▀   ▀██▄  ▄ ▄█ ▄▄█
█ █▄▄▄█ █ ▄▀▄▀▀ ▄ ▀▄▄█ ▄▀██ ██▀████▀▀▀ ▄█▀▄▀ ▀  ▄  ▄█▀  ███
█▄▄▄▄▄▄▄█▄▄▄▄█▄▄██▄▄█▄██▄▄▄█▄██▄▄▄▄▄▄▄█▄▄██▄███▄▄▄▄███▄█▄██

❌ Bot disconnected (428), reconnecting in 5s...
❌ Bot disconnected (428), reconnecting in 5s...
Scan this QR code:
▄▄▄▄▄▄▄▄▄▄▄▄▄▄▄▄▄▄▄▄▄▄▄▄▄▄▄▄▄▄▄▄▄▄▄▄▄▄▄▄▄▄▄▄▄▄▄▄▄▄▄▄▄▄▄▄▄▄▄
█ ▄▄▄▄▄ █▀ █▀ ▀  ██▀ █▀▄▀▄▄█▄▄▄▄ ▀▀▀ ▀▀▀██▄▄█▄▄▄ ██ ▄▄▄▄▄ █
█ █   █ █▀  ▀  █▄█▀ █▄▄▄ ▀▀█▄█ ▄ ██ ▄▀█▀█▄▄ █▄ ▄ ██ █   █ █
█ █▄▄▄█ █▀█▀▀ █▀▄█▄█▄ ▄█▀ █ ▄▄▄ █▄▀█▀ ▄▀ █▄▄█▀▀▀▄██ █▄▄▄█ █
█▄▄▄▄▄▄▄█▄▀ █ ▀ ▀▄▀ ▀ ▀ █ █ █▄█ ▀▄█ ▀▄█ █ █▄▀ ▀ ▀▄█▄▄▄▄▄▄▄█
█  ▄ ▄▀▄  ▄  ▀ ▀ ▄▀▄ █▀▀▄▀▄▄    ▀█▀█▀  █▀█   █▄▄▄▀ █▄▀▄▀▄▀█
█  ▀█▄▀▄ █▄█ ▄▄ ▄ ▀ ▀▀▀ █ ▀▄ ▄ █▀▀ ██▀▀▄▀▀▄█▀▀ ▀▄█▄█▀ ▀▀ ██
█▀▀ █▄▀▄█▄    ▄▄▄█▀ ▄▄▀▄   ▀▀▀▀██▀▄▄  ▄▄▀█ ▀█▀▄▄▀ ▀▄▀▀█ ███
█▄██▀▄▄▄ █ ▄▄▀▀█ ▄ ▄▀██▀▄ ▀█▀▄▀ ███▀▄█▄  ▄██▀▀█▄▄█▀█▀▄   ██
█  ▄█  ▄   ▄█▄▄█▀▄▄ ▄▄▀▀█▀█▀▀ ▀ ▄▀▀▄ ▄ ██▀▀  ███ ▀███▀▀ ▀▄█
███ ▀  ▄██▀▀▀▄▀██▄ ▄ ▄▄▀▄█ ▄▀ ▀█▀ ▀ ▀▄▀ ███▄▄ ▄▀▀  ▄▄▀▀▀▄██
██  ▀▀ ▄ ▀▀█▄ ▀█▄▀▄▄▄█▀█▀▄▀ ▀▀▀  █▄██ ▀██▀▀  █▄█▄▀ ▄▄▀█ ▀▀█
██▄██▄█▄▀▄▀██▀▄▀▄ ▄ ▄█  ▀█▀ █▀█▄▄█▄ ▄ █ ▄▄█▀▄█▄▀▄▀▄  █▀▀▀██
██ ▄ ██▄▄ ▄█▀▀█▄▄█  █▄██  █▀▀▀█▀▄ ▄ ▄▄▀▄▀██▀▄█▄██▀▀▄███ ▄▄█
██ ▀▀ ▄▄▄ ▄ ▄▄▄▄█▄▄█ ▀▄█  ▄ ▄▄▄   ▄█▄▀█▄▀▀▄▀▄█  ▄ ▄▄▄ ▀  ▀█
█▀▄▀▀ █▄█ ▄ ▄▄██▀▄▄▀ █▄█▀ ▀ █▄█ ▄█▄▄  ████ ▀ ▀ ▄▄ █▄█ █ ▄ █
█▀ █  ▄▄▄▄▄█  █▀▀▄▀ █▄▄▄ ▀▄ ▄▄▄▄█▄█▀▀▀▄ ▄ ▀ █▀▀▄▀▄▄▄  ▄  ▀█
█▄▄ ▄██▄▀ ▄▀█▄ █▀▄▄▄▀▄██▀▀▄▀▄█▀  █▀█▄ ▀█▄█  ▄█ ▄█▄▀ ▄▄ ▀▀▄█
█ ▄ ▄█▄▄██ ▄▄ ▄ ▀▄▀ ██████▄▄█ ▀ ██▄▄▀▄   █▀█  █▄ ▄ █ ▀  ▄▀█
█▄▄ █▀▄▄  ▄▄▄█▄ ▀█▄▄▀▀▀█▄ █▄▀█▀▄ ████▄ ▄█▀▀  ██▄▀█ ███▀▄█▀█
██▀█▀█▀▄▄▀▄▄ ▀▄█▀█▀▄▀  ▀▄ █ ▀█▀▄ █ ██ ▄██▀█▀▀▄▄▄▀▄▄▀ ▀▀▀▄▄█
█▄▄▄▄▄▄▄█ ▀█▀▄▄█▀▄  ▄▄▀▀▀▀█▀█▄ ▄▀█▀█▄ ▀▄▄█▀ ▄█ ██▄█▄▄▄▄▄█▀█
█ ▀▄█▄▄▄█▀ █▄█▄███▀ ▄ ▀ ▀ █▀ ▀  ████▀▀ ▄▄█▄▀ ▀ ▄▀▀ ▀▄█▀ ▀██
█ ▄█▀ ▀▄▀▄█▄▄ ▄▄██▀ ▄▄▀▄  █▀██ █ █▄▄▄▄ ███▀▀▀█▄▄▀▀█▄█▄▀▀█▀█
█ ▀ ▀▀▄▄▀▄▀█ ▄█▀ ▀▀ █▄ ████▄ ▀▀▄▀ █  ▄█   ▀ █▄▄▄▀▄▀▀ ▀▀  ▀█
███████▄▄▀▀ ▀▀ ▀▀▄ ▄ ▄▀▀▀ ▄ ▄▄▄  ▀▄█▀ ▀█▀█▀  █▄▄▀ ▄▄▄ █▄▀▄█
█ ▄▄▄▄▄ █▄▄ ▄██ ▀▀ ▀ ▀██ ▄█ █▄█ ▀▀▀▄▄ ▄  ▄▄  ▀▀▄▄ █▄█ ▀▀ ▀█
█ █   █ █ █▀▄▀█ ▄▀▀▄▄██▀▀▄   ▄ ▄█▀█▄  ▄███  ▀████  ▄▄ █ ▄▄█
█ █▄▄▄█ █  ▄▄ █▀▄ ▀▄▄█ ▄▀██ █▀▀████▀▀  ▄█▀▄▀▀   ▄  ▄ ▀  ███
█▄▄▄▄▄▄▄█▄▄█▄▄▄███▄▄█▄██▄▄▄████▄▄▄▄▄▄▄█▄▄██▄███▄▄▄▄█▄▄▄█▄██

Scan this QR code:
▄▄▄▄▄▄▄▄▄▄▄▄▄▄▄▄▄▄▄▄▄▄▄▄▄▄▄▄▄▄▄▄▄▄▄▄▄▄▄▄▄▄▄▄▄▄▄▄▄▄▄▄▄▄▄▄▄▄▄
█ ▄▄▄▄▄ █  ▄▄ ▀█ ▀▄▀█▄ ▄▄ █  ▀ ▄▀█ ▀  █▄█▄▄▄█ ▀▄ ██ ▄▄▄▄▄ █
█ █   █ █ ▄█ █▀█▄  ▄▄█▄▀█▄▀█▀▀▀█▀███▄▄█▀█ ▄▀ ▄ ▄ ██ █   █ █
█ █▄▄▄█ █▀▀█  █▀▀███▀█▄▄▀   ▄▄▄ ▀▀▀▀██▀▄▄█▀▄▄ ▄▀▄██ █▄▄▄█ █
█▄▄▄▄▄▄▄█▄▀▄▀▄█▄▀ █▄▀ █▄▀▄█ █▄█ ▀▄█▄█ █▄█▄█▄▀ █ █ █▄▄▄▄▄▄▄█
█  ██▄ ▄▀▀ ▄▄▄█ ▀▄█▄█ ▄█ ▀█▄ ▄  ▄ ▄█▀ █ ▄█▄▀  ▀▄ ▀█▀ ▀▄ ▄▄█
█ ▀▀▀█▀▄█ █▀█ ▄ ▄▀▄█▀▀▀█▄▄ █▀ ▄ ▀▀▄▄ ▀██ ▀█▄▀  ▀▀ ██▄█▄▄▄▀█
█▀▀▄▀▀█▄██▀█ █▀▀ ▄▀ ▄ ▄▄    ▄█▀█ ▄ █▀▄█▀▄▀▀▀▄▄ █▄▀█ ▀█▀ ▄▄█
██▄▄▀▄█▄▄████▄██▄▀ █▀▄▄▀▀▀▀█ ▀▄▀█▀█ █▀ ▄ ▄ ▀▄▀ ▀  ▄▀▄▄▄████
█ ▄█▀█▀▄ ▄▄▄  ▀▄▀▄▄ ▄▀ ▀▀ ▄ ▄ █   ▄▄▄▄█▀▄█▀▀▀▄ █▀▀▄ ▄█ ▀▄▄█
███▄ █ ▄ ▀▀▄  ▀█  ▄ ██  ▀█▄▄▀██▄█ ▀▀ █▀██▄ █▄█▄███▀█ █▄▄███
█ ▄▀ ▄ ▄█▄▄▄▄▄▄ ▀▀▄ ▀ ▄█▀▄██ ▀█▀▀ █▄  █ █▀▀▀▀ ██▄▀▄ ▄██▄▄▄█
█▄▀ ▄▄ ▄▀█ ▄ █ █▄█▄ ▄██▀▄ ▀ ▄██▄█████▄ ▄▄▄▄███▀██▄ █ █▄▄▀██
█▄▄ ▄▄█▄▄▄▄█  ██▀▄▄  ▀▄█▀ ▄▄▄▀ ▀▀█▀  ▄▄  ▀ ▀█  ▄▀▀█▀███▀▀██
█▄▄▄  ▄▄▄ ▀█▄▄▀█▀▄▀  ▀▄  █  ▄▄▄   ▄ ▀ █ ▀██▄   ▀█ ▄▄▄ ▄█ ██
███ ▀ █▄█  ▀▀▄██ ▄▄▀▄ ▀█▀▀▄ █▄█ ▀▄▀▄ ▄▄▀▄██▀   █  █▄█ ▄▀█ █
█▀ ▀▀  ▄ ▄█▄█▄█▄ █▄ █▀ ▀▀▀   ▄▄▄▀▄▄▄ ████ █▄█▄ ▀  ▄    █▄██
█ ▄ ▄▀ ▄ ▄█▀▄▄▄  ▄▀▄█▀ █▀ ▀▀▄▄▀ █ ▄█▄▄▀▀▄▀  █▄ ██ ▄ ▀▄▀██▄█
██▀▄ █ ▄██ █▄▀▄██▀▄█  ▀███▀▄▄ ▄█▀█ ▀▀▀▄ █▄  ▀ ▄ ▄▄ █▄▄▄▄▀██
█  █▄▀▄▄█▄██▀▄█ ▄█▀▄▄▄▄█▄  ▄▄█ ▄█▄▀█    ▄█▀▀  ▄▄▀▀█▄▄▄▄█▀██
█ ▄▄ ██▄▀▀▄▀▄▄▄▄▀ ██▀ ▀▀▀█▄ ▀ ██ █ ▀▀██▄▀█▄▄█████  █▀  ▄▄▄█
█▄▄ ▄  ▄█▀█ █▀▄ ▀▄▀▄▀▀ █▄▀ ▄▀▄▀▀▄ ▄█  █▀▄█ ▀█  ▄█▄█▄▀▄ ▀▄ █
█ █▄ █ ▄██▀   ▄ ▄ ▄█ ▀▀█▄▄█▀▀▄█▀▀██  █▄ ▀▀▀▀█ ▄ ▄▀▄▀▀▀██▄▀█
█▀▄  ▀█▄ ▄██▄  ▀ ▄▀ █▀▄▄▀ ▀▀ █  █ ▀█▄▄█▀▄▀  █▄ ███▄ ▄▄▀▄ ██
█ ▀ ▀▀▄▄▄▄█▀ ▀▀▀▀ ▄█▄ █  ▄▀ ▀▄▀▀▄▀█▄▄ ▄▄▄▄█▄█   ▄▄▄▀ ██▄▄██
███████▄█   ▀██▄▀█ ▄▄ ▄▀  ▄ ▄▄▄ █▄▀██  ▀ █▄ ▄  ██ ▄▄▄ ▀▀  █
█ ▄▄▄▄▄ █▀▄ ▄█▄▄▀▄ ▀█▀▀█▀█▄ █▄█ ▄▀▀▀▄▄   ▀▀  ██▀█ █▄█ ██▄▀█
█ █   █ █▄▄▄██▄▄▀▀  ▀ █▀▀▄▄▄▄  ▄█▄ █ ▄█▀ ██▀▀▄ █▄▄▄ ▄▄█▀▀ █
█ █▄▄▄█ █▀█▄█▄ ▄▄█ ▀▄█▀ ▄ ███ ▄ ▄█▄█▄▀▀█  ▀▄▄ ▄▀ █▀▄▀▄█████
█▄▄▄▄▄▄▄█▄█▄▄▄▄▄█▄▄▄▄▄▄████▄███▄███▄▄▄▄█▄█▄▄█▄█████▄█▄███▄█

Scan this QR code:
▄▄▄▄▄▄▄▄▄▄▄▄▄▄▄▄▄▄▄▄▄▄▄▄▄▄▄▄▄▄▄▄▄▄▄▄▄▄▄▄▄▄▄▄▄▄▄▄▄▄▄▄▄▄▄▄▄▄▄
█ ▄▄▄▄▄ █▄▄██▄ ███▀█▄█▄█▄▄▄▀ ▄   █ ▀██▄█▀▄▄  ▄ ▄ ██ ▄▄▄▄▄ █
█ █   █ █ ▀▀██▀█▄▄▀▀▄▄██▀  ██▄ █▀▄▄▀▄ ▄▀▄█▄▀▄▄▀▄ ██ █   █ █
█ █▄▄▄█ █▄▄█▀▄▀ ▀▀█  ▀▀▀ █▀ ▄▄▄ █ ▄▀ ▄   ▄█▀▄▄▄▀▄██ █▄▄▄█ █
█▄▄▄▄▄▄▄█▄▀ █ ▀▄█▄█▄▀▄█ ▀▄█ █▄█ ▀ ▀ █ █▄▀ ▀ ▀▄█ █ █▄▄▄▄▄▄▄█
█  ▄ ██▄█ ▄▀▀ ▀▀▀█▀█▀█  ▄ █      █ ▄▀▀▀█ ▄ ▀▀███▀  █▀ ▄ █ █
██▄  ▀▀▄█ ▄▄▀▀ ▀▀▄ ██ ▄▄▄█▄▄▀ ▀ █ ▀▀▄▄▀█▄██ █ ██ ▄▀█▄▀ ▄▄▄█
██▀█▀▄█▄██▄▀▄▄▄  ██▄▄ █▄▄▄▀█▀▀█▀██▀▄▄▄█▀██ ███▀███▀ █▀█▄█▀█
█▀██▀█▄▄▀▄▀█▄  █▀██  ██ ▄▀ █ ██▀▄█▀  ▄▀ ▀█▄▄▄▀▄▀██ █ ▄▀ ▀██
██▄▄█▄▀▄▄▀█ ▄▀ ▄▀ ▀█▄█ ▀ █▀ ▄▄▀█  █▀██▄▄▄█▀█  ▀▀▀▄▀▄ █▀▄█▀█
█ ▀▄▄  ▄█▀█▀█ ▀▀█▀▄ ▄▄ ▀▄▄  █ █▀█▄█   ▀█▄▀▀▀▀█ ▀█▄ ▄ ▀██ ▀█
█▀█  █▄▄▀▀ ▄██ ██ ▄███ ▄▀█    ▀▀▀▀█▄ █ █▄▄▀▀ ▀█▄▄ ▀██ █▀  █
█  ▄ █ ▄▀▀▄█▀▄▀█▀▄██ ▄█▄  █▀ █▄▀ █▀▄██▀▀▀▀▄▄▀▄▀██▄██▀█ ▄█▄█
█▀  ▄██▄▄▀▄    █ █▄▄█ ▀█▄▄█▀█▀▀█▄▄    ▀ ██▀█▄▀ █▄█▀  ▀▀▄▄ █
█▄▀▀  ▄▄▄ ▀ █   ▄█▄▄▀▀█▄ ▀█ ▄▄▄ ▀ ▀▄▄ ▄▄  ▄ █████ ▄▄▄ ▀▀▀▀█
█▄ ▀█ █▄█  ▄█▀▀▀▄ █▄▄▄▀▀ █▀ █▄█  ▄ ▀▀█▄█ ▀ █▄   ▄ █▄█ ▄█ ▀█
███▀▄ ▄▄   █▄▄███▄▀ █ ▀█▄█▄  ▄  █ ▀ ▀▀ ▄▄▄█▄▀▀ ▀  ▄ ▄▄▀▄ ██
█ ▀█ ▄█▄ ██ ██▀█ █▄▀ █  ▀▀█▀██▀▀▀█ ▄ ██▄  ▀ ▀▀▄▄█    █   ▄█
██▀▀▀▀█▄▄██ ██ ▀▀█ █▀█ ▀   █▀█ █▀▄▀  █▄▀ ▄  █▄▀▀ ▀▄▄ ▄▀█  █
█▀█▄▀▀ ▄ ▄ ▄█ ▄▄██  ▀███ ▄█ ██ █▄█▀█▄▄  ▄▀█▄ ▀▀▄█▀ ▀▀██ █▄█
█▄ █ ▄▀▄█▀████▄▄ ▄▀█  ▀ ▄▀▄  ▄▄█ ▄▀▄█ ███▀█ ▀▄██▀██▀▀ ▀ █▄█
█▀ █▀▄▀▄▀▀▀▀  ▄▀▄ ▀█ █▄█ ▄▀   ▀▀█▄▄▀████▀▀ █ ▄█▀▄▀█ ▀ ▀█▀ █
█▄▀ ▀▀▀▄██ ▀ █ ▀▀██▄▄▄█ █▄▀█▄▀▄▄█▀████▄  █▄▀ █▄ ▀▀▄█ █▄▄▀▀█
█▀█▄▄ ▄▄▄▀ █▄▀▀ ▄▄▀▀█▄ █ ▀█▀▄▄ ▄▀█▄█▄█ █▄▄▀  █▄█▀▀▀█▄▄▄█▄▀█
█ ▀ ▀▀▄▄▄▄▄▀▀▀▀ ███▄▀█▄ ▄ ▀▀██ ▀█▀▀▄▀█▄██ ▄ ▀█ █▀▄▄▄▀▀▀█▄ █
███████▄█ █ ██ █ █  ▄ ▀███▄ ▄▄▄  █ █▄ █▀█▀▄█▄█ ▄█ ▄▄▄ ▀▀▀ █
█ ▄▄▄▄▄ ███▀▄▄▄  ▄  ▄ ▄▄▀▀▄ █▄█  █ █ ▄▄ ███ ▄█▀█  █▄█ ▀ ███
█ █   █ █▀ ███▀▀▀█ ▀ ▄ █ ▀▄ ▄▄   ▄  ▄▀ ▄ █▀█ ▄ ▀▄▄▄▄▄ ▄█ ▄█
█ █▄▄▄█ █ ▀▀▀▄ ▄  █ ▄▀▄▄█▀█▄▀▀█▀▄▀▀▀█▄   ▀ █▀▄▄  ▄  ▀█▄▄█▀█
█▄▄▄▄▄▄▄█▄███▄█▄▄▄▄█▄▄▄▄▄████████▄██▄█▄▄█▄██▄█▄█▄████▄▄▄███

Scan this QR code:
▄▄▄▄▄▄▄▄▄▄▄▄▄▄▄▄▄▄▄▄▄▄▄▄▄▄▄▄▄▄▄▄▄▄▄▄▄▄▄▄▄▄▄▄▄▄▄▄▄▄▄▄▄▄▄▄▄▄▄
█ ▄▄▄▄▄ █▄▀▄ ▄▄█▀▀▀▄ ▀▀█▄▄ ▀▀▀▄ ▄▄███▄▄██▀ ▄█▄ ▄ ██ ▄▄▄▄▄ █
█ █   █ █ █▀▀▀ █▄██ ▄███▀▀ █ █▄▀▀█▄▀▀ ▄▀█▄▀██▄▀▄ ██ █   █ █
█ █▄▄▄█ █▄▀▀▄▀▄█▀▀▄  ▀▄  █▀ ▄▄▄  █▀█ ▀  ██ ▀██▄▀▄██ █▄▄▄█ █
█▄▄▄▄▄▄▄█▄▀ ▀▄█ █▄█▄▀▄▀ ▀▄█ █▄█ ▀ ▀ █ █ ▀ █▄▀▄▀▄█ █▄▄▄▄▄▄▄█
█ ▄  ██▄█▄▀▀██▀█████▀█ ▄  █ ▄▄   █ ▄▀▀▀█ ▄▄ ▄███▀  █▀ ▄ ▀ █
█ █ ▄█▄▄█▄ ▀██ ▀▀  ██ ▄▄ ▄█▄ █  █ ▀█▄▀█▄█ █▄█▀▀ █▀ ▄█▄ ▄  █
██▄█▄▀▀▄   ▄▄▀▄ ▀▄█▄▀▀█▄▄▄█▀ ██▀██▀██  ▀█▀▀█▀█ ▄ █ ▀▀▀▀▄▀██
█▀█▀▄  ▄█▄▄▀  ▄███ ▄ ▄▀ ▄█ █ ▄██▄▀██ █▄██ ▄ █▀ ▄▀▀█▀▄▀  ▄██
██▀▄▀▀ ▄▀ ▄ ▀█  ▀ ████ ██▄█▄▄▄▄▄▀▄▄▀▀▀ ▄▄█ ▄▄▄▄▀ ▄█▄▄▀ ▄█ █
█▄ █ ▄▀▄ ██▀▀▀▀▀ ██▀▀ ▄█▄█▄ █ ▄█▀▄█▄     █ ▄█▀▀ ▄▄▀▀▄ ██▀▀█
█  ▄▄ ▄▄▀▀ ██  ██ ▄▀██ ▄▀█▀ ▄ █ ▄█▀█ ▀▀█▄ ▀ ██▀▄▄ ▄▄ ▄██ ▀█
█▄█▀▀█ ▄▀ █ ▄█ ▄▀▄   ▄    █▀▀▄▀▄ █ ▄▀█▄█ ▄ █ ▄▄▄▀▄ ▀▀  ▄█▄█
█ ▀▀█▄▄▄█▀▄ █▀▀▀ ▄ ▄█ ███▄███▀▄█▄▄  ▄ ▀▀▀▀▄█ ▀▀▄██▀ █▀▀█▄▄█
█ █▄▀ ▄▄▄ ▄▀▀▄██  ▄▄▀▀█▄█▀▄ ▄▄▄ ▀ ▀ ▄▄▄▄ ▀  ▀ ██  ▄▄▄ ▀▀▀██
█ ▄▀  █▄█ ▀▄ ▀▀█  █▄█▄▀▀ ▄█ █▄█    ▀▀▀██▄▀█▄▀▄█ █ █▄█ █▀▄▄█
█ ▀ ▀▄▄▄▄▄▀▀▄██ ▄ ████ ▄    ▄ ▄▄▀  ▀▀  ▀▀▀ ▀▀ █ ▀  ▄▄ ▄█▄▀█
█▀▄██  ▄ █▀ ▄█ █ █▄▀ ▄   ▀█▄ █▀▀▀█ ▄ ▀▀██▄ ▀▀█▄▄█  ███ █▀▀█
█ ▄▄ ▄▄▄█ █▄ ▀ ▄██ █▀▀▄▄▀▀███▀ █▀ █ ▄▀▀ ███  ▄ ▀▀▄▄▄▄▄ ▄▄ █
█▄▀▄█▀ ▄ █▄█▀▄ ▀███ ▀███ ▄████  ▄█ █▄▄█▀▀▀██▄▀█▄██ ██▄ ▀▄▄█
█▄█▄▀▀ ▄ ▀▄▀▄▄██ ▄ ▀   █▄▀█  ▄▄▀ ▄▀██ ▄▄▀ ▀ ▄▄▄▀ ▄▀█ ▄█ █▄█
█▀█▄▄ ▀▄▄██ ▀ ▄ ▀  ▀ █ ▀█▄▀ ▀  ▄█▄▄▀▀█▄█▄▀▀▄▄▄  ▄▀▄▄▀ █ █▄█
█▀█ ▄▀▄▄█▀▀▀█▄ █ ██▄ ██ ██▀██▀▄ ▀▀▀█▀▄  █▄▄▄█▄ ███▄▀█▄██▄██
█  █ ▄ ▄▄ ▄▀▄▀█▀▄█▀▀▀▄ █▀▀▄▄▄▄ ▀▀█▄█▄█▄▄  ▄ ▀▀▀▄█▄ ▀████▄ █
█ ▀ ▀▀▄▄██  ▄▀█ ▄▀█▀ ▀▄█▄▄▄█▄██▀   █▄▄▄██▀▀▄█▀▄▄  ▄ █ ▀█ ▄█
███████▄█▀▀ █▀ █▀▄ ▄▀▀▀███▀ ▄▄▄  █ █ ▄▀ ▀███ ███▀ ▄▄▄ ███▀█
█ ▄▄▄▄▄ ███▄▀▀█▄▄▀██▀█ ▀███ █▄█ █▀ █▀▄  █▀█▄▄▄██▄ █▄█  ▀▀██
█ █   █ █▀▄ ▄ █ ▀█▀█ ▄██ ▀█  ▄     ▀▀▀▄█▀█▄▄ ▄ ▀▄ ▄▄▄▄▄▄▀██
█ █▄▄▄█ █ █  ▀▄▄  ▀ ▄▀███▀█▀ ██▀█   ▄ ▀▀██ ██▄ ▄▀▄▀  █▄▄█▀█
█▄▄▄▄▄▄▄█▄▄▄▄██▄██▄█▄█▄▄█▄███████▄██▄█▄▄▄▄▄████▄█▄█████▄███

Scan this QR code:
▄▄▄▄▄▄▄▄▄▄▄▄▄▄▄▄▄▄▄▄▄▄▄▄▄▄▄▄▄▄▄▄▄▄▄▄▄▄▄▄▄▄▄▄▄▄▄▄▄▄▄▄▄▄▄▄▄▄▄
█ ▄▄▄▄▄ █▀ █▀ ▀ ▀▀▄▀▄█ █ ▄▄█▄▄▄▄ ▀▀▀ ▀▄▀▄▀▀▄▀█▄▄ ██ ▄▄▄▄▄ █
█ █   █ █▀  █  ██▄▀ ▄█▄▄  ▀█▄█ ▄▄▄█  ▀█▀█▄▄  ▄ ▄ ██ █   █ █
█ █▄▄▄█ █▀▀█▄▄█▀▄█▄█▄ ▄█▀ █ ▄▄▄  █▀█ █▄▀ █▄▄▀▄▀▀▄██ █▄▄▄█ █
█▄▄▄▄▄▄▄█▄█ █ ▀ ▀▄▀ ▀ ▀ █ █ █▄█ ▀▄█ ▀▄█ █ █▄▀ ▀ ▀▄█▄▄▄▄▄▄▄█
█  ▄  █▄▄ ▄ ▄▄ ▀ ▄▀▄ █▀▀▄▀▄     ▀█▀█▀  █▀█   █▄▄▀  █ ▀▄▀▄▀█
█  ▀██ ▄ ▀▄▀ █▄ ▄ ▀ ▀▀▀ █  █▄▄ █▀▀ ▀█▀█ ▀▀ ▀▀▀▄████▄ ▄▀▀ ██
█▀▀ ▄▄▀▄ ▀ █  ▄▄▄█▀ ▄▄▀▄    ▀▀▀██▀▄▄   █▀█▀▀█▀█▄▄▀▀▄▀██▄███
█ █ ▄▄▄▄▀█ ▄▄▀▀█ ▄█▀▀█▀▀▄ ▀█▀██▄██ █ ▀ █ ▄▀ ██ ▄██▀█ ▄▄▀ ██
█   ▄  ▄   ▄█▄▄█▄▄▄ ▀██▀▀▀█▀▀ ▀ ▄▀▀▄▄  ▄▀▀ ▀ ▀█▄ ▀███▀▀▀█ █
█▄▀██▄▄▄██▀▀▀▄▀█▄▄ ▄  ▄▀   ▄▀ ▀▄█▄▀ ▄ ▀ ▄▀█▄▀▀█▀▀  ▄▄▀▀▀█▀█
█▄  ▀▀▀▄ ▀▀██▀▀█▄▀▄▄▄█▀█▀▄▀ ▀▀▀  ▀▄█▄▄▀█▄▀▀ █▀▄█▄▀▀█▄▀█  ▀█
██▄███▀▄▀▄▀  ▀█▀▄ ▄ ▄█  ▀█▀ █▀█▄█▄▄ █ █ ███▀▄█▄▀▄▀   █▀▀▀██
██ ▄   ▄█▄▀█▀▄██▄█  █▄██  ██▀▀█▀▄ ▄ ▄▄▀▄▀██▀▄█▄█  ▀▄███ ▄▄█
██ ▀▀ ▄▄▄ █▄▀ ▀██▄▄█ ▀▄█  ▀ ▄▄▄   ▄█▄▀█▄▀▀ █▄█▄   ▄▄▄ ▀  ▀█
█▀▄▀▀ █▄█  █▄▄▀█▀▄▄▀ █▄█▀ ▀ █▄█ ▄██▄   ███   ▀▄██ █▄█ ▄█▄ █
█ ▄  ▄▄▄▄ ▄█  █▀▀▄▄██▄▄▄ ▀▄ ▄▄▄▄█▄█▀▀█▀▄ ▄▀██▀█▄▀▄     ▀ ▀█
██▄█▄██▄ ▄▄▀█▄ ███▀▄█▄▀▀▄▀▄▀█▄▀  █▀█  ████  ▄██▄▀█▀ ▀▄▀ ▀ █
████▀█▄▄▀  ▄▄ ▄ █▄▀ █ ██ ▀▄▄██▀ ██▄▄▀█▀ ▀█▀█▀▀█▄▀▄ █    ▀▀█
█▄█ █▀▄▄  ▄▄▄▄▄ ▀█▄▄▀▀▀█▄ █▄▀█ █▄▀███▄ ▄██▀ ▀▀█▄▀█ ███▀▄█ █
██▀█▀█▀▄▄▀▄ ▀ █▄▀█▀▄▀  ▀▄ █ ▀█   █ ██ ▄██▀█▀▀█▄▄▀▄▄▀ ▀▀▀▄▄█
█▄▄▄▄█ ▄█ ▄▀▄███▀▄  ▄▄▀▀▀▀█▀█▄ ▄▀█▀█▄ ▀▄▄█▀ ▄█ ██▄▀█▄▄▄ █▀█
█ ▀▄█▀▀▄█▀▄█▀▄█▀██▀ ▄ ▀ ▀ █▀ ▀  ████▀▀▄▄▄█ █ ▀  ▀██▀▄█ ▀▀██
█ ▄█▄█ ▄ █  ▄ ▄▄██▀ ▄▄▀▄  ▄███ █ █ █▄▄█▄██ ▀▀█▀█▀ █▄▀▄█▄█▀█
█ ▀ ▀▀▄▄▄▀▀█ ▄█▀ ▀  █▄  ██▄▄ ▀▀▄▀ █ ▄ ▄ ▄▄▀▄▀ ▀▄ ▀ █▀ ▀▀ ▀█
███████▄▄ ▀ ▀▀ ▀▄▄▄▄ █▀▀  ▄ ▄▄▄  ▀▄█ ▄ ▄█▀█ ██▀█▀ ▄▄▄ █▄█ █
█ ▄▄▄▄▄ █▄▄ ▄██ ▄█ ▀█▄█████ █▄█ ██▀▄ ▄▄▀▄▄█▀▀ ▀▄  █▄█ ▀▀ ██
█ █   █ █ █▀▄▀█ ▄▀▀▄▄██▀▀▄  ▄▄ ▄ ▀█▄█ ▄█▀▀  ▄▀██▄  ▄  █ ▄▄█
█ █▄▄▄█ █ ██▀█▀ ▄ ▀▄▄█ ▄▀██ ██▀█▄██▀   ▄▄▀▄▀ ▀  ▄  ▄██  ███
█▄▄▄▄▄▄▄█▄████████▄▄█▄██▄▄▄█▄▄█▄▄▄▄▄▄▄█▄▄██▄███▄▄▄▄██▄▄█▄██

Scan this QR code:
▄▄▄▄▄▄▄▄▄▄▄▄▄▄▄▄▄▄▄▄▄▄▄▄▄▄▄▄▄▄▄▄▄▄▄▄▄▄▄▄▄▄▄▄▄▄▄▄▄▄▄▄▄▄▄▄▄▄▄
█ ▄▄▄▄▄ █▀█▄▄ ▄ █▀▄ ▄██▄ ▄ ██▀ ▄▄ ▀▀ ▀▄▀██   ▄▄▄ ██ ▄▄▄▄▄ █
█ █   █ █▀▄ █ ▀█▄██▀▄█▄▄ ▀▀█▀▄▄ ▀▄█ ▀▀█▀██▀▄▀▄ ▄ ██ █   █ █
█ █▄▄▄█ █▀▄▀▄▄ ▄▄███▄ ▀▄▀ █ ▄▄▄ ▄█▄▀▄▄▄▀▄▀▀▄▀ ▀▀▄██ █▄▄▄█ █
█▄▄▄▄▄▄▄█▄▀▄▀ █▄▀▄▀ ▀ █ █ █ █▄█ ▀▄█ ▀▄█▄█ ▀ ▀ █▄▀▄█▄▄▄▄▄▄▄█
█ ▄  ▄█▄ ▄▄▀ █ █▄▄█▄ █▀█ ▀ ▄▄▄  ▀█▀█▀  █▀█▄▀██▄▄▄▀ █▄█▄▀ ▀█
██▀▀▀ █▄▄▄ ▀▀█▄ ▄▄▀ ▀▀▀ ▀▀▀▄▀█▀█▀▀ ██▄▀█ ▄▄▀▀    ▄█▄▄▀▀▀▄▀█
█▀▄▄█▀█▄█▄ █ █▄▄█▄▀ ▀█▀▄  ▄▄▀▀▀██▀██▀▄ ▄▀▀  ▀▀▄█ ▀ █ ▀▀ ▀▀█
█▀▀ ▀▀ ▄███  ▀██▄▄▀ ▀▄▄▀▄▄▀█ ▄█▄█▀▄▄▄▄█▀ ▀▀▀▄█▀  ▀▄▀▄▀  ███
███▄ █▀▄█▀▀▄  ▄▀▀▄▀▄▀▄▀██▀▀█▀  ▀██▀▄▄▄▄▄██ ▀▄█▄█▀▀▀█▀█  █▀█
█▄ ▀▄ ▀▄ ▀▀▀██▀█▀█▀███ █  ▄▄▀   ▀▄▀▄▀█▀▄▀▀▄▀█ ▄   ██  ▀▀ ██
█▀█▄█ █▄ ▀▀▄██▀█▄▀▄ ▄█▀█▀▄  █▀█▀ █ ▄█  ██▀▀▀ █ █▄▀ █▀██▄▀▀█
█▀▀ ▄▄▄▄██▄ ▀▄ ▄▄ ▀█▄██▄▀█▀ ▄  ▀█▄█  ▀ ▄▄ ▀ ██▀  ▀▄▄▄▄▀▀▀██
█▄▀█▀  ▄▀▀▄▄▄▀ █▄▄▄ █▄▀█▀ ██▀▀ ▀▄ ▄  ▄▀██▀ ▀ ██▄▀▀ ▄███▀▄ █
█▀▄▄  ▄▄▄ ▀▀▄▄ █▀▀▄█ ▀▄██   ▄▄▄   ▄█▄█▀▄▀  ▀  ▄▄  ▄▄▄ █  ██
██ ▄▀ █▄█ ▄▀▀▄▄ █▄▄▀▀█▄█▀▀█ █▄█ ▄▀█▄ ▄ █▀█ ▀██▄▄█ █▄█ ▀▀ ██
██▄▀▄▄▄▄▄ █▀ ▀█▄  █▀█▀▀▄▄▄      ▀▄▄ █   ▀█▀ ▀▄ ▀  ▄  ▄▄▀▄██
█▀ ▀▀▀ ▄█▄ ▀▄▄▀██▄▀▄▄▄▀▀ ▀▄▄▄▄▀  █▀█▄  ▄█▀▄ ▄█▄█▀ ▀███ █ ██
███▄█ █▄█▀  ▀▄▄█▀▀▀ ▀▄▀  ▀▀▄  ▀ █▀ ▄▄▀█  █▄█ ██▄▀▀ █▀█▀▀▄██
██▄ ▀▀▄▄ ▀ ██▀ █▀█▀▄▀▀▀█▄ █▀▀█▀▀ █▄█ ▄███▀▀▀ █▀▄▀▀ ▀▀▄▄█▄▀█
██▄▄   ▄▀▀▀ █▀▀ ▀█  ▀ ▀▄▄ ▄ ▀██▄ █ ▄█ █▄▀▀▀▀█▄█  █ █▀██▀▄▄█
█▄▀█▀▀ ▄ ▄ ▀ █  ▄▄▀▄▄▄██▄▀█▀▄▄▀▀▀█▀█   ▄▀█ ▀ ██▄█▄▀▄▄▄ █▀██
███▄ ██▄███ █▀▀▄▄█▀  ▀▀ ▀▀█▀▀▀ ▄▀████  ▄▀▄ ▄█  ▀▀█▄█▀▄▄▀▄▀█
█▀▀█▀ █▄▀ █ ▄ ▀▄█▄▀  ▄▀▄▀ █▄██   █▀█▄▄ █▀▀ ▀ ▀█▄██▀█▄▄▄██ █
█ ▀ ▀▀▄▄█▄█▄█▄▀▀▀██▄▄  ▄█▀▀▄▀▀▄▄▄▀▄ █▀ ▄ █▀ ▀   ▄█▄▀█▄  ▄██
███████▄█▀█ ▀█ ▀██▀▄ █▀▀▄▀▀ ▄▄▄  ▀▄█   ▄██▀▀▄█▄▄▀ ▄▄▄ ▀▀█▀█
█ ▄▄▄▄▄ █▄▄█▀ ▄▄ ▄█▄▀▀▀ ▀█▄ █▄█ ▄▀▀▄▀ ▀ ▀▀██▀ ███ █▄█   ▄▀█
█ █   █ █ ▀▄▄ ▀▀▄▀  ▄█ ▀▀▄▀    ▄ ▀██▄▄ ▄▀██▀▄▀██▄▄ ▄ ▄█▀█▄█
█ █▄▄▄█ █ ▄█▄▀▄▄▄ █▄▄█▀█▀████▀▀██▄▄  ▄▀█ ▄▄▀▄▀▄▄█ ▀▄▀█  ███
█▄▄▄▄▄▄▄█▄▄█▄█▄▄▄▄▄▄██████▄█▄▄█▄▄▄▄▄▄▄█▄██▄▄▄█▄███▄█▄███▄██

Scan this QR code:
▄▄▄▄▄▄▄▄▄▄▄▄▄▄▄▄▄▄▄▄▄▄▄▄▄▄▄▄▄▄▄▄▄▄▄▄▄▄▄▄▄▄▄▄▄▄▄▄▄▄▄▄▄▄▄▄▄▄▄
█ ▄▄▄▄▄ █ ██▀ █████▀█ ▄▄  ▀ ▀▄▄▄█▄ █  ▄▄▄█▀▄█ ▀▄ ██ ▄▄▄▄▄ █
█ █   █ █  █▄█ █▄ ▄███▄▀▄█▀█▄ █▀ ███▄██▀█ ▀██▄ ▄ ██ █   █ █
█ █▄▄▄█ █▀▄█▄█ ▄▀█▄█▀█▀█▀   ▄▄▄  █▄█ ▀▀▄ ▀▄▄▀▀▄▀▄██ █▄▄▄█ █
█▄▄▄▄▄▄▄█▄█▄█▄▀ ▀ █▄▀ ▀▄▀▄█ █▄█ ▀▄█▄█ █ █▄▀ ▀ ▀▄█ █▄▄▄▄▄▄▄█
█ ▄▀█  ▄█▀█▀▀▄█▄█▄▀▄█ ▄▀▄▀▀▄▄   ▄ ▄█▀ █ ▄█  █ ▀▄  ▀▀ █▄  ▄█
██ ▀█ ▄▄ ▀ ▄▀▄▄ ▄█▄█▀▀▀█ █▀█▄██ ▀▀▄▄ ▄█▄▀▄█ ▀▀ ▄█ █▄ ▀▄▄ ██
█▀▄▄ ▄▀▄▄█ █  ▀▀▀█▀ ▀▀▄▄  ███▀▀█ ▄▀█  ▄▀▄█ ▀ ▄▀█▄▀▄▀▄▀█▄  █
█ ▀ ▀▀▀▄ █ ▀▀▄▀█ ▀  ▀██▄▀█▀█ ▀▄███  ▀▄█▄▄█ ▄▀▀ ▄▀ ▀█ ▀▄█ ██
█▄█▄▄  ▄███▄█▄▀  █ ▄▄▀▄█▀▀ ▄▄  ▀▀▄▄█  ▄ ▄█▀ ▀▄▄█ ▀   ▀▀▀ ▀█
█▄▄ ▄██▄██▀▄▄▀▀██▀█▀██▄▄▄  ▄▀██▀█▄▀█▀▀▀ ▀ ▀▀█▀▄█▄█▄ ▄▄▄▄▄▀█
██▄█▄▄▄▄█▄▄█▀ ▄ ▀▀▄▄▀ ▄█▀▄▄█▄▀▀ █ ▀█▄ ▄ ▄█▀ █▄▀█▄▀▀▀▀▀█ ▄██
█ ▄██▀▄▄█ ▄███▀█▄█▀█▄█ █▄ ▀ █▄ ▀▄█▄█▀▄█ ▄▀ ▄█▄▄▄▀▄█ ▄ ▄▄▀██
███▀██▄▄ ▀█▄▀▄▄█▀█   ▀ █   ▄▄▀█▀▀█▀ ▄▄▄▀▄██▀▀ ▀█▀▀█▀▄▀█ ▀▀█
█  ▀▀ ▄▄▄ ▄▄▄█▄▀█▀▀  ▀▄ ███ ▄▄▄   ▄▄▀▄█ ▀▄█ ▄█ ▀▀ ▄▄▄ ▄█ ▀█
█▀▀▄  █▄█ ██▄▄ █▄▄▄▀█ ▀█▀ ▄ █▄█ ▀  █  ▄  █  █▄▄▄▀ █▄█ ▄▄▀██
██ ▀▀ ▄▄  ▄ ███▀▀▀█▀█▄ ▀█▄▄ ▄   █▄██ ▄ █ ▀▄▄▀▀▀█▄▄  ▄ ▀█ ▀█
█ █  ██▄█▀▀▀█▄█ ▀█ ▄█ ▄▀▀ ▀▄▀█▀ █ ▄█  ▀▀▄▀▀▀█▄▄▄▀ ▄█ ▄▀▀▄██
█ ███ ▀▄█▀ ▀▀█▄ ▄▀▄█▄██ ▀▄▄▄▄ ▄█▀▀▄▀ ▀  ▀ ▄▀█ ▄▀█▀ █ ███ ██
█ ▄█ ▀▄▄██▀▄▄█▀█▄█▄▄▄▄▄█▄  ▀▄█▀▀▄▄ █ ▄█▀▄█▀ ▄▄ ▄▀██  █▀▄▀▄█
█ ▀█▀ ▄▄▄▀▀▀▀▀▄ ▀ ▄▀▀  ▄▀██ ▀ ▀█ █  ▀█▄█▄█ ▄ █▄▀▄▀▄▀ ▄▄▄▄▄█
█▄▀▀▀▄█▄ █  ▀▄▄▄▄▄  ▀▀▄▀▀▀ ▄ ▄ ▄▄ ▄█▄ ▄▀▀█▀ ▀ ███▄▄█▀▄▄  ▄█
██▀▄█▄▀▄█▀▀   ███ ▄█▄ ▀█▄█▀▀ ▄████▀ ▄▄▄ ▄ █▄ ▀▄▀▄▄ █▄ ▄█▀██
█ ▀█▄ █▄▄ ▄▀▄ ▀▄ █▀ ▀▀▄▄  ▀  █ ██ ▀▄▄▄▄▀ █▀▀▄ ▀▄███▄▄▄▄█ ▄█
█ ▀ ▀▀▄▄█▀▀ █▀█▀ ▄ ▄█▄▀▀  ▄  ▄▄▀▀ █▄▀▀▀█ ▀▄▀█ ▀▄█▀▄▀  █▄ ▀█
███████▄▄ ▄ ▀▀█▄▄▄  ▀▀ █▄▀▀ ▄▄▄ █▄▀█  █▀ ▀ ▀ ▄▄▄▀ ▄▄▄ ▄▄▄▀█
█ ▄▄▄▄▄ █▀▄█▀ █ ▀▄█▄▀▄█ ▄▄█ █▄█ ██▀▀ █▄▀█  ▄▀█▀▀█ █▄█ ▄▄▄██
█ █   █ █▄ ▀██ █▀▀▀▄▀  ▀▀▄█▄▄  ▄▀▄ ▄▄▄▀  ▀  ▀  ██ ▄  ▄█   █
█ █▄▄▄█ █▀▄ █ █▄▄█▄▀▄█ ▀▄ █ █▄▄ ▄██▄█▄ ▄██▀▄▀  █▀█ ▄▀ █████
█▄▄▄▄▄▄▄█▄█▄▄█▄█▄█▄▄▄█▄█▄▄█▄███▄███▄▄▄▄████▄▄▄▄▄▄▄█▄▄█▄██▄█

Scan this QR code:
▄▄▄▄▄▄▄▄▄▄▄▄▄▄▄▄▄▄▄▄▄▄▄▄▄▄▄▄▄▄▄▄▄▄▄▄▄▄▄▄▄▄▄▄▄▄▄▄▄▄▄▄▄▄▄▄▄▄▄
█ ▄▄▄▄▄ █▄▀▄ ▄██▀█▀▄ █▀█▄  ▀▀▀▄ ▄▄██ █▄▀█▀▄▄█▄ ▄ ██ ▄▄▄▄▄ █
█ █   █ █ █▀▀█ █▄▄█ ▄▄██ ▀ █ █▄▀ █▄▀  ▄▀▄█▀█ ▄▀▄ ██ █   █ █
█ █▄▄▄█ █▄▀▀ ▀▄█▀▀▄  ▀▄  █▀ ▄▄▄ ██▀█▄▀     ▀▄▀▄▀▄██ █▄▄▄█ █
█▄▄▄▄▄▄▄█▄▀▄█▄█ █▄█▄▀▄▀ ▀▄█ █▄█ ▀ ▀ █ █ ▀ █▄▀▄▀▄█ █▄▄▄▄▄▄▄█
█ ▄  ▀█▄█ ▄▄  ▀█████▀█ ▄  █▄▄▄   █ ▄▀▀▀█ ▄▄ ▄███   █▀ ▄ ▀ █
█ █ ▄██▄ ▄  ▀▀ ▀▀  ██ ▄▄ ▄▄▄▄█  █ █▀▄▀█▄█ █ █▀█ ▄▄▀█▀▀ ▄  █
██▄▀▄▀▀▄  █ ▄▀▄ ▀▄█▄▀▀█▄▄▄█ ▀██▀██ ▄█ ▀ █▀▄█▀█▀▄█▄ ▀█▀▀▄▀██
██▀█▄  ▄█▄▄▀  ▄███▄▀ ▄▀█▄█ █ ▄▀█▄▀ █▄▀▄▀█ █ █▀▀█  █▀█ ▀ ▄██
█ ▄▀█▀ ▄▀ ▄ ▀█    ▀▀██▄▀▀▄█▄▄▄▀▄▀▄▄▀█▀ ███ █▄ ▀  ▄█▄▄▀ ▄█ █
█▄▄ ▄▄█▄ ██▀▀▀▀▀ ██▀█▄▄█▀ ▄ █ ▄██▄█▄    ██▀▄▄█▀▀▄▄██▄ ██▄▀█
██ ▄▄▄ ▄▀▀ █▀█ ██ ▄▀██ ▄▀█▀ ▄ █ █▀▀█▄▀▀█▄▄▀ ▄▀▀▄▄  ▄ ▄██ ▀█
█▄█▀▀  ▄▀▄▄ ██ ▀▀▄   ▄    █▀▀▄▀▄▀▄ ▄▀█▄█ █ █ █▄▄▀▄▄▀▀▄ ▄█▄█
█ ▀▀██▄▄▀██▀█▄█  ▄ ▄█ ███▄▀██▀▄█▄▄  ▄ ▀▀▀▀▄█ ▀▀▄█▄ ▀▀█▀█▄▄█
█ █▄▀ ▄▄▄ ▄▀▄▄ ▀  ▄▄▀▀█▄█▀█ ▄▄▄ ▀ ▀ ▄▄   ▀▄ ▀ ▀█▀ ▄▄▄ ▀▀▀██
█ ▄▀▄ █▄█ █▄ ▀▄   █▄█▄▀▀ ▄▀ █▄█   ▀▀▀▀█▄▄▀▀▄▀▄ ▀▄ █▄█  █▄▄█
█▀ ▀▄ ▄▄  ▀▀▄██ ▄ ▀ ██▀▄   ▄▄ ▄▄▀ ▀ ▀ █ ██ ▄▀▄▄▄█ ▄▄▄▄█▄▄▀█
█  ▀▀  ▄▄█▀ ▄█ ██▄ ▀▀▄▄▄  █▄▄█▀▀▀█ ▄▄▀▀▄  ▀ █▀█▄█▄ █ █▀▄▀██
███▄▀▄▄▄▄▀█▄ ▀ ▄ █ █▄█▄▄▀█████ █▀ █ ▄▄▀ ▄██▀▀▀▀ ▀▄▄▄▀▀ ▄▄ █
█  ▄█▀ ▄ █▄█▀▀ ▀███ ▀███ ▄████   ▀ █▄ █▀█▀██ ██▄██ ██▄ ▀█▄█
█▄█▄▀▀ ▄ ▀   ▄▄▄ ▄ ▀   █▄▀█  ▄ █ █▀█▄▀▄▄▀▀▀ ▄▄▄▀ ▄▀█ ▄█ █▄█
█▀█▄▄▄█▄▄███▀ ▄█▀  ▀ █ ▀█▄▀ ▀  ▄█▄▄▀▀█▄█▄▀▀▄▄▄  ▄▀▀ ▀ █▄█▄█
█▀█ ▄▄ ▄█▀█▄ ▄▄▄ ██▄ ██ █████▀▄ ▀▀▀█▀▄  █▄  █▄ ██▀▄██▄▄▄▄██
█  ▄█▄▄▄ ▄▀ ▄▀▀▀▄█▀▀▀▄ █▀▀▄█▄▄ ▀▀█▄▄▄█ █  ▀ ▀▀█▄▀ ██▄█▄▄▄ █
█ ▀ ▀▀▄▄    ▄▀█ ▄▀█▀ ▀█▄▄▄█▀▄██▀   █▄▄▄▀██ █▀██▀▄▀▄▄ ▄▀▄ ▄█
███████▄█ ▀ █▀ █ ▄▄▄▀▀█▀▄▄▀ ▄▄▄  █ █   ▀▀██▄ █ ▄▀ ▄▄▄ █████
█ ▄▄▄▄▄ ███▄▀▀█▄▀███▀▄ ▀▄ █ █▄█ █▀ ███ ▀▀▀▄▄▄▄█▄▄ █▄█  ▀███
█ █   █ █▀▄ █ █ ▀█▀█ ▄██ ▀█ ▄   ▄▄ ▀▀▀▄█▄▀▄▄   ▀▄ ▄▄  ▄▄ ██
█ █▄▄▄█ █  ▀ ▀▀   ▀ ▄▀███▀█▀█▀█▀▄▀  █ ▀▀██ █▄▄ ▄▀▄▀ ▀█▄▄█▀█
█▄▄▄▄▄▄▄█▄██▄▄█▄██▄█▄█▄▄█▄██▄▄███▄██▄█▄▄▄▄▄████▄█▄███▄█▄███

Scan this QR code:
▄▄▄▄▄▄▄▄▄▄▄▄▄▄▄▄▄▄▄▄▄▄▄▄▄▄▄▄▄▄▄▄▄▄▄▄▄▄▄▄▄▄▄▄▄▄▄▄▄▄▄▄▄▄▄▄▄▄▄
█ ▄▄▄▄▄ █▀ █▀   ▄▀█▀▄█▀█▄ ▄█▄▄▄▄ ▀▀█▄▄ ▀ ▄▄ █▄▄▄ ██ ▄▄▄▄▄ █
█ █   █ █▀  ▀  █▄▄▀ ▄█▄▄  ▀█▄█ ▄▀██ ▀▀█▀██▄ ▀█ ▄ ██ █   █ █
█ █▄▄▄█ █▀▀█▀▄█▀▄█▄█▄ ▄█▀ █ ▄▄▄ ▄ ▀█▄ ▄▀▄▀▄▄ ▄▀▀▄██ █▄▄▄█ █
█▄▄▄▄▄▄▄█▄█▄█ ▀ ▀▄▀ ▀ ▀ █ █ █▄█ ▀▄█ ▀▄█ █ █▄▀ ▀ ▀▄█▄▄▄▄▄▄▄█
█  ▄ ▄█▄▄▄ ▄█▀ ▀ ▄▀▄ █▀▀▄▀▄     ▀█▀█▀  █▀█   █▄▄▀  █ ▀▄▀▄▀█
█  ▀█▄ ▄ ▀█▄  ▄ ▄ ▀ ▀▀▀ █ ▀█   █▀▀▄▀█▀▀▄▀▀▄▀▀▀▄██▀▄▄ ▀▀▀ ██
█▀▀ ▀▄▀▄ ▄▄▀  ▄▄▄█▀ ▄▄▀▄    ▀▀▀██▀▄▄  ▀▄▀█▀▀█▀▄▄▄▀▀▄ ▀█ ███
█ █▄▄▄▄▄ ▄ ▄▄▀▀█ ▄ █▀███▄ ▀█ ▄▀ ██ ▀ █▄█▄ ▀ ███▄▄▄▀█ ▄   ██
█ ▀▄▀  ▄   ▄█▄▄█ ▄ ▄▀▄▀█▄▀█▀▀   ▄▀▀█▄  █▄▀  ▄▀▀▄ ▀███▀ ▀▀ █
█ ▄▄ ▄▄▄██▀▀▀▄▀█▄█ ▄▀▄▄▀█▀ ▄▀ ▀██ ▀ █▀▀▀ ▀▄█  █ ▀   ▄▀▀▀ ▀█
█▀  ▀  ▄ ▀▀██▄▀█▄▀▄▄▄█▀█▀▄▀ ▀▀▀ ▄▀▄█▄▄▀█▀█▀ ▄█▄█▄▀ ▄▄▀█  ▀█
██▄██▀▄▄█▄  █  █▄ ▄ ▄█  ▀█▀ █▀█▄██▄ ▄ █ ███▀▄▄▄▀▄▀▀█ ▀▀▀▀██
██ ▄ ██▄█ █▀▄▄ █▄█  █▄██  █▀▀▀█▀▄ ▄ ▄▄▀▄▀██▀▄█▄█▀  ████ ▄▄█
██ ▀▀ ▄▄▄ ▀█▄ ▄▀█▄▄█ ▀▄█  █ ▄▄▄    █▄▀█▄▀▀▄█▄█▄▄  ▄▄▄ █  ▀█
█▀▄   █▄█ ▀ ▄▄▀▄▀▄▄▀ █▄█▀ ▀ █▄█ ▄██▄  ▀▄██ ▀ ▀ ▄▄ █▄█ ▄▀▄ █
██ █▄▄ ▄  ▄█  █▀▀▄▀▄█▄   ▀█▄▄▄▄▄█▄▄▀▀██▄ ▄▄ ██▀▄▀▄▄▄     ▀█
█▀▀████▄█ ▄▀█▄ █▀▄▀▄▄▄█▀ ▀▄▀▄█▀  █▀█▀▄▀▄▀▀▄ ▄▀███▄▀ ██ ▀▀▄█
█  ▄██▄▄   ▄▄ ▄ █▀▀ █ ██▄▀▄▄▄▀▀ ▀▀▄▄██▀ ▄▀ █▄▄▄█ ▄ █ ▀  ▄▀█
█▀▄ █▀▄▄  ▄▄▀ ▄ ▀█▄▄▀▀▀█▄ █▄▀█▄ █▀██▄  ▄ █▀  ██▄▀█ ███▀▄█▀█
██▀█▀█▀▄▄▀ ▀   ▄▀█▀▄▀  ▀▄ █ ▀█▀▄ ▄ ██ ▄█▄ █▀▀▄▄▄▀▄▄▀ ▀▀▀▄▄█
█▄▄▄▄ ▄▄█ █ █ ▀▀▀▄  ▄▄▀▀▀▀█▀█▄ ▄▀█▀█▄ ▀▄▄█▀ ▄█ ██▄▄ ▄▄  █▀█
█ ▀▄█▄▀▄█▀ ▀██ ███▀ ▄ ▀ ▀ ▀▀ ▀  ████▀▀  ▄█▄▀ ▀ ▄██ ▀▄█ ▀▀██
█ ▄▀▀  ▄▄▄▄▀▄ ████▀ ▄▄▀▄  █▄██ █ █▄█▄▄ ▄██ ▀▀█ █▀█▀ ▄▄▄▀█▀█
█ ▀ ▀▀▄▄██▀█ ▄█▀ ▀█▄█▄▄▀██▄  ▀▀▄▀ ▄ ▄▄▄ ▄ ▄▀█ █▄█▄ ▀▀▄▄  ▀█
███████▄█▀▀ ▀▀ ▀▄▄ ▄▀▄▄▀▀ ▄ ▄▄▄  ▀▄█   ▄▀▀▀▀ ▀▀▄█ ▄▄▄ ▄█▀ █
█ ▄▄▄▄▄ █▄▄ ▄██  █ ▀▄▄███▀█ █▄█ █▀▀▄▀▄▄▀█ █ ▀  ▄▄ █▄█ ▀▀▄██
█ █   █ █ █▀  █ ▄▀▀▄▄██▀▀▄   ▄ ▄▄██▄▄▄▄███  █▀███  ▄  █ █▄█
█ █▄▄▄█ █ ▀ ▄█ ▀▄ ▀▄▄█ ▄▀██ ▀▀▀█▄██▀▀▀ ▄█▀▄▀ ▀  ▄  ▄██  ███
█▄▄▄▄▄▄▄█▄▄▄▄█▄▄██▄▄█▄██▄▄▄████▄▄▄▄▄▄▄█▄▄██▄███▄▄▄▄█▄█▄█▄██

Scan this QR code:
▄▄▄▄▄▄▄▄▄▄▄▄▄▄▄▄▄▄▄▄▄▄▄▄▄▄▄▄▄▄▄▄▄▄▄▄▄▄▄▄▄▄▄▄▄▄▄▄▄▄▄▄▄▄▄▄▄▄▄
█ ▄▄▄▄▄ █▀█▄▄ ▄ ███▀ █▄▄▄▄ ██▀ ▄▄ ▀▀ ▀ ▀█▄ ▄▄▀▄▄ ██ ▄▄▄▄▄ █
█ █   █ █▀▄ █ ▀█▄▄█▀█▄▄▄▀ ▀█▀▄▄ █▄█   █▀▄█▀▄▀▄ ▄ ██ █   █ █
█ █▄▄▄█ █▀▄▀▄▄ ▄▄███▄ ▀▄▀ █ ▄▄▄  █▄▀ ▀▄▀█ ▀▄▀▄▀▀▄██ █▄▄▄█ █
█▄▄▄▄▄▄▄█▄▀ ▀ █▄▀▄▀ ▀ █ █ █ █▄█ ▀▄█ ▀▄█▄█ ▀ ▀ █▄▀▄█▄▄▄▄▄▄▄█
█ ▄   █▄   ▀█▄ █▄▄█▄ █▀█ ▀ ▄▄▄  ▀█▀█▀  █▀█▄▀██▄▄   █ █▄▀ ▀█
██▀▀▀▀█▄▀▀██▀▄▄ ▄▄▀ ▀▀▀ ▀▀▀▄▀█▀█▀▀ ██▄█▀ ▄▄█▀  ▄█ ██▄▀▀▀▄▀█
█▀▄ █▀█▄▀█▀  █▄▄█▄▀ ▀█▀▄  ▄██▀▀██▀▀█▀▄ ▄▀▀▀ ▀▀▄▄▄▀ █ ▀▀▄▀▀█
█▀██▄▀ ▄█▄█  ▀██▄▄▄▀▀▄█▄▄▄▀█ ▄█▄█▀█  ▄▄▀ ▀▀  █ ▀▀▀▄▀▄▀▀▀███
████ █▀▄█▀▀▄  ▄▀▄▄▀▄ █▀█  ▀█▀  ▀██▀▄  ▀█▀▀▀  ███▀▀▀█▀█▀▀█▀█
█ ▀ ▀▄█▄ ▀▀▀██▀█▀▄▀███ █▀█▄▄▀  ▀▀▄▀▄█ ▀█  █ █▀▄   ▀█  ▀▀ ▀█
█▀█▄███▄ ▀▀▄▄▀▀█▄▀▄ ▄█▀█▀▄  █▀█▀ ▀ ▄ ▄ █ █▀▀▄▀ █▄▀▀▄▀██▄▀▀█
█▀▀ ▄ ▄▄█▀█  ▀█▀▄ ▀█▄██▄▀█▀ ▄  ▀███ ▀  ▄▄ ▀ ▄▄▀  ▀ █▄ ▀▀▀██
█▄▀█▀█▀▄ █  ▄ ▀▀▄▄▄ █▄▀█▀ ██▀▀ ▀▄ ▄  ▄▀██▀ ▀ ██▄▄▀▀█▀▀█▀▄ █
█▀▄▄  ▄▄▄ ▀ ▄██▀▀▀▄█ ▀▄██   ▄▄▄    █▄██▄▀  █   ▄█ ▄▄▄ █  ██
██ ██ █▄█  █▀▄▄██▄▄▀▀█▄█▀▀▀ █▄█ ▄▀█▄ ▄▄▄▀█▀ ████▀ █▄█  █ ██
█▄  ▀ ▄▄▄▄█▀ ▀█▄  ▄▄█▀▄▄▄▄ ▄    ▀▄▄▀▀▄▄ ██▀ █ ▀   ▄ ▄▄ ▀▄██
█▄▀  ▀ ▄▀▄ ▀▄▄▀█▄█▄▄▄▄█▀▀▀▄▄ ▄▀  █▀█▄ ▀█▀▀▄  █▄█▀█▀█▄▄ █ ▀█
████▀ █▄█   ▀▄▄█ ▀▀ ▄▀▀ ▄▄▀▄█▀▀ ██ ▄▄ ▄▀ ▄▄█▄▀▄▄▀▀ █▄ ▀▀ ██
███ ▀▀▄▄ ▀ █▀█ █▀█▀▄▀▀▀█▄ █▀▀█▀  ▀▄█ ▄████▀▀▄▀▀▄▀▀ ▀▀▄▄█▄▀█
██▄▄   ▄▀▀█▀██▀ ▀█  ▀ ▀▄▄ ▄ ▀█ ▄▀█ ▄█ █▄ ▀▀▀█▄█  █ █▀██▀▄▄█
█▄▀█▀██▄ ▄▄ ▀ ▀▄▄▄▀▄▄▄██▄▀█▀▄▄▀▀▀█▀█   ▄▀█ ▀ ██▄█▄▀▀▄▄▄▀▀██
███▄ █▀▄██▀▄ █▀▀▄█▀  ▀▀ ▀▀▀▀▀▀ ▄▀█▀▀█  ▄▀▄ ▄█ ▄██▄▄█▀▄▀ ▄▀█
█▀▀██▄▀▄ ███▄  ▄█▄▀  ▄▀▄▀ ▄███   ███▄▄▀▄▀▀▀▀ ▀█▄█▄▀█▄█  █ █
█ ▀ ▀▀▄▄▄██▄█▄▀▀▀█▄ ▄  ██▀ ▀▀▀▄▄▄▀█ ▀▀██ ████▄▀ ▀▄ █▀▄▀ ▄██
███████▄█ █ ▀█ ▀▀▄ ▄▀█▀▀▀▀▀ ▄▄▄  ▀▄█   ▄▀▀   █▄▄█ ▄▄▄  ▀███
█ ▄▄▄▄▄ █▄▄█▀ ▄▄ ▀█▄█▄▀ ▄▄▄ █▄█ ▄█▀▄█ ▀▀▄███▄▄▄█  █▄█    ██
█ █   █ █ ▀▄▀█▀▀▄▀  ▄█ ▀▀▄▀    ▄▄███ ▄ ▄█▀█▀▄████▄ ▄ ▄█▀███
█ █▄▄▄█ █ █   █ ▄ █▄▄█▀█▀███▀▀▀███▄  █▀█▀█▄▀█ ▄▄█ ▀▄▀█  ███
█▄▄▄▄▄▄▄█▄▄█▄▄▄▄▄▄▄▄██████▄█▄▄█▄▄▄▄▄▄▄█▄██▄▄▄█▄███▄█████▄██

Scan this QR code:
Scan this QR code:
▄▄▄▄▄▄▄▄▄▄▄▄▄▄▄▄▄▄▄▄▄▄▄▄▄▄▄▄▄▄▄▄▄▄▄▄▄▄▄▄▄▄▄▄▄▄▄▄▄▄▄▄▄▄▄▄▄▄▄
█ ▄▄▄▄▄ █▀ █▀   █▀█▀▄█ ▄▄ ▄█▄▄▄▄ ▀▄▀▄  █ ▄▄▄█▄▄▄ ██ ▄▄▄▄▄ █
█ █   █ █▀  █  █▄▄▀ █▄▄▄ ▀▀█▄█ ▄ ▄█ ▀ █▀▀▄▄ ▀█ ▄ ██ █   █ █
█ █▄▄▄█ █▀██▄▀█▀▄█▄█▄ ▄█▀ █ ▄▄▄ █▀▀█▄▄▄▀▀▄▄▄▄█▀▀▄██ █▄▄▄█ █
█▄▄▄▄▄▄▄█▄█▄█ ▀ ▀▄▀ ▀ ▀ █ █ █▄█ ▀▄█ ▀▄█ █ █▄▀ ▀ ▀▄█▄▄▄▄▄▄▄█
█  ▄  ▀▄▄▄▀█▀  ▀ ▄▀▄ █▀▀▄▀▄     ▀█▀█▀  █▀█   █▄▄   █▄▀▄▀▄▀█
█  ▀██▀▄▄█▄▀▀█▄ ▄ ▀ ▀▀▀ █ ▀█ ▄ █▀▀▄▀█▀▀▄▀▀ █▀▀ ██▄███▄▀▀ ██
█▀▀▀█▄▀▄ █ ▄  ▄▄▄█▀ ▄▄▀▄  ▀ ▀█▀██▀▄█  ▀█▀█  █▀█▄  ▀▄█▀█▄███
███▀▀▄▄▄ █ ▄▄▀▀█ ▄▀█▀█▀▄▄ ▀█▀█▀ ██ █ █▀▄▄▄▄█▀▀▀▄█ ▀█▀█▄▀ ██
█ ▄▄▄  ▄   ▄█▄▄█▄█▄  ▄▀▀▀ █▀▀ ▄ ▄▀ ██▄ ▄██  ▀▀█▄ ▀███▀ ▀█ █
██ █▄▄▄▄██▀▀▀▄▀███ ▄▄█▄▀██ ▄▀  ██ ▀ ▀▄  ▀ █▄ ██▀▀  ▄▄▀▀▀███
█ █ ▀ ▀▄ ▀▀█▀ ▀█▄▀▄▄▄█▀█▀▄▀ ▀▀▀ ▄▀▄█  ▀█▀█▀  ▀▄█▄▀▀▄▄▀█ ▀ █
██▄██ █▄▀▄ █▄▄ ▀▄ ▄ ▄█  ▀█▀ █▀█▄██▄ █ █ ▄▄█▀██▄▀▄▀█▄ █▀▀▀██
██ ▄ ▀ ▄▄███ █▀▀▄█  █▄██  ▀▀▀▀█▀▄ ▄ ▄▄▀▄▀██▀▄█▄█▀  ████ ▄▄█
██ ▀▀ ▄▄▄ ▄▄▄▄▄▄█▄▄█ ▀▄█  ▄ ▄▄▄    ▀▄▀▀ ▀▀ ▀▄█▄▄▄ ▄▄▄ ▀  ▀█
█▀▄▀▄ █▄█ ▀█▄▄▀▀▀▄▄▀ █▄█▀ ▀ █▄█ ▄█ ▄  ▀███▀▀ ▀███ █▄█ █▄▄ █
█ ▀██  ▄ ▄▄█  █▀▀▄▀▄█▄ ▄ ▀▄ ▄▄▄▄█▄█ █▀▀▄  ▀ █▀██ ▄▄  ▄   ▀█
█  ▄▄██▄██▄▀█▄ █▄█▄  ▄▀▀▀▀▄▀▄█▀  █▀█ ▄ █▀▀ ▀ ████▀▀ ▄▄ ▀▀ █
█▄█  █▄▄▄█ ▄▄ ▄ ▀█▀ ████  ▄▄▄▀▀ █▀▄▄▀ ▀ ▄▀ █▀ ▄█ ▄ █▄█   ██
█▄  █▀▄▄  ▄▄█▀▄ ▀█▄▄▀▀▀█▄ █▄▀██ ▄▀██▄  ▄ █▀ ▀██▄▀█ ███▀▄█▀█
██▀█▀█▀▄▄▀▀██▄▀▀▀█▀▄▀  ▀▄ █ ▀█▄  █ ██▀▄█▄ █▀▀█▄▄▀▄▄▀ ▀▀▀▄▄█
█▄▄▄▄ ▀▄█ █▄▀█▄ ▀▄  ▄▄▀▀▀▀█▀█▄ ▄▀█▀█▄ ▀▄▄█▀ ▄█ ██▄▀▄▄▄  █▀█
█ ▀▄█▄▀▄█▀█ ▄▄████▀ ▄ ▀ ▀ █▀ ▀  ██▀█▀▀▄ ▄█ ▀ ▀ ▄▀▀ ▀▄█ ▀▀██
█ ▄▀ ▀▄▄▄▀  ▄ ▄███▀ ▄▄▀▄  █▀██ █ ███▄▄████▀ ▀████▀▄██████▀█
█ ▀ ▀▀▄▄ █▀█ ▄█▀ ▀▀▄█▄▀ ██▄▄ ▀▀▄▀ ▄  ▄▄   ▄▄▀ █▄█▄▀▀ ▄▀▀ ▀█
███████▄▄ ▀ ▀▀ ▀▄█▄▄ ▄▀▀  ▄ ▄▄▄  ▀▄█   ▄█▀  ▀▀██▀ ▄▄▄ █▄█ █
█ ▄▄▄▄▄ █▄▄ ▄██ ▄  ▀█▄██▄ █ █▄█ ▀█▀▄  █ █ █ ▄  █▀ █▄█ ▀▀▄▀█
█ █   █ █ █▀▄██ ▄▀▀▄▄██▀▀▄     ▄▄██▄▄ ▄█▄▀  ▄████  ▄  █ ▄██
█ █▄▄▄█ █ ▀█▄▄██▄ ▀▄▄█ ▄▀██ █▀▀█▄▄█▀   ▄▄▀▄▀▀   ▄  ▄█▀  ███
█▄▄▄▄▄▄▄█▄██▄█████▄▄█▄██▄▄▄████▄▄▄▄▄▄▄█▄▄██▄███▄▄▄▄██▄▄█▄██

▄▄▄▄▄▄▄▄▄▄▄▄▄▄▄▄▄▄▄▄▄▄▄▄▄▄▄▄▄▄▄▄▄▄▄▄▄▄▄▄▄▄▄▄▄▄▄▄▄▄▄▄▄▄▄▄▄▄▄
█ ▄▄▄▄▄ █  ▄▄  █▄█▄ █▄ ▄█▄█  ▀ ▄▀█▄▀▄█▀▄█▀▀▄▀ ▀▄ ██ ▄▄▄▄▄ █
█ █   █ █ ▄█▄▀▀██  ▄█▄▄▀██▀█▀▀▀█ ████▄█▀█ ▄▀ █ ▄ ██ █   █ █
█ █▄▄▄█ █▀█▀█ █▀▀███▀█▄▄▀   ▄▄▄ █ ▀▀█ ▀▄██▀▄ ▄▄▀▄██ █▄▄▄█ █
█▄▄▄▄▄▄▄█▄█ █ █▄▀ █▄▀ █▄▀▄█ █▄█ ▀▄█▄█ █▄█▄█▄▀ █ █ █▄▄▄▄▄▄▄█
█  ██▄ ▄▀▀██▀ █ ▀▄█▄█ ▄█ ▀▀  ▄  ▄ ▄█▀ █ ▄█▄▀  ▀▄▀ █▀ █▄ ▄▄█
█ ▀▀▀▄▀▄▄▄█ ▄▄▄ ▄▀▄█▀▀▀█▄▄ ▄█ ▄ ▀▀▄  ▀▀█ ▀▀▄▀  █ ▀██ ▄▄▄▄▀█
█▀▀█▄▀█▄▄█▀  █▀▀ ▄▀ ▄ ▄▄  ▀  ▀▀█ ▄ ▄▀▄█▀▄▀  ▄▄ █  █ ▄█▀ ▄▄█
██▀ █▄█▄█▄███▄██▄▀▄▄▀▄▄▀▀▀▀█   ██▀ ▄▀▀▄▄  ██ ▀▄█▄▄▄▀█▄▀▄███
█▄█▀██▀▄ ▄▄▄  ▀▄▀▄ ▄▄▀▄█  ▄ ▄ ▀▀  ▄▄▀ ▀  █▀ ▀▄ █▀▀▄ ▄█ ▀  █
█  ▀ ▀ ▄ ▀▀▄  ▀█ █▄ █▀  ██▄▄▀█▄█▀▄▀▀█▄ ▄█▄ ▄█ █████▀ █▄▄▄▀█
█▀▀▀ █ ▄█▄▄▄▄█▄ ▀▀▄ ▀ ▄█▀▄██ ▀█▀▀▄█▄  █ █▀▀▀▀▄██▄▀█ ▄██▄▄▄█
█▄▀ ▄▀▄▄█▀▄▀█▀ █▄█▄ ▄██▀▄ ▀ ▄██▄█▄████ ▄▄▄▄█▄▄▀██▄██ ▀▄▄▀██
█▄▄ ▄█▀▄▀▀▀█▀▄ █▀▄▄  ▀▄█▀  ▄▄▀ ▀▀█▀  ▄▄  ▀ ▀█  ▄▀▀█▀▄██▀▀██
█▄▄▄  ▄▄▄ █▀▄▄█ ▀▄▀  ▀▄  █▀ ▄▄▄    ▄▀ ▀▄▀█▀▄   ▀  ▄▄▄ ▄█ ██
███▄  █▄█ █ ▀▄▄  ▄▄▀▄ ▀█▀▀▄ █▄█ ▀▄▀▄ ▄  ▄█▀    ▄  █▄█ ▄▀█ █
█▄▄█  ▄▄▄ █▄█▄█▄ █ ██▀█ ▀▀ ▄ ▄▄▄▀▄▄▄ █▄▄█▄█▄█ ▄▀▄ ▄▄▄ ▄█▄██
█▀ ██▀ ▄ ██▀▄▄▄  █ ▄▄ ▄▀▄▀▀▀ ▄▀ █ ▄█ ▄█ █▀█▀█  ▄█▀▄ ▀▄ ██ █
█ █▀██ ▄   █▄▀▄█ ▄▄█▄▄▀███▀▄▄▀▄██▀ ▀▀██▀▀█▀ █ █ ▄▄ █▄▀▄▄▄██
██▀█▄▀▄▄█▄██▄ █ ▄█▀▄▄▄▄█▄  ▄▄█▄▄▀ ▀█▄▄  ▄█▀▀█▄▄▄▀▀█▄▄▄▄█▀▄█
█ ▄▄ ██▄▀▀█▀▀█▀▀▀ ██▀ ▀▀▀█▄ ▀ ▀▀▀▄ ▀ ██▄▀▄▄▄█▄███  █▀  ▄▄▄█
█▄▄ ▄▀▀▄█▀▄ ▀▀▀▄▀▄▀▄▀▀ █▄▀ ▄▀▄▀▀▄ ▄█  █▀▄█ ▀█  ▄█▄▀ ▀▄▄█▄ █
█ █▄ ▀▄▄██▄▀▀▀█ ▄ ▄█ ▀▀█▄▄█▀▀▄█▀▀█▀▄ █ ▄▀▀▀██ ▄▄▄▀▄▀▀▀▀█▄▀█
█▀▄█▄▄▀▄ █▄▄▄ ▀▄ ▄▀ █▀▄▄▀  ▄ █  █  █▄▄█ ▄▀▀ █▄█▄▀  ▀▀█ ▀ ██
█ ▀ ▀▀▄▄▄██▀ ▀▀▀▀ ▀▀▄ █▀ ▄▀▄▀▄▀▀▄▀██  ██  █▄▀ ▀██▀▄▀█ ██▄██
███████▄▄   ▀██▄▀▄▄▄▄  ▀▀ ▄ ▄▄▄ █▄▀█▄▄█  ▀  ▀ █▄█ ▄▄▄  ▀▄▄█
█ ▄▄▄▄▄ █▀▄ ▄█▄▄▄▀ ▀▀▄▀██▄▄ █▄█ ▄█▀▀█▀▀ ▄▄▀ █▄█▀  █▄█ █████
█ █   █ █▄▄▄▀▄▄▄▀▀  ▀ █▀▀▄▄▄ ▄ ▄▀▄ █▀ █▀▄██▀█  █▄▄▄   █▀▀ █
█ █▄▄▄█ █▀▄ ▄▀ ▄▄█ ▀▄█▀ ▄ ███▄▄ ▄█▄██ ▀█▀ ▀▄█ ▄▀ █▀▄█▄█████
█▄▄▄▄▄▄▄█▄▄███▄▄█▄▄▄▄▄▄████▄▄██▄███▄▄▄▄█▄█▄▄█▄█████▄█████▄█

❌ Bot disconnected (408), reconnecting in 5s...
❌ Bot disconnected (408), reconnecting in 5s...
Scan this QR code:
▄▄▄▄▄▄▄▄▄▄▄▄▄▄▄▄▄▄▄▄▄▄▄▄▄▄▄▄▄▄▄▄▄▄▄▄▄▄▄▄▄▄▄▄▄▄▄▄▄▄▄▄▄▄▄▄▄▄▄
█ ▄▄▄▄▄ █▀ █▀   ▄▀█  █▀▄▄▄▄█▄▄▄▄ ▀██▄ ▄▀▀█▀▄▄█▄▄ ██ ▄▄▄▄▄ █
█ █   █ █▀  █  ███▀ ▄█▄▄ ▀▀█▄█ ▄▀██   █▀█▄▄ ▀█ ▄ ██ █   █ █
█ █▄▄▄█ █▀█▀█▀█▀▄█▄█▄ ▄█▀ █ ▄▄▄   ▀█▄▀▄▀█▄▄▄▄▄▀▀▄██ █▄▄▄█ █
█▄▄▄▄▄▄▄█▄▀ ▀ ▀ ▀▄▀ ▀ ▀ █ █ █▄█ ▀▄█ ▀▄█ █ █▄▀ ▀ ▀▄█▄▄▄▄▄▄▄█
█  ▄ ▄█▄ ▄█▄▄█ ▀ ▄▀▄ █▀▀▄▀▄▄    ▀█▀█▀  █▀█   █▄▄   █ ▀▄▀▄▀█
█  ▀█▄ ▄█▀██  ▄ ▄ ▀ ▀▀▀ █ ▀▄▄▄ █▀▀ ██▀█ ▀▀ ▀▀▀ ▀▄▄▄█▄▄▀▀ ██
█▀▀  ▄▀▄      ▄▄▄█▀ ▄▄▀▄   ▀██▀██▀▄█  ▀▄▀█ ▀█▀██▄▀▀▄█▀█▄███
█▄▄  ▄▄▄▀█ ▄▄▀▀█ ▄██▀█▀█▄ ▀█ ██▄██▄█▄▀▄ ▄ █ ▀█▀█ ▀▀█ ▄   ██
█▄▄▀   ▄   ▄█▄▄█▄█▄  █▀█▀▀█▀▀  ▀▄▀▀█ ▄▀███ ▀ █▀█ ▀███▀  ▀ █
██▀█ ▄ ▄██▀▀▀▄▀█▄█ ▄▄▄▄▀▀█ ▄▀ ▀▄█▄▀ ▄ ▀▀▀▄▄▄▄██ ▀  ▄▄▀▀▀ ▀█
█▄▄ ▀▄▄▄ ▀▀█▄ ▀█▄▀▄▄▄█▀█▀▄▀ ▀▀▀  █▄█▄▄▀█▀▀▀ ▄▀▄█▄▀▄█▄▀█ ▀▀█
██▄███▄▄▀▄▄ ██▀ ▄ ▄ ▄█  ▀█▀ █▀█▄██▄ █ █ ▄▄█▀██▄▀▄▀▄▄ █▀▀▀██
██ ▄ ▀▄▄▀▀ ▄█   ▄█  █▄██  █▀▀▀█▀▄ ▄ ▄▄▀▄▀██▀▄█▄█▄▀ ▄█▀█ ▄▄█
██ ▀▀ ▄▄▄ ▀▄▄█ ▄█▄▄█ ▀▄█  █ ▄▄▄    █▄▀█▄▀▀▄▀▄█▄▄▄ ▄▄▄ ▀  ▀█
█▀▄▀▀ █▄█ █▀▄▄▀▀▀▄▄▀ █▄█▀ ▀ █▄█ ▄█▄▄  █▄██▀▀ ▀▄▄▄ █▄█ ▄ ▄ █
█▄ ▄█▄▄▄ ▄▄█  █▀▀▄ ▀█▄▀▄ ▀█ ▄▄▄▄█▄▄ ▀▀▄▄ ▄█▄▀█▄█  ▄▄  ▄  ▀█
█ ▄▀▀██▄▄█▄▀█▄ █▄▄▄▄ ▄▀▀▀ ▄▀██▀  █▀█ ▄▄▄▀█  ▄▀▄██ ▀ ▄█ ▀▀ █
██▄▀ █▄▄ ▄ ▄▄ ▄ ▀█▀   ██▄ ▄▄██▀ ▀▀▄▄▀▄  █▀▀▄▀█▄▄▀▄ ███  ▄██
██▀ █▀▄▄  ▄▄▄▄▄ ▀█▄▄▀▀▀█▄ █▄▀█ █▄███▀  ▄▀▀▀ ▄▀█▄▀█ ███▀▄█▀█
██▀█▀█▀▄▄▀▄█▀▀▄▄▀█▀▄▀  ▀▄ █ ▀█▄▄ ▄ ██ ▄██▀█▀ ▄▄▄▀▄▄▀ ▀▀▀▄▄█
█▄▄▄▄▄█▄█ █▄▄▀ ▀▀▄  ▄▄▀▀▀▀█▀█▄ ▄▀█▀█▄ ▀▄▄█▀ ▄█ ██▄▀▀▄▄▄▄█▀█
█ ▀▄█▄ ▄█▀██▄█ ▀██▀ ▄ ▀ ▀ ▀▀ ▀  ████▀▀ ▄▄█ ▀ ▀  █▄▄█▄█▄ ▀██
█ ▄▄█ ▄▄▀█▄█▄ ▀███▀ ▄▄▀▄  ▄███ █ █▄█▄▄ ▄██  ▀█▄█▀█▀ ▄█▄▀█▀█
█ ▀ ▀▀▄▄█▀▀█ ▄█▀ ▀█▄█▄████▄  ▀▀▄▀ █▀  ▀▄▄▄ ▀▀ ▀▀▀█ █▄█▀  ▀█
███████▄█ ▀ ▀▀ ▀██ ▄▀███  ▄ ▄▄▄  ▀▄█   ▄▀▀▀ ▄█▄██ ▄▄▄ ██▀ █
█ ▄▄▄▄▄ █▄▄ ▄██ ▄▄ ▀▀████▀█ █▄█ ██▀▄█▄█▀▄ █▀▄▄ █▀ █▄█ ▀▀ ▀█
█ █   █ █ █▀▀██ ▄▀▀▄▄██▀▀▄  ▄  ▄▄▀█▄  ▄███   ████  ▄▄▄█ ▄██
█ █▄▄▄█ █ █▄▄ █ ▄ ▀▄▄█ ▄▀██ ▄▀▀████▀▀  ▄▄ ▄▀▀   ▄  ▄█▀  ███
█▄▄▄▄▄▄▄█▄█▄█▄▄▄██▄▄█▄██▄▄▄█▄▄█▄▄▄▄▄▄▄█▄▄██▄███▄▄▄▄███▄█▄██

Scan this QR code:
▄▄▄▄▄▄▄▄▄▄▄▄▄▄▄▄▄▄▄▄▄▄▄▄▄▄▄▄▄▄▄▄▄▄▄▄▄▄▄▄▄▄▄▄▄▄▄▄▄▄▄▄▄▄▄▄▄▄▄
█ ▄▄▄▄▄ █▄▀▄ ▄█▄▀▀▀█▄▀ ▄▄  ▀▀▀▄ ▄▄██ ▀▄█▀█▄▄▀▄ ▄ ██ ▄▄▄▄▄ █
█ █   █ █ █▀▀█ █▄▄█ ▄▄██   █ █▄▀ █▄▀█ ▄▀█▄▀██▄▀▄ ██ █   █ █
█ █▄▄▄█ █▄▀▀▄█▄█▀▀▄  ▀▄  █▀ ▄▄▄ ▄▀▀█▀▄   ▀ ▀██▄▀▄██ █▄▄▄█ █
█▄▄▄▄▄▄▄█▄▀ ▀▄█ █▄█▄▀▄▀ ▀▄█ █▄█ ▀ ▀ █ █ ▀ █▄▀▄▀▄█ █▄▄▄▄▄▄▄█
█ ▄  ▀▀▄█ ▀▄██▀█████▀█ ▄  █ ▄▄   █ ▄▀▀▀█ ▄▄ ▄███▄  ██ ▄ ▀ █
█ █ ▄▄▄▄█▄▀█▄▀ ▀▀  ██ ▄▄ ▄▄█▄█  █ ██▄▀█ █ ▀▄█▀█  ▄▀█▄  ▄  █
██▄▀█▀▀▄▄ ▀▄▄▀▄ ▀▄█▄▀▀█▄▄▄█▀▀▀█▀███▄█ █▀█▀█▄▀█▀███ ▀███▄▀██
█▄▀█▄  ▄▄█▄▀  ▄███▀▀ ▄▀▀▄█ █ ▄█▀▄▀█▀▄█▀▄█▄▀ ██▀▀ ▄█▀█▀  ▄██
██ ▄▄▀ ▄▀ ▄ ▀█   ▀▀█▄█▄▀▄▄█▄▄▄▀█▀▄▄▀▄▀▀█▄▀▀█▄▄ ▀ ▄█▄▄▀ ▄█ █
█▀▄ ▄▄█▄ ██▀▀▀▀▀ ▄█▀  ▄█▀▄▄ █ █▄█▄█▄▀   ▄█▀█▀▄▀ ▄▄██▄ ██ ▀█
█▄█▄▄▄▀▄▀▀ █▀  ██ ▄▀██ ▄▀█▀ ▄ █ ██▀█▄█▀█  ▀ ▄▀▀▄▄ ▀▄ ▄██  █
█▄█▀▀▀▀▄▀ ▀██▀▄ ▀▄   ▄    █▀▀▄▀▄ ▄ ▄▀█▄█ █ █ █▄▄▀▄ ██▄ ▄█▄█
█ ▀▀█▄ ▄ ▀▀▀▀▀█  ▄ ▄█ ███▄███▀▄█▄▄  ▄ ▀▀▀▀▄█ ▀▀▄▄▄█ ▄█▀█▄▄█
█ █▄▀ ▄▄▄ ▀██▀█▄  ▄▄▀▀█▄█▀▄ ▄▄▄ ▀ ▀ ▄▄ ▄ ▀▄▄▀ █▀▀ ▄▄▄ ▀▀▀██
█ ▄█▀ █▄█  █ ▀ ▀  █▄█▄▀▀ ▄▀ █▄█     ▀▀█▄▄▀ █▀▄▀▀  █▄█ ▀▀▄▄█
█▀▀▄▀  ▄▄▄▀▀▄██ ▄ ▀███▀▄   ▄▄ ▄▄▀ ▀▀█▄▄ ▀██▄█▄█▀▀  ▄▄▄▄█▄▀█
█▀█ ▀  ▄▀▄▀ ▄█ ███▀█▀█▀ ▄ █▄█▄▀▀▀█ ▄▄▀ ▄ ▄▀ █▀███▄ █▄▄▀▄███
█▀▄▄▀▄▄▄  █▄ ▀ ▄▀  █  ▄▄ ▄██▀▀ █▀▄█      ▄█▀▀▀▀▀ ▄▄▄▀▀ ▄▄▄█
█▄▀▄█▀ ▄ █▄█▀█ ▀███ ▀███ ▄████▀█ █ █▄ █▀▀▀██▄██▄██ ██▄ ▀███
█▄█▄▀▀ ▄ ▀█▀ ▀█▄ ▄ ▀   █▄▀█  ▄▄█ █▀██ ▄▄▀▀▀ ▄▄▄▀ ▄▀█ ▄█ █▄█
█▀█▄▄▀█▄▄█  ▀  ▄▀  ▀ █ ▀█▄▀ ▀  ▄█▄▄▀▀█▄█▄▀▀▄▄▄  ▄▀▀▀▀ █ █▄█
█▀█ ▄▀▀▄█▀▀▀▄█▀  ██▄ ██ █████▀▄ ▀▀██▀▄▄ █▄▄ █▄▄█▀▀▄▀█▄▄▄▄██
█  ██  ▄ ▀██▄▀▄█▄█▀▀▀▄ █▀▀█▄▄▄ ▀▀█▄▄▄█ ▄  ▀ ▀▀▄▄▀ ▀▀▄▄▀ ▄ █
█ ▀ ▀▀▄▄ ▄  ▄▀█ ▄▀▄▄ ▀ ▄▄▄█▀▄██▀  ▀▄  ▀███ █▀█▀     ▀  █ ▄█
███████▄█ ▀ █▀ █▀██ ▀  ▀██▀ ▄▄▄  █ █▀▄ ▀▀▀ ▄▄█▀▄▀ ▄▄▄ ▄▄▀██
█ ▄▄▄▄▄ ███▄▀▀█▄  ██▀▄ ▀▄ █ █▄█ ▀█ ██▄▀▀▀██▄██▄▄▄ █▄█  ▀▄▀█
█ █   █ █▀▄  ▄█ ▀█▀█ ▄██ ▀█  ▄  ▄  ▀██▄█▄█▄▄▄▄ ▀▄ ▄▄▄▄▄▄ ▄█
█ █▄▄▄█ █ ▀▀ ▄▀▀  ▀ ▄▀███▀█▀▀██▀▄   ▄▀▀▀█▄ ██▄ ▄▀▄▀ ▀█▄▄█▀█
█▄▄▄▄▄▄▄█▄▄▄▄█▄███▄█▄█▄▄█▄███████▄██▄█▄▄▄▄▄████▄█▄███▄█▄███

Scan this QR code:
▄▄▄▄▄▄▄▄▄▄▄▄▄▄▄▄▄▄▄▄▄▄▄▄▄▄▄▄▄▄▄▄▄▄▄▄▄▄▄▄▄▄▄▄▄▄▄▄▄▄▄▄▄▄▄▄▄▄▄
█ ▄▄▄▄▄ █▀ █▀ ▀▀▀▀█▀▄█▀▄█▄▄█▄▄▄▄ ▀▄▀▄ ▄▀▀▄  ██▄▄ ██ ▄▄▄▄▄ █
█ █   █ █▀  █▄ █▄▄▀ █▄▄▄▀▀▀█▄█ ▄▀▄█  ▀█▀▄▄▄  █ ▄ ██ █   █ █
█ █▄▄▄█ █▀██▄▄█▀▄█▄█▄ ▄█▀ █ ▄▄▄  █▀█  ▄▀▀▀▄▄█ ▀▀▄██ █▄▄▄█ █
█▄▄▄▄▄▄▄█▄█ █▄▀ ▀▄▀ ▀ ▀ █ █ █▄█ ▀▄█ ▀▄█ █ █▄▀ ▀ ▀▄█▄▄▄▄▄▄▄█
█  ▄ ▄█▄▄▄█▀█  ▀ ▄▀▄ █▀▀▄▀▄     ▀█▀█▀  █▀█   █▄▄▀  █▄█▄▀▄▀█
█  ▀██ ▄▄ ██▄ ▄ ▄ ▀ ▀▀▀ █ ▀█ ▄ █▀▀ ▀█▀█ ▀▀▄█▀▀ █ ▀█▄█▀▀▀ ██
█▀▀▀▄▄▀▄  ▀▀  ▄▄▄█▀ ▄▄▀▄   ▀██▀██▀▄▄  ▀▄▀█▄ █▀▄▄  ▀▄██▀ ███
█▀▀██▄▄▄▀█ ▄▄▀▀█ ▄▀▀▀█▀█▄ ▀█▀██▄██▄█ ██▀▄▄▄█▀▀  █▀▀█▀█▀  ██
█▄▀▄▀  ▄   ▄█▄▄██▄▄  ██▀▀▀█▀▀  ▀▄▀ █▀▄███▀  ▀▀█▄ ▀███▀▀ ▀▄█
█▄███▄ ▄██▀▀▀▄▀█▀▀ ▄▀▄▄▀▀▄ ▄▀ ▀▄▀ ▀ █▄▀  ▄███▀█▀▀ ▄ ▄▀▀▀ ▀█
█▀█ ▀█▄▄ ▀▀██▄▀█▄▀▄▄▄█▀█▀▄▀ ▀▀▀ ▄▀▄█  ▀█▀█▀  █▄█▄▀ █▄▀█   █
██▄██▀▀▄▀ ▀██▄▀▀▄ ▄ ▄█  ▀█▀ █▀█▄██▄ █ █ ▄▄█▀▄▄▄▀▄▀▀█▄▀▀▀▀██
██ ▄ ▄█▄▄▀▀ ▄ ▄█▄█  █▄██  ██▀▀█▀▄ ▄ ▄▄▀▄▀██▀▄█▄█▀ ▀█ ▀█ ▄▄█
██ ▀▀ ▄▄▄  ▄█ █▀█▄▄█ ▀▄█  ▄ ▄▄▄   ▄▀▄▀▀▄▀▀▄█▄█ ▄█ ▄▄▄ ▀  ▀█
█▀▄▄  █▄█   ▄▄██▀▄▄▀ █▄█▀ ▀ █▄█ ▄██▄  ▀▄███  ▀▄▄▀ █▄█ █ ▄ █
█▀  █▄ ▄▄▄▄█  █▀▀▄ ▀█▄ ▄ ▀█ ▄▄▄▄█▄▄ ▀█ ▀ ▄ █▀█ ▀▄▄       ▀█
███████▄ █▄▀█▄ █▄█▄  ▄█▀▀ ▄▀▄█▀  █▀██  ▄█▀ ▀ ▀▄▄▀ ▀ ▀▄▀▀█ █
█▄  ▄█▄▄▄  ▄▄ ▄ ▀█▀ █▀███▄▄▄ ▀▀ █▀▄▄ ▄ ▀█▀▀▄▄▄▄█▀▄ █    ▄██
██▄ █▀▄▄  ▄▄█▄▄ ▀█▄▄▀▀▀█▄ █▄▀█ ▀▄███ ▄ ▄▀▀▀  ▀█▄▀█ ███▀▄▄▀█
██▀█▀█▀▄▄▀ ██▄▀ ▀█▀▄▀  ▀▄ █ ▀█▀▄▀▄ █▄ ▄█▄▀█▀▀█▄▄▀▄▄▀ ▀▀▀▄▄█
█▄▄▄▄▀█▄█  █ █▀▀▀▄  ▄▄▀▀▀▀█▀█▄ ▄▀█▀█▄ ▀▄▄█▀ ▄█ ██▄▄█▄▄ ▄█▀█
█ ▀▄██▄▄█▀█▄▄▄▀ ██▀ ▄ ▀ ▀ █▀ ▀  ████▀▀▄▄▄█▄█ ▀  ▀█ ▀▄█ ▀▀██
█ ▄ ▀█▀▄   █▄ █ ██▀ ▄▄▀▄  ▄███ █ █▄▄▄▄ ███  ▀█▄▄▀  ▀█▄█▄█▀█
█ ▀ ▀▀▄▄▄█▀█ ▄█▀ ▀▄▄█▄▀███▄▄ ▀▀▄▀ █   ▀▄▄  ▄█  ▄▀▄ ▀▀▄▀▀ ▀█
███████▄█ ▀ ▀▀ ▀▄▄▀▄▀▄▀▀▀▀▄ ▄▄▄  ▀▄█ ▄▄▄ ▀ ▀█▀█▄█ ▄▄▄ █▄█ █
█ ▄▄▄▄▄ █▄▄ ▄██ ▀▄ ▀▄███▀ █ █▄█ ▀▀▀▄▄▄▄ █ █  █ ▄█ █▄█ ▀▀▄▀█
█ █   █ █ █▀▀██ ▄▀▀▄▄██▀▀▄  ▄▄ ▄▀▀█▄▄ ▄█▄█   ████  ▄▄ █ █▄█
█ █▄▄▄█ █ █▄▄▀ ▀▄ ▀▄▄█ ▄▀██ █▀▀█▄██▀   ▄▄▀▄▀    ▄  ▄██  ███
█▄▄▄▄▄▄▄█▄█▄▄██▄██▄▄█▄██▄▄▄████▄▄▄▄▄▄▄█▄▄██▄███▄▄▄▄█▄▄▄█▄██

Scan this QR code:
▄▄▄▄▄▄▄▄▄▄▄▄▄▄▄▄▄▄▄▄▄▄▄▄▄▄▄▄▄▄▄▄▄▄▄▄▄▄▄▄▄▄▄▄▄▄▄▄▄▄▄▄▄▄▄▄▄▄▄
█ ▄▄▄▄▄ █▄▀▄ ▄▄█▀█▀▄ █▀▄ ▄ ▀▀▀▄ ▄▄▀█▄█▀█▀█▄ ▄▀ ▄ ██ ▄▄▄▄▄ █
█ █   █ █ █▀▀█ ██▄█ ▄███▀▀ █ █▄▀▀▄▄▀▀ ▄▀▄█▀█▀▄▀▄ ██ █   █ █
█ █▄▄▄█ █▄▀▀▄█▄█▀▀▄  ▀▄  █▀ ▄▄▄ █▄▀██▀  ▀  ▀  ▄▀▄██ █▄▄▄█ █
█▄▄▄▄▄▄▄█▄█ █ █ █▄█▄▀▄▀ ▀▄█ █▄█ ▀ ▀ █ █ ▀ █▄▀▄▀▄█ █▄▄▄▄▄▄▄█
█ ▄  ▀▀▄█▄▀ ▀█▀█████▀█ ▄  █▄▄▄   █ ▄▀▀▀█ ▄▄ ▄███▄  ██ ▄ ▀ █
█ █ ▄▄▄▄  ▄▄▄▄ ▀▀  ██ ▄▄ ▄█▄ ▀  █ ██▄▀█▄█ █ █▀█▄█▄ █ ▄ ▄  █
██▄▀▄▀▀▄▄ ▄ ▄▀▄ ▀▄█▄▀▀█▄▄▄█ ███▀██▀██ ▀ █▀█▄▀█▀█▄█ ▀▀█▀▄▀██
█▄ █▄  ▄▄▄▄▀  ▄███ ▄ ▄▀█▄█ █▀███▄▀▀ ▄██▄▀ ▄▀█▀▀ ▀██▀█▀█ ▄██
█ ██ ▀ ▄▀ ▄ ▀█  ▄ ▀▀▄█ █▀██▄▄▄▄▄▀▄▄▀▀█▄█▄▀▀█ ▄ ▀ ▄█▄▄▀▀▄▀▄█
█▄▀▄▀▄█▄ ██▀▀▀▀▀▄▀█▀█ ▄█ ▄▄ █ ▄██▄█▄█ ▀▀   ▄▀▄ ▀▄▄█▀▄ ██▄▀█
██ ▄▄▀▀▄▀▀ ██  ██ ▄▀██ ▄▀█▀ ▄ █ ▀▀▀█▄▀▀█ ▄▀ ▄▀▀▄▄  █ ▄██  █
█▄█▀▀██▄█▄▄▀ ▄▄ ▀▄   ▄    █▀▀▄▀▄ ▄ ▄▀█▄█ █ █ █▄▄▀▄▀▄█  ▄█▄█
█ ▀▀██▀▄ █▀▄▄█ █ ▄ ▄█ ███▄▀▀█▀▄█▄▄  ▄ ▀▀▀▀▄█ ▀▀▄██▀▀▀▀▀█▄▄█
█ █▄▀ ▄▄▄ ▀  ▀▀   ▄▄▀▀█▄█▀▄ ▄▄▄ ▀ ▀ ▄▄▄▄ ▀▄ ▀ ▀█▀ ▄▄▄ ▀▀▀██
█ ▄ ▄ █▄█ █  ▀▀   █▄█▄▀▀ ▄█ █▄█   ▀▀▀▀▀▄▄▀▀█▀▄▄▀█ █▄█ █▄▄▄█
█ ▄   ▄▄ ▄▀▀▄██ ▄  ▄██▄█  ▀ ▄ ▄▄▀ ▀▀█▄ ▄▀▀▄██▄▀▄█  ▄ ▄▄█▄▀█
█ ▀▀▀  ▄ ▀▀ ▄█ █▄▄▄▀ ▄█  ▀█▄▄█▀▀▀█ ▄ ▀ █▄▄▄ ▀██▄▀█ █▄█▀█▀▀█
█▄▀▀ ▄▄▄█▀█▄ ▀ ▄█  █▀ ▄▄▄███▄█ ██ █ ▀▄▀▀ ██ ▀█▀▀▀▄▄▄▄▀ ▄  █
█▀▄▄█▀ ▄ █▄█▀▄ ▀███ ▀███ ▄████▄ ▄█ █▄▄█▀▄███▄██▄██ ██▄ ▀▄██
█▄█▄▀▀ ▄ ▀█████▀ ▄ ▀   █▄▀█  ▄▄▀ ▄▀██▀▄▄  ▀ ██▄▀ ▄▀█ ▄█ █▄█
█▀█▄▄▀ ▄▄██  ▀▀█▀  ▀ █ ▀█▄▀ ▀  ▄█▄▄▀▀█▄█▄▀▀▄▄▄  ▄▀▀█▀ █▄█▄█
█▀█ ▄ █▄█▀▄ ▀▄▀█ ██▄ ██ ██▀██▀▄ ▀▀██▀▄▄▄█▄  █▄▄▀▀  ██▄▄▄▄██
█  ▄█ ▀▄▄ ▀▀▄▀▀█▄█▀▀▀▄ █▀▀▄ ▄▄ ▀▀█▄█▄█▀█  ▀ ▀▀▄▄█▄▄█▄▄ ▀▄ █
█ ▀ ▀▀▄▄█   ▄▀█ ▄▀▄▀ ▀█▀▄▄▄█▄██▀  ▀▄▄ █ ▀█ ██▀▄▀▄▀█ █  █ ▄█
███████▄▄ ▀ █▀ █ ▄█ ▀▀█▀▄█▀ ▄▄▄  █ █   ▀ █▄█▀████ ▄▄▄ █████
█ ▄▄▄▄▄ ███▄▀▀█▄▀ ██ █ ▀▄██ █▄█ █▀ █▀▄  █▀▄█  ███ █▄█  ▀▀██
█ █   █ █▀▄ ▄ █ ▀█▀█ ▄██ ▀█ ▄▄   ▄ ▀▀█▄█▀█▄▄   ▀█ ▄▄▄ ▄▄▀▄█
█ █▄▄▄█ █   ██▄█  ▀ ▄▀███▀█▀███▀▄▀  █ ▀▀██ █▄█ ▄▀▄▀ ▀█▄▄█▀█
█▄▄▄▄▄▄▄█▄▄▄█▄▄▄██▄█▄█▄▄█▄███████▄██▄█▄▄▄▄▄████▄█▄███▄█▄███

Scan this QR code:
▄▄▄▄▄▄▄▄▄▄▄▄▄▄▄▄▄▄▄▄▄▄▄▄▄▄▄▄▄▄▄▄▄▄▄▄▄▄▄▄▄▄▄▄▄▄▄▄▄▄▄▄▄▄▄▄▄▄▄
█ ▄▄▄▄▄ █▀▀ █▄ ▀█▄▀█▄▄▀  ▄▄▄█▀      ▀▄▄▄▀█▄ ▄▀█▄ ██ ▄▄▄▄▄ █
█ █   █ █▄▀▀ ▄▄█▄█▄▄▀▄██▄▄███▄█ ██▄▀██▀▀██▀▄██▀▄ ██ █   █ █
█ █▄▄▄█ █  █▄█ ▄██▄▀▀███▀▄  ▄▄▄ ▀▀ ███▀▄▀▄▄ █▄ ▀▄██ █▄▄▄█ █
█▄▄▄▄▄▄▄█ █▄█ ▀ ▀ █▄▀ ▀▄▀▄█ █▄█ ▀▄█▄█ █ █▄▀ ▀ ▀▄█ █▄▄▄▄▄▄▄█
█▄▄█ █▀▄▄██▄▄ ▄▀▀█▄ ▄█  ▀█▄   ▄▄██ ▄▄▄▄█ ▄█▄▄█████▀▄▄ ▀▄ ▀█
█▄█▄▄▄ ▄ ▄ ▀▀ ▀██ ▀▄▄▄  █▄▄ ▀  ▀▄▄████ █ ▀ ▀▄▄██▀█▀▀▀▀▀██ █
██▀▄▄▀█▄  ▀▄▄▄▄██ █▄▄█ ▀▄▄▀ ▄ █▀█ ▀▀▄▄▀▄   ██ █  █▀█ ▄▀▄█▄█
█▀▄ ██▀▄▄▄▀█▀███▀█▄▄██▀▀▀▄██▀▄ ▄▀█▄███  ▀█▀█▀██▄▄███▀▄██▄██
██▄▀   ▄██▀▄█ ▀ ██▄▄█▀ █ █ ▄   █▀▄ █  ▄▀▄█ ██▄▄▄ █  ▄▀▀▄ ██
█▀  ▀▀ ▄█▄ ▄█ ▀▄ ▀▄ ▄ █▄   █ █▄▀██ █▄▀ ▀▄▄  █ ███▄▄▀█▄██  █
██▄  ▀▀▄▄▀ ▄ ████ ▀  █ ▄▄ █   ▄▄▄▀█▄ ▄██▀▄▄▄▄██▄▀█ ▄█  ▄▄ █
█▀▀ ▄▄ ▄▄▀▄▀▄██▀█ ▄▄▀ ▀ ▀▀▄█▄▀█ ▀ █ ██ █▄▄██  █▀▄█ ▀█▀▀█▄ █
█▀ █▀▀ ▄▄▄▀█▄▄▀▄█ ▄▄██▄ ▄▄█  ▄▀█▄▀██  ▀█  ▀█▄▄█ ██▀▄█ ▀▄▄██
█▀▄▀  ▄▄▄ ▄██▀█▄▄█▀▀▄▀█▄█▄  ▄▄▄ ▄ █▄▀█▀▄  ██ █▀▀█ ▄▄▄ ▄▄▄▀█
██▀▀▀ █▄█ ▀▄▄    ▄▄██ ██▀▄▄ █▄█ ▀ ▄▄ ▄▄ ▄█▀▄█▄▄▄▀ █▄█  ▄▀██
█ ▀▀▄ ▄▄ ▄█ ▄▄█  ▀ ▀██ ▄▄██▄▄   ████▀▀▄▄▀█ ▀▀ ▄█▄ ▄   █▄  █
██  █▄ ▄▀██   ▄█ █▀▄▄█ ▄▄▄ ▀▄▄▄▄▄█ ▄█ ██▄▄█▄█▀█▄▄▀█ ▄███▀ █
██▄▀ █▄▄██▀▄▄▄▀█▄▄▀▄▄▀▄█▄ ▀▀ ▀▀▄▄▄█▄█▄▄█ ▄▀  ▄▄▄▀ █ ▀▀ ▄▀ █
██ ▀▄▄ ▄ ▀█▀ ▄▄▀    ▀    ▄██   ▄█▄▄  ▄ █▄ █▄▄▄▄▀█▀ ▄▄ █ ▄▀█
█▀██ ▄▄▄ ▀▀▀   █ ▄▄ █ ▀ ▀▄▀  ▄▀ ▄█▀▄▀█ ██▀ █▄▄██▄  ▀▀ ▄█ ▄█
█ ▀▀█ ▄▄ █▄█ ▀▀▄ ▄ ▄▀▀ ▀▀█ ▄▄▄  ▄  █▄▄▄▀██▀▄▀ ▀██ ███▄▄▄ ▄█
█▄▀█▄▀█▄█ ▄▀▄▄█▀▄ █▄▄▀ ██▄█ ▀▄▄▄█▄▄ ██▄██  █  ▀█▀  ▄█ ▄█▀▄█
█▄ ▄▄ ▄▄ ▄ ▀▀▄█▄▄▄▄▄ ▄ ██▄▀ ▄▄█▀▄█ ▄▀ ██▄▄▄▄████▄█▄▀▄█▄▄▀▀█
█ ▀ ▀▀▄▄▀█ █   ▄▀▀ █ ▀█▀█▀▀▀▀▀▀ ▄█▄   █▀▀ ██ ▀▄▄▀▀█▄█▄ ██▄█
███████▄█  ███  █ █ ▀▄▄ ▄█▄ ▄▄▄   █ ▀▄▀▄▄▄██ ▄▄▀▀ ▄▄▄ ▀ █▀█
█ ▄▄▄▄▄ █▄█▀▀▀▀  ▄████▄▄▀▀▀ █▄█ █▀ █ ▀  ▄  █▀ ▀█  █▄█ ▄█ ██
█ █   █ █▀▄▀▀▄ ██▀▀ ▀ ▄▀▀ █▄ ▄  ▄▄▄▄▄▄▀ ▄█ ▄█ ▄██▄▄ ▄ █▄ ▀█
█ █▄▄▄█ █▀▄▄ █▀▀███ ▄▄▀▀█▀█▀ ▄█▀█▄▄▄▄▄ ██▄ █▀ ▀█ ▄ █ ▄▄▄█▄█
█▄▄▄▄▄▄▄█▄█▄██▄█▄▄█▄█▄▄▄█▄▄█▄▄▄▄▄▄███▄█▄█▄▄▄██▄██▄▄█▄███▄██

Scan this QR code:
▄▄▄▄▄▄▄▄▄▄▄▄▄▄▄▄▄▄▄▄▄▄▄▄▄▄▄▄▄▄▄▄▄▄▄▄▄▄▄▄▄▄▄▄▄▄▄▄▄▄▄▄▄▄▄▄▄▄▄
█ ▄▄▄▄▄ █▀█▄▄ ▄ █▀█  ▀▄▄▄  ██▀ ▄▄ ██▄▀▄▀▄▀ ▄▀ ▄▄ ██ ▄▄▄▄▄ █
█ █   █ █▀▄ █ ▀█▄██▀▄█▄▄▀▀▀█▀▄▄ ▀▄█  ▀█▀▀▄▀▄▀▄ ▄ ██ █   █ █
█ █▄▄▄█ █▀ ▀▄▀ ▄▄███▄ ▀▄▀ █ ▄▄▄ ▄ ▄▀▀▀▄▀▀█▀▄▄█▀▀▄██ █▄▄▄█ █
█▄▄▄▄▄▄▄█▄▀▄▀▄█▄▀▄▀ ▀ █ █ █ █▄█ ▀▄█ ▀▄█▄█ ▀ ▀ █▄▀▄█▄▄▄▄▄▄▄█
█ ▄   █▄▄ ▀▄▀▀ █▄▄█▄ █▀█ ▀ ▄▄▄  ▀█▀█▀  █▀█▄▀██▄▄▀  █ █▄▀ ▀█
██▀▀▀▀█▄▄▀█▄▄▀▄ ▄▄▀ ▀▀▀ ▀▀ ▄██▀█▀▀▄██▄██ ▄ ▀▀  ▄▄▄▄█▀ ▀▀▄▀█
█▀▄█ ▀█▄▀▄▄▄ █▄▄█▄▀ ▀█▀▄  ███▀▀██▀▄▄▀▄▀▄▀▀▀ ▀▀▄█▄▀ █▀█▀ ▀▀█
██▄▀ ▀ ▄███  ▀██▄▄█▀▀▄▄▄▄▄▀█ █▀▄█▀ ▀▄ ▀█ ██▀▄█▄█▄▀▄▀▄ ▀ ███
█▄▀▀▄█▀▄█▀▀▄  ▄▀██ ▄ ▄▀█▄▀▀█▀ ▀ ██▀█   ███ ▀▄▀██▀▀▀█▀█▀ █▀█
██ █▀ █▄ ▀▀▀██▀██ ▀█▄█ █▀▀▄▄▀ ▀▀█ ▀▄██▀▄▀▀█▀▄██▀  ██  ▀▀ ██
███▄██ ▄ ▀▀▄ ▀▀█▄▀▄ ▄█▀█▀▄  █▀█▀ ▀ ▄▄  █▀▀▀▀ ▀ █▄▀▀▄▀██▄▀▀█
█▀▀ ▄ █▄██▄▀█▄ █▄ ▀█▄██▄▀█▀ ▄  ▀█▄█ ▀  ▄▄ ▀ ██▀  ▀██ ▄▀▀▀██
█▄▀█▀▄█▄▄█▀ ▄▀ ▄▄▄▄ █▄▀█▀ ██▀▀ ▀▄ ▄  ▄▀██▀ ▀ ██▄   ██▀█▀▄ █
█▀▄▄  ▄▄▄ ▄ ▀▀▀▀▀▀▄█ ▀▄██ ▄ ▄▄▄    █▄█▀ ▀  █   ▄▄ ▄▄▄ ▀  ██
██ ██ █▄█ █▄▀▄█▄█▄▄▀▀█▄█▀▀▀ █▄█ ▄▀▄▄ ▄▀█▀█ ▀████▀ █▄█  ▀ ██
█ ▀▄ ▄ ▄  █▀ ▀█▄  █ █▀▀▀▄▄▀     ▀▄▄ ▀ ▀ █▀▄▄▀▄▀█  ▄▄  ▄ ▄██
█▀▄▀▄▀ ▄▀█ ▀▄▄▀█▄█ ▄ ▄▄▀▀ ▄▄█▄▀  █▀█ ▄ █▄█ ▀▄█▄██▀▀██▄ █ ▀█
█▀▀▄▄ █▄ ▄  ▀▄▄███▀ ▄█▀  ▀▀▄▀▄▀ ██ ▄▀▄▄ ▄▀██▀▀█▄▀▀ █  ▀▀▄▀█
█▄  ▀▀▄▄ ▀ █▀▄ █▀█▀▄▀▀▀█▄ █▀▀█▀▀▄█▄█  ██▀█▀▀██▀▄▀▀ ▀▀▄▄█▄ █
██▄▄   ▄▀▀ ▀▄▀▀▀▀█  ▀ ▀▄▄ ▄ ▀█ ▄▀▄ ▄█ █▄ ▀▀▀█▄█  █ █▀██▀▄▄█
█▄▀█▀  ▄ ▄█▄▄ ▄▄▄▄▀▄▄▄██▄▀█▀▄▄▀▀▀█▀█   ▄▀█ ▀ ██▄█▄█▀▄▄▄▀▀██
███▄ ▀ ▄██▀▀ ▀▀▀▄█▀  ▀▀ ▀▀█▀▀▀ ▄▀█▀██ ▄ ▀▄▄▄█  █▀▄ █▀▄▀▀▄▀█
█▀▀▄▄▀ ▄▄ ▀ ▄ ▄▀█▄▀  ▄▀▄▀ ████   ██▄▄▄▀█▀▀█  ▀▄█▀█▄▀ ▄  █ █
█ ▀ ▀▀▄▄█▀█▄█▄▀▀▀█  ▄ ▄▀█▀ ▀▀▀▄▄▄▀█▀▀▀▄▀▄▀ █▀▄█▄▀▄▄▀▀█▀▀▄██
███████▄▄▀█ ▀█ ▀▄█▄▄▄▄█▀▄▀▀ ▄▄▄  ▀▄█▄ ▀█▀█▀ ▄█▄██ ▄▄▄ ▀ █▀█
█ ▄▄▄▄▄ █▄▄█▀ ▄▄▄▀█▄█▀▀ ▄ ▄ █▄█  █▀▄▀█  █ ██  ▄▄█ █▄█   ▄▀█
█ █   █ █ ▀▄▀▀▀▀▄▀  ▄█ ▀▀▄▀ ▄▄ ▄▄████▄ ▄█▀█▀▄████▄ ▄▄▄█▀▄██
█ █▄▄▄█ █   ▀ ▄ ▄ █▄▄█▀█▀█████▀███▄  ▄▀█ █▄▀█▀▄▄█ ▀▄██  ███
█▄▄▄▄▄▄▄█▄▄▄█▄▄▄▄▄▄▄██████▄█▄▄█▄▄▄▄▄▄▄█▄██▄▄▄█▄███▄█▄▄██▄██

Scan this QR code:
▄▄▄▄▄▄▄▄▄▄▄▄▄▄▄▄▄▄▄▄▄▄▄▄▄▄▄▄▄▄▄▄▄▄▄▄▄▄▄▄▄▄▄▄▄▄▄▄▄▄▄▄▄▄▄▄▄▄▄
█ ▄▄▄▄▄ █▀ █▀ ▀▀▀██▀▄▀ ▄▀ ▄█▄▄▄▄ ▀██▀▀ ▀▀▄▄   ▄▄ ██ ▄▄▄▄▄ █
█ █   █ █▀  █▄ █▄▄▀ ▄█▄▄  ▀█▄█ ▄ ▄█   █▀█▄▄ ▄▄ ▄ ██ █   █ █
█ █▄▄▄█ █▀▀▀ ▀█▀▄█▄█▄ ▄█▀ █ ▄▄▄ ▀▀▀██▄▄▀▀ ▄▄█ ▀▀▄██ █▄▄▄█ █
█▄▄▄▄▄▄▄█▄▀ █ ▀ ▀▄▀ ▀ ▀ █ █ █▄█ ▀▄█ ▀▄█ █ █▄▀ ▀ ▀▄█▄▄▄▄▄▄▄█
█  ▄  █▄  ▀█   ▀ ▄▀▄ █▀▀▄▀▄     ▀█▀█▀  █▀█   █▄▄   █▄▀▄▀▄▀█
█  ▀█▄▀▄▀▀▀█▀ ▄ ▄ ▀ ▀▀▀ █ █▄▄▄ █▀▀▄██▀█▄▀▀▄▀▀▀▄██ █▄ ▀▀▀ ██
█▀▀█ ▄▀▄▀▄▄   ▄▄▄█▀ ▄▄▀▄    █▀▀██▀ █  █▄▀█  █▀▄▄▀▀▀▄▀▀▀ ███
█▀▄ █▄▄▄▀▄ ▄▄▀▀█ ▄██▀██ ▄ ▀█▀██ ██▀ ▄█ ▄  ▀██▀▀ █▀▀█▀█▀  ██
███▄▄  ▄   ▄█▄▄██▄▄▄ █▀█▄▀█▀▀ █ ▄▀▀█   ▄▀█  ▀█▄▄ ▀███▀▀▀▀ █
█▀ █ ▄ ▄██▀▀▀▄▀█▀  ▄ █▄▀   ▄▀ ▀██ ▀ ▀▄   ▀▄█ █▄▀▀  ▄▄▀▀▀█▀█
██  ▀▀█▄ ▀▀█▀▀▀█▄▀▄▄▄█▀█▀▄▀ ▀▀▀ ▄█▄█▀▄▀█ ▀▀  ▀▄█▄▀ █▄▀█  ▀█
██▄███▀▄█▄▄████ ▄ ▄ ▄█  ▀█▀ █▀█▄█▄▄ █ █ ███▀██▄▀▄▀▀▀▄▀▀▀▀██
██ ▄  ▀▄ ▀▀ ▀█▄ ▄█  █▄██  █▀▀▀█▀▄ ▄ ▄▄▀▄▀██▀▄█▄█▄▀▀▄▄▀█ ▄▄█
██ ▀▀ ▄▄▄ █ ▀█▀▀█▄▄█ ▀▄█  █ ▄▄▄    ▀▄▀█▄▀▀ █▄█    ▄▄▄ █  ▀█
█▀▄   █▄█ ▄▀▄▄▀▀▀▄▄▀ █▄█▀ ▀ █▄█ ▄█▄█  ▀███▀▀ ▀▄▄█ █▄█  █▄ █
█ ▄█▄ ▄▄▄▄▄█  █▀▀▄▀▄█▄▀▀ ▀█ ▄▄▄▄█▄▄▀▀█▀█▄▄▄▀██▄▀▄▄▄▄▄▄█  ▀█
█ ▀  ██▄▀ ▄▀█▄ █▄▄▄  ▄██ ▀▄▀▄▄▀  █▀██ ▀█▀▀ ▀ ▀ ███▀ ▀▄ ▀▀ █
█▀▀▄ █▄▄█  ▄▄ ▄ ▄█▀ █████▄▄▄▄ ▀ ▀▀▄▄▀▄▀ ██▀██▀█▄ ▄ █▀█  ▀██
█▄▄ █▀▄▄  ▄▄  ▄ ▀█▄▄▀▀▀█▄ █▄▀█ █▀▀███▄ ▄█▀▀  ▀█▄▀█ ███▀▄▄▀█
██▀█▀█▀▄▄▀▄██▄█▄▀█▀▄▀  ▀▄ █ ▀█ ▄ ▄ █▄▀▄██▀█▀▀█▄▄▀▄▄▀ ▀▀▀▄▄█
█▄▄▄▄ ▄▄█ █▀▀▄ ▀▀▄  ▄▄▀▀▀▀█▀█▄ ▄▀█▀█▄ ▀▄▄█▀ ▄█ ██▄▄▄▄▄  █▀█
█ ▀▄██▀▄█▀▄ ▀▄▄ ██▀ ▄ ▀ ▀ █▀ ▀  ██▀█▀▀▄ ▄█▄█ ▀▄ ▀▀▄█▄█  ▀██
█ ▄  ▄ ▄   █▄  ▀██▀ ▄▄▀▄  ▄ ██ █ █▀▄▄▄▀▄██  ▀█▄▄▀▀ ▀██▄ █▀█
█ ▀ ▀▀▄▄ ▄▀█ ▄█▀ ▀ ▀█▄ ▄██▄▄ ▀▀▄▀ █  ▄▀    █▀  ▄█▄ █▄▄█  ▀█
███████▄█ ▀ ▀▀ ▀▄█ ▄ █▀▀▄▀▄ ▄▄▄  ▀▄█ ▄▄██▀  ▄███▀ ▄▄▄ ▄██ █
█ ▄▄▄▄▄ █▄▄ ▄██ ▄▄ ▀█▀██  █ █▄█ █▀▀▄▄██ ▀▀█  ▀▀█▄ █▄█ ▀▀▄▀█
█ █   █ █ █▀▄ █ ▄▀▀▄▄██▀▀▄   ▄ ▄███▄  ▄█▀█  ▄████  ▄ ▄█ █▄█
█ █▄▄▄█ █  ▄▄▄█▀▄ ▀▄▄█ ▄▀██ ▀▀▀██▄█▀▀  ▄▄ ▄▀▀   ▄  ▄▀█  ███
█▄▄▄▄▄▄▄█▄█▄▄▄▄▄██▄▄█▄██▄▄▄████▄▄▄▄▄▄▄█▄▄██▄███▄▄▄▄█▄▄▄█▄██

Scan this QR code:
▄▄▄▄▄▄▄▄▄▄▄▄▄▄▄▄▄▄▄▄▄▄▄▄▄▄▄▄▄▄▄▄▄▄▄▄▄▄▄▄▄▄▄▄▄▄▄▄▄▄▄▄▄▄▄▄▄▄▄
█ ▄▄▄▄▄ █▀█▄▄ ▄ █▀█  █▄▄   ██▀ ▄▄ ▄▀ ▀ ▀ ▀▄ ▄█▄▄ ██ ▄▄▄▄▄ █
█ █   █ █▀▄ ▀▄▀█▄▄█▀█▄▄▄  ▀█▀▄▄  ██   █▀▀▄▀▄▀█ ▄ ██ █   █ █
█ █▄▄▄█ █▀ ▀▄█ ▄▄███▄ ▀▄▀ █ ▄▄▄ ▄▀▄▀▄▀▄▀▀█▀▄▄▄▀▀▄██ █▄▄▄█ █
█▄▄▄▄▄▄▄█▄▀▄█ █▄▀▄▀ ▀ █ █ █ █▄█ ▀▄█ ▀▄█▄█ ▀ ▀ █▄▀▄█▄▄▄▄▄▄▄█
█ ▄   ▀▄▄ ▄█▀  █▄▄█▄ █▀█ ▀  ▄▄  ▀█▀█▀  █▀█▄▀██▄▄▀▀ █ █▄▀ ▀█
██▀▀▀ ▄▄  ▄▄▀ ▄ ▄▄▀ ▀▀▀ ▀▀ ▄▀█▀█▀▀ ▀█▄█▀ ▄ █▀   █ ▄▄▄▀▀▀▄▀█
█▀▄▀▄▀█▄▄█▄▀ █▄▄█▄▀ ▀█▀▄  ▄██▀▀██▀▄▄▀▄▄█▀▀  ▀▀ █   █ ▀█ ▀▀█
█▄▀▀ ▀ ▄▄██  ▀██▄▄ █▀▄ ▀▄▄▀█▀█▀ █▀ ▄▄▄▄▄▄▀ ▀ █  ▀▄▄▀▄ ▀ ███
█ ▄ ▄█▀▄█▀▀▄  ▄▀▄▄▀▄▀▄▀▀▄▀▀█▀ ▀ ██ █▄▄▀▄ █ ▀▄▀█▄▀▀▀█▀█▀▀▀██
█▀ █  █▄ ▀▀▀██▀█▄█▀█   █  ▄▄▀   █ ▀▄▀▄ ██▀▄▀  ▄   ██  ▀▀ ██
█▀▀▄█▄▄▄ ▀▀▄ █▀█▄▀▄ ▄█▀█▀▄  █▀█▀▄█ ▄▄▄ ██▀▀▀ █ █▄▀▀█▀██▄ ▀█
█▀▀ ▄▀▀▄▀██  █▄█▄ ▀█▄██▄▀█▀ ▄  ▀▄▄█ ▀  ▄█▀▀ █▄▀  ▀▀▄▄▄▀▀▀██
█▄▀█▀█▀▄█ ███▀ █▄▄▄ █▄▀█▀ ▀█▀▀ ▀▄ ▄  ▄▀██▀ ▀ ██▄ ▀▀▄█▀█▀▄ █
█▀▄▄  ▄▄▄ █ ▄  ▄▀▀▄█ ▀▄██ ▄ ▄▄▄    █▄█▀▄▀ ▄█  ▄ █ ▄▄▄ ▀  ██
██ █▀ █▄█ ▀ ▀▄▄██▄▄▀▀█▄█▀▀▀ █▄█ ▄▀██ ▄██▀█▀ ███▄▀ █▄█ ██ ██
█▀██▄ ▄▄▄▄█▀ ▀█▄  █▀█▀█▀▄▄      ▀▄█ ▀▄ ▄█▀███▄▄▀█▄    ▀ ▄██
█▀▄ █▀ ▄▄█ ▀▄▄▀█▄█  █▄▄▀  ▄▄▀▄▀  █▀██  █ █  ▄▀▄▄█ ▀███ █▄▀█
█▀█▄█ █▄▄▄  ▀▄▄█▄█▀ ▄█▀ █▀▀▄█▄▀ ██ ▄█▄▄▀▄▄█▄▀ █▄▀▀ █ ▀▀▀▄██
█▀▀ ▀▀▄▄ ▀ █ ▄ █▀█▀▄▀▀▀█▄ █▀▀██▄▄▀▄█ ▄██▀▀▀▀█▀▀▄▀▀ ▀▀▄▄██▀█
██▄▄   ▄▀▀█▄█▄▀▀▀█  ▀ ▀▄▄ ▄ ▀█▄ ▀▄ ▄▄▀█▄  ▀▀▄▄█  █ █▀██▀▄▄█
█▄▀█▀ ▀▄ ▄▄█▄▄  ▄▄▀▄▄▄██▄▀█▀▄▄▀▀▀█▀█   ▄▀█ ▀ ██▄█▄█ ▄▄▄▀▀██
███▄ ▀ ▄███▀▀█▄ ▄█▀  ▀▀ ▀▀▀▀▀▀ ▄▀████ ▄▄▀▄  █  ▀██▀▀▀▄  ▄▀█
█▀▀▀▄██▄▀█▀ ▄ ▀██▄▀  ▄▀▄▀ ████   █▄█▄▄▀▄▀▀▀  ▀▄███▄█ ▄ ▀█ █
█ ▀ ▀▀▄▄▄██▄█▄▀▀▀█▀▄▄ █▀█▀ ▄▀▀▄▄▄▀▄ ▀▀█▀ ▀▄▄▀▄ █ █▄█ █▄ ▄██
███████▄▄ █ ▀█ ▀▄▄▄▄▀▄▀█  ▀ ▄▄▄  ▀▄█   ██▀ ▀ ████ ▄▄▄  ▀▀██
█ ▄▄▄▄▄ █▄▄█▀ ▄▄█▀█▄▄█▀ ▀▄▄ █▄█  █▀▄█▄   ▀█▄█ ███ █▄█    ▀█
█ █   █ █ ▀▄▀ ▀▀▄▀  ▄█ ▀▀▄▀    ▄▄███   ▄███▀▄▀███▄ ▄  █▀▄██
█ █▄▄▄█ █ ▄▄  █▀▄ █▄▄█▀█▀████▀▀█▄█▄  █▀█ ▄▄▀▄ ▄▄█ ▀▄██  ███
█▄▄▄▄▄▄▄█▄▄█████▄▄▄▄██████▄██▄█▄▄▄▄▄▄▄█▄██▄▄▄█▄███▄█▄███▄██

Scan this QR code:
▄▄▄▄▄▄▄▄▄▄▄▄▄▄▄▄▄▄▄▄▄▄▄▄▄▄▄▄▄▄▄▄▄▄▄▄▄▄▄▄▄▄▄▄▄▄▄▄▄▄▄▄▄▄▄▄▄▄▄
█ ▄▄▄▄▄ █▀ █▀ ▀▀▀██ ▄▀▀▄█ ▄█▄▄▄▄ ▀██ ▀ ▀▄█▀▄ █▄▄ ██ ▄▄▄▄▄ █
█ █   █ █▀  ▀▄ ██▄▀ ██▄▄ ▀▀█▄█ ▄▀▄█ ▀ █▀▄▄▄  ▄ ▄ ██ █   █ █
█ █▄▄▄█ █▀▀▀▀██▀▄█▄█▄ ▄█▀ █ ▄▄▄ ▄█▀█ ▄▄▀▀ ▄▄▄▄▀▀▄██ █▄▄▄█ █
█▄▄▄▄▄▄▄█▄▀▄█ ▀ ▀▄▀ ▀ ▀ █ █ █▄█ ▀▄█ ▀▄█ █ █▄▀ ▀ ▀▄█▄▄▄▄▄▄▄█
█  ▄ ▄█▄▄▄▀█▄▄ ▀ ▄▀▄ █▀▀▄▀▄▄    ▀█▀█▀  █▀█   █▄▄▀▀ █ █▄▀▄▀█
█  ▀██ ▄█▀█ ██▄ ▄ ▀ ▀▀▀ █ ▀▄▄  █▀▀▄▀█▀▀ ▀▀ ▀▀▀ ██ ██▀ ▀▀ ██
█▀▀ ▀▄▀▄████  ▄▄▄█▀ ▄▄▀▄    ██▀██▀██  █▄▀█▄▀█▀██▄▀▀▄█▀▀ ███
███  ▄▄▄ ▄ ▄▄▀▀█ ▄█▄▀█▀█▄ ▀█ ██ ████ ▀ ▄▄▄▄▀▀█▄▄█▀▀█▀█▀  ██
█▄ █▀  ▄   ▄█▄▄█▄▄▄▄▀█▀█▀ █▀▀  ▀▄▀▀█▄▄ ███   ▀▄█ ▀███▀▀▀▀ █
██   ▄▄▄██▀▀▀▄▀██▀ ▄▄▄▄▀█▀ ▄▀ ▀█▀▄▀ ▄█  ▀▀█▄▄▀▄▀▀ ▄ ▄▀▀▀ ▀█
███ ▀▄▄▄ ▀▀█▄█▀█▄▀▄▄▄█▀█▀▄▀ ▀▀▀ ▄▀▄█▄ ▀█ ▀▀  █▄█▄▀▀▄▄▀█  ▀█
██▄██ ▄▄▀▄▄█▀ ▄█▄ ▄ ▄█  ▀█▀ █▀█▄██▄ █ █ ▄██▀█▄▄▀▄▀▀▄ ▀▀▀▀██
██ ▄   ▄  ▄█▄▄ ▀▄█  █▄██  ██▀▀█▀▄ ▄ ▄▄▀▄▀██▀▄█▄█▄▀ ██▀█ ▄▄█
██ ▀▀ ▄▄▄ ▀▀▀   █▄▄█ ▀▄█  ▄ ▄▄▄   ▄█▄▀█▄▀▀▄█▄█ ▄▀ ▄▄▄ ▀  ▀█
█▀▄ ▀ █▄█  ▀▄▄▀ ▀▄▄▀ █▄█▀ ▀ █▄█ ▄█▄▄   ▄██▀  ▀██▄ █▄█ ▀▀▄ █
█▄▀▀█▄ ▄  ▄█  █▀▀▄█▄█▄ ▄ ▀▄ ▄▄▄▄█▄█ █▀ ▄▄▄▄▀▀▀▀▀█▄▄  ▄▀▀ ▀█
█▄▄ ▄██▄▄▄▄▀█▄ █▄█ ▄ ▄▀█  ▄▀██▀  █▀█ ▄ ▄██▀▀██▄▄▀▄▀ ▀▄▀▀█▄█
█▄█▄██▄▄▀▄ ▄▄ ▄ ▄▀▀  ████▄▄▄▄ ▀ █▀▄▄▀▄▀  ▄▀██▄██▀▄ ██    ▀█
██  █▀▄▄  ▄▄▄▀▄ ▀█▄▄▀▀▀█▄ █▄▀█▄▄ ▀██ ▄ ▄▀▀▀  ▀█▄▀█ ███▀▄█ █
██▀█▀█▀▄▄▀▀█▀█▀ ▀█▀▄▀  ▀▄ █ ▀█   ▄ ██▀▄██▀█▀ █▄▄▀▄▄▀ ▀▀▀▄▄█
█▄▄▄▄▄▄▄█ ▄ █▄▄ ▀▄  ▄▄▀▀▀▀█▀█▄ ▄▀█▀█▄ ▀▄▄█▀ ▄█ ██▄▄█▄▄▄ █▀█
█ ▀▄█▀ ▄█▀▄██ ▀▀██▀ ▄ ▀ ▀ █▀ ▀  ██▀█▀▀▄▄▄█▄█ ▀▄▄█▄ █▄█  ▀██
█ ▄█▄▄▀▄▀ ▄█▄ ▀▄██▀ ▄▄▀▄  ▄███ █ █▀▄▄▄ ████▀▀█▄▄█▄▄▀▄█▀██▀█
█ ▀ ▀▀▄▄ █▀█ ▄█▀ ▀█▀█▄▄███▄▀ ▀▀▄▀ ▄ ▄ ▄  ▄▄█▀  █▀▄▀▀█▄█▀ ▀█
███████▄▄▀▀ ▀▀ ▀▄▄   ▄▀█▀▀▄ ▄▄▄  ▀▄█▄▄▀▄█▀▄ █▀██▀ ▄▄▄ ▄██ █
█ ▄▄▄▄▄ █▄▄ ▄██ ▄█ ▀█▄██  █ █▄█ ██▀▄▄▄█▀██▄▀▀ ▀█▀ █▄█ ▀▀▄▀█
█ █   █ █ █▀▀██ ▄▀▀▄▄██▀▀▄   ▄ ▄ ▀█▄█▄▄█▀▀  ▀████  ▄  █ ▄██
█ █▄▄▄█ █ ▀█▄ ██▄ ▀▄▄█ ▄▀██ ██▀█▄▄█▀▀▀ ▄▄▀▄▀ ▀  ▄  ▄▄█  ███
█▄▄▄▄▄▄▄█▄████▄███▄▄█▄██▄▄▄█▄▄█▄▄▄▄▄▄▄█▄▄██▄███▄▄▄▄██▄▄█▄██

Scan this QR code:
▄▄▄▄▄▄▄▄▄▄▄▄▄▄▄▄▄▄▄▄▄▄▄▄▄▄▄▄▄▄▄▄▄▄▄▄▄▄▄▄▄▄▄▄▄▄▄▄▄▄▄▄▄▄▄▄▄▄▄
█ ▄▄▄▄▄ █▄▀▄ ▄▄▄ ▀▀█ ▀ █ ▄ ▀▀▀▄ ▄▄██▄▄ ▀▀██ ▄  ▄ ██ ▄▄▄▄▄ █
█ █   █ █ █▀█▀ ████ ▄▄██ ▀ █ █▄▀▀█▄▀  ▄▀██▀█ ▄▀▄ ██ █   █ █
█ █▄▄▄█ █▄██▄█▄█▀▀▄  ▀▄  █▀ ▄▄▄  ▄▀█▀    ▀ ▀  ▄▀▄██ █▄▄▄█ █
█▄▄▄▄▄▄▄█▄█▄▀ █ █▄█▄▀▄▀ ▀▄█ █▄█ ▀ ▀ █ █ ▀ █▄▀▄▀▄█ █▄▄▄▄▄▄▄█
█ ▄  ▀█▄█▄▀▄▄▀▀█████▀█ ▄  █ ▄▄   █ ▄▀▀▀█ ▄▄ ▄███  ▄█▀▄▄ ▀ █
█ █ ▄█▄▄▀▄▄▄   ▀▀  ██ ▄▄ ▄▄▄ █  █ ██▄▀█▄█ ▀ █▀█▄▄▀ ██  ▄  █
██▄▀▀▀▀▄ ▀ ▄▄▀▄ ▀▄█▄▀▀█▄▄▄█▀███▀█████ █▀█▀█▄▀█▄██▄ ▀▀▀▀▄▀██
████▄  ▄█▄▄▀  ▄███ █ ▄▄▀▄█ █ █▀▀▄▀ ▀ ▀ ▄█ ▄▄█▀ ▀ ▄█▀▄▀▀ ▄██
█▄▄█▀▀ ▄▀ ▄ ▀█  ▀▀█▀▄▄▄█ ▄█▄▄▄█▄▀▄▄▀▀█████ █▄▄▀▀ ▄█▄▄▀ █▀▄█
██ ██▄█▄ ██▀▀▀▀▀█▄█▀█ ▄█▀█▄ █ ██▀▄█▄    ▀▀ ▄▄█▀▀▄▄█▀▄ ██ ▀█
█▄▀▄▄▄█▄▀▀ █▀  ██ ▄▀██ ▄▀█▀ ▄ █ ▀█▀█ ▀▀██▄▀ █▀▀▄▄ █▄ ▄██▀▀█
█▄█▀▀▀ ▄▀▄▀▀▀█▄█▀▄   ▄    █▀▀▄▀▄▀█ ▄ █▄█ █ █▀█▄▄▀▄ █▀▄ ▄█▄█
█ ▀▀██▄▄▀▄▄█▀▀ █ ▄ ▄█ ███▄▀▀█▀▄█▄▄  ▄ ▀▀▀▀▄█ ▀▀▄█▄ ▀ ▀▀█▄▄█
█ █▄▀ ▄▄▄ ▄▀█ █   ▄▄▀▀█▄█▀█ ▄▄▄ ▀ ▀▄▄▄   ▀▄ ▀ ██▀ ▄▄▄ █▀▀██
█ ▄ ▀ █▄█ █  ▀▀▀  █▄█▄▀▀ ▄▀ █▄█     ▀▀ █▄▀ ▄▀▄  █ █▄█ ▀ ▄▄█
██▄▄▄ ▄▄  ▀▀▄██ ▄  ▀██▀▀   ▄▄ ▄▄▀ ▀ █▄▄ ▀█▀▀▀▄█▀█▄  ▄ ▄▄▄▀█
█▄▀ ▀  ▄▄▄▀ ▄█ ███ █▀█▄   █▄█▄▀▀▀█ ▄ ▀▄▄ ▄ ▀▄▀███▀ ███▀█▀▀█
██▀▄ ▄▄▄ ▄█▄ ▀ ▄▄▄ █ ▀▄▄▀▀████ ██ █ ██ ▀ █▄ ▀▄▀▀▀▄▄▄ █ ▄▀ █
█ ▀▄█▀ ▄ █▄█   ▀███ ▀███ ▄█████▀ █ █ ▄█▀▄▀██▄▀█▄██ ██▄ ▀███
█▄█▄▀▀ ▄ ▀ ▄█▀█▄ ▄ ▀   █▄▀█  ▄▄█ █▀██ ▄▄▀ ▀ ▄▄▄▀ ▄▀█ ▄█ █▄█
█▀█▄▄▀▀▄▄█▄▀ ▄ ▄▀  ▀ █ ▀█▄▀ ▀  ▄█▄▄▀▀█▄█▄▀▀▄▄▄  ▄▀▀█▀ ▀▄█▄█
█▀█ ▄ ▄▄█▀▀▀█▀█▀ ██▄ ██ ██▀██▀▄ ▀▀██▀▄  █▄▄ █▄ █▀ ▄▀█▄▄▄▄██
█  ███ ▄▀▄  ▄▀▀▀▄█▀▀▀▄ █▀▀▄█▄▄ ▀▀█ ▄▄█ █  ▀ ▀▀█▄█▀▄▄█▄██▄ █
█ ▀ ▀▀▄▄▄█  ▄▀█ ▄▀▄█ ▀ █▄▄▄█▄██▀   ▄  ▀▄█▀█ █▀ █▀ ▄▄██▀▄ ▄█
███████▄█ ▀ █▀ █▄▄▄ ▀ ▀▀█▄▀ ▄▄▄  █ █▄  ▀▀█▄█▀▀ ▄▀ ▄▄▄ ▄█▀██
█ ▄▄▄▄▄ ███▄▀▀█▄█▄████ ▀▄▄█ █▄█ ▀▀ █▄█▀▀  █▄▀█▄█▄ █▄█  ▀▄██
█ █   █ █▀▄ ▀▄█ ▀█▀█ ▄██ ▀█     ▀▄ ▀█▀▄█▄▀▄▄▄  ▀█ ▄▄▄ ▄▄▀▄█
█ █▄▄▄█ █ █▀▀▀▄   ▀ ▄▀███▀█▀█▀█▀▄▀  █▀▀▀██ █▄█ ▄▀▄▀ █▀▄▄█▀█
█▄▄▄▄▄▄▄█▄▄▄██████▄█▄█▄▄█▄███▄███▄██▄█▄▄▄▄▄████▄█▄███▄█▄███

Scan this QR code:
▄▄▄▄▄▄▄▄▄▄▄▄▄▄▄▄▄▄▄▄▄▄▄▄▄▄▄▄▄▄▄▄▄▄▄▄▄▄▄▄▄▄▄▄▄▄▄▄▄▄▄▄▄▄▄▄▄▄▄
█ ▄▄▄▄▄ █▀ █▀  ▀▀█▄▀ █▀▄█▄▄█▄▄▄▄ ▀▄▀██▀▀ ▀▄▄ █▄▄ ██ ▄▄▄▄▄ █
█ █   █ █▀  █  ██▄▀ █▄▄▄▀▀▀█▄█ ▄▀██ ▀ █▀██▄ ▀▄ ▄ ██ █   █ █
█ █▄▄▄█ █▀█▀▀▄█▀▄█▄█▄ ▄█▀ █ ▄▄▄ █▀▀███▄▀▀ ▄▄██▀▀▄██ █▄▄▄█ █
█▄▄▄▄▄▄▄█▄█ █▄▀ ▀▄▀ ▀ ▀ █ █ █▄█ ▀▄█ ▀▄█ █ █▄▀ ▀ ▀▄█▄▄▄▄▄▄▄█
█  ▄ ▄█▄   ▄▀▄ ▀ ▄▀▄ █▀▀▄▀▄     ▀█▀█▀  █▀█   █▄▄▀▀ █▄█▄▀▄▀█
█  ▀██▀▄▀▀█ ▀ ▄ ▄ ▀ ▀▀▀ █ ▀█   █▀▀▄▀█▀█ ▀▀▄█▀▀▄▀ █▄▄ ▀▀▀ ██
█▀▀▄ ▄▀▄▀▄ █  ▄▄▄█▀ ▄▄▀▄  ▀ ▀▀▀██▀██   █▀█  █▀█▄▀▀▀▄▀▀█▄███
█▀▀ █▄▄▄▀▄ ▄▄▀▀█ ▄██▀█▀█▄ ▀█▀██▄██ █▄█▀▄ ▄▄ ██ ▀▀ ▀█▀█▀▀ ██
█▀▄▀   ▄   ▄█▄▄█▄█▄ ▀█▀█  █▀▀ █ ▄▀ █ ▄▀▄██▀▀ ▀▄▄ ▀███▀  ▀ █
█▀  ▄▄▄▄██▀▀▀▄▀█▄  ▄ █▄▀▄▄ ▄▀  ██▄▀ ▄ ▀  ███▀█▄ ▀   ▄▀▀▀▄▀█
█   ▀▀▄▄ ▀▀█ ▀▀█▄▀▄▄▄█▀█▀▄▀ ▀▀▀ ▄█▄█  ▀█▀█▀ ▄█▄█▄▀▄█▄▀█ ▀▀█
██▄██  ▄▀▄█▀▄█▄▀▄ ▄ ▄█  ▀█▀ █▀█▄▄█▄ █ █ ▄▄█▀█▄▄▀▄▀ ▄▄▀▀▀▀██
██ ▄ ▀▄▄ ▄▀ █▀▄█▄█  █▄██  ▀█▀▀█▀▄ ▄ ▄▄▀▄▀██▀▄█▄█▀ ▄█▄██ ▄▄█
██ ▀▀ ▄▄▄ █ ▀█ ▀█▄▄█ ▀▄█    ▄▄▄   ▄▀▄▀▀▄▀▀▄█▄█▄▄▄ ▄▄▄ ▀  ▀█
█▀▄▄█ █▄█ ▀█▄▄ █▀▄▄▀ █▄█▀ █ █▄█ ▄█▀█   ▄██   ▀▄██ █▄█ ▄▀▄ █
█▀▄▄▄ ▄▄ ▄▄█  █▀▀▄▄▄█▄▄▄ ▀▄ ▄▄▄▄█▄█ █▀ ▀▄ ▀▀▀▀██    ▄  ▀ ▀█
█ █▄▀██▄▀▀▄▀█▄ █▄█▀▄▄▄██ ▀▄▀▄▄▀  █▀█  ▀█▄▀▄▀██▀▄▀█▀ ██▀ ▀▄█
█▀ ▀▀█▄▄██ ▄▄ ▄ █ ▀ █▀██▄▄▄▄ ▄▀ ▀█▄▄█▀▀▀██▀█▀ █▄▀▄ █▀▀  ▄▀█
███ █▀▄▄  ▄▄ ▀▄ ▀█▄▄▀▀▀█▄ █▄▀██ ▄███▄  ▄▀█▀ ███▄▀█ ███▀▄█▀█
██▀█▀█▀▄▄▀▀██ ▄▀▀█▀▄▀  ▀▄ █ ▀█ ▄▀█ █▄▀▄█▄▀█▀▀█▄▄▀▄▄▀ ▀▀▀▄▄█
█▄▄▄▄  ▄█ ▄ █ ▀▀▀▄  ▄▄▀▀▀▀█▀█▄ ▄▀█▀█▄ ▀▄▄█▀ ▄█ ██▄▀▄▄▄▄ █▀█
█ ▀▄█▄▄▄█▀▄▀ █▄▀██▀ ▄ ▀ ▀ █▀ ▀  ████▀▀ ▄▄█▄▀ ▀  █▄ █▄█ ▀▀██
█ ▄ █▄█▄  ▄ ▄ ▀███▀ ▄▄▀▄  █▀██ █ ██▄▄▄▄███  ▀█▄█▀█▀▄▄▄▀██▀█
█ ▀ ▀▀▄▄▀ ▀█ ▄█▀ ▀▀▀█▄▄▄██▄▄ ▀▀▄▀ █▀ ▄  ▄ █▄▀  █▀▄ ▀ ▄ ▀ ▀█
███████▄█▀▀ ▀▀ ▀▄█▄▄ ▄▀▀ ▀▄ ▄▄▄  ▀▄█   █▄█ ▀█▀▄█▀ ▄▄▄ █▄▀ █
█ ▄▄▄▄▄ █▄▄ ▄██ ▄█ ▀▀ ██▄▄█ █▄█ ▀▀▀▄▄██▀█ █▀▀ ▀█  █▄█ ▀▀▄▀█
█ █   █ █ █▀▀ █ ▄▀▀▄▄██▀▀▄  ▄▄ ▄▄▀█▄  ▄█ ▀   ▀███  ▄▄▄█ █▄█
█ █▄▄▄█ █ █▄ ▄▀▀▄ ▀▄▄█ ▄▀██ ▀▀▀████▀▀▀ ▄▄ ▄▀    ▄  ▄▀█  ███
█▄▄▄▄▄▄▄█▄█▄█▄████▄▄█▄██▄▄▄█▄██▄▄▄▄▄▄▄█▄▄██▄███▄▄▄▄███▄█▄██

Scan this QR code:
▄▄▄▄▄▄▄▄▄▄▄▄▄▄▄▄▄▄▄▄▄▄▄▄▄▄▄▄▄▄▄▄▄▄▄▄▄▄▄▄▄▄▄▄▄▄▄▄▄▄▄▄▄▄▄▄▄▄▄
█ ▄▄▄▄▄ █▄▀▄ ▄▄▄██▀█ ▀ █▄▄ ▀▀▀▄ ▄▄█▀ ▄▄▀▄▀█ ▄▄ ▄ ██ ▄▄▄▄▄ █
█ █   █ █ █▀█▀ █▄▄█ ████ ▀ █ █▄▀█▄▄▀▀▀▄▀▄▄▀██▄▀▄ ██ █   █ █
█ █▄▄▄█ █▄▀█▄▀▄█▀▀▄  ▀▄  █▀ ▄▄▄ █▄▀██▄   ▄ ▀▄▄▄▀▄██ █▄▄▄█ █
█▄▄▄▄▄▄▄█▄▀▄▀ █ █▄█▄▀▄▀ ▀▄█ █▄█ ▀ ▀ █ █ ▀ █▄▀▄▀▄█ █▄▄▄▄▄▄▄█
█ ▄  ▀▀▄▀▄▀▄▄ ▀█████▀█ ▄  █ ▄▄   █ ▄▀▀▀█ ▄▄ ▄███▀▀▄█▀▄▄ ▀ █
█ █ ▄█▄▄▄▀█▄   ▀▀  ██ ▄▄ ▄▄▄▄▀  █ ██▄▀█▄█ █▄█▀█ ▀▀ █▀▄ ▄  █
██▄▄█▀▀▄ █▄▄▄▀▄ ▀▄█▄▀▀█▄▄▄▄ ▀▀█▀██▀▄█ ▀▀█▀█▄▀█▀▄██ ▀▄▀█▄▀██
█▄██▀  ▄██▄▀  ▄███▄█ ▄██▄█ █ ▄██▄▀▀▄▄▀▄██ ▄▀█▀██▀▄█▀█▀▀▀▄██
█ █▄▄▀ ▄▀ ▄ ▀█     ▀ █▄█ ██▄▄▄ █▀▄▄ ██▄█ ▀ ▄▄ ▄▀ ▄█▄▄▀▀▄█ █
█▄▀▀▀▄█▄ ██▀▀▀▀▀▄██▀  ▄█▀▀▄ █ ▄▄▀▄█▄█  ▀█▄ ▄██  ▄▄█▀▄ ██ ██
█ ▄▄▄▄▄▄▀▀ █▀█ ██ ▄▀██ ▄▀█▀ ▄ █ ▀▀▀██▀▀█▄▄▀ ▀▀▀▄▄  █ ▄██▀▀█
█▄█▀▀█▀▄▀▄ █▀▄▄▀▀▄   ▄    █▀▀▄▀▄ ▄ ▄▀█▄█▀▄ █▀▄▄▄▀▄█▄█▄ ▄█▄█
█ ▀▀█▀█▄██▀█ ▄▀█ ▄ ▄█ ███▄███▀▄█▄▄  ▄ ▀▀▀▀▄█ ▀▀▄██▄ ██▀█▄▄█
█ █▄▀ ▄▄▄ ▄█ ▀█▄  ▄▄▀▀█▄█▀▄ ▄▄▄ ▀ █▄▄▄▄  ▀  ▀ ██▀ ▄▄▄ ▀▀▀██
█ ▄█  █▄█ ▄▄ ▀█▄  █▄█▄▀▀ ▄█ █▄█     ▀▀▄█▄▀█▄▀▄ ▀  █▄█ █▀▄▄█
█▀▄▄▄  ▄ ▄▀▀▄██ ▄ ▀█████  ▀▄▄ ▄▄▀   █▄▀ ██▄█▀  ▀▀  ▄ ▄█▄▄▀█
██ ▄   ▄▄▄▀ ▄█ █ █▄█▀▄█   █▄ █▀▀▀█ ▄ ▀▀█▄ ▄ ██▄█▀▄ █▄█▀▄▀▀█
██▄▀▄▄▄▄ ██▄ ▀ ▄▄█ █ █▄▄ ▀███  ██ █  █ ▀▀██   ▀▀ ▄▄▄   ▄  █
█▀▀▄█▀ ▄ █▄█▄▀ ▀███ ▀███ ▄████▀ ▀▀ █ ▄█▀ ▀██ ▀█▄██ ██▄ ▀█▄█
█▄█▄▀▀ ▄ ▀█ ▄▄██ ▄ ▀   █▄▀█  ▄ ▀ █▀█▄ ▄▄ ▀▀ █▄▄▀ ▄▀█ ▄█ █▄█
█▀█▄▄ █▄▄███▀ ▀▄▀  ▀ █ ▀█▄▀ ▀  ▄█▄▄▀▀█▄█▄▀▀▄▄▄  ▄▀  ▀ █▄█▄█
█▀█ ▄▀▀▄█▀ ▄▀▄   ██▄ ██ █████▀▄ ▀▀▀▀▀▄▄▄█▄▄▄█▄ ▀█▀▄██▄█▄▄██
█  ▄█▄ ▄▄▄█ ▄▀▀▀▄█▀▀▀▄ █▀▀▄█▄▄ ▀▀██▄▄█ █  ▄ ▀▀▄██  ▀▄█▀▀▄ █
█ ▀ ▀▀▄▄ ▄  ▄▀█ ▄▀ ▄ ▀▀▀▄▄▄ ▄██▀  ▀▄ ▄▀▀█▀▀▄█▀▄█▄ █ ▀ ▀█ ▄█
███████▄▄ ▀ █▀ █▀█▄▄ ▀ ▀██▀ ▄▄▄  █ █▄▄▀▀▀▀▀███▀██ ▄▄▄ █████
█ ▄▄▄▄▄ ███▄▀▀█▄▀▄██▄▀ ▀  █ █▄█ █▀ ██ ▀▀▀▀█▄▄ █▄█ █▄█  ▀▀██
█ █   █ █▀▄ █▄█ ▀█▀█ ▄██ ▀█ ▄   ▄▄ ▀▀█▄█▄█▄▄▄  ▀█ ▄▄  ▄▄ ▄█
█ █▄▄▄█ █ ▄▀▀▄▄█  ▀ ▄▀███▀█▀▀██▀█▀  ▄▀▀▀▄█ █▄█ ▄▀▄▀ █▀▄▄█▀█
█▄▄▄▄▄▄▄█▄▄█▄█▄▄██▄█▄█▄▄█▄███████▄██▄█▄▄▄▄▄████▄█▄███▄█▄███

❌ Bot disconnected (408), reconnecting in 5s...
❌ Bot disconnected (408), reconnecting in 5s...
Scan this QR code:
▄▄▄▄▄▄▄▄▄▄▄▄▄▄▄▄▄▄▄▄▄▄▄▄▄▄▄▄▄▄▄▄▄▄▄▄▄▄▄▄▄▄▄▄▄▄▄▄▄▄▄▄▄▄▄▄▄▄▄
█ ▄▄▄▄▄ █ ██▀ █▄▄▀█▀  ▄▄  ▀ ▀▄▄▄█▄ █ ▀▄▄█ ▄▄▀▀▀▄ ██ ▄▄▄▄▄ █
█ █   █ █  █▄▀ ██ ▄███▄▀█▄▀█▄ █▀▀▄██▄▄█▀▄ ▀█ █ ▄ ██ █   █ █
█ █▄▄▄█ █▀▄▀   ▄▀█▄█▀█▀█▀   ▄▄▄  █▄█▄ ▀▄▄█▄▄▀ ▄▀▄██ █▄▄▄█ █
█▄▄▄▄▄▄▄█▄▀▄█ ▀ ▀ █▄▀ ▀▄▀▄█ █▄█ ▀▄█▄█ █ █▄▀ ▀ ▀▄█ █▄▄▄▄▄▄▄█
█ ▄▀█▄ ▄▀▀ █▀▄█▄█▄▀▄█ ▄▀▄▀▀ ▄   ▄ ▄█▀ █ ▄█  █ ▀▄▀ ▀▀ █▄  ▄█
██ ▀█▀▄▄▄▄ ▄██▄ ▄█▄█▀▀▀█ █▄▄ ██ ▀▀   ▄▀▄▀▄█▄▀▀▄▄  ▄▄ ▄▄▄ ██
█▀▄ █▄▀▄▀█    ▀▀▀█▀ ▀▀▄▄  ▄█▄█▀█ ▄▄█  █▀▄█ ▀ ▄ █▀ ▄▀ ▀█▄  █
██  ▄▀▀▄ ▄ ▀▀▄▀█ ▀█ ▀█▄▀▀█▀█ ▀▄▀███▀▀ ▄▄ ▀▀█▀▀▄▀█▄▀█  █▄ ██
█▀▄ █  ▄███▄█▄▀ ▀█ ▄█▀▄█▀▀ ▄▄  ▀▀▄▄█▄  ▀▄█ ▀ ▄▀█ ▀   ▀   ██
█▄▄▄▀▀█▄██▀▄▄▀▀█▀▀█▀█▄▄▄▀▀ ▄▀█▄▀▀▄▀██▀▀     ██▄█▄█ ▄▄▄▄▄███
██▄█▄▄ ▄█▄▄█▄ ▄ ▀▀▄▄▀ ▄█▀▄▄█▄▀▀ █▄▀█▀▄▄  ▀▀ █ ▀█▄▀▄▀▀▀█ █▄█
█ ▄██ ▄▄█ ▄ █  ▄▄█▀█▄█ █▄ ▀ █▄ ▀██▄█ ██ █  ▄▄▄▄▄▀▄█▄▄ ▄▄▀██
███▀██ ▄▀█ ██   ▀█   ▀ █   ▄▄▀█▀▀█▀ ▄▄▄▀▄██▀▀ ▀█ ▀▄ ▄██ ▀▀█
█  ▀▀ ▄▄▄ ▄▀▀█▄▀█▀▀  ▀▄ ██  ▄▄▄   ▄ ▀▄█ ▀▄▀▄▄█▄██ ▄▄▄ ▄█ ▀█
█▀▀▄▄ █▄█ ▄▀▄▄ ▀▄▄▄▀█ ▀█▀ ▄ █▄█ ▀ █▄  ▄  █▀▀█▄▀▄█ █▄█   ▀██
█  ▄▄ ▄▄▄ ▄ ███▀▀▀ ▄█▄▄██▄█▄▄   █▄▄█▄▄▀▀▄█▄▄▀▀▄▄█ ▄   ▄▄ ▀█
██▀ ███▄██▀▀█▄█ ▀█▀▄▄  █  ▀▄▀█▀ █ ▄█▄ █▀ █▀▀█▄▀▄█▄▄█▄▄▀  ▀█
█▀▄█▄ ▀▄▀▀ ▀▀█▄ ▄ ▄█▄ █ █▄▄▄█ ▄██▀▄▀█▀▀▀▄██ ▄ █ ▄▀ █▄▀██ ██
█ ██ ▀▄▄██▀▄  ▀█▄█▄▄▄▄▄█▄  ▀▄█▄█▀  █▄▄█▀▄█▀ ▀  ▄▀██  █▀▄ ▄█
█ ▀█▀ ▄▄▄▀█▄▀█▄▀▀ ▄▀▀  ▄▀██ ▀ ▀▀▀▄  ▀▄▄██▄ ▄ █▄▀▄▀▄▀ ▄▄▄▄▄█
█▄▀▀▀▀▄▄ █▀ █▀  ▄▄  ▀▀▄▀▀▀ ▄ ▄ ▄▄ ▄█▄ ▄▀▀█▀ ▀ ███▄▄▄▀▄▄  ▄█
██▀▄██▀▄█▀█▀▀▀ ██ ▄█▄ ▀█▄██▀ ▄████▀▄▄▄  ▄ ▀▄ ▀ █▄  ▀▄ ██▀██
█ ▀ ▀ ▄▄  ▀▀▄ ▀  █▀ ▀▀▄▄   ▀ █ ██  ▄▄▄▄▀ █▀▀▄ ▀▄█▄█▄ ▄   ▄█
█ ▀ ▀▀▄▄▀▄▀ █▀█▀ ▄ ██▄ ▄  ▄▄ ▄▄▀▀ ▄████ ▄█▄██ ▄▀█▀▄█ ██▄ ▀█
███████▄█ ▄ ▀▀█▄ █▄▄▄▀ █▄▀▀ ▄▄▄ █▄▀█▄▄▄  █  ▀  ▄█ ▄▄▄ █▄▄▀█
█ ▄▄▄▄▄ █▀▄█▀ █ ▄▄█▄█ █ ▄██ █▄█ ██▀▀ ▀▄ ▄▄▀▄██▀▀  █▄█ ▄▄▄██
█ █   █ █▄ ▀▀▄ █▀▀▀▄▀  ▀▀▄█▄▄  ▄█  ▄ ▄▀  █  ▀▄ ██ ▄   █  ▀█
█ █▄▄▄█ █▀▀▄▄▀▀ ▄█▄▀▄█ ▀▄ █ ▀▄▄ ▄▄█▄██ ▄██▀▄▀▀ █▀█ ▄█ █████
█▄▄▄▄▄▄▄█▄█▄▄▄▄█▄█▄▄▄█▄█▄▄█▄█▄█▄███▄▄▄▄████▄▄▄▄▄▄▄█▄▄█▄██▄█

Scan this QR code:
▄▄▄▄▄▄▄▄▄▄▄▄▄▄▄▄▄▄▄▄▄▄▄▄▄▄▄▄▄▄▄▄▄▄▄▄▄▄▄▄▄▄▄▄▄▄▄▄▄▄▄▄▄▄▄▄▄▄▄
█ ▄▄▄▄▄ █▄▀▄ ▄███▀ █▄█▀█ ▄ ▀▀▀▄ ▄▄▀█   ▀█▀   ▀ ▄ ██ ▄▄▄▄▄ █
█ █   █ █ █▀▀█ █▄▄█ ▄▄██▀▀ █ █▄▀ █▄▀▄ ▄▀ █▀██▄▀▄ ██ █   █ █
█ █▄▄▄█ █▄▀▀▄ ▄█▀▀▄  ▀▄  █▀ ▄▄▄ ▄█▀█ ▄  ▄▀ ▀ █▄▀▄██ █▄▄▄█ █
█▄▄▄▄▄▄▄█▄█ █▄█ █▄█▄▀▄▀ ▀▄█ █▄█ ▀ ▀ █ █ ▀ █▄▀▄▀▄█ █▄▄▄▄▄▄▄█
█ ▄  ██▄█ ▄█▀█▀█████▀█ ▄  █ ▄▄   █ ▄▀▀▀█ ▄▄ ▄███   ██ ▄ ▀ █
█ █ ▄█▄▄█▄█  █ ▀▀  ██ ▄▄ ▄█▄▄▀  █ ▀▀▄▀█▄█ █▄█▀▀  █ █ █ ▄  █
██▄▄ ▀▀▄  █▄▄▀▄ ▀▄█▄▀▀█▄▄▄█▀▀██▀██▀██ █▀█▀▄█▀█▀▄▄▄ ▀▀▀▀ ▀██
█▀ ▄▀  ▄█▄▄▀  ▄████▄ ▄▀█▄█ █▀█▀█▄▀  ▄██ █ ▀█████  █▀▄ ▀▀▄██
██ ▄ ▀ ▄▀ ▄ ▀█  ▀ █▀█▄ █▀██▄▄▄ █▀▄▄▀█▀▄▄██▄▄ ▄   ▄█▄▄▀ ▄█▄█
███▄▀ █▄ ██▀▀▀▀▀█▄█▀▀▀▄█▀▀▄ █ ███▄█▄▄ ▀▀▄  █ █▀ ▄▄██▄ ██ ██
█▄ ▄▄ █▄▀▀ █ ▄ ██ ▄▀██ ▄▀█▀ ▄ █ ██▀█▄▀▀█ ▄▀  █▀▄▄  █ ▄██▀▀█
█▄█▀▀ █▄█▄▀▀█▀ █▀▄   ▄    █▀▀▄▀▄▀▄ ▄ █▄█ █ █ █▄▄▀▄▀▄▀  ▄█▄█
█ ▀▀█▀▄▄█ ▀█▄ ▀▀ ▄ ▄█ ███▄▀██▀▄█▄▄  ▄ ▀▀▀▀▄█ ▀▀▄ █  ██▀█▄▄█
█ █▄▀ ▄▄▄  ▄███▀  ▄▄▀▀█▄█▀▄ ▄▄▄ ▀ █▄▄▄▄▄ ▀▄▄▀ ██▀ ▄▄▄ ▀▀▀██
█ ▄█  █▄█ ▄▀ ▀█▄  █▄█▄▀▀ ▄█ █▄█    ▀▀▀ █▄▀▀█▀▄▀▀▄ █▄█ ▄█▄▄█
█▀█ ▀▄▄▄▄▄▀▀▄██ ▄ █▄██ ▀  ▀▄▄ ▄▄▀  ▀█ █▄▀█▄█▀ ██  ▄▄▄▄▄█▄▀█
███▀   ▄▄ ▀ ▄█ ██▄ █ █ ▄  █▄▄▄▀▀▀█ ▄▄███  ▀ ▀██▄█  ███ █▀▀█
█   █▄▄▄ ▀█▄ ▀ ▄▄▄ ███▄▄▄ ██ ▀ ██▄█ ▀█ ▀█ █    ▀▀▄▄▄▀▀ ▄▀▄█
█▄▄▄█▀ ▄ █▄██  ▀███ ▀███ ▄████▀█▄▀ █▄ █▀▀▀██▄▀█▄██ ██▄ ▀▄██
█▄█▄▀▀ ▄ ▀▀█▀▀▄▄ ▄ ▀   █▄▀█  ▄ ▀ █▀█▄▀▄▄ ▀▀ ██▄▀ ▄▀█ ▄█ █▄█
█▀█▄▄▄█▄▄█ ▄▄█▄▀▀  ▀ █ ▀█▄▀ ▀  ▄█▄▄▀▀█▄█▄▀▀▄▄▄  ▄▀▀█▀ █ █▄█
█▀█ ▄▄█▄█▀  █▄▄▀ ██▄ ██ █████▀▄ ▀▀█▀▀▄▄▄█▄▄▄█▄▄█▀  ██▄▄█▄██
█  █▄▀▄▄█   ▄▀▀▀▄█▀▀▀▄ █▀▀█▀▄▄ ▀▀███▄█▀▄  █ ▀▀█▄█ ▀▀▄██ ▄ █
█ ▀ ▀▀▄▄    ▄▀█ ▄▀▄█ ▀ █▄▄▄ ▄██▀   ▄▄ █▄███ ▀██▄  ▄ ▄ ▀█ ▄█
███████▄█ ▀ █▀ █ █ ▄▄ ██▄█▀ ▄▄▄  █ █▄▄ ▀█▀▄▄▄█▀██ ▄▄▄ ▄█▀██
█ ▄▄▄▄▄ ███▄▀▀█▄█ ██▀▀ ▀ ▀█ █▄█ ▀▀ █▀▀▀ ▀█▄█▄▄███ █▄█  ▀▄▀█
█ █   █ █▀▄ ▄▀█ ▀█▀█ ▄██ ▀█  ▄  ▄  ▀▀▀▄█ █▄▄ ▄ ▀▄ ▄▄▄ ▄▄ ██
█ █▄▄▄█ █ ▄▀ ▄▄▄  ▀ ▄▀███▀█▀▄▀█▀█▀  █▀▀▀██ █▄▄ ▄▀▄▀ ██▄▄█▀█
█▄▄▄▄▄▄▄█▄▄▄▄██▄██▄█▄█▄▄█▄███▄███▄██▄█▄▄▄▄▄████▄█▄██▄██▄███

Scan this QR code:
▄▄▄▄▄▄▄▄▄▄▄▄▄▄▄▄▄▄▄▄▄▄▄▄▄▄▄▄▄▄▄▄▄▄▄▄▄▄▄▄▄▄▄▄▄▄▄▄▄▄▄▄▄▄▄▄▄▄▄
█ ▄▄▄▄▄ █▀ █▀ ▀ ██▄▀▀▀ ▄▀▄▄█▄▄▄▄ ▀▀█  ▀▀▀▀▄ ▀█▄▄ ██ ▄▄▄▄▄ █
█ █   █ █▀  █▄ █▄█▀ ▄▄▄▄ ▀▀█▄█ ▄ ██   █▀█▄▄  ▄ ▄ ██ █   █ █
█ █▄▄▄█ █▀██▀ █▀▄█▄█▄ ▄█▀ █ ▄▄▄ ▀▄▀█▄█▄▀▀ ▄▄▀▄▀▀▄██ █▄▄▄█ █
█▄▄▄▄▄▄▄█▄▀▄▀ ▀ ▀▄▀ ▀ ▀ █ █ █▄█ ▀▄█ ▀▄█ █ █▄▀ ▀ ▀▄█▄▄▄▄▄▄▄█
█  ▄  ▀▄▄ █▀▀  ▀ ▄▀▄ █▀▀▄▀▄▄    ▀█▀█▀  █▀█   █▄▄▀  █ █▄▀▄▀█
█  ▀██ ▄▄▀█▀ ▀▄ ▄ ▀ ▀▀▀ █  ▄▄  █▀▀ ▀█▀▀▄▀▀ ▀▀▀ █ ▀▄▄▄█▀▀ ██
█▀▀▀█▄▀▄█▄▄   ▄▄▄█▀ ▄▄▀▄    ██▀██▀ █   █▀█▀▀█▀ ▄ ▀▀▄▀██▄███
█▄▀█ ▄▄▄ █ ▄▄▀▀█ ▄▀ ▀█▄ ▄ ▀█▀██ ██▀▄ ▀██▄▄▀ ▀▀  ▄▄▀█▀▄▀  ██
█▀█▄   ▄   ▄█▄▄█▄█▄▄▀▄█▀█▀█▀▀   ▄▀▀█ ▄▀██▀ ▀▄█▄▄ ▀███▀  ▀▄█
█▄ ▄█▄▄▄██▀▀▀▄▀█▄█ ▄█▄▄▀▀█ ▄▀  █▀ ▀ ██ ▀▀▀██▄██▀▀ ▄▄▄▀▀▀▄▀█
██▄ ▀▄▄▄ ▀▀██▄▀█▄▀▄▄▄█▀█▀▄▀ ▀▀▀  ▀▄██ ▀█▀█▀ ▄█▄█▄▀ █▄▀█ ▀▀█
██▄██▀ ▄▀▄▀▀█ █▄▄ ▄ ▄█  ▀█▀ █▀█▄█▄▄ █▀█ ▄▄█▀▄▄▄▀▄▀▄▄▄▀▀▀▀██
██ ▄ ▄▀▄█▀▀ ██ ▄▄█  █▄██  ▀█▀▀█▀▄ ▄ ▄▄▀▄▀██▀▄█▄█▀ █▄ ▀█ ▄▄█
██ ▀▀ ▄▄▄ █ ▀█▀██▄▄█ ▀▄█  ▄ ▄▄▄   ▄█▄▀█ ▀▀ █▄█  ▄ ▄▄▄ ▀  ▀█
█▀▄▄▄ █▄█  ▄▄▄ ▄▀▄▄▀ █▄█▀ █ █▄█ ▄██▄  ▀▄██ ▀ ▀█▄█ █▄█   ▄ █
█  ▄▄ ▄▄▄▄▄█  █▀▀▄█▀█▄▄█ ▀▄ ▄▄▄▄█▄▄ ██▄█▄ ▄▀▀█▄▄ ▄  ▄▄▄  ▀█
█    ██▄▀▀▄▀█▄ ███▄ ▀▄██▀▀▄▀█▄▀  █▀█▀  ▄▀▀█▀ ███▀█▀ ▄▄ ▀▀ █
█  █▄█▄▄█▄ ▄▄ ▄ ▄█▀ ▄▄██  ▄▄▄▀▀ ██▄▄ █ ▀ █ █▄▀█▄ ▄ █▀▄  ▄██
█▄▀ █▀▄▄  ▄▄██▄ ▀█▄▄▀▀▀█▄ █▄▀█▀  ▀██▀▄ ▄▀█▀ ▄▀█▄▀█ ███▀▄▄▀█
██▀█▀█▀▄▄▀█▄ ▄  ▀█▀▄▀  ▀▄ █ ▀█▄▄▀▄ █▄ ▄██▀█▀ █▄▄▀▄▄▀ ▀▀▀▄▄█
█▄▄▄▄█ ▄█ ▀█▄▄▀▄▀▄  ▄▄▀▀▀▀█▀█▄ ▄▀█▀█▄ ▀▄▄█▀ ▄█ ██▄▀█▄▄▄▄█▀█
█ ▀▄█ ▀▄█▀▄▀   ▄██▀ ▄ ▀ ▀ █▀ ▀  ████▀▀▄ ▄█▄▀ ▀ ▄██▄▀▄█  ▀██
█ ▄█▀ ▀▄▄▀ ▄▄ ▀▀██▀ ▄▄▀▄  █▀██ █ █▄█▄▄▀███▀ ▀███▀ ▀▄███▀█▀█
█ ▀ ▀▀▄▄ ▀▀█ ▄█▀ ▀ ▀█▄  ███▄ ▀▀▄▀ █ ▄ █   █ ▀  ▄ ▄▄▀▄▄ ▀ ▀█
███████▄█ ▀ ▀▀ ▀▄█▄ ▀█▀█▄▀▄ ▄▄▄  ▀▄█▄ ▀▄█▀█▀ ████ ▄▄▄ ██▀ █
█ ▄▄▄▄▄ █▄▄ ▄██ ▀▀ ▀▄ █████ █▄█ █▀▀▄  ▄▀▄ █▀▀ ▀▄▀ █▄█ ▀▀▄██
█ █   █ █ █▀▀▀█ ▄▀▀▄▄██▀▀▄   ▄ ▄ ██▄ ▄▄█ ▀   ▀███  ▄ ▄█ █▄█
█ █▄▄▄█ █ █▀█▄ █▄ ▀▄▄█ ▄▀██ ▀▀▀██▄█▀▀  ▄▄ ▄▀    ▄  ▄█▀  ███
█▄▄▄▄▄▄▄█▄█▄██████▄▄█▄██▄▄▄████▄▄▄▄▄▄▄█▄▄██▄███▄▄▄▄█▄▄▄█▄██

Scan this QR code:
▄▄▄▄▄▄▄▄▄▄▄▄▄▄▄▄▄▄▄▄▄▄▄▄▄▄▄▄▄▄▄▄▄▄▄▄▄▄▄▄▄▄▄▄▄▄▄▄▄▄▄▄▄▄▄▄▄▄▄
█ ▄▄▄▄▄ █▄▀▄ ▄▄▄ ▀▀█▄█ █▄  ▀▀▀▄ ▄▄▀█ ▀ ▀ █ ▄▄▄ ▄ ██ ▄▄▄▄▄ █
█ █   █ █ █▀▀█ ██▄█ ▄▄██   █ █▄▀▀▄▄▀▀▀▄▀▄▄▀█▀▄▀▄ ██ █   █ █
█ █▄▄▄█ █▄█▀ ▄▄█▀▀▄  ▀▄  █▀ ▄▄▄ ▄▄▀█▄▄  ██ ▀▄█▄▀▄██ █▄▄▄█ █
█▄▄▄▄▄▄▄█▄▀ █▄█ █▄█▄▀▄▀ ▀▄█ █▄█ ▀ ▀ █ █ ▀ █▄▀▄▀▄█ █▄▄▄▄▄▄▄█
█ ▄  ▀█▄█ ▄█▀▀▀█████▀█ ▄  █ ▄▄   █ ▄▀▀▀█ ▄▄ ▄███  ▄█▀▄▄ ▀ █
█ █ ▄▄▄▄ ▀  ██ ▀▀  ██ ▄▄ ▄▄█▄▀  █ █▀▄▀▀ █ █▄█▀▀ ██ ██▄ ▄  █
██▄▀▀▀▀▄███ ▄▀▄ ▀▄█▄▀▀█▄▄▄▄ █▀█▀██ ▄█  ▀█▀▄█▀█ ▄██ ▀███▄▀██
█▀▄▀▄  ▄█▄▄▀  ▄███▄▄ ▄█▄▄█ █ ▄▀▀▄▀▀█▄█▀▄█ ▀▄█▀   ▀█▀█▀█▀▄██
███ █▀ ▄▀ ▄ ▀█  ▀▀██▄▄▄▀▄▄█▄▄▄▄█▀▄▄▀▀█▄█▀█▀▄▀ ▀▀ ▄█▄▄▀▀▄█ █
█ ▀▀█▄▀▄ ██▀▀▀▀▀▀▀█▀█▄▄█ █▄ █ ▄█▀▄█▄██▀▀▄█▀██▄▀ ▄▄██▄ ██▀▀█
█▀▀▄▄██▄▀▀ ██  ██ ▄▀██ ▄▀█▀ ▄ █ ▀█▀█ ▀▀█▄▄▀ ▀▀▀▄▄ ▀█ ▄██ ▀█
█▄█▀▀  ▄▀▄▀▄ █ ▀▀▄   ▄    █▀▀▄▀▄ ▄ ▄▀▄▄█▀▄ █▀█▄▄▀▄▀█▀  ▄█▄█
█ ▀▀█▄█▄▀ ▄▄▄▀▀▄ ▄ ▄█ ███▄▀▀█▀▄█▄▄  ▄ ▀▀▀▀▄█ ▀▀▄▄▄█ ▀█▀█▄▄█
█ █▄▀ ▄▄▄ ██▄ █   ▄▄▀▀█▄█▀▀ ▄▄▄ ▀ █▄▄▄▄▄ ▀▄▄▀ ▀▀▀ ▄▄▄ ▀▀▀██
█ ▄ ▄ █▄█ ▄▀ ▀▀   █▄█▄▀▀ ▄▀ █▄█   ▀ ▀▀▄█▄▀ █▀▄▀▀  █▄█ ▄▀▄▄█
█▀  ▀▄▄▄  ▀▀▄██ ▄ ▄ ██▄▀    ▄ ▄▄▀ ▀ █ ▄█▀██ ▀▄▀▄█  ▄▄ █▄▄▀█
█ ▄█▀  ▄  ▀ ▄█ ███▄█▀█    █▄█▄▀▀▀█ ▄▄▀▀▄▄ ▀ █▀▄██▄ ███▀▄▀▀█
█▄▀█ ▄▄▄▄██▄ ▀ ▄ ▀ █▀█▄▄▀███ ▀ █▀ █ █▀▀ ▀ ▄   ▀▀ ▄▄▄▀▀ ▄█ █
█▄█▄█▀ ▄ █▄██  ▀███ ▀███ ▄████▄▄▄█ █ ▄█▀▀███ ▀█▄██ ██▄ ▀▄██
█▄█▄▀▀ ▄ ▀▄▀ ▀▄█ ▄ ▀   █▄▀█  ▄▄█▀█▀██▀▄▄ ▀▀ ▄█▄▀ ▄▀█ ▄█ █▄█
█▀█▄▄ ▄▄▄█   ███▀  ▀ █ ▀█▄▀ ▀  ▄█▄▄▀▀█▄█▄▀▀▄▄▄  ▄▀ ▄▀ ▀▄█▄█
█▀█ ▄  ▄█▀ ▄▄▀   ██▄ ██ ██▀██▀▄ ▀▀██▀▄  █▄▄▄█▄ █▀▀▄██▄▄█▄██
█   ▀▄▀▄▀▀ █▄▀██▄█▀▀▀▄ █▀▀█▀▄▄ ▀▀█ ▄▄██▄   ▀▀▀█▄▀▄▀█ █▄▄▄ █
█ ▀ ▀▀▄▄▄█  ▄▀█ ▄▀▄▀ ▀▄▀▄▄▄▀▄██▀   ▄ ▄ ███▄█▀▀▀▀▀▄▀ ██ █ ▄█
███████▄█▀▀ █▀ █ ▄▄   ██▄▄▀ ▄▄▄  █ █▄▄ ▀ █▄▄▄█ ▄█ ▄▄▄ ▄██▀█
█ ▄▄▄▄▄ ███▄▀▀█▄ ████▄ ▀▄██ █▄█ █▀ █▀▀▀  ██▄ ▀▄▄  █▄█  ▀▀██
█ █   █ █▀▄ ▄ █ ▀█▀█ ▄██ ▀█ ▄      ▀▀█▄█▄█▄▄█  ▀▄ ▄▄▄ ▄▄▀██
█ █▄▄▄█ █  ██▀ ▀  ▀ ▄▀███▀█▀█▀█▀█▀  █▀▀▀█▄ ██▄ ▄▀▄▀ ██▄▄█▀█
█▄▄▄▄▄▄▄█▄▄▄▄█▄▄██▄█▄█▄▄█▄███▄███▄██▄█▄▄▄▄▄████▄█▄█████▄███

Scan this QR code:
▄▄▄▄▄▄▄▄▄▄▄▄▄▄▄▄▄▄▄▄▄▄▄▄▄▄▄▄▄▄▄▄▄▄▄▄▄▄▄▄▄▄▄▄▄▄▄▄▄▄▄▄▄▄▄▄▄▄▄
█ ▄▄▄▄▄ █▀ █▀   ▄██  ▀ █ ▄▄█▄▄▄▄ ▀▀▀▄▀ █ ▄  ▀▀▄▄ ██ ▄▄▄▄▄ █
█ █   █ █▀  ▀▄ █▄█▀ █▄▄▄▀▀▀█▄█ ▄ ██ ▀ █▀█▄▄ ▀▄ ▄ ██ █   █ █
█ █▄▄▄█ █▀█▀ ▄█▀▄█▄█▄ ▄█▀ █ ▄▄▄ ▄▀▀██▄▄▀  ▄▄▄▄▀▀▄██ █▄▄▄█ █
█▄▄▄▄▄▄▄█▄▀ █ ▀ ▀▄▀ ▀ ▀ █ █ █▄█ ▀▄█ ▀▄█ █ █▄▀ ▀ ▀▄█▄▄▄▄▄▄▄█
█  ▄ ▄█▄▄ █  █ ▀ ▄▀▄ █▀▀▄▀ ▄    ▀█▀█▀  █▀█   █▄▄▀  █ █▄▀▄▀█
█  ▀█▄▀▄▄▄█▀▀ ▄ ▄ ▀ ▀▀▀ █ ██▄▄ █▀▀▄▀█▀▀▄▀▀▄▀▀▀ ▀▄ ██▄ ▀▀ ██
█▀▀▄▄▄▀▄█ ▄▀  ▄▄▄█▀ ▄▄▀▄    ▀█▀██▀▄▄  ▀▄▀█ ▀█▀▄█  ▀▄█▀█▄███
█▀ ▀▄▄▄▄▀█ ▄▄▀▀█ ▄▄ ▀█▄▀▄ ▀█ ▄█ ██▀█▄▀▄ ▄ ▄ █▀▄▀▄ ▀█ ▄█  ██
██▀██  ▄   ▄█▄▄█▄█▄ ▀▄█▀█▀█▀▀  ▀▄▀▀▄ ▄ █▄█▀▀▄██▄ ▀███▀ ▀▀ █
█▀ ▀▀ ▄▄██▀▀▀▄▀█▀█ ▄ █▄▀   ▄▀ ▀█▀ ▀ ▀▄ ▀▀▀▄▄█▀█ ▀ ▄▄▄▀▀▀▀▀█
█▀▄ ▀ ▀▄ ▀▀██▀▀█▄▀▄▄▄█▀█▀▄▀ ▀▀▀ █▀▄█▄▄▀██▀▀  █▄█▄▀▀█▄▀█ ▀ █
██▄████▄▀ ▀▀▀▀██▄ ▄ ▄█  ▀█▀ █▀█▄█▄▄ █ █ ███▀▄█▄▀▄▀ ▄ █▀▀▀██
██ ▄ ▄█▄▄ ▀▄▀▀▀█▄█  █▄██  ▀█▀▀█▀▄ ▄ ▄▄▀▄▀██▀▄█▄█▄▀ ██▀█ ▄▄█
██ ▀▀ ▄▄▄ █▄▀▄███▄▄█ ▀▄█    ▄▄▄    █▄▀█ ▀▀▄█▄█▄▄█ ▄▄▄ ▀  ▀█
█▀▄▄▀ █▄█ ▄▀▄▄▄█▀▄▄▀ █▄█▀ ▀ █▄█ ▄██▄  █▄██   ▀▄▄  █▄█ ▀ ▄ █
██▀▀  ▄▄ ▄▄█  █▀▀▄ ▄█▄██ ▀▄▄▄▄▄▄█▄▄▀▀██▄▄ █ ▀█ ▄▀▄  ▄▄▀▀ ▀█
██▀ ▄██▄█ ▄▀█▄ █▀▄█▄ ███▄▀▄▀▄▄▀  █▀█▄ ▀▄▀▀▀  █▄█▀▀▀ ▄█▀▀█ █
█▀▄ ██▄▄█▀ ▄▄ ▄ ▀█▀   ██ █▄▄██▀ █▀▄▄█▀ ▀▄▀ ▄ ▀▄█ ▄ █▄▄   ██
█▄█ █▀▄▄  ▄▄█ ▄ ▀█▄▄▀▀▀█▄ █▄▀█▄█▄▀██▄  ▄▄█▀ █▀█▄▀█ ███▀▄█ █
██▀█▀█▀▄▄▀ █ ▀▀ ▀█▀▄▀  ▀▄ █ ▀█ ▄ ▄ █▄▀▄█▄ █▀ █▄▄▀▄▄▀ ▀▀▀▄▄█
█▄▄▄▄▀▄▄█ ▄▀▀ ▀▄▀▄  ▄▄▀▀▀▀█▀█▄ ▄▀█▀█▄ ▀▄▄█▀ ▄█ ██▄▀█▄▄▄▄█▀█
█ ▀▄█▄▄▄█▀▀  ▀ ▄██▀ ▄ ▀ ▀ ▀▀ ▀  ███▀▀▀▄ ▄█▄█ ▀▄ ▀▄ █▄█▄ ▀██
█ ▄▄▄▀▄▄▄ █▀▄  ▄██▀ ▄▄▀▄  █▄██ █ █▄▄▄▄ ▄██▀ ▀█▀▄▀▀▄█▄█▄██▀█
█ ▀ ▀▀▄▄▄▀▀█ ▄█▀ ▀ ██▄ ███▄  ▀▀▄▀ ▄ ▄▄▄▀ ▄▀ █    ▄▄█ ▀▀▀ ▀█
███████▄█▀▀ ▀▀ ▀▄▄█▄▀█▀▀█▀▄ ▄▄▄  ▀▄█▄▄▀███  ▄▀▄▄▀ ▄▄▄ ▄▄▀▄█
█ ▄▄▄▄▄ █▄▄ ▄██ ▀  ▀▀███  █ █▄█ █▀▀▄▄▀█▀▀▀▄ ▀ ▀▄█ █▄█ ▀▀▄▀█
█ █   █ █ █▀▄ █ ▄▀▀▄▄██▀▀▄     ▄ ▀█▄  ▄██▀  ▀▀██▄  ▄  █ ▄██
█ █▄▄▄█ █  ▀▄▄█ ▄ ▀▄▄█ ▄▀██ ██▀████▀▀▀ ▄▄ ▄▀    ▄  ▄▀▀  ███
█▄▄▄▄▄▄▄█▄▄▄▄█▄███▄▄█▄██▄▄▄█▄██▄▄▄▄▄▄▄█▄▄██▄███▄▄▄▄███▄█▄██

Scan this QR code:
▄▄▄▄▄▄▄▄▄▄▄▄▄▄▄▄▄▄▄▄▄▄▄▄▄▄▄▄▄▄▄▄▄▄▄▄▄▄▄▄▄▄▄▄▄▄▄▄▄▄▄▄▄▄▄▄▄▄▄
█ ▄▄▄▄▄ █▀█▄▄ █▀██▄ ▄▀█▄▄▄ ██▀ ▄▄ ▀██▀ █▄ ▄  █▄▄ ██ ▄▄▄▄▄ █
█ █   █ █▀▄ ▀▄▀██▄█▀██▄▄  ▀█▀▄▄ ▀▄█ ▄▀█▀▀▄▀▄ ▄ ▄ ██ █   █ █
█ █▄▄▄█ █▀ █ ▄ ▄▄███▄ ▀▄▀ █ ▄▄▄ ▄ ▄▀█ ▄▀▀▀▀▄ ▄▀▀▄██ █▄▄▄█ █
█▄▄▄▄▄▄▄█▄▀ ▀▄█▄▀▄▀ ▀ █ █ █ █▄█ ▀▄█ ▀▄█▄█ ▀ ▀ █▄▀▄█▄▄▄▄▄▄▄█
█ ▄  ▄█▄  █▄▄  █▄▄█▄ █▀█ ▀▄ ▄▄  ▀█▀█▀  █▀█▄▀██▄▄█▀ █▄█▄▀ ▀█
██▀▀▀ ▄▄▄▄ █ █▄ ▄▄▀ ▀▀▀ ▀▀▀█▀▀▀█▀▀ ██▄██ ▄ ▀▀   █▀▄▄█ ▀▀▄▀█
█▀▄█ ▀█▄ █▄█ █▄▄█▄▀ ▀█▀▄  ██▀▀▀██▀██▀▄ ▄▀▀▀ ▀▀▀▄█▀ █ ▀█▄▀▀█
█▀▀▀█▀ ▄▄▄█  ▀██▄▄▀▄▀▄▄▀▄▄▀█▀▄█▄█▀▀  ▄█▀ ███ ██ █▀▄▀▄ ▀ ███
█▄ █▄█▀▄█▀▀▄  ▄▀▄█   ▄▀█▀ ▀█▀ ▀▀██▀█▄ ▀▄█▀█ ▄██▄▀▀▀█▀█  ▀▀█
█ ▄█▀ ▀▄ ▀▀▀██▀██▄▀█▄▀ █▀▀▄▄▀ ▀▀█ ▀▄▀█▀▄▄▀▄▀▀▀▄   ▀█  ▀▀███
█▀▄▄█▄▀▄ ▀▀▄▄█▀█▄▀▄ ▄█▀█▀▄  █▀█▀▀▀ ▄▀  █▄▀▀▀▀█ █▄▀█▄▀██▄ ▀█
█▀▀ ▄▀█▄█▀▀▀█▄█▀▄ ▀█▄██▄▀█▀ ▄  ▀███    ▄▄ ▀ ▄█▀  ▀▄▄  ▀▀▀██
█▄▀█▀██▄ ▀  █▄▄ ▄▄▄ █▄▀█▀ ▀▀▀▀ ▀▄ ▄  ▄▀██▀ ▀ ██▄▀ ▀█▀██▀▄ █
█▀▄▄  ▄▄▄ ▀ ▀█▄ ▀▀▄█ ▀▄██ ▄ ▄▄▄   ▄█▄██▄▀ ▄█  ▄▄▄ ▄▄▄ ▀  ██
██ ▀▄ █▄█ █ ▀▄▄▄█▄▄▀▀█▄█▀▀█ █▄█ ▄▀▄▄ ▄ █▀█▀ ███▄▀ █▄█ ▄  ██
███▀▀▄▄▄  █▀ ▀█▄  █▀█▀▀▄▄▄      ▀▄█ █▄█ ▀▀ ▀▀▄██  ▄▄▄▄▄ ▄██
█ █▀▄▀ ▄▀▀ ▀▄▄▀██▄▄ ▀███▄▀▄▄▄█▀  █▀█  ▄██▀▄▀ █▄▄▀ ▀██▄▀█ ▀█
█▀█ ▀ █▄▀   ▀▄▄██ ▀ ▀ ▀  ▀▀▄▀▄▀ ▀█ ▄▀▄▄  ▀▄█▀ ██▀▀ █ ▀▀▀ ██
█▀  ▀▀▄▄ ▀ █▀  █▀█▀▄▀▀▀█▄ █▀▀█▄  ▀▄█▀ ██ ▀▀▀ █▀▄▀▀ ▀▀▄▄██ █
██▄▄   ▄▀▀█▀█▄█▀▀█  ▀ ▀▄▄ ▄ ▀█▄▄▀▄ ▄█▀█▄ ▀▀▀▄▄█  █ █▀██▀▄▄█
█▄▀█▀▀█▄ ▄▄ ▄██▄▄▄▀▄▄▄██▄▀█▀▄▄▀▀▀█▀█   ▄▀█ ▀ ██▄█▄▄█▄▄▄█▀██
███▄ █▀▄███▄▀▄ ▀▄█▀  ▀▀ ▀▀▀▀▀▀ ▄▀█▀▀█  ▄▀▄  █ ▄█▀█▄▀▀▄  ▄▀█
█▀▀▀▀▀▀▄ ▀▀█▄ ▀██▄▀  ▄▀▄▀ █▀██   █▄█▄▄▀▄▀▀▀▀ ▀▄█▀█▄ ▄▄███ █
█ ▀ ▀▀▄▄▀▄█▄█▄▀▀▀█▄▀▄ ▀██▀ ▀▀▀▄▄▄▀█▀██▀█ █▀▀█ ▀▀▀▄ ▀▄▄ ▀▄██
███████▄▄ █ ▀█ ▀ ▄▄▄▀▄▄▀▀▀▀ ▄▄▄  ▀▄█  ▄▄██▀▀ █▄▄█ ▄▄▄  ▀▀▀█
█ ▄▄▄▄▄ █▄▄█▀ ▄▄ ▄█▄█▄▀ █▄▄ █▄█ ▄█▀▄█▀    █▄█▄█▄▀ █▄█   ▀▀█
█ █   █ █ ▀▄██▀▀▄▀  ▄█ ▀▀▄▀ ▄  ▄▄███   ▄▀██▀ ▀██▄▄ ▄  █▀▄██
█ █▄▄▄█ █ ▄█▀ █▀▄ █▄▄█▀█▀███ ▀▀███▄ ▀█▀█▀▄▄▀█▀▄▄█ ▀▄▀█  ███
█▄▄▄▄▄▄▄█▄█▄▄▄▄█▄▄▄▄██████▄████▄▄▄▄▄▄▄█▄██▄▄▄█▄███▄██▄██▄██

Scan this QR code:
▄▄▄▄▄▄▄▄▄▄▄▄▄▄▄▄▄▄▄▄▄▄▄▄▄▄▄▄▄▄▄▄▄▄▄▄▄▄▄▄▄▄▄▄▄▄▄▄▄▄▄▄▄▄▄▄▄▄▄
█ ▄▄▄▄▄ █▀ █▀   ▄▀▄▀█▀ ▄  ▄█▄▄▄▄ ▀██▀ ▄▀   ▄ ▄▄▄ ██ ▄▄▄▄▄ █
█ █   █ █▀  █▄ ██▄▀ ██▄▄▀▀▀█▄█ ▄▀▄█  ▀█▀▄▄▄  █ ▄ ██ █   █ █
█ █▄▄▄█ █▀▀▀█ █▀▄█▄█▄ ▄█▀ █ ▄▄▄ █▀▀███▄▀ ▄▄▄▀█▀▀▄██ █▄▄▄█ █
█▄▄▄▄▄▄▄█▄█▄█▄▀ ▀▄▀ ▀ ▀ █ █ █▄█ ▀▄█ ▀▄█ █ █▄▀ ▀ ▀▄█▄▄▄▄▄▄▄█
█  ▄  ▀▄▄▄██▄▀ ▀ ▄▀▄ █▀▀▄▀▄     ▀█▀█▀  █▀█   █▄▄▀  █▄█▄▀▄▀█
█  ▀██ ▄█▀ ███▄ ▄ ▀ ▀▀▀ █ ▀█ ▄ █▀▀▄██▀█ ▀▀▄▀▀▀ ▀  █▄  ▀▀ ██
█▀▀█▄▄▀▄▄▄██  ▄▄▄█▀ ▄▄▀▄  ▀ ▀▀▀██▀██  ▀▄▀█▀▀█▀██  ▀▄█▀█ ███
█▄█  ▄▄▄ █ ▄▄▀▀█ ▄ ▄▀█▄▄▄ ▀█ █▀▄██   ▀ █ ▄▄ ▀█▄▄▄▄▀█▀▄   ██
█▄▀█▄  ▄   ▄█▄▄█▄▄▄ ▀▄▄▀▀▀█▀▀  ▀▄▀▀█▄▄ █▀▀█  ███ ▀███▀▀▀▀▄█
█▀ ▄▀▄▄▄██▀▀▀▄▀██  ▄▄ ▄▀▄█ ▄▀  ▄▀ ▀  ▀  ▄▀▄█▀ ▄ ▀ ▄ ▄▀▀▀▄▀█
█▄▀ ▀▄▀▄ ▀▀█ █▀█▄▀▄▄▄█▀█▀▄▀ ▀▀▀ ▄█▄█  ▀█ ▀▀ ▄█▄█▄▀▄█▄▀█ ▀▀█
██▄██▄ ▄▀▄█▄██ █▄ ▄ ▄█  ▀█▀ █▀█▄█▄▄ ▄▀█ ███▀▄▄▄▀▄▀▀ ▄█▀▀▀██
██ ▄  ▀▄▀ ▄▀▀▄▄█▄█  █▄██  ▀█▀▀█▀▄ ▄ ▄▄▀▄▀██▀▄█▄█ ▀ ▄███ ▄▄█
██ ▀▀ ▄▄▄ ▀▀ ▀▀ █▄▄█ ▀▄█  █ ▄▄▄    ▀▄▀█ ▀▀▄█▄█▄   ▄▄▄ █  ▀█
█▀▄ ▄ █▄█  ▄▄▄  ▀▄▄▀ █▄█▀ ▀ █▄█ ▄███  ▀███▀▀ ▀ ▄█ █▄█  ▀▄ █
██▀▄  ▄▄▄▄▄█  █▀▀▄▀██▄▄▀ ▀█▄▄▄▄▄█▄█ ███▄▄▄  ▀▀ ▄▄▄▄  ▄▀▀ ▀█
█▀█▀███▄▀▀▄▀█▄ █▄█▀▄█▄██▀▀▄▀██▀  █▀█ ▄█▄█▀▀  ▀██▀ ▀  ▄▀ █▄█
██▄▀▄█▄▄██ ▄▄ ▄ ▄▄▀ ▄ ██▄ ▄▄▄█▀ █▀▄▄▄   █▀▀█▄▀██ ▄ ██▄  ▄██
█   █▀▄▄  ▄▄▀█▄ ▀█▄▄▀▀▀█▄ █▄▀██  ███▄  ▄▀▀▀ ▄██▄▀█ ███▀▄█ █
██▀█▀█▀▄▄▀ ▀█ ▀▀▀█▀▄▀  ▀▄ █ ▀█▀▄ █ █▄▀▄█▄▀█▀▀▄▄▄▀▄▄▀ ▀▀▀▄▄█
█▄▄▄▄  ▄█ ▀▄   ▀▀▄  ▄▄▀▀▀▀█▀█▄ ▄▀█▀█▄ ▀▄▄█▀ ▄█ ██▄  ▄▄▄ █▀█
█ ▀▄█  ▄█▀▄███ ▀██▀ ▄ ▀ ▀ █▀ ▀  ██▀█▀▀  ▄█ ▀ ▀  █▄ █▄█▄ ▀██
█ ▄ ██▄▄███▄▄ ▀▄██▀ ▄▄▀▄  █ ██ █ █▀█▄▄ ▄██ ▀▀██▄█▄▀█▄▄▄██▀█
█ ▀ ▀▀▄▄▄▄▀█ ▄█▀ ▀ ▄█▄█████▄ ▀▀▄▀ █ ▄▄▄█    ▀ ▀▀▄█▄█▀█   ▀█
███████▄▄▀▀ ▀▀ ▀▄█  █▄▀▀ ▀▄ ▄▄▄  ▀▄█▄▄▀██▀  ▀▀▀█▀ ▄▄▄ ██▀▄█
█ ▄▄▄▄▄ █▄▄ ▄██  ▄ ▀█ ███▄█ █▄█ ▀▀▀▄▄ █ ▀▄█ ▄▄ ▄█ █▄█ ▀▀ ██
█ █   █ █ █▀▀▄█ ▄▀▀▄▄██▀▀▄  ▄  ▄▀██▄  ▄█▀▀   ███▄  ▄ ▄█ █▄█
█ █▄▄▄█ █ ▀▀▀▀█▄▄ ▀▄▄█ ▄▀██ ▀▀▀████▀   ▄▄▀▄▀▀▀  ▄  ▄██  ███
█▄▄▄▄▄▄▄█▄▄▄▄█████▄▄█▄██▄▄▄█▄██▄▄▄▄▄▄▄█▄▄██▄███▄▄▄▄█▄▄▄█▄██

Scan this QR code:
▄▄▄▄▄▄▄▄▄▄▄▄▄▄▄▄▄▄▄▄▄▄▄▄▄▄▄▄▄▄▄▄▄▄▄▄▄▄▄▄▄▄▄▄▄▄▄▄▄▄▄▄▄▄▄▄▄▄▄
█ ▄▄▄▄▄ █▄▀▄ ▄██▀▀▀▄ █▀▄▄  ▀▀▀▄ ▄▄██ ▄ ▀▄  ▄▄▀ ▄ ██ ▄▄▄▄▄ █
█ █   █ █ █▀▀█ █▄▄█ ▄▄██▀▀ █ █▄▀ ▄▄▀ ▀▄▀ █▀██▄▀▄ ██ █   █ █
█ █▄▄▄█ █▄██ ▀▄█▀▀▄  ▀▄  █▀ ▄▄▄ ▀█▀█ █  ▀█ ▀  ▄▀▄██ █▄▄▄█ █
█▄▄▄▄▄▄▄█▄▀▄▀▄█ █▄█▄▀▄▀ ▀▄█ █▄█ ▀ ▀ █ █ ▀ █▄▀▄▀▄█ █▄▄▄▄▄▄▄█
█ ▄  ▀█▄▀▄▀▄▀▀▀█████▀█ ▄  ▀ ▄▄   █ ▄▀▀▀█ ▄▄ ▄███▀▀ ██▄▄ ▀ █
█ █ ▄██▄ ▀▀▄▄  ▀▀  ██ ▄▄ ▄██▄█  █ ▀▀▄▀▀▄█ █ █▀▀  █▀▄▄▀ ▄  █
██▄▀█▀▀▄█▄██▄▀▄ ▀▄█▄▀▀█▄▄▄█▀▀██▀██▄▄█   █▀█▄▀█▀█▄▄ ▀▀▀▀ ▀██
█▄▀▀▄  ▄█▄▄▀  ▄███ ▄ ▄██▄█ █▀▄▀▀▄▀ ▀ ▀▄ █▄ ▀▀█▀█▄▀█▀█▀ ▀▄██
█▄█ ▀▀ ▄▀ ▄ ▀█  ▀ █▀█▄▄█▀██▄▄▄ ▄▀▄▄▀████▄█ █▄    ▄█▄▄▀ ▄█ █
██▄▀▄▄█▄ ██▀▀▀▀▀███▀▄▄▄█▀ ▄ █ ▄█▀▄█▄ ▀ ▀▄  ▄█  ▀▄▄█▀▄ ██▄██
█▄▀▄▄▀ ▄▀▀ █ ▀ ██ ▄▀██ ▄▀█▀ ▄ █  ▀▀█ ▀▀█▄▄▀ ▀█▀▄▄ ▀█ ▄██ ▀█
█▄█▀▀█ ▄▀▄▀▄ █▀█▀▄   ▄    █▀▀▄▀▄▀█ ▄▀█▄█▀▄ █ ▄▄▄▀▄███▄ ▄█▄█
█ ▀▀█▄▄▄ ▀▄ ▀█▄  ▄ ▄█ ███▄███▀▄█▄▄  ▄ ▀▀▀▀▄█ ▀▀▄█▄▀ ▀█▀█▄▄█
█ █▄▀ ▄▄▄ ▄ ▀ ▄▀  ▄▄▀▀█▄█▀  ▄▄▄ ▀ █▄▄▄ ▄ ▀▄ ▀ ██  ▄▄▄ █▀▀██
█ ▄▀▀ █▄█ ██ ▀ ▄  █▄█▄▀▀ ▄█ █▄█     ▀▀▄▄▄▀▄█▀▄▀▀  █▄█ █▄▄▄█
█▄▀▄▀ ▄▄  ▀▀▄██ ▄ █▄███▀   ▄▄ ▄▄▀   ▀ ▄█▀▀ ▀█▄ ██ ▄▄▄▄ ▄▄▀█
██  ▀  ▄ ▄▀ ▄█ █▄▄▀█ █▄ ▄ █▄██▀▀▀█ ▄ ▀▄▄▄ ▀ ▄▀███  ██▄ ▄▀▀█
█ ▀▀▀▄▄▄▀▀█▄ ▀ ▄▄  █  ▄▄█▀██   █▀▄█    ▀█▄▄  ▀▀ ▀▄▄▄▀▀ ▄▀▄█
█ ▄▄█▀ ▄ █▄███ ▀███ ▀███ ▄████▄▄▄▀ █▀ █▀█▀██▄▀█▄██ ██▄ ▀█▄█
█▄█▄▀▀ ▄ ▀▄█ ▄▄▀ ▄ ▀   █▄▀█  ▄▄▀▀█▀█▄▀▄▄▀▀▀ ██▄▀ ▄▀█ ▄█ █▄█
█▀█▄▄▀▄▄▄█▄█    ▀  ▀ █ ▀█▄▀ ▀  ▄█▄▄▀▀█▄█▄▀▀▄▄▄  ▄▀██▀ ▀▄█▄█
█▀█ ▄▀ ▄█▀▀ ▄  █ ██▄ ██ █████▀▄ ▀▀▀█▀▄▄▄█▄▄▄█▄▄██▄ ▀█▄▄▄▄██
█  ▄▀▀▄▄▄▀▄ ▄▀▀ ▄█▀▀▀▄ █▀▀█ ▄▄ ▀▀█▄█▄█▀█  █▀▀▀███ ▀█ █▀ ▄ █
█ ▀ ▀▀▄▄ █  ▄▀█ ▄▀▄▄ ▀█▀▄▄█▀▄██▀   █▄   ██▀▄▀█ ▄ ▄█ █  ▄ ▄█
███████▄▄ ▀ █▀ █ ██ ▀ █▀█▄▀ ▄▄▄  █ █▄  ▀▄█▄▄ ▀ ▄▀ ▄▄▄ ▄▄▀██
█ ▄▄▄▄▄ ███▄▀▀█▄▀ ██ ▀ ▀███ █▄█ █▀ ██▀  ▀▀█▄█▀▄▄█ █▄█  ▀███
█ █   █ █▀▄  ██ ▀█▀█ ▄██ ▀█  ▄  ▄▄ ▀█▀▄█▄█▄▄ ▄ ▀█ ▄▄ ▄▄▄ ██
█ █▄▄▄█ █   ▄▀▀▄  ▀ ▄▀███▀█▀▀██▀▄▀  █▀▀▀██ █▄█ ▄▀▄▀  ▀▄▄█▀█
█▄▄▄▄▄▄▄█▄▄███▄▄██▄█▄█▄▄█▄██▄████▄██▄█▄▄▄▄▄████▄█▄██▄▄█▄███

Scan this QR code:
▄▄▄▄▄▄▄▄▄▄▄▄▄▄▄▄▄▄▄▄▄▄▄▄▄▄▄▄▄▄▄▄▄▄▄▄▄▄▄▄▄▄▄▄▄▄▄▄▄▄▄▄▄▄▄▄▄▄▄
█ ▄▄▄▄▄ █▀ █▀ ▀▀▀▀█▀ ▀▀▄█ ▄█▄▄▄▄ ▀▀▀ ▀ ▀ ▀  ▀▀▄▄ ██ ▄▄▄▄▄ █
█ █   █ █▀  ▀  ██▄▀ █▄▄▄  ▀█▄█ ▄▀██ ▀▀█▀██▄ █▄ ▄ ██ █   █ █
█ █▄▄▄█ █▀█▀▄██▀▄█▄█▄ ▄█▀ █ ▄▄▄ ▄ ▀███▄▀▄▀▄▄▄▄▀▀▄██ █▄▄▄█ █
█▄▄▄▄▄▄▄█▄█▄█ ▀ ▀▄▀ ▀ ▀ █ █ █▄█ ▀▄█ ▀▄█ █ █▄▀ ▀ ▀▄█▄▄▄▄▄▄▄█
█  ▄  █▄▄▄▄▄▄▄ ▀ ▄▀▄ █▀▀▄▀▄▄    ▀█▀█▀  █▀█   █▄▄ ▀ █ ▀▄▀▄▀█
█  ▀██▀▄ ▄█ ▀ ▄ ▄ ▀ ▀▀▀ █  █   █▀▀ ██▀█ ▀▀▄█▀▀ ▀ █▄█▀▄▀▀ ██
█▀▀ ▀▄▀▄▀▄▀▄  ▄▄▄█▀ ▄▄▀▄   ▀▀█▀██▀ ▄  ▀█▀█ ▀█▀▄▄  ▀▄▀▀█ ███
█  ▀▀▄▄▄▀▄ ▄▄▀▀█ ▄██▀█▄▀▄ ▀█ ▄▀ ███▄ ▀█▄▄ █ ██▄█▄▄▀█ █   ██
█   █  ▄   ▄█▄▄█▄▄  ▀▄▀▀ ▀█▀▀ ▀▀▄▀▀▄▄▄ █ ▀▄  ▀█▄ ▀███▀▀▀▀ █
███  ▄▄▄██▀▀▀▄▀█▄█ ▄▀▄▄▀██ ▄▀  ██ ▀ ▄▄▀▀  ▄█▀▀█▀▀   ▄▀▀▀▄▀█
█▄▀ ▀ ▀▄ ▀▀█▄▄▀█▄▀▄▄▄█▀█▀▄▀ ▀▀▀ ▄█▄█  ▀█▀█▀  █▄█▄▀ █▄▀█   █
██▄██ ▀▄█ ▀ █  ▀▄ ▄ ▄█  ▀█▀ █▀█▄▄▄▄ █ █ ███▀█▄▄▀▄▀ █ █▀▀▀██
██ ▄ █▀▄██  █▄▄▀▄█  █▄██  ██▀▀█▀▄ ▄ ▄▄▀▄▀██▀▄█▄█▀ ▄████ ▄▄█
██ ▀▀ ▄▄▄ ▄█  █ █▄▄█ ▀▄█    ▄▄▄   ▄█▄▀█▄▀▀ █▄█▄▄▀ ▄▄▄ ▀  ▀█
█▀▄▀  █▄█ ▀▄▄▄▄ ▀▄▄▀ █▄█▀ ▀ █▄█ ▄█▀▄   ███▀▀ ▀▀▄█ █▄█  ▀▄ █
█ █▄█▄▄▄▄ ▄█  █▀▀▄███▄ ▀ ▀█▄▄▄▄▄█▄█ █▀▀▀  ▀ ▀█ ▄     ▄ ▀ ▀█
█  █▄██▄▀ ▄▀█▄ ██▄▀▄ ▄██▀ ▄▀▀▄▀  █▀█   ▄▀██  ▀▄██▀▀ ▄▄ ▀█ █
█ █ ██▄▄█▄ ▄▄ ▄ █▄▀ ▄▄██▄█▄▄██▀ █▀▄▄▄▀ ▀▀▄ █▀ ▄█▀▄ █▀▀   ██
█▀▀ █▀▄▄  ▄▄  ▄ ▀█▄▄▀▀▀█▄ █▄▀█▄▄ ███▄▄ ▄▀▀▀ ▄▀█▄▀█ ███▀▄█ █
██▀█▀█▀▄▄▀▄▄▄▀▀ ▀█▀▄▀  ▀▄ █ ▀█ ▄ █ ██▀▄█▄▀█▀▀▄▄▄▀▄▄▀ ▀▀▀▄▄█
█▄▄▄▄▄█▄█  ██ ▄█▀▄  ▄▄▀▀▀▀█▀█▄ ▄▀█▀█▄ ▀▄▄█▀ ▄█ ██▄▀▀▄▄▄▄█▀█
█ ▀▄█▄▄▄█▀▄▄▀ ▀███▀ ▄ ▀ ▀ ▀▀ ▀  ████▀▀▄ ▄█ ▀ ▀  ██ ▀▄█  ▀██
█ ▄█▄█▄▄▄ ▄▄▄ ▄ ██▀ ▄▄▀▄  █▀██ █ █▄█▄▄▀▄██▀ ▀██▄█ ▀██████▀█
█ ▀ ▀▀▄▄▀█▀█ ▄█▀ ▀▀ █▄▄▀███  ▀▀▄▀ ▄▀▄ ▄▄  ▄▀█▄  ▀▄ ▀▀ ▀▀ ▀█
███████▄▄▀▀ ▀▀ ▀██▄▄▀▄▄▀▀▀▄ ▄▄▄  ▀▄█▄  █▀▀ ▀ █▀▄▀ ▄▄▄ ██▀ █
█ ▄▄▄▄▄ █▄▄ ▄██ █  ▀ ▄██▀ █ █▄█ █▀▀▄█▄▄ ▄ █▀▄▀▀▄▀ █▄█ ▀▀ ██
█ █   █ █ █▀▀ █ ▄▀▀▄▄██▀▀▄  ▄  ▄▄██▄ ▄▄█▀▀  ▄▀███  ▄▄ █ ███
█ █▄▄▄█ █ █▄▄█▄▀▄ ▀▄▄█ ▄▀██ █▀▀██▄█▀   ▄█▀▄▀▀   ▄  ▄▄▀  ███
█▄▄▄▄▄▄▄█▄▄██▄█▄██▄▄█▄██▄▄▄████▄▄▄▄▄▄▄█▄▄██▄███▄▄▄▄█▄▄▄█▄██

Scan this QR code:
▄▄▄▄▄▄▄▄▄▄▄▄▄▄▄▄▄▄▄▄▄▄▄▄▄▄▄▄▄▄▄▄▄▄▄▄▄▄▄▄▄▄▄▄▄▄▄▄▄▄▄▄▄▄▄▄▄▄▄
█ ▄▄▄▄▄ █▄▀▄ ▄▄▄ █▀█▄█▀█ ▄ ▀▀▀▄ ▄▄▀▀ ▄▄█ ▄▄ ▀  ▄ ██ ▄▄▄▄▄ █
█ █   █ █ █▀▀▀ ██▄█ ▄▄██   █ █▄▀▀▄▄▀ ▀▄▀▄▄▀█▄▄▀▄ ██ █   █ █
█ █▄▄▄█ █▄▀▀▄ ▄█▀▀▄  ▀▄  █▀ ▄▄▄ ▀▄▀██▀  ▀▀ ▀  ▄▀▄██ █▄▄▄█ █
█▄▄▄▄▄▄▄█▄▀ █▄█ █▄█▄▀▄▀ ▀▄█ █▄█ ▀ ▀ █ █ ▀ █▄▀▄▀▄█ █▄▄▄▄▄▄▄█
█ ▄  ▀█▄▀ █ █ ▀█████▀█ ▄  █▄▄▄   █ ▄▀▀▀█ ▄▄ ▄████  █▀▄▄ ▀ █
█ █ ▄█▄▄▄█▀▄█  ▀▀  ██ ▄▄ ▄██ █  █ █▀▄▀█▄█ █ █▀▀▄▀  █ █ ▄  █
██▄██▀▀▄▄▄▀ ▄▀▄ ▀▄█▄▀▀█▄▄▄▄ ▀▀█▀██▀██ ▀ █▀ █▀█▀██▄ ▀▄▀▀▄▀██
██▄ ▄  ▄█▄▄▀  ▄███▄  ▄▀▀▄█ █ ▄█▀▄▀██ ▀ ██▄  ▀▀▄▀▄▀█▀█▀▀ ▄██
█  ▀▀▀ ▄▀ ▄ ▀█  ▀ █▀▄█▄▀ ▄█▄▄▄▀▄▀▄▄ ▀█▄█ █▄██▄▄  ▄█▄▄▀▀█▀ █
█▀   ▄▀▄ ██▀▀▀▀▀▀▄█▀▀▀▄██▀▄ █ ██▀▄█▄▀▀ ▀ ▀ ██   ▄▄█▀▄ ██▄██
█ ▀▄▄▄▀▄▀▀ █   ██ ▄▀██ ▄▀█▀ ▄ █ █▀▀█ █▀█  ▀ ▀█▀▄▄  █ ▄██ ▀█
█▄█▀▀█ ▄▀▄██▄  █▀▄   ▄    █▀▀▄▀▄ ▄ ▄▀█▄█▀█ █▀▄▄▄▀▄ ██  ▄█▄█
█ ▀▀█ ▀▄ ▄▀▀ ▀▄█ ▄ ▄█ ███▄▀▀█▀▄█▄▄  ▄ ▀▀▀▀▄█ ▀▀▄▀██▀▀▀▀█▄▄█
█ █▄▀ ▄▄▄ █▄ █ █  ▄▄▀▀█▄█▀█ ▄▄▄ ▀ █▄▄▄ ▄ ▀  ▀ ▀▀  ▄▄▄ ▀▀▀██
█ ▄ ▄ █▄█ ▄▀ ▀ ▀  █▄█▄▀▀ ▄█ █▄█   ▀▀▀▀▄█▄▀▀█▀▄ ▀▀ █▄█ █▄▄▄█
█▀ ██  ▄▄ ▀▀▄██ ▄   ██    ▀ ▄ ▄▄▀   █ █▀██▀▀▀▄ ▀▄▄ ▄  █▄▄▀█
█  ▄█  ▄█▄▀ ▄█ ██▄ █ ▄▄▄▀▀█▄██▀▀▀█ ▄ █▀█▄  ▀▀█▄██▄ █▄█▀▄█▀█
█▀  ▀▄▄▄▀ █▄ ▀ ▄ ▄ █▄▀▄▄▄▄██▀▀ ██ █ █▄    ▄ ▄▄▀  ▄▄▄█▀ ▄▄ █
█▀▀▄█▀ ▄ █▄█▄  ▀███ ▀███ ▄██████▀█ █  █▀▀███ ██▄██ ██▄ ▀███
█▄█▄▀▀ ▄ ▀▀█ ▀   ▄ ▀   █▄▀█  ▄▀█▀█▀█▄ ▄▄  ▀ ▄▄▄▀ ▄▀█ ▄█ █▄█
█▀█▄▄█▀▄▄█▄▀█▄▄▄▀  ▀ █ ▀█▄▀ ▀  ▄█▄▄▀▀█▄█▄▀▀▄▄▄  ▄▀▄▄▀ ▀▄█▄█
█▀█ ▄  ▄█▀▀█▄  ▄ ██▄ ██ ██▀██▀▄ ▀▀▀█▀▄ ▄█▄▄▄█▄ █▀ ▀██▄██▄██
█  ▄  █▄▄█▀▄▄▀  ▄█▀▀▀▄ █▀▀█ ▄▄ ▀▀███▄█▀█    ▀▀█▄▀  █▀█▀▄▄ █
█ ▀ ▀▀▄▄ ▄  ▄▀█ ▄▀ █ ▀▀█▄▄▄█▄██▀   ▄▄ ▀▀██ ▀█▀▄▄ ▀▄▄ █▀▄ ▄█
███████▄▄▀▀ █▀ █ ▄▄▄▀▀█▀▄▄▀ ▄▄▄  █ █   ▀████▄▀ ▄▀ ▄▄▄ █▄▀██
█ ▄▄▄▄▄ ███▄▀▀█▄█▄██ █ ▀▀██ █▄█ ▀▀ █▄▀    ▄▄█▀▄▄▀ █▄█  ▀███
█ █   █ █▀▄ █▀█ ▀█▀█ ▄██ ▀█  ▄  ▀▄ ▀█▀▄█▄▀▄▄▄  ▀▄ ▄▄  ▄▄ ▄█
█ █▄▄▄█ █ ▀▄█ ▀█  ▀ ▄▀███▀█▀███▀█   ▄▀▀▀█▄ █▄█ ▄▀▄▀ █▀▄▄█▀█
█▄▄▄▄▄▄▄█▄█▄██▄███▄█▄█▄▄█▄███████▄██▄█▄▄▄▄▄████▄█▄██▄▄█▄███

Scan this QR code:
▄▄▄▄▄▄▄▄▄▄▄▄▄▄▄▄▄▄▄▄▄▄▄▄▄▄▄▄▄▄▄▄▄▄▄▄▄▄▄▄▄▄▄▄▄▄▄▄▄▄▄▄▄▄▄▄▄▄▄
█ ▄▄▄▄▄ █▄▄██▄▀█▀█▀▄ █▄█  ▄▀ ▄   ██▀▀▄▄▀███ ▀█ ▄ ██ ▄▄▄▄▄ █
█ █   █ █ ▀▀▀█▀██▄▀▀▄███▀▀ ██▄ █▀█▄▀▀ ▄▀▄█▄▀█▄▀▄ ██ █   █ █
█ █▄▄▄█ █▄ █  ▀ ▀▀█  ▀▀▀ █▀ ▄▄▄  █▄▀ █  ▄ █▀ █▄▀▄██ █▄▄▄█ █
█▄▄▄▄▄▄▄█▄▀ █▄▀▄█▄█▄▀▄█ ▀▄█ █▄█ ▀ ▀ █ █▄▀ ▀ ▀▄█ █ █▄▄▄▄▄▄▄█
█  ▄ ██▄█▄▀  ▄▀▀▀█▀█▀█  ▄ ▀      █ ▄▀▀▀█ ▄ ▀▀███▀  █▀ ▄ █ █
██▄  ▀ ▄▄██▄▀▄ ▀▀▄ ██ ▄▄▄█▄██▄▀ █ ▀█▄▄▀█▄█▀▄█ █▀▄▀▀▄█  ▄▄▄█
██▀ ▄▄█▄ ▀█▄▄▄▄  ██▄▄ █▄▄▄ █▄██▀██ █▄▄▄ ██▄▄██ █ █▀ ▀▀▀ █▀█
█▄█ ▄█▄▄▀█▀█▄  █▀█ ▀ █▀█▄▀ █ ▄██▄█ █  ▄▄█▀█▀▄▀▀ ▀█ █ ▄█ ▀██
██▀▄█▄▀▄▄▀█ ▄▀ ▄▀ █▀█▄▀█ █▀ ▄▄ █  ▄ ▀▀████ ▄▄ ▀▀▀▄▀▄ █ ▄▀▀█
█ █ ▄  ▄█▀█▀█ ▀▀ █▄ █▄ ▀▄▀  █ █▀▀▄█ ▀▄▀█ █▀▀██ ▀█▄▄▄ ▀██ ▀█
██   ██▄▀▀ ▄ ▄ ██ ▄███ ▄▀█    ▀▀▄▀█▄▄▀ █▄▄▀▀█▀█▄▄  ▄█ █▀ ▀█
█  ▄ ▀▄▄▀█▀▄ ▀▄▄▀▄██ ▄█▄  █▀ █▄▀▀▄▀▄██▀▀ ▀▄▄ ▄▀██▄ ▄██ ▄█▄█
█▀  ▄ ▄▄▀█▄█▄█   █▄▄█ ▀█▄▄█▀█▀▀█▄▄    ▀ ██▀█▄▀ █ █▄▀▀█▀▄▄ █
█▄▀▀  ▄▄▄  ▀ ▄▀█▄█▄▄▀▀█▄ ▀▄ ▄▄▄ ▀ ▀▄▄ ▄   ▄▄█████ ▄▄▄ ▀▀▀▀█
█▄ ▀▀ █▄█ ███▀▄ ▄ █▄▄▄▀▀ ██ █▄█  ▄▄ ▀█ █ ▀▀█▄   ▄ █▄█ ▀▀ ▀█
█ █▄▄  ▄▄▄ █▄▄███▄▄▀█  ▄▄█▄  ▄  █ ▀ █▀ ▄ ▄▀▄█▀▄ ▀  ▄  ▄█ ██
███ ▀▄█▄ ▀█ ██▀█▄█ █▀▄  ▀ █▀ █▀▀▀█ ▄█▀▀█▄ ▀ ▀███▀█   █▀   █
████▀▀█▄█▀█ ██ ▀▄▀ █ ▄ ▀▄  █ ▀ █▀ ▀  ▀▄▀▄█ ▀█ ▀ ▀▀▄▄▄▀▀█  █
█▀▀▄▀▀ ▄ ▄ ▄ █▄▄██  ▀███ ▄█ ██   ▀▀█▄▄  ███▄█▀▀▄█▀ ▀▀██ ███
█▄ █ ▄▀▄█▀▄▀ █▀  ▄▀█  ▀ ▄▀▄  ▄██ █▀▄█▀██▄ █ ▀███▀██▀▀ ▀ █▄█
█▀ █▀ █▄▀▀▄██ ▀█▄ ▀█ █▄█ ▄▀   ▀▀█▄▄▀████▀▀ █ ▄█▀▄▀▀█▀ ██▀ █
█▄▀ ▀█▄▄██▀▀█▄▀█▀██▄▄▄█ █▄▀█▄▀▄▄█▀█▀██   █▄▀ █▄ █▀ █ ███▀▀█
█▀█▄█ ▀▄▀ ▄ ▄▀▀▄▄▄▀▀█▄ █ ▀█ ▄▄ ▄▀█ ▄▄███▄▄ ▀ █▄▄█▄█▀█▄▀█▄▀█
█ ▀ ▀▀▄▄ █▄▀▀▀▀ ██▄▄▀█▄ ▄ ▀▀██ ▀█▀ ▄▀▀ █▀▄ █▀▀▄█ ▀▄▄ ▀▄█▄ █
███████▄▄ █ ██ █▀█  ▄  ▀▄█▄ ▄▄▄  █ ██▄▀ ▄▀█▄ █ █▀ ▄▄▄  ▀▀▄█
█ ▄▄▄▄▄ ███▀▄▄▄ ██  ▀▄▄▄█▄▄ █▄█  █ █▀ █ ▀█▄ ▄▀▀▄█ █▄█ ▀ ███
█ █   █ █▀ ██▄▀▀▀█ ▀ ▄ █ ▀▄  ▄   ▄  ██ ▄▄█▀█   ▀▄▄▄▄  ▄█ ██
█ █▄▄▄█ █ █▀▄▀ █  █ ▄▀▄▄█▀█▄ ▀█▀▄▀▀▀█▄  ▀  █▀▄▄  ▄  ██▄▄█▀█
█▄▄▄▄▄▄▄█▄▄▄████▄▄▄█▄▄▄▄▄███▄████▄██▄█▄▄█▄██▄█▄█▄███▄█▄▄███

Scan this QR code:
▄▄▄▄▄▄▄▄▄▄▄▄▄▄▄▄▄▄▄▄▄▄▄▄▄▄▄▄▄▄▄▄▄▄▄▄▄▄▄▄▄▄▄▄▄▄▄▄▄▄▄▄▄▄▄▄▄▄▄
█ ▄▄▄▄▄ █▄▀▄ ▄██▀█ ▄ █▀▄▀  ▀▀▀▄ ▄▄▀█▀█▄▀▄▄█ ██ ▄ ██ ▄▄▄▄▄ █
█ █   █ █ █▀█▀ ██▄█ ▄███   █ █▄▀ █▄▀▀ ▄▀ █▀█▀█▀▄ ██ █   █ █
█ █▄▄▄█ █▄█▀█▀▄█▀▀▄  ▀▄  █▀ ▄▄▄ ██▀█ ▄  ▄  ▀█ ▄▀▄██ █▄▄▄█ █
█▄▄▄▄▄▄▄█▄█▄▀ █ █▄█▄▀▄▀ ▀▄█ █▄█ ▀ ▀ █ █ ▀ █▄▀▄▀▄█ █▄▄▄▄▄▄▄█
█ ▄  █▀▄▀   ▀ ▀█████▀█ ▄  █▄▄▄   █ ▄▀▀▀█ ▄▄ ▄███▀ ▄█▀ ▄ ▀ █
█ █ ▄▄▄▄█▄█▄█▀ ▀▀  ██ ▄▄ ▄█▄ █  █ ██▄▀▀ █ █ █▀█ ▄  ██  ▄  █
██▄█▄▀▀▄████▄▀▄ ▀▄█▄▀▀█▄▄▄█ ▀▀█▀██▀▄█  ▀█▀▄▄▀█▀██▄ ▀▀█▀ ▀██
██ ██  ▄▄▄▄▀  ▄█████ ▄██▄█ █▀▄██▄▀▀  ▀▄ ▀▄▄ ▀██▀  █▀▄▀█ ▄██
█▀ ▀▄▀ ▄▀ ▄ ▀█  ▀▀▀▀▄█▄▀ ██▄▄▄▀▄▀▄▄▀▀███▄▀ █▄ █  ▄█▄▄▀▀▄█▄█
██▀▀▄▄▀▄ ██▀▀▀▀▀  █▀██▄█▄▀▄ █ ▄██▄█▄█▀  ▀▀▀▄█ ▀ ▄▄██▄ ██ ██
█▀▄▄▄ █▄▀▀ ██▄ ██ ▄▀██ ▄▀█▀ ▄ █ ▀▀▀██▀▀██ ▀ █▀▀▄▄ █▄ ▄██▀▀█
█▄█▀▀█ ▄▀▄▄▀▄▄▄▄▀▄   ▄    █▀▀▄▀▄▀█ ▄▀█▄█▀▄ █▀█▄▄▀▄ ▀█▄ ▄█▄█
█ ▀▀█ ▄▄▄▄▀  ▄█▄ ▄ ▄█ ███▄▀██▀▄█▄▄  ▄ ▀▀▀▀▄█ ▀▀▄██▀▀██▀█▄▄█
█ █▄▀ ▄▄▄ ▄▀▄ ▄█  ▄▄▀▀█▄█▀▀ ▄▄▄ ▀ ▀ ▄▄   ▀▄ ▀ ▀██ ▄▄▄ ▀▀▀██
█ ▄▀▄ █▄█  █ ▀▄   █▄█▄▀▀ ▄▀ █▄█     ▀▀▄█▄▀ ▄▀▄▀ ▄ █▄█ █▀▄▄█
█▄   ▄ ▄ ▄▀▀▄██ ▄ █████▀   ▄▄ ▄▄▀   █▄▄ ██▄██▄█ █   ▄▄▀▄▄▀█
█▀ ▄▀  ▄█ ▀ ▄█ ███▄▀ █▄▄▀ █▄▄█▀▀▀█ ▄ ▀██▄▄ ▀ ▀▄▄▀▄ ██▄▀▄▀▀█
█▀▀█▄▄▄▄ ▄█▄ ▀ ▄▀█ █ █▄▄▄ ███▀ █▀▄█ ▀▄ ▀█▄▄ ▀█▀ ▀▄▄▄▀█ ▄ ▄█
█▀ ▄█▀ ▄ █▄█▀▀ ▀███ ▀███ ▄████▀█ ▀ █▄▄█▀████▄▀█▄██ ██▄ ▀█▄█
█▄█▄▀▀ ▄ ▀▀███▀  ▄ ▀   █▄▀█  ▄ █▀█▀██ ▄▄▀ ▀ ▄▄▄▀ ▄▀█ ▄█ █▄█
█▀█▄▄▄▄▄▄██▀▄▀ ▀▀  ▀ █ ▀█▄▀ ▀  ▄█▄▄▀▀█▄█▄▀▀▄▄▄  ▄▀▀ ▀ ▀▄█▄█
█▀█ ▄ █▄█▀▄▄▀ ▀  ██▄ ██ █████▀▄ ▀▀▀▀▀▄▄ █▄  █▄▄███ ▀█▄▄▄▄██
█    ▄▀▄█▄▄ ▄▀▀█▄█▀▀▀▄ █▀▀█ ▄▄ ▀▀█▄█▄█▀█   ▀▀▀█▄█ ▀▀▄▄█▄▄ █
█ ▀ ▀▀▄▄▀▄  ▄▀█ ▄▀▀█ ▀▀▀▄▄▄▀▄██▀  ▀▄▄  ▀▀█▀█▀▀█▀▄▀█ ▀▀▀▄ ▄█
███████▄█▀▀ █▀ █ ▄ ▄  ▀███▀ ▄▄▄  █ █▄▄▀▀▀▀▀▄▀▀▀██ ▄▄▄ █████
█ ▄▄▄▄▄ ███▄▀▀█▄▄███▄█ ▀▄ █ █▄█ █▀ █▄▄  ▄ ▄▄▄███▄ █▄█  ▀▀██
█ █   █ █▀▄ ▄██ ▀█▀█ ▄██ ▀█  ▄     ▀██▄█ █▄▄▄  ▀▄ ▄▄▄ ▄▄ ▄█
█ █▄▄▄█ █ ██▀▀▄   ▀ ▄▀███▀█▀ ██▀▄   ▄ ▀▀██ ██▄ ▄▀▄▀ █▀▄▄█▀█
█▄▄▄▄▄▄▄█▄█▄██▄▄██▄█▄█▄▄█▄██▄▄███▄██▄█▄▄▄▄▄████▄█▄██▄▄█▄███

❌ Bot disconnected (408), reconnecting in 5s...
❌ Bot disconnected (408), reconnecting in 5s...
Scan this QR code:
▄▄▄▄▄▄▄▄▄▄▄▄▄▄▄▄▄▄▄▄▄▄▄▄▄▄▄▄▄▄▄▄▄▄▄▄▄▄▄▄▄▄▄▄▄▄▄▄▄▄▄▄▄▄▄▄▄▄▄
█ ▄▄▄▄▄ █▀ █▀  ▀█▀▄  █▀█▄▄▄█▄▄▄▄ ▀█▀▄▀▄█▄█▄▄  ▄▄ ██ ▄▄▄▄▄ █
█ █   █ █▀  █▄ █▄▄▀ ▄█▄▄▀ ▀█▄█ ▄ ▄█  ▀█▀▀▄▄  ▄ ▄ ██ █   █ █
█ █▄▄▄█ █▀▀▀▀ █▀▄█▄█▄ ▄█▀ █ ▄▄▄ █▀▀█  ▄▀ ▄▄▄▄█▀▀▄██ █▄▄▄█ █
█▄▄▄▄▄▄▄█▄█ █▄▀ ▀▄▀ ▀ ▀ █ █ █▄█ ▀▄█ ▀▄█ █ █▄▀ ▀ ▀▄█▄▄▄▄▄▄▄█
█  ▄ ▄▀▄▄ █▄█▀ ▀ ▄▀▄ █▀▀▄▀▄     ▀█▀█▀  █▀█   █▄▄ ▀ █ ▀▄▀▄▀█
█  ▀██▀▄██  █▀▄ ▄ ▀ ▀▀▀ █ ▄█ ▄ █▀▀ ▀█▀█▄▀▀▄▀▀▀ ▀▄▀▄█ █▀▀ ██
█▀▀▀ ▄▀▄▄▄ █  ▄▄▄█▀ ▄▄▀▄    █▀▀██▀▄▄   █▀█▀ █▀▀█ ▀▀▄█▀█▄███
█▀▀▀ ▄▄▄▀▄ ▄▄▀▀█ ▄█ ▀█▄▄▄ ▀█▀██▄███▄▄█▀   █▀██ ▄█▀▀█▀▄█  ██
█▄▄▀   ▄   ▄█▄▄█▄█▄ ▀▄▀▀  █▀▀ ▀ ▄▀▀▄ ▄█▄▀▀█▀▄▀██ ▀███▀▀▀▀ █
█▄▀▄▀▄ ▄██▀▀▀▄▀█▀█ ▄▀▀▄▀▀  ▄▀ ▀▄▀ ▀ ▀▄  █▀██▀ ▄ ▀ ▄▄▄▀▀▀▀██
█▀▄ ▀██▄ ▀▀█ ▄▀█▄▀▄▄▄█▀█▀▄▀ ▀▀▀  █▄█▄ ▀█▄█▀ █▀▄█▄▀▀▄▄▀█ ▀ █
██▄███▀▄█▄██▀▄ ▀▄ ▄ ▄█  ▀█▀ █▀█▄█▄▄ ▄ █ ▄██▀▄█▄▀▄▀█▀▄▀▀▀▀██
██ ▄ ▄▄▄█▄ ▄▀█ ▀▄█  █▄██  ▀█▀▀█▀▄ ▄ ▄▄▀▄▀██▀▄█▄█▀ █▄▀▀█ ▄▄█
██ ▀▀ ▄▄▄ ▀██▀▄▄█▄▄█ ▀▄█  ▀ ▄▄▄   ▄█▄▀▀▄▀▀▄▀▄█▄ ▀ ▄▄▄ ▀  ▀█
█▀▄   █▄█ █▀▄▄█ ▀▄▄▀ █▄█▀ ▀ █▄█ ▄█ █  ▀▄██ ▀ ▀█▄▄ █▄█  ▄▄ █
█ █▄▄▄ ▄  ▄█  █▀▀▄  █▄▀█ ▀█▄▄▄▄▄█▄▄ █▀ █▄ ▀▄▀▀▀     ▄▄▄▀ ▀█
█▄▀ ▄██▄▄█▄▀█▄ ███ ▄▀█▀█ ▀▄▀▀▄▀  █▀█▄ █▄█▀▄▀ █▄▄██▀ ▄▄ ▀█ █
█▄▀▀▀█▄▄ ▀ ▄▄ ▄ ▄▄▀ ▄████▄▄▄▀▀▀ ▀▀▄▄ ▄  ▄▄ █▄███▀▄ █ ▀   ▀█
█ █ █▀▄▄  ▄▄█▄▄ ▀█▄▄▀▀▀█▄ █▄▀█▄▀▄▀███▄ ▄▀█▀  ██▄▀█ ███▀▄▄▀█
██▀█▀█▀▄▄▀██▀▄▀█▀█▀▄▀  ▀▄ █ ▀█▄▄▀█ ██ ▄██▀█▀ █▄▄▀▄▄▀ ▀▀▀▄▄█
█▄▄▄▄▀▀▄█ ▀██ █ ▀▄  ▄▄▀▀▀▀█▀█▄ ▄▀█▀█▄ ▀▄▄█▀ ▄█ ██▄▀█▄▄▄▄█▀█
█ ▀▄█ ▄▄█▀ █▀▄▀▀██▀ ▄ ▀ ▀ ▀▀ ▀  ███▀▀▀ ▄▄█ █ ▀▄▄▀▄ █▄█▀ ▀██
█ ▄ ▄ ▀▄ ▄▀▀▄ ▀▄██▀ ▄▄▀▄  ▄ ██ █ ██▄▄▄ ▄██  ▀█▀▄▀  ▀███▄█▀█
█ ▀ ▀▀▄▄█▄▀█ ▄█▀ ▀▄▄█▄▀████▄ ▀▀▄▀ ▄  ▄█▄  ▀▀▀ ▀ ▄█ █▀▀▄  ▀█
███████▄█▀▀ ▀▀ ▀▄█▀▄▀█▄▀▄▀▄ ▄▄▄  ▀▄██▄ ▄▀█▀▀ ████ ▄▄▄ ▄█▀▄█
█ ▄▄▄▄▄ █▄▄ ▄██ ▀█ ▀▀▄██▀ █ █▄█ ██▀▄█▀█ █▀▄▀▀▀ ▄▄ █▄█ ▀▀ ▀█
█ █   █ █ █▀▄ █ ▄▀▀▄▄██▀▀▄     ▄ ▀█▄ ▄▄█ ▀  ▀███▄  ▄ ▄█ ▄██
█ █▄▄▄█ █  █▀▄ ▄▄ ▀▄▄█ ▄▀██ ██▀████▀▀  ▄█▀▄▀ ▀  ▄  ▄▀█  ███
█▄▄▄▄▄▄▄█▄█████▄██▄▄█▄██▄▄▄██▄█▄▄▄▄▄▄▄█▄▄██▄███▄▄▄▄███▄█▄██

Scan this QR code:
▄▄▄▄▄▄▄▄▄▄▄▄▄▄▄▄▄▄▄▄▄▄▄▄▄▄▄▄▄▄▄▄▄▄▄▄▄▄▄▄▄▄▄▄▄▄▄▄▄▄▄▄▄▄▄▄▄▄▄
█ ▄▄▄▄▄ █▀█▄▄ ▄▀███  ██▄▀▄ ██▀ ▄▄ ▀█▄▀▀▀▀█▄   ▄▄ ██ ▄▄▄▄▄ █
█ █   █ █▀▄ █▄▀█▄▄█▀▄▄▄▄▀ ▀█▀▄▄ ▀██ ▄▀█▀▄█▀▄ ▄ ▄ ██ █   █ █
█ █▄▄▄█ █▀▄█▀▄ ▄▄███▄ ▀▄▀ █ ▄▄▄  ▀▄▀██▄▀██▀▄█ ▀▀▄██ █▄▄▄█ █
█▄▄▄▄▄▄▄█▄█ ▀ █▄▀▄▀ ▀ █ █ █ █▄█ ▀▄█ ▀▄█▄█ ▀ ▀ █▄▀▄█▄▄▄▄▄▄▄█
█ ▄  ▄▀▄▄▄▀█▀▀ █▄▄█▄ █▀█ ▀ ▄▄▄  ▀█▀█▀  █▀█▄▀██▄▄▀▀ █ ▀▄▀ ▀█
██▀▀▀ ▄▄████▀▄▄ ▄▄▀ ▀▀▀ ▀▀▄█▀█▀█▀▀ ▀█▄▀▀ ▄▄█▀ ▄▄█▀█▄▄▀▀▀▄▀█
█▀▄█ ▀█▄▀ ▀  █▄▄█▄▀ ▀█▀▄  ▄▄▀█▀██▀▄█▀▄ ▄▀▀▀ ▀▀▄▄▀▀ █▀██▄▀▀█
█ ▄ ▄▀ ▄▄▄█  ▀██▄▄█▄▀▄ ▀▄▄▀█▀██ █▀ ▄ ▄█ ▄▀█▀▄▀▀▀ ▀▄▀█▀  ███
█ ▄ ▀█▀▄█▀▀▄  ▄▀█▄▄▄▀▄▀▀▄▀▀█▀ ▄▀██▀█  ▀█▄█  ██▄▄▀▀▀█▀█ ▀▀██
█  ▄▀ █▄ ▀▀▀██▀█ ▄▀█▄▀ █▄▄▄▄▀  ▀█ ▀▄▀█ ██ ▄▀█ █▀  ██  ▀▀ ██
█ ▀▄███▄ ▀▀▄█ ▀█▄▀▄ ▄█▀█▀▄  █▀█▀ ▀ ▄   ██▀▀▀ █ █▄▀▄▄▀██▄  █
█▀▀ ▄▀ ▄█▀▄▀ █▄ ▄ ▀█▄██▄▀█▀ ▄  ▀▄██  ▀ ▄█▀▀ ▄█▀  ▀    ▀▀▀██
█▄▀█▀▄█▄█▀▄▀███ ▄▄▄ █▄▀█▀ ██▀▀ ▀▄ ▄  ▄▀██▀ ▀ ██▄ ▀▄▄█▀█▀▄ █
█▀▄▄  ▄▄▄ ▀█▀▄█▀▀▀▄█ ▀▄██ ▀ ▄▄▄   ▄█▄██ ▀  ▀    █ ▄▄▄ ▀  ██
██  ▀ █▄█ ██▀▄███▄▄▀▀█▄█▀▀▀ █▄█ ▄▀██ ▄ █▀█  ██ █▀ █▄█ ██ ██
█▀▀▀█▄▄▄▄ █▀ ▀█▄  ▀▀█▀▀ ▄▄▀▄    ▀▄█▀▀  █▀▀▀ ▀ ▀▄      ▀▀▄██
█ ███▀ ▄▄█ ▀▄▄▀█▄▄   ▄▀▀▀▀▄▄▄█▀  █▀█▄ ▀▄▀▀ ▀▄▀▄▄█ ▀█▄▄▀█▄▀█
█▄▀   █▄▀█  ▀▄▄█▀█▀ ▀█▀ █ ▀▄██▀ ▀▀ ▄█▀█ ▄█▄▄▀ █▄ ▀ █▄▄▀▀ ▀█
█▀▀ ▀▀▄▄ ▀ █▀▀ █▀█▀▄▀▀▀█▄ █▀▀█   █▄█ ▄██▀▀▀▀▀█▀▄▀▀ ▀▀▄▄█▄▀█
██▄▄   ▄▀▀▄▄▀ ▄▀▀█  ▀ ▀▄▄ ▄ ▀█▄▄ █ ▄▄ █▄▀▀▀▀█▄█  █ █▀██▀▄▄█
█▄▀█▀▀ ▄ ▄██▄▀██▄▄▀▄▄▄██▄▀█▀▄▄▀▀▀█▀█   ▄▀█ ▀ ██▄█▄█▄▄▄ █▀██
███▄ █ ▄██ ▄▀▀ ▄▄█▀  ▀▀ ▀▀▀▀▀▀ ▄▀█▀▀█ ▄▄▀▄▄ █  █▀▄▄▀▀▄█ ▄▀█
█▀▀▄ ██▄█▄▀▀▄ ▀██▄▀  ▄▀▄▀ ▄▀██   █▄█▄▄ █▀▀   ▀▄██▀▀▄ ▄ ▀█ █
█ ▀ ▀▀▄▄▄▄█▄█▄▀▀▀█▀▀▄ ███▀▀▄▀▀▄▄▄▀▄▀█▀▄█▄▀█▀█▄ ▀▀▄ ▀██▀ ▄██
███████▄▄▀█ ▀█ ▀▀▄▄ ▀███▄▀▀ ▄▄▄  ▀▄█▄  ▄ ▀█▀ ▀██▀ ▄▄▄ ▀ ▀██
█ ▄▄▄▄▄ █▄▄█▀ ▄▄███▄▄▄▀ ▀█▄ █▄█  ▀▀▄▀█ ▀██▄██▀█▄▄ █▄█   ▄▀█
█ █   █ █ ▀▄█ ▀▀▄▀  ▄█ ▀▀▄▀ ▄▄ ▄▀▀██▀▄ ▄▀██▀▄████▄ ▄ ▄█▀▄██
█ █▄▄▄█ █ ▄▄ ▄▀▀▄ █▄▄█▀█▀█████▀█▄▄▄  ▄▀█ ▄▄▀█ ▄▄█ ▀▄▀█  ███
█▄▄▄▄▄▄▄█▄█▄██▄█▄▄▄▄██████▄█▄██▄▄▄▄▄▄▄█▄██▄▄▄█▄███▄█▄▄██▄██

Scan this QR code:
▄▄▄▄▄▄▄▄▄▄▄▄▄▄▄▄▄▄▄▄▄▄▄▄▄▄▄▄▄▄▄▄▄▄▄▄▄▄▄▄▄▄▄▄▄▄▄▄▄▄▄▄▄▄▄▄▄▄▄
█ ▄▄▄▄▄ █▀ █▀  ▀▀▀█ ▄█ █  ▄█▄▄▄▄ ▀▀▀▀▀▀▀██  ▀ ▄▄ ██ ▄▄▄▄▄ █
█ █   █ █▀  ▀  █▄▄▀ █▄▄▄▀▀▀█▄█ ▄ ▄█ ▄▀█▀▄▄▄ ▀▄ ▄ ██ █   █ █
█ █▄▄▄█ █▀▀██ █▀▄█▄█▄ ▄█▀ █ ▄▄▄ █▄▀█  ▄▀▀▀▄▄▀▄▀▀▄██ █▄▄▄█ █
█▄▄▄▄▄▄▄█▄▀▄▀▄▀ ▀▄▀ ▀ ▀ █ █ █▄█ ▀▄█ ▀▄█ █ █▄▀ ▀ ▀▄█▄▄▄▄▄▄▄█
█  ▄ ▄▀▄ ▄ ▄█▀ ▀ ▄▀▄ █▀▀▄▀      ▀█▀█▀  █▀█   █▄▄▀  █▄█▄▀▄▀█
█  ▀██▀▄▀▀▀ ▀ ▄ ▄ ▀ ▀▀▀ █ ▀▄ ▄ █▀▀▄██▀█ ▀▀ █▀▀▄█▄██▄▄█▀▀ ██
█▀▀▀▀▄▀▄▄█ ▄  ▄▄▄█▀ ▄▄▀▄   ▀██▀██▀▄▄  ▀█▀█  █▀▄█▀▀▀▄▀██▄███
█▄ ██▄▄▄ ▄ ▄▄▀▀█ ▄█▄▀███▄ ▀█▀▄▀ ██▄█ █▄ ▄▄  █▀▀█▄▀▀█▀█   ██
█ ██▀  ▄   ▄█▄▄█▄█ ▄ █▀▀▀▀█▀▀ ▀ ▄▀▀▄█  █▀▀▄▀ ██▄ ▀███▀ ▀▀ █
█▄ █   ▄██▀▀▀▄▀█▀  ▄█▄▄▀▀▀ ▄▀ ▀█▀▄▀ █▀ ▀█▀▄█▄▀▄ ▀ ▄ ▄▀▀▀ ██
█ ▀ ▀█ ▄ ▀▀██▄▀█▄▀▄▄▄█▀█▀▄▀ ▀▀▀  ▀▄█▄ ▀█ ▀▀ ▄█▄█▄▀██▄▀█   █
██▄███▄▄█ █▄ ▄▀ ▄ ▄ ▄█  ▀█▀ █▀█▄██▄ ▄▀█ ▄██▀██▄▀▄▀ ▄ █▀▀▀██
██ ▄ █▀▄▄▄▄ ██▀ ▄█  █▄██  ██▀▀█▀▄ ▄ ▄▄▀▄▀██▀▄█▄█▀▀▀█▀██ ▄▄█
██ ▀▀ ▄▄▄  ▄▀▀ ██▄▄█ ▀▄█  █ ▄▄▄   ▄▀▄▀█ ▀▀▄█▄█▄▄█ ▄▄▄ ▀  ▀█
█▀▄ █ █▄█ ██▄▄ ▄▀▄▄▀ █▄█▀ █ █▄█ ▄█ █  ▀███▀  ▀█▄█ █▄█ █▄▄ █
█  ▄ ▄ ▄▄ ▄█  █▀▀▄█▀█▄█▀ ▀▄▄▄▄▄▄█▄█ █▀▄▄  ▀▀█▀▀▀ ▄ ▄▄▄   ▀█
█ ▄▄███▄█▄▄▀█▄ █▄█▀▄ █▀█▀ ▄▀▄▄▀  █▀█  ▄███ ▀ ▀ ▄█▄▀ ▀▄ ▀█▄█
██▀█ █▄▄▄▀ ▄▄ ▄ ▀▀▀ ▄▄██▀█▄▄█▀▀ ▀█▄▄▄▀  ▀█ ▄ ▀▄▄▀▄ █    ▄██
█ ▀ █▀▄▄  ▄▄██▄ ▀█▄▄▀▀▀█▄ █▄▀█▄▀▄▀██▄▄ ▄██▀ █▀█▄▀█ ███▀▄█ █
██▀█▀█▀▄▄▀▀▄▀▄█ ▀█▀▄▀  ▀▄ █ ▀█▀▄ ▄ ██▀▄█▄▀█▀▀▄▄▄▀▄▄▀ ▀▀▀▄▄█
█▄▄▄▄▄ ▄█   █▀▄▄▀▄  ▄▄▀▀▀▀█▀█▄ ▄▀█▀█▄ ▀▄▄█▀ ▄█ ██▄ ▀▄▄▄▄█▀█
█ ▀▄███▄█▀  ▄ ▀▀██▀ ▄ ▀ ▀ ▀▀ ▀  ████▀▀▄▄▄█▄█ ▀ ▄▀█ ▀▄█  ▀██
█ ▄█ ▄ ▄ █▀▀▄  ▀██▀ ▄▄▀▄  ▄ ██ █ ██▄▄▄ ▄██  ▀█▄▄▀██▄▀▄███▀█
█ ▀ ▀▀▄▄▄ ▀█ ▄█▀ ▀█▀█▄▄▄██▄▀ ▀▀▄▀ ▄ ▄ ▄▄ ▄ ▀█▄▄▀▄██▀█▄▀  ▀█
███████▄█ ▀ ▀▀ ▀▄▄▄ ▀███▀▀▄ ▄▄▄  ▀▄█▄▄ █▀█   ▀█▄▀ ▄▄▄ ▄█▀ █
█ ▄▄▄▄▄ █▄▄ ▄██ ▄█ ▀▀███▀ █ █▄█ █▀▀▄  ▄▀██▄ █  █▄ █▄█ ▀▀▄▀█
█ █   █ █ █▀ ▀█ ▄▀▀▄▄██▀▀▄   ▄ ▄▄▀█▄ ▄▄███  ▄▀███  ▄ ▄█ ▄██
█ █▄▄▄█ █ ██▀▀▀█▄ ▀▄▄█ ▄▀██ ██▀████▀▀  ▄▄ ▄▀ ▀  ▄  ▄▀▀  ███
█▄▄▄▄▄▄▄█▄▄▄███▄██▄▄█▄██▄▄▄█▄██▄▄▄▄▄▄▄█▄▄██▄███▄▄▄▄███▄█▄██

Scan this QR code:
▄▄▄▄▄▄▄▄▄▄▄▄▄▄▄▄▄▄▄▄▄▄▄▄▄▄▄▄▄▄▄▄▄▄▄▄▄▄▄▄▄▄▄▄▄▄▄▄▄▄▄▄▄▄▄▄▄▄▄
█ ▄▄▄▄▄ █▄▀▄ ▄▄███ ██▀ ▄▄▄ ▀▀▀▄ ▄▄██ █▄█ █▄ ▄█ ▄ ██ ▄▄▄▄▄ █
█ █   █ █ █▀██ ████ ▄▄██▀  █ █▄▀ ▄▄▀  ▄▀▄▄▀█▀▄▀▄ ██ █   █ █
█ █▄▄▄█ █▄▀█▄▄▄█▀▀▄  ▀▄  █▀ ▄▄▄   ▀█▀▄   ▄ ▀ ▄▄▀▄██ █▄▄▄█ █
█▄▄▄▄▄▄▄█▄█ █ █ █▄█▄▀▄▀ ▀▄█ █▄█ ▀ ▀ █ █ ▀ █▄▀▄▀▄█ █▄▄▄▄▄▄▄█
█ ▄  ▀▀▄▀▄▄█ █▀█████▀█ ▄  █ ▄▄   █ ▄▀▀▀█ ▄▄ ▄███   ██ ▄ ▀ █
█ █ ▄▄█▄▀ ██▀█ ▀▀  ██ ▄▄ ▄▄█▄█  █ █▀▄▀█▄█ █▄█▀█  ▄▀█ █ ▄  █
██▄▀▄▀▀▄▀█▄▀▄▀▄ ▀▄█▄▀▀█▄▄▄█▀▄██▀███▄█   █▀ ▄▀█ █▄▄ ▀▀█▀▄▀██
█ ███  ▄▄▄▄▀  ▄███▀  ▄ ▄▄█ █▀▄██▄▀▄█▄▀██▀▄  ████ ▀█▀▄   ▄██
█▄██▀▀ ▄▀ ▄ ▀█   ▀▀▀▄▄▄██▄█▄▄▄ ▄▀▄▄▀██▄█ ▀▀▄▄    ▄█▄▄▀ ██ █
█▄▄▄  █▄ ██▀▀▀▀▀▄██▀██▄███▄ █ ▄██▄█▄██▀▀▄▀ █▀█ ▀▄▄██▄ █████
█▄▀▄▄█▀▄▀▀ ██▀ ██ ▄▀██ ▄▀█▀ ▄ █ ▀█▀█ █▀█ ▄▀ ▄▀▀▄▄  ▄ ▄██▀▀█
█▄█▀▀▄▄▄▀ ▀ ▀ ██▀▄   ▄    █▀▀▄▀▄ ▄ ▄ █▄█▀▄ █▀█▄▄▀▄█▀█  ▄█▄█
█ ▀▀█▀█▄█▀  ▀ ▄█ ▄ ▄█ ███▄▀▀█▀▄█▄▄  ▄ ▀▀▀▀▄█ ▀▀▄██▀ ██▀█▄▄█
█ █▄▀ ▄▄▄ █▄▄█▀▄  ▄▄▀▀█▄█▀▀ ▄▄▄ ▀ █▄▄▄▄▄ ▀  ▀ ▀█  ▄▄▄ █▀▀██
█ ▄█▄ █▄█ ▀▄ ▀█▀  █▄█▄▀▀ ▄█ █▄█     ▀▀ ▄▄▀ █▀▄  ▀ █▄█ ▀ ▄▄█
█▄▄█  ▄▄▄ ▀▀▄██ ▄ ▀▄██ ▄  ▀ ▄ ▄▄▀ ▀ █▄  █▀███ ▀▄▀ ▄ ▄ █▄▄▀█
█  ▀   ▄█ ▀ ▄█ █ █▀██▄▄ ▀ █▄▄▄▀▀▀█ ▄▄▀▄▄▄ ▄▀█▀▄█▀  █ █ █▀▀█
██▄▄█▄▄▄  █▄ ▀ ▄▄█ █ ▄▄▄█▀██▄  ██ █ ▀█ ▀ ▄█ ▀▄ ▀▀▄▄▄▄█ ▄█▄█
█▀▄▄█▀ ▄ █▄█▀▄ ▀███ ▀███ ▄██████▄▀ █ ▄█▀▄███▄▀█▄██ ██▄ ▀▄██
█▄█▄▀▀ ▄ ▀▄▄█ █▄ ▄ ▀   █▄▀█  ▄▄▀▀█▀██ ▄▄▀▀▀ ▄█▄▀ ▄▀█ ▄█ █▄█
█▀█▄▄█▄▄▄██▄  ▀ ▀  ▀ █ ▀█▄▀ ▀  ▄█▄▄▀▀█▄█▄▀▀▄▄▄  ▄▀▄█▀ ▀▄█▄█
█▀█ ▄▄▄▄█▀█▀▄█▄▄ ██▄ ██ ██▀██▀▄ ▀▀█▀▀▄  █▄▄▄█▄▄██ ▄▀█▄▀▄▄██
█    █▀▄▄█▀ ▄▀█ ▄█▀▀▀▄ █▀▀█▀▄▄ ▀▀██▄▄█ █   ▀▀▀▄██▀▄ ▄▄▀ ▄ █
█ ▀ ▀▀▄▄▄   ▄▀█ ▄▀██ ▀▀█▄▄██▄██▀  ▀█  ▄██▀█▀██   ██ ▀▀ ▄ ▄█
███████▄█ ▀ █▀ █ ▄    ▀▀▄█▀ ▄▄▄  █ █    ▀█▄▄ █▀▄▀ ▄▄▄ █▄███
█ ▄▄▄▄▄ ███▄▀▀█▄▄▄███▄ ▀ ██ █▄█ ██ █▀█▀ ▀▄█▄▀ ██  █▄█  ▀███
█ █   █ █▀▄ ▄▄█ ▀█▀█ ▄██ ▀█  ▄  ▄▄ ▀██▄█ ▀▄▄   ▀█ ▄▄▄ ▄▄▀▄█
█ █▄▄▄█ █ ▀█▄▀▀▄  ▀ ▄▀███▀█▀ ▀█▀█▀  ▄ ▀▀██ █▄█ ▄▀▄▀ ▀▀▄▄█▀█
█▄▄▄▄▄▄▄█▄▄▄█▄█▄██▄█▄█▄▄█▄██▄████▄██▄█▄▄▄▄▄████▄█▄██▄██▄███

Scan this QR code:
▄▄▄▄▄▄▄▄▄▄▄▄▄▄▄▄▄▄▄▄▄▄▄▄▄▄▄▄▄▄▄▄▄▄▄▄▄▄▄▄▄▄▄▄▄▄▄▄▄▄▄▄▄▄▄▄▄▄▄
█ ▄▄▄▄▄ █▀ █▀ ▀ ▀▀▄▀█▀ ▄▀▄▄█▄▄▄▄ ▀██▄▄▄▀▀▀▀▄ █▄▄ ██ ▄▄▄▄▄ █
█ █   █ █▀  ▀  ██▄▀ ██▄▄▀▀▀█▄█ ▄ ██  ▀█▀▀▄▄ ▀▄ ▄ ██ █   █ █
█ █▄▄▄█ █▀█▀ ▀█▀▄█▄█▄ ▄█▀ █ ▄▄▄ ▀▄▀█▄▀▄▀█▄▄▄█▄▀▀▄██ █▄▄▄█ █
█▄▄▄▄▄▄▄█▄█ ▀▄▀ ▀▄▀ ▀ ▀ █ █ █▄█ ▀▄█ ▀▄█ █ █▄▀ ▀ ▀▄█▄▄▄▄▄▄▄█
█  ▄  █▄ ▄█ ▄  ▀ ▄▀▄ █▀▀▄▀▄▄    ▀█▀█▀  █▀█   █▄▄ ▀ █▄▀▄▀▄▀█
█  ▀██▀▄▀▄▀ █▀▄ ▄ ▀ ▀▀▀ █ ▀▄▄  █▀▀ ▀█▀▀▄▀▀▄▀▀▀ ██ ██▀█▀▀ ██
█▀▀▄▀▄▀▄ ▄██  ▄▄▄█▀ ▄▄▀▄    █▀▀██▀▄█   █▀█▄▀█▀▄█  ▀▄▀▀█ ███
██  ▄▄▄▄ ▄ ▄▄▀▀█ ▄▄ ▀█▄ ▄ ▀█ ██ ██▀  █▄  ▄▀▀▀▀▀ ▄ ▀█ ██▀ ██
█▄▄    ▄   ▄█▄▄█▄█▄ ▄▄▀██▀█▀▀ ▀ ▄▀▀█ ▄ ███▀ ▀█▄▄ ▀███▀ ▀▀ █
█▀▄█ ▄▄▄██▀▀▀▄▀█ █ ▄ █▄▀▀█ ▄▀  █▀ ▀ ▄▄▀▀ ▄▄██▀▄▀▀ ▄ ▄▀▀▀ ██
██▀ ▀█▀▄ ▀▀█▀▀▀█▄▀▄▄▄█▀█▀▄▀ ▀▀▀  █▄█  ▀███▀ ▄▀▄█▄▀▀▄▄▀█ ▀▀█
██▄██▄█▄▀▄██ ▄█▄▄ ▄ ▄█  ▀█▀ █▀█▄█▄▄ █▀█ ▄▄█▀██▄▀▄▀▄█▄█▀▀▀██
██ ▄ ▄█▄▄ ▀▀▀▄▀█▄█  █▄██  ██▀▀█▀▄ ▄ ▄▄▀▄▀██▀▄█▄█▄▀ █▀▀█ ▄▄█
██ ▀▀ ▄▄▄ ███▄▀ █▄▄█ ▀▄█    ▄▄▄    █▄▀█▄▀▀▄█▄█▄▄▄ ▄▄▄ ▀  ▀█
█▀▄▄█ █▄█ ▄▀▄▄ █▀▄▄▀ █▄█▀ ▀ █▄█ ▄███  ▀███ ▀ ▀ ██ █▄█ ▀▀▄ █
█▄ ▄  ▄▄  ▄█  █▀▀▄█▄█▄ ▄ ▀▄ ▄▄▄▄█▄▄▀▀██▀▄ █▀██ ▄▄▄▄▄▄▄ ▀ ▀█
█▀▀  ██▄▀█▄▀█▄ ██▄▄▄ █▄▀▀ ▄▀▄▄▀  █▀██ ▄█▄█ ▀ ▀██▀▀▀ █▄ ▀▀ █
█▄▀█ █▄▄ ▄ ▄▄ ▄   ▀ █▀██▀▀▄▄▄▄▀ █▀▄▄▀▀  ▀█ ▄██▄▄▀▄ ██   █▀█
███ █▀▄▄  ▄▄█ ▄ ▀█▄▄▀▀▀█▄ █▄▀█▀▄ ▀██▄  ▄▀█▀  ██▄▀█ ███▀▄▄▀█
██▀█▀█▀▄▄▀▀▀█   ▀█▀▄▀  ▀▄ █ ▀█ ▄ █ ██ ▄█▄ █▀▀▄▄▄▀▄▄▀ ▀▀▀▄▄█
█▄▄▄▄▄ ▄█ ▄▄▀▄▄ ▀▄  ▄▄▀▀▀▀█▀█▄ ▄▀█▀█▄ ▀▄▄█▀ ▄█ ██▄▀▀▄▄ ▄█▀█
█ ▀▄█  ▄█▀▄   ▀ ██▀ ▄ ▀ ▀ ▀▀ ▀  ████▀▀ ▄▄█ ▀ ▀▄ ██ █▄█▄ ▀██
█ ▄ ▀▄▀▄  ▄ ▄  ▀██▀ ▄▄▀▄  █▀██ █ ██▄▄▄▄▄██▀ ▀██▄█▀▄█▄▄▄▀█▀█
█ ▀ ▀▀▄▄ ▀▀█ ▄█▀ ▀▀██▄▄███▄  ▀▀▄▀ █  ▄ ▄▄ ▄██▄▀ ██▄▀▀█▄  ▀█
███████▄▄ ▀ ▀▀ ▀██▄▄ ██▀ ▀▄ ▄▄▄  ▀▄█ ▄ █▄▀▀▀▄▀▄██ ▄▄▄ ▄█▀▄█
█ ▄▄▄▄▄ █▄▄ ▄██ ▄  ▀▀▄██▀▀█ █▄█ ▀▀▀▄ ▄█▀▄▀█▀▀█▀▄█ █▄█ ▀▀▄▀█
█ █   █ █ █▀ ██ ▄▀▀▄▄██▀▀▄  ▄  ▄▄██▄▄ ▄█ █  ▄████  ▄ ▄█ ███
█ █▄▄▄█ █ ██▀▄█ ▄ ▀▄▄█ ▄▀██ █▀▀██▄█▀   ▄▄▀▄▀ ▀  ▄  ▄██  ███
█▄▄▄▄▄▄▄█▄▄█▄▄████▄▄█▄██▄▄▄████▄▄▄▄▄▄▄█▄▄██▄███▄▄▄▄███▄█▄██

Scan this QR code:
▄▄▄▄▄▄▄▄▄▄▄▄▄▄▄▄▄▄▄▄▄▄▄▄▄▄▄▄▄▄▄▄▄▄▄▄▄▄▄▄▄▄▄▄▄▄▄▄▄▄▄▄▄▄▄▄▄▄▄
█ ▄▄▄▄▄ █▄▀▄ ▄████ █▀▀▀█   ▀▀▀▄ ▄▄ ▀▀ ▀█▄▄▄▄█  ▄ ██ ▄▄▄▄▄ █
█ █   █ █ █▀█▀ ████ █▄██▀▀ █ █▄▀ ▄▄▀▀▀▄▀▄▄▀█▀▄▀▄ ██ █   █ █
█ █▄▄▄█ █▄██▄▀▄█▀▀▄  ▀▄  █▀ ▄▄▄ ▀█▀██▀  ▄  ▀█▄▄▀▄██ █▄▄▄█ █
█▄▄▄▄▄▄▄█▄▀ ▀ █ █▄█▄▀▄▀ ▀▄█ █▄█ ▀ ▀ █ █ ▀ █▄▀▄▀▄█ █▄▄▄▄▄▄▄█
█ ▄  ▀▀▄▀ █  █▀█████▀█ ▄  █▄▄▄   █ ▄▀▀▀█ ▄▄ ▄███  ▄██▄▄ ▀ █
█ █ ▄▄█▄   ▀█▄ ▀▀  ██ ▄▄ ▄█▄ ▀  █ ▀▀▄▀█▄█ █ █▀▀▄▀█ █▄█ ▄  █
██▄ ▄▀▀▄▀ ▀█▄▀▄ ▀▄█▄▀▀█▄▄▄█▀▀▀█▀██ ▄█   █▀█▄▀█▀███ ▀▄█▀ ▀██
█ ▀▄▀  ▄▄▄▄▀  ▄████▀ ▄▀▄▄█ █ ▄██▄▀▀▄▄██▄▀▄ ▀▀▀▀ ▀▀█▀▄ █ ▄██
█ ▄▀▀▀ ▄▀ ▄ ▀█     ▀██▀██▄█▄▄▄▄▄▀▄█▀██▄▄▄▀███▄ ▀ ▄█▄▄▀▀▄▀ █
█▀▀▄  █▄ ██▀▀▀▀▀█ █▀▄█▄█▄▄▄ █ ██▀▄█▄ ▀   █ █▀█▀▀▄▄██▄ ██▄▀█
█▀▄▄▄▀█▄▀▀ ██  ██ ▄▀██ ▄▀█▀ ▄ █  ▀▀█▄▀▀█▄ ▀ ▀█▀▄▄ ▀▄ ▄██ ▀█
█▄█▀▀  ▄█ █ █▀▀▀▀▄   ▄    █▀▀▄▀▄ ▄ ▄▀█▄█ ▄ █ ▄▄▄▀▄▄█▀▄ ▄█▄█
█ ▀▀█▀ ▄ █▄▄▀ ▄▀ ▄ ▄█ ███▄█▀█▀▄█▄▄  ▄ ▀▀▀▀▄█ ▀▀▄█▄▀  █▀█▄▄█
█ █▄▀ ▄▄▄   █▄▀▄  ▄▄▀▀█▄█▀  ▄▄▄ ▀ ▀ ▄▄ ▄ ▀  ▀ ▀██ ▄▄▄ ▀▀▀██
█ ▄▄█ █▄█ ██ ▀    █▄█▄▀▀ ▄█ █▄█   ▀▀▀▀██▄▀ ▄▀▄▀ █ █▄█ ▀▄▄▄█
█▀ ██  ▄▄▄▀▀▄██ ▄ █ ██▀█   ▄▄ ▄▄▀   ▀▄██▀███▀▄ █▄ ▄▄ ▄▄█▄▀█
█▄▄▄█  ▄▀▀▀ ▄█ ███ ▀ █▄▄  █▄██▀▀▀█ ▄▄█ █▄  ▀ ▀▀█▀▄ ██▄ █▀▀█
█▀▄▄█▄▄▄▄ █▄ ▀ ▄   █▀█▄▄ ▀██   ██▄█ ▄▀  █▀█ ▄    ▄▄▄▄  ▄▄▄█
█▄▀▄█▀ ▄ █▄█ █ ▀███ ▀███ ▄████▄▀ ▀ █  █▀█▀██▄▀█▄██ ██▄ ▀▄██
█▄█▄▀▀ ▄ ▀ ▀█▀█  ▄ ▀   █▄▀█  ▄▄█▀▄▀██ ▄▄▀ ▀ ██▄▀ ▄▀█ ▄█ █▄█
█▀█▄▄ █▄▄█ ██▄ ▀▀  ▀ █ ▀█▄▀ ▀  ▄█▄▄▀▀█▄█▄▀▀▄▄▄  ▄▀ ▄▀ ▀▄█▄█
█▀█ ▄ ▄▄█▀█▀▀▄▄▀ ██▄ ██ █████▀▄ ▀▀██▀▄ ▄█▄▄▄█▄ ▀█ ▄██▄▄█▄██
█  ▀█  ▄▀ ▀▀▄▀▄ ▄█▀▀▀▄ █▀▀▄▀▄▄ ▀▀███▄█ ▄  ▀ ▀▀██▀▀█▄▄▄ ▀▄ █
█ ▀ ▀▀▄▄▀   ▄▀█ ▄▀▀▀ ▀▀█▄▄▄█▄██▀   ▄▄   ▀▀█▄█▀▀ ▀▀▄ ▀ ▀█ ▄█
███████▄█▀▀ █▀ █▀██ ▀▀ ▀█▄▀ ▄▄▄  █ █▄▄▀▀█▀▀█▀█▀▄█ ▄▄▄ █▄▀██
█ ▄▄▄▄▄ ███▄▀▀█▄▀ ██ █ ▀▀ █ █▄█ ██ █ █▀   ▄▄  █▄▀ █▄█  ▀▄██
█ █   █ █▀▄ █▀█ ▀█▀█ ▄██ ▀█  ▄  ▄▄ ▀▀█▄█ ▀▄▄▄▄ ▀▄ ▄▄▄ ▄▄ ██
█ █▄▄▄█ █ █▄ ▄ ▀  ▀ ▄▀███▀█▀▄▀█▀▄▀  █ ▀▀▄▄ ██▄ ▄▀▄▀ █▀▄▄█▀█
█▄▄▄▄▄▄▄█▄██▄█▄███▄█▄█▄▄█▄███████▄██▄█▄▄▄▄▄████▄█▄██▄▄█▄███

Scan this QR code:
▄▄▄▄▄▄▄▄▄▄▄▄▄▄▄▄▄▄▄▄▄▄▄▄▄▄▄▄▄▄▄▄▄▄▄▄▄▄▄▄▄▄▄▄▄▄▄▄▄▄▄▄▄▄▄▄▄▄▄
█ ▄▄▄▄▄ █▀ █▀  ▀▀▀▄▀ █ █▄▄▄█▄▄▄▄ ▀█▀  ▄██ ▄  ▄▄▄ ██ ▄▄▄▄▄ █
█ █   █ █▀  █▄ ██▄▀ █▄▄▄▀ ▀█▄█ ▄▄▄█ ▀▀█▀▄▄▄ ▀▄ ▄ ██ █   █ █
█ █▄▄▄█ █▀██▄██▀▄█▄█▄ ▄█▀ █ ▄▄▄ ▄▄▀█▄ ▄▀▄█▄▄▄▀▀▀▄██ █▄▄▄█ █
█▄▄▄▄▄▄▄█▄▀ ▀▄▀ ▀▄▀ ▀ ▀ █ █ █▄█ ▀▄█ ▀▄█ █ █▄▀ ▀ ▀▄█▄▄▄▄▄▄▄█
█  ▄  █▄ ▄█▄▄  ▀ ▄▀▄ █▀▀▄▀▄     ▀█▀█▀  █▀█   █▄▄▄▀ █ ▀▄▀▄▀█
█  ▀█▄ ▄   █ ▄▄ ▄ ▀ ▀▀▀ █ ▀█▄  █▀▀▄██▀█ ▀▀ █▀▀▄██ █▄▄▄▀▀ ██
█▀▀██▄▀▄▄▀ ▄  ▄▄▄█▀ ▄▄▀▄  ▀ ▄▀▀██▀▄▄  ▀▄▀█ ▀█▀▄█▀ ▀▄█▀█ ███
█▄█▄▄▄▄▄ █ ▄▄▀▀█ ▄  ▀███▄ ▀█ ██ ██ ▄ █▄█  █▀█▀▄▄ ▀▀█▀█▀▀ ██
█  ▀▀  ▄   ▄█▄▄█▄▄ ▄▀█▀█ ▀█▀▀  ▀▄▀▀▄▄  ▄▀█▀▀▄█▄▄ ▀███▀▀ ▀ █
████▀▄ ▄██▀▀▀▄▀█▀  ▄  ▄▀ █ ▄▀  ▄█ ▀ █ ▀▀  ██▀ █ ▀ ▄▄▄▀▀▀▄██
█ ▄ ▀▀█▄ ▀▀█▀▀▀█▄▀▄▄▄█▀█▀▄▀ ▀▀▀  ▀▄█▄▄▀███▀ ▄█▄█▄▀ █▄▀█ ▀▀█
██▄██ █▄▀ ███ ▄█▄ ▄ ▄█  ▀█▀ █▀█▄█▄▄ █▀█ ███▀█▄▄▀▄▀██ █▀▀▀██
██ ▄ ▀▀▄ ▄█  ▄ ▄▄█  █▄██  ▀▀▀▀█▀▄ ▄ ▄▄▀▄▀██▀▄█▄█  ▀▄███ ▄▄█
██ ▀▀ ▄▄▄ ███▄█ █▄▄█ ▀▄█  ▄ ▄▄▄   ▄▀▄▀█▄▀▀ ▀▄█▄ █ ▄▄▄ ▀  ▀█
█▀▄▀  █▄█   ▄▄██▀▄▄▀ █▄█▀ ▀ █▄█ ▄███  ▀▄██ ▀ ▀██▀ █▄█ ▀▀▄ █
█▀█▄█▄ ▄  ▄█  █▀▀▄ ▄█▄█▄ ▀█ ▄▄▄▄█▄█▀▀█ ▄  █▀▀█▀▀▀▄▄▄  ▀▀ ▀█
█  █ ██▄██▄▀█▄ █ ▄▄ ▀█▀▀▀ ▄▀██▀  █▀█▀▄ ███▀▀▄▀▄▄▀█▀ ▄█▀ ▀▄█
█ ▀█▄█▄▄▀█ ▄▄ ▄ ▄▄▀ █ ██▄ ▄▄▀▄▀ ██▄▄ ▀ ▀▄ ▀▄▀▀▄▄▀▄ █ ▄  ▄██
█▀▄ █▀▄▄  ▄▄█▄▄ ▀█▄▄▀▀▀█▄ █▄▀█   ███▄  ▄▄▀▀ ▀██▄▀█ ███▀▄▄▀█
██▀█▀█▀▄▄▀ ▄▀█▄▀▀█▀▄▀  ▀▄ █ ▀█▄  █ ██ ▄██ █▀ █▄▄▀▄▄▀ ▀▀▀▄▄█
█▄▄▄▄ ▄▄█ ▀▀ █ ▀▀▄  ▄▄▀▀▀▀█▀█▄ ▄▀█▀█▄ ▀▄▄█▀ ▄█ ██▄ ▄▄▄▄▄█▀█
█ ▀▄█▀▄▄█▀▄██ ▀ ██▀ ▄ ▀ ▀ █▀ ▀  ██▀▀▀▀ ▄▄█ ▀ ▀▄▄██▄█▄█  ▀██
█ ▄█▄█▀▄ █▄▀▄ █ ██▀ ▄▄▀▄  ▄▀██ █ ███▄▄█▄██▀ ▀█▄▄▀█▄▀▄██▄█▀█
█ ▀ ▀▀▄▄▄█▀█ ▄█▀ ▀ ██▄▄▄███▄ ▀▀▄▀ ▄ ▄▄▄ ▄▄███ ▄▄█▄▀▀▄█▄▀ ▀█
███████▄▄▀▀ ▀▀ ▀▄█▄  █▀▀ ▀▄ ▄▄▄  ▀▄█▀▄▀▄▀█ ▀ █▄██ ▄▄▄ ▄█▀ █
█ ▄▄▄▄▄ █▄▄ ▄██ ██ ▀▀▄██▄▄█ █▄█ ██▀▄▀██▀ ▄▄ ▀▀ ▄  █▄█ ▀▀ ██
█ █   █ █ █▀ ██ ▄▀▀▄▄██▀▀▄  ▄  ▄ ██▄▀▄▄█▀▀  █▀██▄  ▄  █ ███
█ █▄▄▄█ █ ███  ▄▄ ▀▄▄█ ▄▀██  █▀██▄█▀▀  ▄▄▀▄▀▀   ▄  ▄▀▀  ███
█▄▄▄▄▄▄▄█▄█▄█▄████▄▄█▄██▄▄▄████▄▄▄▄▄▄▄█▄▄██▄███▄▄▄▄█▄▄▄█▄██

Scan this QR code:
▄▄▄▄▄▄▄▄▄▄▄▄▄▄▄▄▄▄▄▄▄▄▄▄▄▄▄▄▄▄▄▄▄▄▄▄▄▄▄▄▄▄▄▄▄▄▄▄▄▄▄▄▄▄▄▄▄▄▄
█ ▄▄▄▄▄ █▄▀▄ ▄▄███ ███ █▄  ▀▀▀▄ ▄▄ ▀▄▄▄█▄  ▄██ ▄ ██ ▄▄▄▄▄ █
█ █   █ █ █▀▀▀ ████ ▄▄██▀▀ █ █▄▀▀▄▄▀▀▀▄▀█▄▀█ █▀▄ ██ █   █ █
█ █▄▄▄█ █▄█▀▀█▄█▀▀▄  ▀▄  █▀ ▄▄▄ ▄▀▀█▄▄   █ ▀▄▄▄▀▄██ █▄▄▄█ █
█▄▄▄▄▄▄▄█▄█ █▄█ █▄█▄▀▄▀ ▀▄█ █▄█ ▀ ▀ █ █ ▀ █▄▀▄▀▄█ █▄▄▄▄▄▄▄█
█ ▄  ▀▀▄█▄█ ▄ ▀█████▀█ ▄  █ ▄▄   █ ▄▀▀▀█ ▄▄ ▄███▄  ██▄▄ ▀ █
█ █ ▄██▄   ▀██ ▀▀  ██ ▄▄ ▄██▄▀  █ ▀█▄▀█▄█ █ █▀█▄█▀▀██▀ ▄  █
██▄██▀▀▄ ▄▀▀▄▀▄ ▀▄█▄▀▀█▄▄▄▄▀███▀██▀▄█ ▀ █▀██▀█ ██▄ ▀██▀▄▀██
█▀█▀▄  ▄▄▄▄▀  ▄███▄▀ ▄  ▄█ █ ▄▀▀▄▀▀▄ █▀█▀▄▀ ▀▀▄████▀█▀  ▄██
█▀█▀▀▀ ▄▀ ▄ ▀█  ▀▀ ▀▄▄▀█ ▄█▄▄▄▄█▀▄█▀▀▀▄█▄█▀██  ▀ ▄█▄▄▀ ▄▀ █
█ ▄█▄▄▀▄ ██▀▀▀▀▀▀██▀▀ ▄█▄▀▄ █ ▄██ █▄ ▄ ▀▄▀ ▄▀█▀▀▄▄██▄ ██▄██
█▀▀▄▄  ▄▀▀ ██▀ ██ ▄▀██ ▄▀█▀ ▄ █ ██▀█▄▀▀█▄ ▀ ▀▀▀▄▄ ▀█ ▄██ ▀█
█▄█▀▀█▄▄▀ ▄▀▄▀█▀▀▄   ▄    █▀▀▄▀▄▀█ ▄▀█▄█▀▄ █▀▄▄▄▀▄█▀█  ▄█▄█
█ ▀▀██▄▄▀█ ▀▄▀   ▄ ▄█ ███▄█▀█▀▄█▄▄  ▄ ▀▀▀▀▄█ ▀▀▄█▄▄▀▀█▀█▄▄█
█ █▄▀ ▄▄▄ ▄▀ █▄▄  ▄▄▀▀█▄█▀▀ ▄▄▄ ▀ ▀ ▄▄ ▄ ▀ ▄▀ ▀█▄ ▄▄▄ ▀▀▀██
█ ▄██ █▄█ █▄ ▀ █  █▄█▄▀▀ ▄▀ █▄█   █▀▀▀██▄▀██▀▄    █▄█ ▀▄▄▄█
█ ▄▀▄▄▄▄▄▄▀▀▄██ ▄ █ ██ ▀   ▄▄ ▄▄▀ ▀ █ ▀ ██▄█▀▄▀▄▀ ▄▄  ▄█▄▀█
███▄   ▄▄▄▀ ▄█ █▄▄▀█ ██ ▀▀█▄█▄▀▀▀█ ▄ █▄▄ ▄ ▀▄▀▄▄▀█ █ █▀████
█▀▄▄ ▄▄▄▄▀█▄ ▀ ▄▄█ █▄▄▄▄▀▄██ ▄ █▀ █  ▄▀▀█▀█▀▄ ▀▀ ▄▄▄▄▀ ▄▄▄█
█▀█▄█▀ ▄ █▄██▀ ▀███ ▀███ ▄█████▄ █ █ ▄█▀▀███▄▀█▄██ ██▄ ▀███
█▄█▄▀▀ ▄ ▀█▄ █   ▄ ▀   █▄▀█  ▄▀█▀█▀█▄▀▄▄▀▀▀ ▄▄▄▀ ▄▀█ ▄█ █▄█
█▀█▄▄▀▄▄▄██ ███▄▀  ▀ █ ▀█▄▀ ▀  ▄█▄▄▀▀█▄█▄▀▀▄▄▄  ▄▀█▀▀ █▄█▄█
█▀█ ▄ ▄▄█▀  ██▀  ██▄ ██ █████▀▄ ▀▀▀█▀▄  █▄ ▄█▄▄▀██▄▀█▄▄▄▄██
█  ▄▄█▄▄▄██ ▄▀▀▀▄█▀▀▀▄ █▀▀▄▀▄▄ ▀▀█▄▄▄█ █  ▀▀▀▀▀█▀▄▀ █▄▄█▄ █
█ ▀ ▀▀▄▄▀█  ▄▀█ ▄▀▄▀ ▀▄█▄▄██▄██▀  ▀▄▄ ▀ ▀█▀██▀█ ▀▀  █▀▀█ ▄█
███████▄█ ▀ █▀ █▀▄▄ ▄ ██▄█▀ ▄▄▄  █ █▄▄  ▀██▄ █▀█▀ ▄▄▄ ▄█▀▀█
█ ▄▄▄▄▄ ███▄▀▀█▄ █████ ▀▀▄█ █▄█ █▀ █ ▀ ▀ ███▄ ██▄ █▄█  ▀█▀█
█ █   █ █▀▄ █ █ ▀█▀█ ▄██ ▀█ ▄▄   ▄ ▀▀▀▄█▄█▄▄▄  ▀▄ ▄▄ ▄▄▄▀██
█ █▄▄▄█ █ ▄█▀ █▀  ▀ ▄▀███▀█▀▄██▀█   ▄▀▀▀▄█ █▄▄ ▄▀▄▀ █▀▄▄█▀█
█▄▄▄▄▄▄▄█▄▄███████▄█▄█▄▄█▄███▄███▄██▄█▄▄▄▄▄████▄█▄█████▄███

Scan this QR code:
▄▄▄▄▄▄▄▄▄▄▄▄▄▄▄▄▄▄▄▄▄▄▄▄▄▄▄▄▄▄▄▄▄▄▄▄▄▄▄▄▄▄▄▄▄▄▄▄▄▄▄▄▄▄▄▄▄▄▄
█ ▄▄▄▄▄ █▀ █▀ ▀ ███▀█▀▀▄▀ ▄█▄▄▄▄ ▀█▀▀▀▄█ ▄▀▄▀▀▄▄ ██ ▄▄▄▄▄ █
█ █   █ █▀  █▄ █▄▄▀ █▄▄▄  ▀█▄█ ▄▀▄█ ▄▀█▀▄▄▄ ▀█ ▄ ██ █   █ █
█ █▄▄▄█ █▀█▀███▀▄█▄█▄ ▄█▀ █ ▄▄▄  ▄▀█ ▄▄▀▀█▄▄ ▄▀▀▄██ █▄▄▄█ █
█▄▄▄▄▄▄▄█▄█▄▀ ▀ ▀▄▀ ▀ ▀ █ █ █▄█ ▀▄█ ▀▄█ █ █▄▀ ▀ ▀▄█▄▄▄▄▄▄▄█
█  ▄  █▄  ▀█   ▀ ▄▀▄ █▀▀▄▀▄     ▀█▀█▀  █▀█   █▄▄▀  █ █▄▀▄▀█
█  ▀█▄ ▄▄█▄█▀█▄ ▄ ▀ ▀▀▀ █ ▀▄ ▄ █▀▀ ██▀▀ ▀▀ ▀▀▀ ▀ ▀█▄ ▄▀▀ ██
█▀▀ ▄▄▀▄█ █▄  ▄▄▄█▀ ▄▄▀▄    █▀▀██▀██   █▀█▀ █▀▄█  ▀▄▀▀▀ ███
█  ▀█▄▄▄ █ ▄▄▀▀█ ▄▀█▀███▄ ▀█ █▀▄██▄▄▄▀▄▄ ▄█ █▀ ▄▄▀▀█▀█ ▀ ██
█▄ ██  ▄   ▄█▄▄█▀▄  ▀█▄▀  █▀▀ ▀▀▄▀▀▄▄  ██▀  ▄███ ▀███▀▀ ▀ █
█▀▄▄▄ ▄▄██▀▀▀▄▀█▀▀ ▄  ▄▀▀▀ ▄▀  █▀ ▀ ▄  ▀▀▀█▄  ▄ ▀ ▄▄▄▀▀▀███
█▄▀ ▀ ▀▄ ▀▀█▀▄▀█▄▀▄▄▄█▀█▀▄▀ ▀▀▀  █▄█  ▀█▀▀▀  █▄█▄▀ █▄▀█ ▀▀█
██▄██▀ ▄█ █▀ ▀█▀▄ ▄ ▄█  ▀█▀ █▀█▄▄█▄ █▀█ ▄██▀▄█▄▀▄▀▀█ █▀▀▀██
██ ▄   ▄ ▀█▀▀█▄▄▄█  █▄██  ▀█▀▀█▀▄ ▄ ▄▄▀▄▀██▀▄█▄█  ▄▄███ ▄▄█
██ ▀▀ ▄▄▄ █▄▄█  █▄▄█ ▀▄█  █ ▄▄▄   ▄▀▄▀█ ▀▀▄▀▄█▄▄▄ ▄▄▄ ▀  ▀█
█▀▄ ▀ █▄█ ██▄▄█▄▀▄▄▀ █▄█▀ ▀ █▄█ ▄█▄█  ▀▄██ ▀ ▀██  █▄█  ▄▄ █
██▀█▄  ▄▄ ▄█  █▀▀▄█ █▄▀▀ ▀▄ ▄▄▄▄█▄▄ ▀██▀▄▄  █▀█ ▄▄  ▄▄ ▀ ▀█
██ ▀███▄ █▄▀█▄ ███ ▄█▄▄▀ ▀▄▀▄█▀  █▀██ ▀▄██▄▀ ▀▄█▀▀▀ ▄█ ▀▀▄█
█ ▀ ▄█▄▄▀█ ▄▄ ▄ ▄█▀ ▀▄██▄ ▄▄▄█▀ █▀▄▄ ▄  ▀▀ █▄▄▄█ ▄ ██▄  ▄▀█
█▄█ █▀▄▄  ▄▄  ▄ ▀█▄▄▀▀▀█▄ █▄▀█▀ ▄▀███▄ ▄▀▀▀ ▄██▄▀█ ███▀▄█ █
██▀█▀█▀▄▄▀█ ▀  ▀▀█▀▄▀  ▀▄ █ ▀█▀▄ █ █▄▀▄██▀█▀▀█▄▄▀▄▄▀ ▀▀▀▄▄█
█▄▄▄▄▄▄▄█  █▀ ▄▄▀▄  ▄▄▀▀▀▀█▀█▄ ▄▀█▀█▄ ▀▄▄█▀ ▄█ ██▄▄ ▄▄▄▄█▀█
█ ▀▄█▄▀▄█▀▀ ▄▀ ███▀ ▄ ▀ ▀ █▀ ▀  ███▀▀▀▄ ▄█▄█ ▀▄▄▀▄ ▀▄█  ▀██
█ ▄  ▄█▄▄▄ ▀▄ ▄▀██▀ ▄▄▀▄  ▄▀██ █ █▄█▄▄▀███▀ ▀█▄██▀█▄▄█ ▀█▀█
█ ▀ ▀▀▄▄█▀▀█ ▄█▀ ▀▀▄█▄▄████▄ ▀▀▄▀ ▄   ▄ ▄▄█ █▄▄▀█▄ █▀▄█  ▀█
███████▄█ ▀ ▀▀ ▀██ ▄▀▄▀█ ▀▄ ▄▄▄  ▀▄█ ▄███▀▀▀▄▀█▄▀ ▄▄▄ ▄█▀ █
█ ▄▄▄▄▄ █▄▄ ▄██  ▄ ▀▄██████ █▄█ ▀▀▀▄▄██ ▄▀▄  ▀▀▄█ █▄█ ▀▀▄██
█ █   █ █ █▀▄ █ ▄▀▀▄▄██▀▀▄  ▄  ▄▄▀█▄▄ ▄█ ▀  ▀████  ▄▄ █ ▄▄█
█ █▄▄▄█ █ ██ ▄▀ ▄ ▀▄▄█ ▄▀██ ▀█▀█▄▄█▀   ▄█▀▄▀▀▀  ▄  ▄ █  ███
█▄▄▄▄▄▄▄█▄████▄███▄▄█▄██▄▄▄████▄▄▄▄▄▄▄█▄▄██▄███▄▄▄▄███▄█▄██

Scan this QR code:
▄▄▄▄▄▄▄▄▄▄▄▄▄▄▄▄▄▄▄▄▄▄▄▄▄▄▄▄▄▄▄▄▄▄▄▄▄▄▄▄▄▄▄▄▄▄▄▄▄▄▄▄▄▄▄▄▄▄▄
█ ▄▄▄▄▄ █▀█▄▄ ▄ █▀█ ▄██▄▀▄ ██▀ ▄▄ ▀▀   ███▄  ▄▄▄ ██ ▄▄▄▄▄ █
█ █   █ █▀▄ █▄▀██▄█▀█▄▄▄▀ ▀█▀▄▄ ▄▄█ █▀█▀▄▄▀▄ █ ▄ ██ █   █ █
█ █▄▄▄█ █▀▄▀█▄ ▄▄███▄ ▀▄▀ █ ▄▄▄ ▀▄▄▀ █▄▀ ▀▀▄▄▄▀▀▄██ █▄▄▄█ █
█▄▄▄▄▄▄▄█▄█ ▀▄█▄▀▄▀ ▀ █ █ █ █▄█ ▀▄█ ▀▄█▄█ ▀ ▀ █▄▀▄█▄▄▄▄▄▄▄█
█ ▄   █▄▄▄▀▀▀█ █▄▄█▄ █▀█ ▀ ▄▄▄  ▀█▀█▀  █▀█▄▀██▄▄▀▀ █▄▀▄▀ ▀█
██▀▀▀ ▄▄▄▀ ▄▀█▄ ▄▄▀ ▀▀▀ ▀▀ ▄█▀▀█▀▀▄▀█▄██ ▄▄█▀ ▄▄▄██▄█▀▀▀▄▀█
█▀▄ █▀█▄█▀▀  █▄▄█▄▀ ▀█▀▄  ██▄█▀██▀█▄▀▄ ▄▀▀▀▀▀▀▀█▄▀ █ █▀ ▀▀█
█ ▄▄▀▀ ▄▄██  ▀██▄▄▄█▀▄█▀▄▄▀█ █▀ █▀▄▄ ▄█▀ ███ ██▄▀ ▄▀▄ ▀▀███
██▄ ██▀▄█▀▀▄  ▄▀▄█▄▄ ▄▀█▀ ▀█▀ ▀ ██▀▄ ▄▀███▀  ▀██▀▀▀█▀█▀ ▀▀█
█▄   ▄█▄ ▀▀▀██▀█▄▄▀█▀█ █▀█▄▄▀ ▀ █▄▀▄▄▄ ▄█▀▄▀ ▀▄   ██  ▀▀▀▀█
█▄▀▄█▄█▄ ▀▀▄█▄▀█▄▀▄ ▄█▀█▀▄  █▀█▀▄█ ▄█  ███▀▀▄█ █▄▀▄█▀██▄▀▀█
█▀▀ ▄▄ ▄██▄█▀▀▀▄▄ ▀█▄██▄▀█▀ ▄  ▀█▄█ ▀▀ ▄▄▀▀ █▄▀  ▀ ▄  ▀▀▀██
█▄▀█▀█▄▄█▀ ▀▄ ▀█▄▄▄ █▄▀█▀ ██▀▀ ▀▄ ▄  ▄▀██▀ ▀ ██▄▀▀▀█▀██▀▄ █
█▀▄▄  ▄▄▄ ▄▀█▄█▄▀▀▄█ ▀▄██   ▄▄▄   ▄█▄██ ▀  ▀    ▀ ▄▄▄ ▀  ██
██  █ █▄█ ▀▄▀▄█▀█▄▄▀▀█▄█▀▀▀ █▄█ ▄▀██ ▄ ▄▀█  ██▄█▄ █▄█ ▄  ██
█▀▄█▄▄▄▄▄▄█▀ ▀█▄  █▄█▀█▀▄▄▀▄    ▀▄▄ ▀▄█ █▀▄▄▀ ▄█ ▄  ▄▄ ▀▄██
█▀  ▄▀ ▄ ▄ ▀▄▄▀██▄▄ ▄▄▀█▀▀▄▄▄█▀  █▀██▄▀█▄▀▀ ▀███▀▀▀█▄█ █ ██
█▀▄██ █▄▄▄  ▀▄▄█▄▀▀   ▀ ▄█▀▄ █▀ █▀ ▄▄▄█ ▀▀▄▄▀ ██ ▀ ███▀▀▄▀█
█▀  ▀▀▄▄ ▀ █ ▄ █▀█▀▄▀▀▀█▄ █▀▀█▄  █▄█▄ ██▀▀▀▀ ▀▀▄▀▀ ▀▀▄▄██▀█
██▄▄   ▄▀▀▄▄████▀█  ▀ ▀▄▄ ▄ ▀█▄ ▀▄ ▄▄▀█▄ ▀▀▀▄██  █ █▀██▀▄▄█
█▄▀█▀▄ ▄ ▄ █▄▀▄▄▄▄▀▄▄▄██▄▀█▀▄▄▀▀▀█▀█   ▄▀█ ▀ ██▄█▄ ▀▄▄▄▀▀██
███▄ ▄ ▄██▀█  █ ▄█▀  ▀▀ ▀▀▀▀▀▀ ▄▀█▀▀█ ▄ ▀▄▄ █  ▀█▄▄█▀▄▀ ▄▀█
█▀▀██▄▄▄█▀▄█▄ ▀██▄▀  ▄▀▄▀ █▄██   █ ▄▄▄ ▄▀▀▀▀ ▀▄▄▀ ███▄█▀█ █
█ ▀ ▀▀▄▄▀ █▄█▄▀▀▀█  ▄ ▀██▀ ▄▀▀▄▄▄▀█ ██ █ █▄ ▀▄    ▄██▀ ▀▄██
███████▄█▀█ ▀█ ▀▄▄▀▄█▄▀█▀▀▀ ▄▄▄  ▀▄█ ▄ █▀▀ ▀▄▀███ ▄▄▄ ▀▀▀▀█
█ ▄▄▄▄▄ █▄▄█▀ ▄▄▄██▄▄▀▀   ▄ █▄█ ▄█▀▄██▀▀████ ▀██▄ █▄█   ███
█ █   █ █ ▀▄▀█▀▀▄▀  ▄█ ▀▀▄▀ ▄  ▄▄███ ▄ ▄▀▀█▀ ▀██▄▄ ▄▄ █▀███
█ █▄▄▄█ █ ▀▄█▄▄█▄ █▄▄█▀█▀█████▀██▄▄  ▄▀█ ▄▄▀▄▀▄▄█ ▀▄▀█  ███
█▄▄▄▄▄▄▄█▄██▄▄██▄▄▄▄██████▄█▄▄█▄▄▄▄▄▄▄█▄██▄▄▄█▄███▄█████▄██

Scan this QR code:
▄▄▄▄▄▄▄▄▄▄▄▄▄▄▄▄▄▄▄▄▄▄▄▄▄▄▄▄▄▄▄▄▄▄▄▄▄▄▄▄▄▄▄▄▄▄▄▄▄▄▄▄▄▄▄▄▄▄▄
█ ▄▄▄▄▄ █▀ █▀   ▄▀▄▀█▀ █  ▄█▄▄▄▄ ▀▀█▄ ▄█▀▀▀▄▄█▄▄ ██ ▄▄▄▄▄ █
█ █   █ █▀  ▀  █▄▄▀ ▄█▄▄▀▀▀█▄█ ▄ ▄█ ▄▀█▀▄█▄ ▀█ ▄ ██ █   █ █
█ █▄▄▄█ █▀█▀▀██▀▄█▄█▄ ▄█▀ █ ▄▄▄  █▀█▄█▄▀▀█▄▄█▄▀▀▄██ █▄▄▄█ █
█▄▄▄▄▄▄▄█▄█▄█ ▀ ▀▄▀ ▀ ▀ █ █ █▄█ ▀▄█ ▀▄█ █ █▄▀ ▀ ▀▄█▄▄▄▄▄▄▄█
█  ▄  █▄▄   █▄ ▀ ▄▀▄ █▀▀▄▀ ▄    ▀█▀█▀  █▀█   █▄▄▄▀ █▄▀▄▀▄▀█
█  ▀█▄ ▄▀█ ▀ █▄ ▄ ▀ ▀▀▀ █ ▀█▄▄ █▀▀ ██▀▀▄▀▀ █▀▀▄▀█ ██▀ ▀▀ ██
█▀▀  ▄▀▄█▀ ▀  ▄▄▄█▀ ▄▄▀▄  ▀ ▀█▀██▀█▄   █▀█  █▀▀█▀ ▀▄▀▀█▄███
█ ▄▀ ▄▄▄▀▄ ▄▄▀▀█ ▄█▀▀█▀▄▄ ▀█▀█▀ ████ █ █▄ ██▀▀▀▄ ▀▀█ █▀  ██
█▄ █▄  ▄   ▄█▄▄█▄▄▄  ▄▀▀▀▀█▀▀ ▀▀▄▀▀█▀ ▀▄▄█   ▀▄█ ▀███▀▀▀▀▄█
█▄█ █▄ ▄██▀▀▀▄▀██▄ ▄▄█▄▀▄▀ ▄▀  █▀ ▀ ▄ ▀▀▄▀▄██▀█ ▀   ▄▀▀▀ ▀█
█   ▀  ▄ ▀▀██▀▀█▄▀▄▄▄█▀█▀▄▀ ▀▀▀  █▄█▄ ▀█▄▀▀ ▄▀▄█▄▀ █▄▀█  ▀█
██▄██  ▄█▄█ ██  ▄ ▄ ▄█  ▀█▀ █▀█▄██▄ ▄▀█ ▄██▀▄▄▄▀▄▀ █ █▀▀▀██
██ ▄ ▀▄▄ ██▄▀▀█▄▄█  █▄██  ██▀▀█▀▄ ▄ ▄▄▀▄▀██▀▄█▄█   ████ ▄▄█
██ ▀▀ ▄▄▄   ▄▄  █▄▄█ ▀▄█    ▄▄▄    ▀▄▀█▄▀▀▄▀▄█ ▄▄ ▄▄▄ █  ▀█
█▀▄ ▀ █▄█ ██▄▄▀█▀▄▄▀ █▄█▀ ▀ █▄█ ▄███   ███   ▀██  █▄█ ▀▀▄ █
█ ▀▀█  ▄  ▄█  █▀▀▄███▄▀█ ▀▄ ▄▄▄▄█▄▄ ███   █▄▀▀▀▀ ▄▄▄▄▄▀▀ ▀█
█▀▀▀ ██▄▄ ▄▀█▄ ███  ▀█▀▀▀▀▄▀▀▄▀  █▀█   ▄██▀ ▄▀▄█▀█▀ ▄█▀▀█ █
█ ▄▀██▄▄▀█ ▄▄ ▄ ██▀ █▄██▀█▄▄▄▄▀ █▀▄▄██▀ █▀▀▄▄██▄ ▄ ███   ██
█ █ █▀▄▄  ▄▄▄ ▄ ▀█▄▄▀▀▀█▄ █▄▀███ ▀██▄  ▄▀█▀ ▄██▄▀█ ███▀▄▄▀█
██▀█▀█▀▄▄▀ ▄▄▀██▀█▀▄▀  ▀▄ █ ▀█ ▄ █ █▄ ▄██ █▀▀▄▄▄▀▄▄▀ ▀▀▀▄▄█
█▄▄▄▄▀▀▄█  ▄ ▄▀█▀▄  ▄▄▀▀▀▀█▀█▄ ▄▀█▀█▄ ▀▄▄█▀ ▄█ ██▄▀▀▄▄ ▄█▀█
█ ▀▄█▄▄▄█▀   █  ██▀ ▄ ▀ ▀ ▀▀ ▀  ██▀█▀▀  ▄█▄█ ▀ ▄█▄▄█▄█▄▀▀██
█ ▄▄█▄▄▄▄▀▀ ▄ ▀▄██▀ ▄▄▀▄  █▀██ █ █▄▄▄▄▀▄██  ▀█▄▄▀  ▀▄█ ▀█▀█
█ ▀ ▀▀▄▄▀▀▀█ ▄█▀ ▀█ █▄▄ ███  ▀▀▄▀ ▄▀▄ █▀ ▄▄██▄ ▀ ▄▄▀▄█▄  ▀█
███████▄▄ ▀ ▀▀ ▀▄█▄▄ ▄▀▀▀▀▄ ▄▄▄  ▀▄█ ▄▀▄▀█▀  ▀▄█▀ ▄▄▄ ▄██ █
█ ▄▄▄▄▄ █▄▄ ▄██ ██ ▀ ███ ▀█ █▄█ ▀▀▀▄▀ ▄▀ █▄▀   █▄ █▄█ ▀▀ ▀█
█ █   █ █ █▀█▀█ ▄▀▀▄▄██▀▀▄     ▄▀██▄ ▄▄█▀▀  ▀████  ▄▄ █ ███
█ █▄▄▄█ █ ▀█▀██▄▄ ▀▄▄█ ▄▀██ ██▀█▄██▀▀▀ ▄▄▀▄▀▀   ▄  ▄ ▀  ███
█▄▄▄▄▄▄▄█▄███▄▄███▄▄█▄██▄▄▄█▄██▄▄▄▄▄▄▄█▄▄██▄███▄▄▄▄█▄█▄█▄██

Scan this QR code:
▄▄▄▄▄▄▄▄▄▄▄▄▄▄▄▄▄▄▄▄▄▄▄▄▄▄▄▄▄▄▄▄▄▄▄▄▄▄▄▄▄▄▄▄▄▄▄▄▄▄▄▄▄▄▄▄▄▄▄
█ ▄▄▄▄▄ █▄▀▄ ▄▄█▀▀▀▄▄█ ▄▄  ▀▀▀▄ ▄▄██   █▀▄ ▄▄█ ▄ ██ ▄▄▄▄▄ █
█ █   █ █ █▀▀▀ █▄▄█ ████   █ █▄▀▀█▄▀▀▀▄▀█▄▀█ █▀▄ ██ █   █ █
█ █▄▄▄█ █▄█▀▀▄▄█▀▀▄  ▀▄  █▀ ▄▄▄ ▄▄▀█ █  ▀  ▀ █▄▀▄██ █▄▄▄█ █
█▄▄▄▄▄▄▄█▄█▄█ █ █▄█▄▀▄▀ ▀▄█ █▄█ ▀ ▀ █ █ ▀ █▄▀▄▀▄█ █▄▄▄▄▄▄▄█
█ ▄  ██▄█  ▄▄▄▀█████▀█ ▄  ▀▄▄▄   █ ▄▀▀▀█ ▄▄ ▄████  ██▄▄ ▀ █
█ █ ▄█▄▄ ██ ▀  ▀▀  ██ ▄▄ ▄██▄▀  █ █▀▄▀█▄█ ▀ █▀█▄▄█▀██  ▄  █
██▄ ▄▀▀▄▀▀▄▄▄▀▄ ▀▄█▄▀▀█▄▄▄▄▀███▀██▀██  ▀█▀█▄▀█ ███ ▀█▀█▄▀██
█▀▀ ▀  ▄▄█▄▀  ▄███ █ ▄▀▀▄█ █▀██▀▄▀█▄ █▀██ ▀ ▀▀▄ ▄ █▀█ ▀ ▄██
█▄ █▄▀ ▄▀ ▄ ▀█    ▀▀ █ █ ██▄▄▄ ▄▀▄▄▀ ▀█▄██ █     ▄█▄▄▀ █▀ █
█▄▄█▀▄▀▄ ██▀▀▀▀▀███▀▀▀▄█ █▄ █ ▄▄▀▄█▄█ ▀ ▀█▀▄▄█ ▀▄▄▀▀▄ ██ ▀█
█▀▀▄▄▀ ▄▀▀ █ ▄ ██ ▄▀██ ▄▀█▀ ▄ █ ▄▀▀█▀▀▀█  ▀ ██▀▄▄ ▀█ ▄██▀▀█
█▄█▀▀▀█▄▀ ▀ █▀█▀▀▄   ▄    █▀▀▄▀▄▀█ ▄ █▄█▀█ █ █▄▄▀▄▄▄▀  ▄█▄█
█ ▀▀█▀▄▄▀▀▄ ▄    ▄ ▄█ ███▄▀▀█▀▄█▄▄  ▄ ▀▀▀▀▄█ ▀▀▄▄██▀▀█▀█▄▄█
█ █▄▀ ▄▄▄ ▀▀▄█ ▀  ▄▄▀▀█▄█▀▀ ▄▄▄ ▀ █ ▄▄▄  ▀  ▀ ▀█▀ ▄▄▄ ▀▀▀██
█ ▄ ▀ █▄█ ▄  ▀▄▄  █▄█▄▀▀ ▄█ █▄█    ▀▀▀▄▄▄▀ █▀▄█▀▀ █▄█ ▀█▄▄█
█▄▄▄  ▄▄▄ ▀▀▄██ ▄ ▄▄███▀  ▀▄▄ ▄▄▀  ▀▀   ██ ▀█ █▄▄ ▄▄▄▄▄█▄▀█
█▄ ▀█  ▄▀▄▀ ▄█ ██▄▀█ █   ▀█▄ █▀▀▀█ ▄ ▀█▄▄ ▀ █▀▄▄██ █▄█ █▀██
█ ▀██▄▄▄ ▄█▄ ▀ ▄██ █▄▄▄▄▀ ██▀█ █▀ █  ▄ ▀▄ █▀▀ ▀  ▄▄▄   ▄  █
█▀█▄█▀ ▄ █▄█ ▄ ▀███ ▀███ ▄█████▄▄█ █ ▄█▀▀▀██▄██▄██ ██▄ ▀▄██
█▄█▄▀▀ ▄ ▀▀██ ▀▄ ▄ ▀   █▄▀█  ▄▄█ █▀█▄▀▄▄▀ ▀ ▄█▄▀ ▄▀█ ▄█ █▄█
█▀█▄▄█ ▄▄█   ▀██▀  ▀ █ ▀█▄▀ ▀  ▄█▄▄▀▀█▄█▄▀▀▄▄▄  ▄▀▄ ▀ ▀▄█▄█
█▀█ ▄▄█▄█▀▄█▀▄ ▄ ██▄ ██ ██▀██▀▄ ▀▀▀█▀▄  █▄▄▄█▄▄██  ▀█▄██▄██
█  ▄ ▀ ▄▄▀ █▄▀▄▄▄█▀▀▀▄ █▀▀██▄▄ ▀▀█▄▄▄█▀█    ▀▀█▄█ ▀ ███▀▄ █
█ ▀ ▀▀▄▄ ▀  ▄▀█ ▄▀ ▀ ▀▀▄▄▄▄▀▄██▀  ▀▄▄▄▀ █▀ ███ ▄▀▀█ ▀▄ ▄ ▄█
███████▄▄▀▀ █▀ █ ██   ███▄▀ ▄▄▄  █ █ ▄▀▀▀▀██▄████ ▄▄▄ █▄▀▀█
█ ▄▄▄▄▄ ███▄▀▀█▄█▄██ █ ▀▀▀█ █▄█ █▀ ██ ▀ ▄▄▄▄██▄██ █▄█  ▀▀██
█ █   █ █▀▄ █▄█ ▀█▀█ ▄██ ▀█ ▄▄     ▀██▄█▄▀▄▄ ▄ ▀█ ▄▄ ▄▄▄▀██
█ █▄▄▄█ █ ▄█▄     ▀ ▄▀███▀█▀█▀█▀▄   ▄ ▀▀▄▄ █▄█ ▄▀▄▀ ▄█▄▄█▀█
█▄▄▄▄▄▄▄█▄█▄█▄█▄██▄█▄█▄▄█▄███████▄██▄█▄▄▄▄▄████▄█▄██▄██▄███

❌ Bot disconnected (408), reconnecting in 5s...
❌ Bot disconnected (408), reconnecting in 5s...
Scan this QR code:
▄▄▄▄▄▄▄▄▄▄▄▄▄▄▄▄▄▄▄▄▄▄▄▄▄▄▄▄▄▄▄▄▄▄▄▄▄▄▄▄▄▄▄▄▄▄▄▄▄▄▄▄▄▄▄▄▄▄▄
█ ▄▄▄▄▄ █▀ █▀ ▀▀▀█▄▀ █ ▄▄▄▄█▄▄▄▄ ▀▄▀▄▀▄▀▀█ ▄  ▄▄ ██ ▄▄▄▄▄ █
█ █   █ █▀  ▀▄ ██▄▀ █▄▄▄▀ ▀█▄█ ▄ ▄█ ▀ █▀█▄▄ ▀█ ▄ ██ █   █ █
█ █▄▄▄█ █▀▀█▄▀█▀▄█▄█▄ ▄█▀ █ ▄▄▄ ▄█▀█▄ ▄▀▄▄▄▄█ ▀▀▄██ █▄▄▄█ █
█▄▄▄▄▄▄▄█▄█ █ ▀ ▀▄▀ ▀ ▀ █ █ █▄█ ▀▄█ ▀▄█ █ █▄▀ ▀ ▀▄█▄▄▄▄▄▄▄█
█  ▄ ▄█▄▄ ▀ ▀█ ▀ ▄▀▄ █▀▀▄▀▄▄    ▀█▀█▀  █▀█   █▄▄  ▄█▄█▄▀▄▀█
█  ▀██▀▄▀▄█▄ ▀▄ ▄ ▀ ▀▀▀ █ ▀▄▄▄ █▀▀▄██▀▀▄▀▀ █▀▀▄█▄ ▄▄ █▀▀ ██
█▀▀ ▄▄▀▄█▀ █  ▄▄▄█▀ ▄▄▀▄  ▀ ▀█▀██▀█▄  ▀█▀█▀ █▀▄█▀▀▀▄██▀▄███
█▄█▀ ▄▄▄ ▄ ▄▄▀▀█ ▄▀ ▀█▄▀▄ ▀█▀▄▀ ██▄█ ▀▀█  ▄ ██▀ █ ▀█▀█▀▀ ██
█▀██▄  ▄   ▄█▄▄█▄▄▄ ▄▄ ▀  █▀▀ ▀ ▄▀ █  ▀▄█▀▀  ▀▀█ ▀███▀ ▀█ █
█▀▄ ▀  ▄██▀▀▀▄▀█▀▄ ▄  ▄▀▄  ▄▀  ██ ▀ ▀▀ ▀█▀▄█▀▄█ ▀  ▄▄▀▀▀▄▀█
█▄  ▀▄▀▄ ▀▀███▀█▄▀▄▄▄█▀█▀▄▀ ▀▀▀ ▄▀▄█ ▄▀█▀█▀  █▄█▄▀▀█▄▀█  ▀█
██▄██▄ ▄▀  ██▀ ▀▄ ▄ ▄█  ▀█▀ █▀█▄█▄▄ █ █ ▄▄█▀▄█▄▀▄▀█▀▄▀▀▀▀██
██ ▄ ▄▄▄▄▀▀█▀█▀▀▄█  █▄██  ▀█▀▀█▀▄ ▄ ▄▄▀▄▀██▀▄█▄█  ▄██▀█ ▄▄█
██ ▀▀ ▄▄▄ █▄▄█▄ █▄▄█ ▀▄█  ▄ ▄▄▄    █▄▀▀ ▀▀▄▀▄█ ▄▀ ▄▄▄ ▀  ▀█
█▀▄▀  █▄█ ▀▀▄▄  ▀▄▄▀ █▄█▀ ▀ █▄█ ▄███   ▄██   ▀▄▄█ █▄█ █▀▄ █
█▀▀▀▀▄▄▄▄▄▄█  █▀▀▄▄██▄▄  ▀▄ ▄▄▄▄█▄▄▀███▄▄ ▀▀██ ▄▄▄  ▄▄ ▀ ▀█
█▀▄▀ ██▄██▄▀█▄ █▄▄▄▄█▄▀█▄▀▄▀▄▄▀  █▀█  ▀▄▀▀   ▀ ▄▀▄▀ ▄▄▀▀▀ █
███▀▄█▄▄▄  ▄▄ ▄ ▀▀▀ ████▀▀▄▄▄▄▀ ▀█▄▄ ▄  ▀█▀█▀██▄▀▄ █▄▄  ▄██
█▀▄ █▀▄▄  ▄▄ ▀▄ ▀█▄▄▀▀▀█▄ █▄▀█▀▄▄███   ▄█▀▀ ▄██▄▀█ ███▀▄█ █
██▀█▀█▀▄▄▀▄▀▄  █▀█▀▄▀  ▀▄ █ ▀█▀▄ █ ██ ▄█▄ █▀▀▄▄▄▀▄▄▀ ▀▀▀▄▄█
█▄▄▄▄▀█▄█ █ ▀▀▀ ▀▄  ▄▄▀▀▀▀█▀█▄ ▄▀█▀█▄ ▀▄▄█▀ ▄█ ██▄▄▀▄▄ ▄█▀█
█ ▀▄█▀▀▄█▀ ▀▀█▄███▀ ▄ ▀ ▀ █▀ ▀  ██▀▀▀▀▄▄▄█ ▀ ▀▄▄██ ▀▄█ ▀▀██
█ ▄▄▀ ▀▄ █▀▄▄ ▀▄██▀ ▄▄▀▄  ▄ ██ █ █▄▄▄▄▀▄██ ▀▀██▄▀  █▀▄▄██▀█
█ ▀ ▀▀▄▄▀ ▀█ ▄█▀ ▀▄██▄▀ ██▄▄ ▀▀▄▀ █▀  ██  ▀ █▄ ▀██ ▀ ▄   ▀█
███████▄█▀▀ ▀▀ ▀█▄  ▄▄▄▀▄▀▄ ▄▄▄  ▀▄█▄▄ ███▀▀ ▀███ ▄▄▄ ▄▄▀ █
█ ▄▄▄▄▄ █▄▄ ▄██  █ ▀ ███▄ █ █▄█ ▀▀▀▄▀██ ▀ █▀▀█ █▄ █▄█ ▀▀ ██
█ █   █ █ █▀█ █ ▄▀▀▄▄██▀▀▄     ▄▄▀█▄▄▄▄█ █   ▀██▄  ▄▄ █ ▄██
█ █▄▄▄█ █  █▀▀▄ ▄ ▀▄▄█ ▄▀██ ▀▀▀████▀ ▀ ▄█ ▄▀▀   ▄  ▄█▀  ███
█▄▄▄▄▄▄▄█▄▄▄▄█████▄▄█▄██▄▄▄████▄▄▄▄▄▄▄█▄▄██▄███▄▄▄▄███▄█▄██

Scan this QR code:
▄▄▄▄▄▄▄▄▄▄▄▄▄▄▄▄▄▄▄▄▄▄▄▄▄▄▄▄▄▄▄▄▄▄▄▄▄▄▄▄▄▄▄▄▄▄▄▄▄▄▄▄▄▄▄▄▄▄▄
█ ▄▄▄▄▄ █▀█▄▄ █▀█▀█▀ █▄█▄▄ ██▀ ▄▄ ▀▀▀▀▄▀▄▄ ▄ ▄▄▄ ██ ▄▄▄▄▄ █
█ █   █ █▀▄ ▀▄▀█▄██▀██▄▄ ▀▀█▀▄▄ ▀▄█ ▄▀█▀██▀▄▀▄ ▄ ██ █   █ █
█ █▄▄▄█ █▀ ██▀ ▄▄███▄ ▀▄▀ █ ▄▄▄ ▄▀▄▀ ▀▄▀▀█▀▄█ ▀▀▄██ █▄▄▄█ █
█▄▄▄▄▄▄▄█▄▀▄█▄█▄▀▄▀ ▀ █ █ █ █▄█ ▀▄█ ▀▄█▄█ ▀ ▀ █▄▀▄█▄▄▄▄▄▄▄█
█ ▄  ▄▀▄▄▄▄█▀▀ █▄▄█▄ █▀█ ▀  ▄▄  ▀█▀█▀  █▀█▄▀██▄▄▄▀ █▄█▄▀ ▀█
██▀▀▀▀▄▄████▀▀▄ ▄▄▀ ▀▀▀ ▀▀▀█▀█▀█▀▀ ▀█▄██ ▄▄▀▀  ▄▀▀█▄▄ ▀▀▄▀█
█▀▄▀█▀█▄█▀▄▀ █▄▄█▄▀ ▀█▀▄  █▄██▀██▀██▀▄▀█▀▀ ▀▀▀▀█▀  ███▀▄▀▀█
█▄  ▄▀ ▄▄██  ▀██▄▄ ▄▀▄▄ ▄▄▀█ █▀ █▀ █▄ ▄█▄▀█▀▄█▀▄ ▀▄▀▄   ███
█▀▄███▀▄█▀▀▄  ▄▀▄█▀▄▀███▀▀▀█▀ █ ██▀▄  ▀▄▀█▄▀ ▀██▀▀▀█▀█▀▀███
█▀▀▄█ ▀▄ ▀▀▀██▀█ ▄▀█▀█ █▄ ▄▄▀  ▀█ ▀▄▄█ ▄▄▄▄▀▀██▀  ██  ▀▀ ██
█▄█▄█▀▄▄ ▀▀▄ ▀▀█▄▀▄ ▄█▀█▀▄  █▀█▀▄▀ ▄▄▄ ██▀▀▀ █ █▄▀▀█▀██▄ ▀█
█▀▀ ▄██▄█▀ ▄▀▀ ▄▄ ▀█▄██▄▀█▀ ▄  ▀█▄█    ▄▄ ▀ █▄▀  ▀▄▀  ▀▀▀██
█▄▀█▀▄▄▄ ▀ ▀ ▄▀▄▄▄▄ █▄▀█▀ ▀█▀▀ ▀▄ ▄  ▄▀██▀ ▀ ██▄ ▀▀▄███▀▄ █
█▀▄▄  ▄▄▄ █▀█▀██▀▀▄█ ▀▄██ █ ▄▄▄   ▄▀▄█▀▄▀  ▀   ▄█ ▄▄▄ ▀  ██
██ ▀▀ █▄█ ▀ ▀▄ ▀█▄▄▀▀█▄█▀▀█ █▄█ ▄▀█▄ ▄ ▄▀█▀▀████  █▄█ ▀  ██
█▀▄   ▄▄▄▄█▀ ▀█▄  ▄ █▀▄▄▄▄      ▀▄▄ █▄█▄▀▀▀▀█  ▀ ▄▄▄▄▄▀▀▄██
█▀▀▄█▀ ▄ ▄ ▀▄▄▀█▄▄▄▄ ▄▀█▀ ▄▄██▀  █▀█▄  █▀▀▀▀▄▀▄▄█▀▀█▀▄▀█ ▀█
██ █▄ █▄█▀  ▀▄▄█ ▀▀ █▄▀  ▀▀▄ ▄▀ ▀█ ▄ ▄▄▀ ▄▄█ ▀▄▄ ▀ █ █▀▀ ██
██▄ ▀▀▄▄ ▀ █▄█ █▀█▀▄▀▀▀█▄ █▀▀█▄  ▀▄█▀▄████▀▀▀▀▀▄▀▀ ▀▀▄▄█▄▀█
██▄▄   ▄▀▀▀▄▀█ ▀▀█  ▀ ▀▄▄ ▄ ▀█ ▄▀█ ▄▄ █▄  ▀▀███  █ █▀██▀▄▄█
█▄▀█▀▀ ▄ ▄▀▄ ▀▄▀▄▄▀▄▄▄██▄▀█▀▄▄▀▀▀█▀█   ▄▀█ ▀ ██▄█▄█▀▄▄▄▀▀██
███▄ ██▄██ ▄▀▄▀▄▄█▀  ▀▀ ▀▀█▀▀▀ ▄▀████ ▄ ▀▄  █ ▄█▀▄ █▀▄ ▀▄▀█
█▀▀█▀█▄▄ ▄█▄▄  ██▄▀  ▄▀▄▀ ▄ ██   █▄█▄▄ █▀▀▀  ▀▄▄▀▄▄██▄▀██ █
█ ▀ ▀▀▄▄ ██▄█▄▀▀▀█▄▄▄ ▀▀█▀  ▀▀▄▄▄▀▄ ▀███▄██▀▀▄▄█▀▀▀▀▀   ▄██
███████▄█▀█ ▀█ ▀██▀▄▀███▄▀▀ ▄▄▄  ▀▄██▄ ██▀▀▀▄█▄██ ▄▄▄ ▀▀█▀█
█ ▄▄▄▄▄ █▄▄█▀ ▄▄ ▄█▄ █▀ ▄ ▄ █▄█  █▀▄▀▄▀ ▀▀▄▄  ▄██ █▄█   ▄██
█ █   █ █ ▀▄▀▄▀▀▄▀  ▄█ ▀▀▄▀ ▄  ▄▄▀██▄▄ ▄▀██▀▀████▄ ▄▄▄█▀▄██
█ █▄▄▄█ █ █▀ ▀▀█▄ █▄▄█▀█▀███▀▀▀███▄ ▀█▀█▀█▄▀█ ▄▄█ ▀▄▀▀  ███
█▄▄▄▄▄▄▄█▄██▄▄█▄▄▄▄▄██████▄████▄▄▄▄▄▄▄█▄██▄▄▄█▄███▄█▄███▄██

Scan this QR code:
▄▄▄▄▄▄▄▄▄▄▄▄▄▄▄▄▄▄▄▄▄▄▄▄▄▄▄▄▄▄▄▄▄▄▄▄▄▄▄▄▄▄▄▄▄▄▄▄▄▄▄▄▄▄▄▄▄▄▄
█ ▄▄▄▄▄ █▀ █▀  ▀██▄▀ █ █▄ ▄█▄▄▄▄ ▀▀█▀▀ ██▄    ▄▄ ██ ▄▄▄▄▄ █
█ █   █ █▀  █  ███▀ ██▄▄▀ ▀█▄█ ▄▀▄█ ▀▀█▀█▄▄ ▄▄ ▄ ██ █   █ █
█ █▄▄▄█ █▀█▀▀██▀▄█▄█▄ ▄█▀ █ ▄▄▄ ▀▄▀█▀▄▄▀██▄▄█▄▀▀▄██ █▄▄▄█ █
█▄▄▄▄▄▄▄█▄▀▄▀ ▀ ▀▄▀ ▀ ▀ █ █ █▄█ ▀▄█ ▀▄█ █ █▄▀ ▀ ▀▄█▄▄▄▄▄▄▄█
█  ▄ ▄█▄ ▄ ▀▄▄ ▀ ▄▀▄ █▀▀▄▀ ▄    ▀█▀█▀  █▀█   █▄▄ ▀▄█▄█▄▀▄▀█
█  ▀██ ▄ ▄█▀ █▄ ▄ ▀ ▀▀▀ █ ▀▄ ▄ █▀▀▄██▀▀▄▀▀▄█▀▀ █▀▀▄▄██▀▀ ██
█▀▀ ▀▄▀▄▀▄█   ▄▄▄█▀ ▄▄▀▄  ▀▀██▀██▀ ▄  ▄▄▀█  █▀█▄▀ ▀▄█▀█▄███
████▀▄▄▄ █ ▄▄▀▀█ ▄▀▀▀█  ▄ ▀█▀█▀ ██ ▄ █ ▄ ▄  █▀██▄▀▀█ █ ▀ ██
█▄ ▀▀  ▄   ▄█▄▄█▄█  ▀▄▀▀ ▀█▀▀   ▄▀▀██▄▀▄▀▀▀▀█▀▄█ ▀███▀▀▀█ █
█▀█▄▄▄ ▄██▀▀▀▄▀█ ▀ ▄▄ ▄▀▄▀ ▄▀ ▀▄▀ ▀ ▄  ▀█▀▄▄ ▀▄▀▀ ▄ ▄▀▀▀ ██
█▀▄ ▀▀▀▄ ▀▀█▄▄▀█▄▀▄▄▄█▀█▀▄▀ ▀▀▀ ▀▀▄█▄▄▀███▀ ▀█▄█▄▀▀█▄▀█  ▀█
██▄███▀▄█▄███ █▄▄ ▄ ▄█  ▀█▀ █▀█▄▄█▄ ▄ █ ▄▄█▀██▄▀▄▀▄▄▄█▀▀▀██
██ ▄ █▀▄▄██  █▄█▄█  █▄██  █▀▀▀█▀▄ ▄ ▄▄▀▄▀██▀▄█▄█  ▀█▀██ ▄▄█
██ ▀▀ ▄▄▄ ▄  █▄██▄▄█ ▀▄█    ▄▄▄   ▄▀▄▀█▄▀▀▄█▄█ ▄  ▄▄▄ ▀  ▀█
█▀▄▄█ █▄█ █ ▄▄▄█▀▄▄▀ █▄█▀ █ █▄█ ▄██▄  ▄███▄  ▀ ▄█ █▄█   ▄ █
█▀█▀▄▄ ▄▄▄▄█  █▀▀▄▀▄█▄▄▄ ▀▄ ▄▄▄▄█▄▄▀█▀ ▄ ▄▀▀▀▀ ▄▀▄ ▄  ▀▀ ▀█
█▀██ ██▄█ ▄▀█▄ █▄▄▄▄▀▄██  ▄▀█▄▀  █▀█▄▄ █▀█▀▀█▀▀▄▀█▀ ██  ▀ █
█▄ ▀ █▄▄ ▄ ▄▄ ▄ █▀▀ ▄▀██▄▀▄▄▀▀▀ ▀█▄▄▀█   ▄▀▄█ █▄▀▄ █▀▄  ▄██
██▀ █▀▄▄  ▄▄█▀▄ ▀█▄▄▀▀▀█▄ █▄▀██▄ ███▀  ▄██▀ ▄▀█▄▀█ ███▀▄█ █
██▀█▀█▀▄▄▀ ▄ ▀█ ▀█▀▄▀  ▀▄ █ ▀█▀▄ ▄ █▄ ▄█▄▀█▀▀█▄▄▀▄▄▀ ▀▀▀▄▄█
█▄▄▄▄▄▀▄█  ▀ ▄▄ ▀▄  ▄▄▀▀▀▀█▀█▄ ▄▀█▀█▄ ▀▄▄█▀ ▄█ ██▄▄█▄▄  █▀█
█ ▀▄█▀▄▄█▀ ▀▄█ ▀██▀ ▄ ▀ ▀ ▀▀ ▀  ██▀█▀▀▄ ▄█▄█ ▀▄ ▀█ █▄█▀ ▀██
█ ▄ ▀█ ▄█▀ █▄ ▄███▀ ▄▄▀▄  █▀██ █ █▄▄▄▄ ███ ▀▀██▄▀ ▄▀███ █▀█
█ ▀ ▀▀▄▄██▀█ ▄█▀ ▀▀▄█▄█▀███  ▀▀▄▀ ▄▀▄ ██▄ ▀▀▀▄▄▄▄█ ████  ▀█
███████▄▄ ▀ ▀▀ ▀▄█▄▄ █▄▀▀▀▄ ▄▄▄  ▀▄█ ▄ █▄▀▀ ▄███▀ ▄▄▄ ▄█▀ █
█ ▄▄▄▄▄ █▄▄ ▄██ ▀▀ ▀ ███▄▄█ █▄█ ██▀▄▀▄▄ ▄█▄▀█  ██ █▄█ ▀▀ ██
█ █   █ █ █▀█▀█ ▄▀▀▄▄██▀▀▄  ▄  ▄▄▀█▄▄ ▄█▀█  ▄▀██▄  ▄ ▄█ ███
█ █▄▄▄█ █ ▄▀█▄ █▄ ▀▄▄█ ▄▀██ ▀▀▀████▀▀▀ ▄█ ▄▀ ▀  ▄  ▄▀█  ███
█▄▄▄▄▄▄▄█▄▄▄▄█████▄▄█▄██▄▄▄█▄██▄▄▄▄▄▄▄█▄▄██▄███▄▄▄▄█▄▄▄█▄██

Scan this QR code:
▄▄▄▄▄▄▄▄▄▄▄▄▄▄▄▄▄▄▄▄▄▄▄▄▄▄▄▄▄▄▄▄▄▄▄▄▄▄▄▄▄▄▄▄▄▄▄▄▄▄▄▄▄▄▄▄▄▄▄
█ ▄▄▄▄▄ █▄▀▄ ▄▄▄▀█ █ █▀▄▀▄ ▀▀▀▄ ▄▄ ▀██▀█  ▄▄ ▀ ▄ ██ ▄▄▄▄▄ █
█ █   █ █ █▀█▀ ██▄█ ████▀  █ █▄▀ ▄▄▀▀ ▄▀ █▀█ █▀▄ ██ █   █ █
█ █▄▄▄█ █▄█▀▀█▄█▀▀▄  ▀▄  █▀ ▄▄▄   ▀█▄▄  ▀█ ▀▀█▄▀▄██ █▄▄▄█ █
█▄▄▄▄▄▄▄█▄▀ ▀ █ █▄█▄▀▄▀ ▀▄█ █▄█ ▀ ▀ █ █ ▀ █▄▀▄▀▄█ █▄▄▄▄▄▄▄█
█ ▄  ██▄█▄▀█▄ ▀█████▀█ ▄  █▄▄▄   █ ▄▀▀▀█ ▄▄ ▄███   ██▄▄ ▀ █
█ █ ▄█▄▄█▄██▄▄ ▀▀  ██ ▄▄ ▄█▄ █  █ ▀█▄▀▀ █ ▀▄█▀█▄▄▀ █ ▀ ▄  █
██▄█▄▀▀▄▄ ▀ ▄▀▄ ▀▄█▄▀▀█▄▄▄▄ ▄▀█▀██ ██ █▀█▀██▀█▀██▄ ▀███▄▀██
██▄▀▄  ▄▄▄▄▀  ▄███▀▀ ▄█▄▄█ █ ██▀▄▀██ ██ ▀ █ ▀█   ▀█▀▄ ▀ ▄██
█  █▀▀ ▄▀ ▄ ▀█   ▀▀▀▄█ █ ▄█▄▄▄▀█▀▄█▀▄█ ▄▄█▀▄▄▄▀  ▄█▄▄▀▀██ █
█▄ █▀▄█▄ ██▀▀▀▀▀█▄█▀█▄▄█▀█▄ █ █▄█▄█▄▄   ██ █▀▄ ▀▄▄▀▀▄ ██▄▀█
█ ▄▄▄█ ▄▀▀ █▀▄ ██ ▄▀██ ▄▀█▀ ▄ █ ▀▀▀█▄█▀█  ▀ ▄▀▀▄▄  ▄ ▄██▀▀█
█▄█▀▀▄▀▄▀ ▀ ▄▀█▀▀▄   ▄    █▀▀▄▀▄ ▄ ▄▀█▄█ █ █▀█▄▄▀▄  ▀  ▄█▄█
█ ▀▀█▄ ▄  ▄██▄ █ ▄ ▄█ ███▄▀▀█▀▄█▄▄  ▄ ▀▀▀▀▄█ ▀▀▄▄█▀ ██▀█▄▄█
█ █▄▀ ▄▄▄ ███▀▀▄  ▄▄▀▀█▄█▀█ ▄▄▄ ▀ ▀ ▄▄ ▄ ▀  ▀ ▀▀▄ ▄▄▄ ▀▀▀██
█ ▄█▀ █▄█ ▄▄ ▀▀▄  █▄█▄▀▀ ▄▀ █▄█   ▀ ▀▀▄█▄▀▀█▀▄ ▀  █▄█ ▄▄▄▄█
█▀▄  ▄ ▄▄▄▀▀▄██ ▄  ▄██▀█   ▄▄ ▄▄▀ ▀ █▄  ██▀▄▀▄  ▄▄  ▄ ▄▄▄▀█
█▀▄▀▄  ▄ █▀ ▄█ ███▄█ ▄█ ▀▀█▄██▀▀▀█ ▄▄▀▀▄▄▄▄▀█▀███▄ █▄▄▀▄███
███  ▄▄▄█▀█▄ ▀ ▄██ ██▄▄▄█▀██▀▄ ██▄█ ▄  ▀█▀▄ ▀█   ▄▄▄█▀ ▄  █
██▀▄█▀ ▄ █▄█   ▀███ ▀███ ▄████▀█▄▀ █▄ █▀▀███▄▀█▄██ ██▄ ▀▄██
█▄█▄▀▀ ▄ ▀█ ▀ ██ ▄ ▀   █▄▀█  ▄▄▀▀█▀█▄ ▄▄▀▀▀ ▄▄▄▀ ▄▀█ ▄█ █▄█
█▀█▄▄▄█▄▄█▄▄▄█ ▀▀  ▀ █ ▀█▄▀ ▀  ▄█▄▄▀▀█▄█▄▀▀▄▄▄  ▄▀▀▀▀ ▀▄█▄█
█▀█ ▄█ ▄█▀▀▄▄  ▄ ██▄ ██ █████▀▄ ▀▀▀█▀▄▄ █▄▄ █▄ ▀█▀▄██▄▄▄▄██
█  ▀█▀▄▄█▄██▄▀▀▄▄█▀▀▀▄ █▀▀▄▄▄▄ ▀▀█ ▄▄█▀▄    ▀▀▄██▀█▀▄▄ ▄▄ █
█ ▀ ▀▀▄▄▄▄  ▄▀█ ▄▀▀▄ ▀▄█▄▄██▄██▀   ▄  ▀█▀█▄ ██▀▀ ▀▄▄██ █ ▄█
███████▄█ ▀ █▀ █ ▄ ▄▄ ▀██▄▀ ▄▄▄  █ █▄ █ █▀▄█ █ █▀ ▄▄▄ █▄▀██
█ ▄▄▄▄▄ ███▄▀▀█▄▀ ███▄ ▀▄▀█ █▄█ ▀▀ █▄▄  █ ▄▄  ██▀ █▄█  ▀▄▀█
█ █   █ █▀▄ █ █ ▀█▀█ ▄██ ▀█ ▄▄  ▀  ▀ █▄█▄▀▄▄▀  ▀▄ ▄▄ ▄▄▄▀▄█
█ █▄▄▄█ █  ▀▄▄█▀  ▀ ▄▀███▀█▀▀██▀▄▀  ▄ ▀▀█▄ █▄█ ▄▀▄▀  █▄▄█▀█
█▄▄▄▄▄▄▄█▄█▄█▄▄███▄█▄█▄▄█▄██▄████▄██▄█▄▄▄▄▄████▄█▄██▄▄█▄███

Scan this QR code:
▄▄▄▄▄▄▄▄▄▄▄▄▄▄▄▄▄▄▄▄▄▄▄▄▄▄▄▄▄▄▄▄▄▄▄▄▄▄▄▄▄▄▄▄▄▄▄▄▄▄▄▄▄▄▄▄▄▄▄
█ ▄▄▄▄▄ █▀ █▀   █▀█ ▄▀ ▄▄ ▄█▄▄▄▄ ▀█▀ ▀▄▀█ ▄ ▄▀▄▄ ██ ▄▄▄▄▄ █
█ █   █ █▀  ▀▄ ███▀ ▄█▄▄▀▀▀█▄█ ▄ ██   █▀▄█▄ ▀█ ▄ ██ █   █ █
█ █▄▄▄█ █▀██  █▀▄█▄█▄ ▄█▀ █ ▄▄▄ ▄ ▀██ ▄▀▄▄▄▄▀▄▀▀▄██ █▄▄▄█ █
█▄▄▄▄▄▄▄█▄▀ ▀▄▀ ▀▄▀ ▀ ▀ █ █ █▄█ ▀▄█ ▀▄█ █ █▄▀ ▀ ▀▄█▄▄▄▄▄▄▄█
█  ▄ ▄█▄ ▄▀▄ ▀ ▀ ▄▀▄ █▀▀▄▀▄     ▀█▀█▀  █▀█   █▄▄▀  █ █▄▀▄▀█
█  ▀█▄ ▄█▀▀▀▀▀▄ ▄ ▀ ▀▀▀ █ ▀▄▄  █▀▀ ██▀█ ▀▀▄▀▀▀ ▀▀▄▄▄▀█▀▀ ██
█▀▀▀▀▄▀▄ ▄█▀  ▄▄▄█▀ ▄▄▀▄  ▀▀██▀██▀▄▄  █▄▀█ ▀█▀█▄▀▀▀▄▀██ ███
█ █ █▄▄▄▀▄ ▄▄▀▀█ ▄ ▀▀██▄▄ ▀█ ▄▀ ██▄▄▄▀▄    ██▀███ ▀█ ▄   ██
█▄▄ ▄  ▄   ▄█▄▄██▄▄▄▀█▀█▄▀█▀▀  ▀▄▀▀▄ ▄██▄█ ▀▄▀▄▄ ▀███▀  ▀ █
██▄▄  ▄▄██▀▀▀▄▀█▄▄ ▄ ▄▄▀▀  ▄▀  ██ ▀ ▀█   ██▄██▄ ▀   ▄▀▀▀▄██
█▄█ ▀▀█▄ ▀▀██▄▀█▄▀▄▄▄█▀█▀▄▀ ▀▀▀ ▄▀▄█ ▄▀███▀  ▀▄█▄▀▀▄▄▀█ ▀▀█
██▄██▀█▄▀▄  █ ▄ ▄ ▄ ▄█  ▀█▀ █▀█▄█▄▄ ▄ █ ▄▄█▀▄█▄▀▄▀▀▄ █▀▀▀██
██ ▄ ▀▀▄▄▄▀▀▀▀█ ▄█  █▄██  ▀█▀▀█▀▄ ▄ ▄▄▀▄▀██▀▄█▄█▀ ▀██▀█ ▄▄█
██ ▀▀ ▄▄▄ ██▀▄ ██▄▄█ ▀▄█    ▄▄▄   ▄█▄▀▀▄▀▀ ▀▄█ ▄▀ ▄▄▄ ▀  ▀█
█▀▄▄█ █▄█ ▀█▄▄▄▀▀▄▄▀ █▄█▀ ▀ █▄█ ▄███  ▀███ ▀ ▀██▀ █▄█   ▄ █
█▀ ▀▄▄ ▄  ▄█  █▀▀▄▀▀█▄ ▀ ▀█▄▄▄▄▄█▄█▀██▄ ▄▄ █▀▀ ▄   ▄ ▄ ▀ ▀█
█▄██▀██▄▄▀▄▀█▄ █▄▄▄  ▄▀▀▀▀▄▀▄▄▀  █▀█▀▄██▀▀▀▀██████▀ ██  ▀ █
█ █  █▄▄▄▀ ▄▄ ▄ ██▀ ▄ ██▀█▄▄▀▀▀ ▀█▄▄ ▄  █  █▀▄▄█▀▄ ██▀  ▀██
█   █▀▄▄  ▄▄█ ▄ ▀█▄▄▀▀▀█▄ █▄▀█   ███ ▄ ▄▄▀▀ ▄██▄▀█ ███▀▄█▀█
██▀█▀█▀▄▄▀▀█▄█▄ ▀█▀▄▀  ▀▄ █ ▀█▄  █ ██▀▄██▀█▀▀▄▄▄▀▄▄▀ ▀▀▀▄▄█
█▄▄▄▄▀▀▄█ █▀▀ ▄▀▀▄  ▄▄▀▀▀▀█▀█▄ ▄▀█▀█▄ ▀▄▄█▀ ▄█ ██▄█▀▄▄▄▄█▀█
█ ▀▄█▄█▄█▀▄█▀▀▀▀██▀ ▄ ▀ ▀ █▀ ▀  ██▀█▀▀ ▄▄█▄█ ▀▄ ▀▄▄█▄█  ▀██
█ ▄█▀█▄▄▀█▀ ▄ ▄▄██▀ ▄▄▀▄  ▄███ █ █▄█▄▄▀███▀ ▀█▄▄▀▄▀█▄▄███▀█
█ ▀ ▀▀▄▄██▀█ ▄█▀ ▀▀██▄▀▄██▄▀ ▀▀▄▀ █ ▄  █  █▀▀   ▀▀ ▀ ▄▀  ▀█
███████▄▄ ▀ ▀▀ ▀▄█▄ ▀███▀▀▄ ▄▄▄  ▀▄█  ▄▄▀█  ▄████ ▄▄▄ ▄██ █
█ ▄▄▄▄▄ █▄▄ ▄██  ▄ ▀▀████▀█ █▄█ ▀▀▀▄█▄▄ █▀▄ █▄ ▄▀ █▄█ ▀▀▄▀█
█ █   █ █ █▀▀▄█ ▄▀▀▄▄██▀▀▄  ▄  ▄▄██▄█▄▄█▀█   ▀██▄  ▄ ▄█ ███
█ █▄▄▄█ █ ▄▀ ▄██▄ ▀▄▄█ ▄▀██  ▀▀████▀▀  ▄█ ▄▀    ▄  ▄▀▀  ███
█▄▄▄▄▄▄▄█▄▄███▄▄██▄▄█▄██▄▄▄██▄█▄▄▄▄▄▄▄█▄▄██▄███▄▄▄▄█▄█▄█▄██

Scan this QR code:
▄▄▄▄▄▄▄▄▄▄▄▄▄▄▄▄▄▄▄▄▄▄▄▄▄▄▄▄▄▄▄▄▄▄▄▄▄▄▄▄▄▄▄▄▄▄▄▄▄▄▄▄▄▄▄▄▄▄▄
█ ▄▄▄▄▄ █▄▀▄ ▄█▄██ █ ▀ ▄ ▄ ▀▀▀▄ ▄▄▀█ ▀ ██▀ ▄▀  ▄ ██ ▄▄▄▄▄ █
█ █   █ █ █▀██ ██▄█ ▄███▀  █ █▄▀█▄▄▀  ▄▀ █▀█ ▄▀▄ ██ █   █ █
█ █▄▄▄█ █▄█▀  ▄█▀▀▄  ▀▄  █▀ ▄▄▄   ▀█▀▄  ▀  ▀▀█▄▀▄██ █▄▄▄█ █
█▄▄▄▄▄▄▄█▄▀ █ █ █▄█▄▀▄▀ ▀▄█ █▄█ ▀ ▀ █ █ ▀ █▄▀▄▀▄█ █▄▄▄▄▄▄▄█
█ ▄  ▀█▄█▄▄██▄▀█████▀█ ▄  ▀▄▄▄   █ ▄▀▀▀█ ▄▄ ▄███▀▀ █▀▄▄ ▀ █
█ █ ▄██▄██████ ▀▀  ██ ▄▄ ▄▀█ █  █ ██▄▀▀▄█ ▀ █▀█▄ █▀█▄▀ ▄  █
██▄▀ ▀▀▄█▀▀▀▄▀▄ ▀▄█▄▀▀█▄▄▄█  ██▀██▀██  ▀█▀▄█▀█ ██▄ ▀▀██ ▀██
█▀  ▄  ▄██▄▀  ▄███▀  ▄█▀▄█ █▀█▀▀▄▀ ▀▄█▄▄▀ ▄ ▀█▀▄▄ █▀█  ▀▄██
█▀█▄ ▀ ▄▀ ▄ ▀█   ▀▀█▄▄▄▀ ██▄▄▄▀▄▀▄▄▀▄█▀▄▄▀▀█ ▄   ▄█▄▄▀▀▄▀▄█
█▄ ▄ ▄▀▄ ██▀▀▀▀▀█▄█▀▀▀▄██ ▄ █ ▄▄▀▄█▄▄▄    ▀█ ▄▀ ▄▄▀█▄ ██▄▀█
███▄▄ █▄▀▀ █ ▀ ██ ▄▀██ ▄▀█▀ ▄ █ ▄█▀█▄▀▀█▄ ▀ ▄▀▀▄▄ ██ ▄██  █
█▄█▀▀▄ ▄█▄ █▀█▄█▀▄   ▄    █▀▀▄▀▄ ▄ ▄ ▄▄█ █ █ ▄▄▄▀▄▄▀▀  ▄█▄█
█ ▀▀█▀▄▄█  ▀██▀█ ▄ ▄█ ███▄▀██▀▄█▄▄  ▄ ▀▀▀▀▄█ ▀▀▄█▄▀▀██▀█▄▄█
█ █▄▀ ▄▄▄ █ ▀ ▀█  ▄▄▀▀█▄█▀▀ ▄▄▄ ▀ █▄▄▄   ▀  ▀ ▀█▄ ▄▄▄ ▀▀▀██
█ ▄█  █▄█  █ ▀▄█  █▄█▄▀▀ ▄▀ █▄█    ▀▀▀▀█▄▀ █▀▄▄ ▄ █▄█ ▀█▄▄█
██▄█▀▄▄▄ ▄▀▀▄██ ▄  ▄██▀▄   ▄▄ ▄▄▀  ▀▀ ▄▄▀▀▀▄█ ▀▄▀ ▄▄ ▄▄█▄▀█
██ ▄█  ▄█▀▀ ▄█ █ ████▄▄ ▀▀█▄▄▄▀▀▀█ ▄▄▀▀█▄▄█ █▀ █▀▄ ███▀█▀██
██ ▄█▄▄▄▀ █▄ ▀ ▄█  ███▄▄████▄▀ ██▄█  █▀  ██ ▀█▀ ▀▄▄▄█▀ ▄ ▄█
█▄ ▄█▀ ▄ █▄█   ▀███ ▀███ ▄████ ▄ █ █▄▄█▀ ███ ▀█▄██ ██▄ ▀▄▄█
█▄█▄▀▀ ▄ ▀█ ▄█   ▄ ▀   █▄▀█  ▄▀█▀█▀██▀▄▄  ▀ ██▄▀ ▄▀█ ▄█ █▄█
█▀█▄▄█▀▄▄█▀██ ▀█▀  ▀ █ ▀█▄▀ ▀  ▄█▄▄▀▀█▄█▄▀▀▄▄▄  ▄▀██▀ █▄█▄█
█▀█ ▄█▄▄█▀ ██▄██ ██▄ ██ █████▀▄ ▀▀▀█▀▄  █▄  █▄▄██ ▄██▄▀█▄██
█  █▄█ ▄ ██▄▄▀██▄█▀▀▀▄ █▀▀█▀▄▄ ▀▀█▀█▄█ ▄  █▀▀▀▄██ █ █▄▄▄▄ █
█ ▀ ▀▀▄▄ ▀  ▄▀█ ▄▀▀  ▀ █▄▄▄ ▄██▀   ▄ ▄█ ▀█▀▄▀█▀█ ▀  █ ▄█ ▄█
███████▄▄ ▀ █▀ ██▄▄▄▀▀▀█ █▀ ▄▄▄  █ █▄▄   ▀█▄ █▀▄█ ▄▄▄ ▄████
█ ▄▄▄▄▄ ███▄▀▀█▄▀▄██▀█ ▀█ █ █▄█ ▀▀ █ ▀▀▀█▀█▄█▀█▄▄ █▄█  ▀▀▀█
█ █   █ █▀▄  ██ ▀█▀█ ▄██ ▀█ ▄   █  ▀▀▀▄██▀▄▄ ▄ ▀▄ ▄▄ ▄▄▄▀▄█
█ █▄▄▄█ █ ▄▄█▀█▄  ▀ ▄▀███▀█▀▀▀█▀█▀  ▄▀▀▀▄▄ ██▄ ▄▀▄▀ ▀▀▄▄█▀█
█▄▄▄▄▄▄▄█▄██▄▄▄███▄█▄█▄▄█▄███▄███▄██▄█▄▄▄▄▄████▄█▄███▄█▄███

Scan this QR code:
▄▄▄▄▄▄▄▄▄▄▄▄▄▄▄▄▄▄▄▄▄▄▄▄▄▄▄▄▄▄▄▄▄▄▄▄▄▄▄▄▄▄▄▄▄▄▄▄▄▄▄▄▄▄▄▄▄▄▄
█ ▄▄▄▄▄ █▀ █▀  ▀█▀█  █ ▄▄ ▄█▄▄▄▄ ▀▀▀█▀▀▀▄▄ ▄██▄▄ ██ ▄▄▄▄▄ █
█ █   █ █▀  █▄ █▄▄▀ █▄▄▄▀▀▀█▄█ ▄▄▄█ ▄▀█▀▄▄▄ ▀▄ ▄ ██ █   █ █
█ █▄▄▄█ █▀███ █▀▄█▄█▄ ▄█▀ █ ▄▄▄ █▄▀█▀ ▄▀ ▄▄▄█▀▀▀▄██ █▄▄▄█ █
█▄▄▄▄▄▄▄█▄▀ █▄▀ ▀▄▀ ▀ ▀ █ █ █▄█ ▀▄█ ▀▄█ █ █▄▀ ▀ ▀▄█▄▄▄▄▄▄▄█
█  ▄  █▄▄▄▀▄ █ ▀ ▄▀▄ █▀▀▄▀▄▄    ▀█▀█▀  █▀█   █▄▄▀▀▄█ █▄▀▄▀█
█  ▀██▀▄▀▀    ▄ ▄ ▀ ▀▀▀ █ ██▄  █▀▀ ██▀▀ ▀▀ █▀▀ █ ██▄ █▀▀ ██
█▀▀▀▄▄▀▄▄  ▄  ▄▄▄█▀ ▄▄▀▄    ▀█▀██▀▀▄   █▀█ ▀█▀██▀▀▀▄▀▀▀ ███
█▄▄▀▀▄▄▄▀▄ ▄▄▀▀█ ▄ █▀██▄▄ ▀█ ██ ██▀▄ ██▄▄ █▄▀███▄█▀█ █ ▀ ██
█ ▀█   ▄   ▄█▄▄█▄█ ▄▀▄▀█  █▀▀   ▄▀▀▄ ▄ █▀▀▀▀ ██▄ ▀███▀  ▀▄█
█ ▀▄▄ ▄▄██▀▀▀▄▀███ ▄ ▀▄▀██ ▄▀  ▄█▄▀ ▀█▀ ███▄█ █ ▀   ▄▀▀▀ ██
█▀█ ▀▀▄▄ ▀▀██▄▀█▄▀▄▄▄█▀█▀▄▀ ▀▀▀  █▄█▄▄▀██▀▀ ▄▀▄█▄▀█▄▄▀█  ▀█
██▄██▄ ▄█ ▄█▀▄ █▄ ▄ ▄█  ▀█▀ █▀█▄▄█▄ █ █ ▄▄█▀▄▄▄▀▄▀  ▄█▀▀▀██
██ ▄ ▄█▄█▀▀  ▄▀ ▄█  █▄██  ▀█▀▀█▀▄ ▄ ▄▄▀▄▀██▀▄█▄█▀▀ ▄███ ▄▄█
██ ▀▀ ▄▄▄ ▀▀▀██▄█▄▄█ ▀▄█  ▀ ▄▄▄   ▄█▄▀▀▄▀▀▄▀▄█▄▄▀ ▄▄▄ █  ▀█
█▀▄█▀ █▄█   ▄▄▄▀▀▄▄▀ █▄█▀ █ █▄█ ▄█▄▄  ▀███▄▀ ▀ ██ █▄█ ▄▀▄ █
██ ▄▄ ▄▄▄ ▄█  █▀▀▄█▄█▄█▀ ▀▄ ▄▄▄▄█▄█▀███▀▄  ▀██▀▄▀▄ ▄  ▀  ▀█
██ ▀ ██▄▄▀▄▀█▄ ██▄▀▄▀█ ▀▀ ▄▀█▄▀  █▀█ ▄▄▄██▀▀▄█▄▄▀█▀ ██▀▀█ █
█▄ ▀▄█▄▄▀  ▄▄ ▄  ▄▀ ▀▄████▄▄██▀ ▀█▄▄▀▄   ▄▀▄▄███ ▄ █ ▄   ██
█ █ █▀▄▄  ▄▄█▄▄ ▀█▄▄▀▀▀█▄ █▄▀██▄ ▀██▄▄ ▄▀▀▀ ▄▀█▄▀█ ███▀▄█ █
██▀█▀█▀▄▄▀ ▀ ▄▀ ▀█▀▄▀  ▀▄ █ ▀█▄▄▀▄ ██▀▄██▀█▀▀█▄▄▀▄▄▀ ▀▀▀▄▄█
█▄▄▄▄ █▄█ ▄▀ ▀▀▀▀▄  ▄▄▀▀▀▀█▀█▄ ▄▀█▀█▄ ▀▄▄█▀ ▄█ ██▄ ▀▄▄  █▀█
█ ▀▄█▀▀▄█▀▄ ▄▄▄ ██▀ ▄ ▀ ▀ █▀ ▀  ██▀█▀▀  ▄█▄▀ ▀ ▄▀▀▀▀▄█▀ ▀██
█ ▄▀▀▀▄▄▀ ▄▀▄ █▀██▀ ▄▄▀▄  ▄ ██ █ █▄█▄▄ ▄██▀ ▀█▄▄▀  ▀██▀▀█▀█
█ ▀ ▀▀▄▄ ▄▀█ ▄█▀ ▀█▄█▄▄ ██▄▄ ▀▀▄▀ ▄ ▄ ▄█ ▄▀█▀▄██▀▄▀▀█ ▀  ▀█
███████▄▄▀▀ ▀▀ ▀▀▄▄▄▀▄█▀▀ ▄ ▄▄▄  ▀▄█  ▀▄▀▀  ▄██▄█ ▄▄▄ ███▄█
█ ▄▄▄▄▄ █▄▄ ▄██ ▄  ▀█ ██▄▀█ █▄█ █▀▀▄█▀▄ █▀█▀ ▀ █▀ █▄█ ▀▀ ▀█
█ █   █ █ █▀ ▀█ ▄▀▀▄▄██▀▀▄   ▄ ▄▄██▄  ▄█▀█  █▀███  ▄▄ █ ███
█ █▄▄▄█ █ ▀█   ▀▄ ▀▄▄█ ▄▀██ ▀▀▀█▄▄█▀▀▀ ▄█▀▄▀ ▀  ▄  ▄▄█  ███
█▄▄▄▄▄▄▄█▄▄▄▄█████▄▄█▄██▄▄▄█▄██▄▄▄▄▄▄▄█▄▄██▄███▄▄▄▄███▄█▄██

Scan this QR code:
▄▄▄▄▄▄▄▄▄▄▄▄▄▄▄▄▄▄▄▄▄▄▄▄▄▄▄▄▄▄▄▄▄▄▄▄▄▄▄▄▄▄▄▄▄▄▄▄▄▄▄▄▄▄▄▄▄▄▄
█ ▄▄▄▄▄ █▀█▄▄ █ ▀▀█ ▄██▄█▄ ██▀ ▄▄ ▀▀█▀▀▀▄▄ ▄█▀▄▄ ██ ▄▄▄▄▄ █
█ █   █ █▀▄ █▄▀█▄██▀█▄▄▄▀ ▀█▀▄▄ ▄▄█ ▀ █▀▄▄▀▄ ▄ ▄ ██ █   █ █
█ █▄▄▄█ █▀▄█▄  ▄▄███▄ ▀▄▀ █ ▄▄▄ █▄▄▀██▄▀ ▄▀▄ ▄▀▀▄██ █▄▄▄█ █
█▄▄▄▄▄▄▄█▄▀ █▄█▄▀▄▀ ▀ █ █ █ █▄█ ▀▄█ ▀▄█▄█ ▀ ▀ █▄▀▄█▄▄▄▄▄▄▄█
█ ▄  ▄█▄  ██▄▀ █▄▄█▄ █▀█ ▀▄▄▄▄  ▀█▀█▀  █▀█▄▀██▄▄▀  █▄█▄▀ ▀█
██▀▀▀▀▄▄██▄▄ ▀▄ ▄▄▀ ▀▀▀ ▀▀▀▄██▀█▀▀ ▀█▄▀█ ▄ ▀▀  ▄████ ▄▀▀▄▀█
█▀▄  ▀█▄▄▄   █▄▄█▄▀ ▀█▀▄  ▄▄█▀▀██▀█▄▀▄ █▀▀▀▀▀▀▄▄   ███▀ ▀▀█
█████▀ ▄▄██  ▀██▄▄▀█▀▄▄█▄▄▀█▀██▄█▀█▀ ▄█▄▄█▄  █▄█▄▀▄▀█▀▀▀███
█▀█▄▄█▀▄█▀▀▄  ▄▀█▄▄  ▄█▀▄▀▀█▀ ▀ ██▀▄   ██▀▀ ▄▀██▀▀▀█▀█▀▀▀██
█▄▄▄ ▄▀▄ ▀▀▀██▀█▀█▀██  █▄▀▄▄▀ ▀▀▀ ▀▄▀█▀█ ▀█ ▀ ▄   ▀█  ▀▀ ▀█
██▄▄██ ▄ ▀▀▄▄▄▀█▄▀▄ ▄█▀█▀▄  █▀█▀ ▀ ▄▄  ██▀▀▀▀█ █▄▀▀█▀██▄ ▀█
█▀▀ ▄▀ ▄█▀▄█ ███▄ ▀█▄██▄▀█▀ ▄  ▀▄▄█ ▀  ▄▄ ▀ ▄█▀  ▀█▄▄▄▀▀▀██
█▄▀█▀▀ ▄▄█▄█▄  ▀▄▄▄ █▄▀█▀ ██▀▀ ▀▄ ▄  ▄▀██▀ ▀ ██▄▀▀▀▄▀▀█▀▄ █
█▀▄▄  ▄▄▄ █▄▀██▄▀▀▄█ ▀▄██ ▀ ▄▄▄    ▀▄█▀ ▀  ▀      ▄▄▄ █  ██
██ ▄▀ █▄█ ▀▀▀▄▀██▄▄▀▀█▄█▀▀▀ █▄█ ▄▀▄▄ ▄ ▄▀█▀▀███▄  █▄█ ▀█ ██
███    ▄ ▄█▀ ▀█▄   ▄█▀▀█▄▄▀▄    ▀▄▄ █  ▄█▀█▀▀▄▄█  ▄▄▄▄ ▀▄██
█▄▀ ▄▀ ▄▄  ▀▄▄▀█▀▄▄  █▄▀▄▀▄▄▄▄▀  █▀█▄ ▀▄ ▀█▀▄▀ ▄█ ▀██▄▀█ ██
█▄▀ ▀ █▄    ▀▄▄██▄▀ █▀▀ ▄▄▀▄  ▀ ██ ▄▀▄█▀▀ ▄█  █▄ ▀ █▄█▀▀ ██
█▄▀ ▀▀▄▄ ▀ █ ▀ █▀█▀▄▀▀▀█▄ █▀▀█▄▀ ▀▄█  ██▄▀▀▀██▀▄▀▀ ▀▀▄▄██▀█
██▄▄   ▄▀▀▀ ▀ ▄▀▀█  ▀ ▀▄▄ ▄ ▀█▄▄▀█ ▄▄▀█▄ ▀▀▀███  █ █▀██▀▄▄█
█▄▀█▀█▄▄ ▄█ █▄ ▀▄▄▀▄▄▄██▄▀█▀▄▄▀▀▀█▀█   ▄▀█ ▀ ██▄█▄▀█▄▄▄█▀██
███▄ ▄█▄██▀ ▄██▀▄█▀  ▀▀ ▀▀█▀▀▀ ▄▀████ ▄ ▀▄▄▄█ ▄█▀  █▀▄ ▀▄▀█
█▀▀▀▀ █▄█  ▄▄ ▄ █▄▀  ▄▀▄▀ ▄▀██   █▄▄▄▄▀▄▀▀   ▀▄▄▀██▄█▄███ █
█ ▀ ▀▀▄▄▄ █▄█▄▀▀▀█▄█▄  ██▀ ▄▀▀▄▄▄▀█ ▀▀█  ▀█▀█▄▄█▀█ █▀▄█▀▄██
███████▄█ █ ▀█ ▀▀▄▄▄ ███▀ ▀ ▄▄▄  ▀▄█▄ ▀███ ▀ █▄█▀ ▄▄▄  ▀▀▀█
█ ▄▄▄▄▄ █▄▄█▀ ▄▄▄▀█▄██▀ ▄▀▄ █▄█  ▀▀▄▄█▀▀▄ ██ █▄█  █▄█   ▄▀█
█ █   █ █ ▀▄█▄▀▀▄▀  ▄█ ▀▀▄▀ ▄▄ ▄ ███ ▄ ▄ ██▀ ████▄ ▄▄▄█▀███
█ █▄▄▄█ █ ▄▄▀█ ▀▄ █▄▄█▀█▀███▀▀▀██▄▄ ▀█▀█▀█▄▀█ ▄▄█ ▀▄▀▀  ███
█▄▄▄▄▄▄▄█▄██▄▄██▄▄▄▄██████▄█▄██▄▄▄▄▄▄▄█▄██▄▄▄█▄███▄██▄██▄██

Scan this QR code:
▄▄▄▄▄▄▄▄▄▄▄▄▄▄▄▄▄▄▄▄▄▄▄▄▄▄▄▄▄▄▄▄▄▄▄▄▄▄▄▄▄▄▄▄▄▄▄▄▄▄▄▄▄▄▄▄▄▄▄
█ ▄▄▄▄▄ █ ██▀ ▄█ ▀▄▀█▄▄▄█ ▀ ▀▄▄▄█▄▄▀▄▄▀ ▄▀▄▄ ▄▀▄ ██ ▄▄▄▄▄ █
█ █   █ █  █ █ █▄▀▄███▄▀█▄▀█▄ █▀ ▄█████▀█▀▀█▄▄ ▄ ██ █   █ █
█ █▄▄▄█ █▀▄█▄▀ ▄▀█▄█▀█▀█▀   ▄▄▄ ▀▄▄█▀▀▀▄█▄▄▄ ▀▄▀▄██ █▄▄▄█ █
█▄▄▄▄▄▄▄█▄▀▄█ ▀ ▀ █▄▀ ▀▄▀▄█ █▄█ ▀▄█▄█ █ █▄▀ ▀ ▀▄█ █▄▄▄▄▄▄▄█
█ ▄▀█ ▄▄▀▀   ██▄█▄▀▄█ ▄▀▄▀▀▄▄   ▄ ▄█▀ █ ▄█  █ ▀▄▄▀█▀▄▀▄  ▄█
██ ▀█ ▄▄▄▄███ ▄ ▄█▄█▀▀▀█ █ █ ▀█ ▀▀   ▄█▄▀▄█▄▀▀▄ ▀▀█▄▄█▄▄ ██
█▀▄█▄▄▀▄▀▄ █  ▀▀▀█▀ ▀▀▄▄  ▄▄▄▀▀█ ▄ ▄  ▀▀▄█ ▀ ▄▀█▀ ▄▀▄██▄  █
██▀ ▀▀▀▄ █ ▀▀▄▀█ ▀▄▄▀██▄▀█▀█ ▀▄███ ▀▀▄▄ ▄█▀ ▀██▀▀▄▀█▀ ▄▄ ██
█▄██   ▄███▄█▄▀ ▀█▀▄▄▀▄█▀▀ ▄▄ ▀▀▀▄▄▄▄ █▀██▄▀▀▄▀▄ ▀   ▀ ▀▄██
█▄▄█ ██▄██▀▄▄▀▀██▀█▀▄█▄▄██ ▄▀██ █▄▀██▀▀ █▀▀ ▀ █▄▄█▄ ▄▄▄▄ ▀█
█▄ █▄ ▄▄█▄▄█▀▄▄ ▀▀▄▄▀ ▄█▀▄▄█▄▀▀ █ ▀█▀ ▄  ▀▀ ▄ ▀█▄▀▀ ▀▀█ ▄▄█
█ ▄███ ▄█ █▄▄▄ ▄▄█▀█▄█ █▄ ▀ █▄ ▀██▄█▀██ ▄▀ ▄█▄▄▄▀▄▄▄ ▄▄▄▀██
███▀█▀▄▄▀█▀ ▀█ █▀█   ▀ █  ▄ ▄▀█▀▀█▀ ▄▄▄▀▄██▀▀ ▀█▄▀█ ▄▀█ ▀▀█
█  ▀▀ ▄▄▄ █▀  █▄█▀▀  ▀▄ ███ ▄▄▄    ▄▀▄▀▄▀▄▀ ▄█ █▄ ▄▄▄ ▄█ ▀█
█▀▀█  █▄█  ▄▄▄▀█▄▄▄▀█ ▀█▀ ▄ █▄█ ▀ ▄█  ▄▀ ██ █▄ █▄ █▄█ ▀▀▀██
█ ▀▄▀▄▄▄▄ ▄ ███▀▀▀▀▀█▄▄▀█▄▄▄▄   █▄██▄ ▀  ▀▀▄▀█▀▀█▄ ▄  ██ ▀█
█▄▄ ▄██▄▀▄▀▀█▄█ ▀█▄ ▀▀▄▀ ▀▀▄▀█▀ █ ▄█▄ █  █ ▀█  ▄▀ ▄█▄▄▀ ▄██
█████ ▀▄▀▀ ▀▀█▄ ▄ ▄█▀ █  ▄▄▄▀▀▄█▀▀▄▀█▀▀▀▀ ▄  ▀▄▀▄▀ █▄ ██▄██
██ █ ▀▄▄██▀▄▄▄▀█▄█▄▄▄▄▄█▄  ▀▄█▄    █ ▄█▀▄▀▀ ▀  ▄▀██  █▀▄▀▄█
█ ▀█▀ ▄▄▄▀ ▄▀▄▀█▀ ▄▀▀  ▄▀██ ▀ ██▀█  ▀▄▄█▄█ ▄ █▄▀▄▀▄▀ ▄▄▄▄▄█
█▄▀▀▀ ▀▄ █▄ ▀▀ █▄▄  ▀▀▄▀▀▀ ▄ ▄ ▄▄ ▄█▄ ▄▀▀█▀ ▀ ███▄ ▀▀▄ ▄ ▄█
██▀▄█▀▄▄█▀▀█▀█▀▄█ ▄█▄ ▀█▄█▀▀ ▄█████ ▄▄▄ ▄ ▀▄ ▀ █▄ ▄█▄ ▄▄▀██
█ ▀ ██▄▄▀ █ ▄  █ █▀ ▀▀▄▄   ▀ █ ██ ▀█▄▄   █ ▀▄ ██▀██  ██  ▄█
█ ▀ ▀▀▄▄▄ ▀ █▀█▀ ▄▄██▄▀▄  ▄▄ ▄▄▀▀ █▄██  ▄██ █▄▀█▀ █▀▀▀▀█ ▀█
███████▄▄ ▄ ▀▀█▄▀█  ▄▀ ▀▀▀▀ ▄▄▄ █▄▀█ ▄▄ ▄█▄ █▄ ██ ▄▄▄ ▄█▄██
█ ▄▄▄▄▄ █▀▄█▀ █ ▄ █▄ ██ ▄██ █▄█ ▀▀▀▀ ▀▄▀▀ ▀▄▀▄ ▀▀ █▄█ ▄▄▀██
█ █   █ █▄ ▀▀█ █▀▀▀▄▀  ▀▀▄█▄▄▄ ▄ ▄ ▄  ▀  ▀  ▀  ██ ▄ ▄ █   █
█ █▄▄▄█ █▀▄▄▄▀▄▀▄█▄▀▄█ ▀▄ █ █▄▄ ███▄██ ▄█▄▀▄▀  █▀█ ▄█▄█████
█▄▄▄▄▄▄▄█▄▄▄▄█▄▄▄█▄▄▄█▄█▄▄█▄▄██▄███▄▄▄▄████▄▄▄▄▄▄▄█▄█▄▄██▄█

Scan this QR code:
▄▄▄▄▄▄▄▄▄▄▄▄▄▄▄▄▄▄▄▄▄▄▄▄▄▄▄▄▄▄▄▄▄▄▄▄▄▄▄▄▄▄▄▄▄▄▄▄▄▄▄▄▄▄▄▄▄▄▄
█ ▄▄▄▄▄ █▄▀▄ ▄█▄█▀▀█ █▀█   ▀▀▀▄ ▄▄█▀▀█ █▀ ▄ ▄▀ ▄ ██ ▄▄▄▄▄ █
█ █   █ █ █▀██ █▄▄█ ▄███▀▀ █ █▄▀ █▄▀ ▀▄▀▀█▀█▀▄▀▄ ██ █   █ █
█ █▄▄▄█ █▄███ ▄█▀▀▄  ▀▄  █▀ ▄▄▄   ▀██▄  █▀ ▀▀▄▄▀▄██ █▄▄▄█ █
█▄▄▄▄▄▄▄█▄█ █ █ █▄█▄▀▄▀ ▀▄█ █▄█ ▀ ▀ █ █ ▀ █▄▀▄▀▄█ █▄▄▄▄▄▄▄█
█ ▄  █▀▄▀ █▀▀█▀█████▀█ ▄  █▄▄▄   █ ▄▀▀▀█ ▄▄ ▄███▀▀ ██▄▄ ▀ █
█ █ ▄██▄  ▄▄▄▀ ▀▀  ██ ▄▄ ▄▄█ ▀  █ █▀▄▀█ █ █▄█▀▀ ▄▀▀█▄▄ ▄  █
██▄▀▄▀▀▄ ▄▀█▄▀▄ ▀▄█▄▀▀█▄▄▄█ ▀▀█▀███▄█   █▀ █▀█ ▄▄▄ ▀███▄▀██
█▀  ▄  ▄▄▄▄▀  ▄████  ▄ ▄▄█ █▀▄██▄▀ █ █▄▄▀ █ ██▀▀▀ █▀▄   ▄██
█▄   ▀ ▄▀ ▄ ▀█   ▀▀██▄▄▀▀██▄▄▄ ▄▀▄▄  █▄█ █▄▄▄  ▀ ▄█▄▄▀ ██ █
█ ▄ ▀ █▄ ██▀▀▀▀▀ ██▀██▄█▀█▄ █ █▄▀▄█▄ █   ▄ █▀▄▀ ▄▄█▀▄ ██▀██
█▀ ▄▄█ ▄▀▀ ███ ██ ▄▀██ ▄▀█▀ ▄ █ ▄▀▀█▄█▀█▄▄▀  ▀▀▄▄ ▄▄ ▄██ ▀█
█▄█▀▀▀█▄▀▄ ▄   ▀▀▄   ▄    █▀▀▄▀▄▀▄ ▄▀█▄█▀█ █ █▄▄▀▄█▀█▄ ▄█▄█
█ ▀▀█ ▀▄▄ ▄▀   █ ▄ ▄█ ███▄▀██▀▄█▄▄  ▄ ▀▀▀▀▄█ ▀▀▄██ ▀▀█▀█▄▄█
█ █▄▀ ▄▄▄ █ ▄▀ ▄  ▄▄▀▀█▄█▀  ▄▄▄ ▀ ▀▄▄▄ ▄ ▀▄▄▀ ▀█▀ ▄▄▄ █▀▀██
█ ▄▄█ █▄█ ▀  ▀▄█  █▄█▄▀▀ ▄█ █▄█    ▀▀▀█▄▄▀▀▄▀▄ ▀  █▄█ █▄▄▄█
██▄▄  ▄▄ ▄▀▀▄██ ▄ ▀███▄   ▀ ▄ ▄▄▀   ▀▄▀ █▀▄▄█▄ █▀   ▄▄▄█▄▀█
█▀▀█▀  ▄██▀ ▄█ ███▄▀▀█ ▄ ▀█▄▄▄▀▀▀█ ▄ ▀▄▄█  ▀█▀▄█▀▄ ███▀▄█▀█
█ ▄▀█▄▄▄▄▄█▄ ▀ ▄█▄ █▀█▄▄▀▄███▄ █▀▄█ ▄▄ ▀▀█▄▀  ▀  ▄▄▄▄▀ ▄  █
█ ▄▄█▀ ▄ █▄█ ▄ ▀███ ▀███ ▄████▄█ ▀ █▄ █▀ ▀██▀▀█▄██ ██▄ ▀███
█▄█▄▀▀ ▄ ▀ ▀██▄  ▄ ▀   █▄▀█  ▄ ▀ ▄▀█▄▀▄▄▀▀▀ ▄█▄▀ ▄▀█ ▄█ █▄█
█▀█▄▄▀ ▄▄█  ▀█  ▀  ▀ █ ▀█▄▀ ▀  ▄█▄▄▀▀█▄█▄▀▀▄▄▄  ▄▀▄▀▀ ▀▄█▄█
█▀█ ▄██▄█▀█▀▄▀▄  ██▄ ██ █████▀▄ ▀▀▀█▀▄ ▄█▄ ▄█▄▄▀▀  ██▄▄█▄██
█  █▀▄█▄ ▀██▄▀▄▀▄█▀▀▀▄ █▀▀██▄▄ ▀▀█▄▄▄█ ▄   ▀▀▀█▄█ █▀██▀ ▄ █
█ ▀ ▀▀▄▄ ▄  ▄▀█ ▄▀ █ ▀  ▄▄██▄██▀   ▄▄▄▀██▀▀█▀█▀▄█▀▄▄▀  ▄ ▄█
███████▄▄ ▀ █▀ █ ▄▄▄ ▀ ▀▄▄▀ ▄▄▄  █ █  ▀ ▀▀▄▄ ▀▀██ ▄▄▄ ▄▄▀██
█ ▄▄▄▄▄ ███▄▀▀█▄▀███▀▄ ▀█ █ █▄█ ██ █▄█    ▄▄▄█▄▄█ █▄█  ▀▄██
█ █   █ █▀▄  ▀█ ▀█▀█ ▄██ ▀█      ▄ ▀▀█▄█▄█▄▄▄  ▀█ ▄▄  ▄▄ ▄█
█ █▄▄▄█ █ █▀▀▀▄█  ▀ ▄▀███▀█▀▀▀█▀█▀  █ ▀▀▄▄ █▄█ ▄▀▄▀ ██▄▄█▀█
█▄▄▄▄▄▄▄█▄█▄█▄▄███▄█▄█▄▄█▄██▄▄███▄██▄█▄▄▄▄▄████▄█▄██▄██▄███

Scan this QR code:
▄▄▄▄▄▄▄▄▄▄▄▄▄▄▄▄▄▄▄▄▄▄▄▄▄▄▄▄▄▄▄▄▄▄▄▄▄▄▄▄▄▄▄▄▄▄▄▄▄▄▄▄▄▄▄▄▄▄▄
█ ▄▄▄▄▄ █▀ █▀   ▀█▄▀ █▀▄ ▄▄█▄▄▄▄ ▀█▀▀▀ ███▀▄ █▄▄ ██ ▄▄▄▄▄ █
█ █   █ █▀  █▄ ██▄▀ ▄█▄▄▀▀▀█▄█ ▄ ▄█ ▀ █▀█▄▄ ▀█ ▄ ██ █   █ █
█ █▄▄▄█ █▀██▄▀█▀▄█▄█▄ ▄█▀ █ ▄▄▄ ▄▄▀███▄▀█ ▄▄▄▀▀▀▄██ █▄▄▄█ █
█▄▄▄▄▄▄▄█▄█▄▀▄▀ ▀▄▀ ▀ ▀ █ █ █▄█ ▀▄█ ▀▄█ █ █▄▀ ▀ ▀▄█▄▄▄▄▄▄▄█
█  ▄  ▀▄ ▄ █▀▄ ▀ ▄▀▄ █▀▀▄▀▄▄    ▀█▀█▀  █▀█   █▄▄▀▀▄█ █▄▀▄▀█
█  ▀█▄▀▄▀█▀▄▀ ▄ ▄ ▀ ▀▀▀ █  ▄▄  █▀▀ ▀█▀█▄▀▀ ▀▀▀ █ ▀▄▄▀ ▀▀ ██
█▀▀██▄▀▄▄▄▀▀  ▄▄▄█▀ ▄▄▀▄  ▀  ▀▀██▀█▄   █▀█  █▀▄▄▄▀▀▄██▀ ███
█▀██▀▄▄▄▀█ ▄▄▀▀█ ▄██▀█ █▄ ▀█ ▄█ ██▄▄ ███▄ ▀ ▀▀▀█▀ ▀█ ▄ ▀ ██
█▄▄▄▀  ▄   ▄█▄▄█▄▄▄  █▀▀▀▀█▀▀ ▀ ▄▀▀▄▄  █ ▀█ █▀█▄ ▀███▀▀ ▀ █
██ ▀█▄ ▄██▀▀▀▄▀███ ▄▄▄▄▀██ ▄▀  ██ ▀   ▀▀ ▄▄█▀ ▄ ▀   ▄▀▀▀ ██
██▄ ▀██▄ ▀▀█▀▀▀█▄▀▄▄▄█▀█▀▄▀ ▀▀▀ ▄▀▄█  ▀█▀▀▀ █▀▄█▄▀▀▄▄▀█  ▀█
██▄██ ▄▄▀▄▄ █ ▀█▄ ▄ ▄█  ▀█▀ █▀█▄██▄ █▀█ ▄▄█▀▄█▄▀▄▀▀█ █▀▀▀██
██ ▄ █▀▄▄███▄███▄█  █▄██  █▀▀▀█▀▄ ▄ ▄▄▀▄▀██▀▄█▄█▀▀▀█▀▀█ ▄▄█
██ ▀▀ ▄▄▄ █▄ ▀█▀█▄▄█ ▀▄█  ▀ ▄▄▄    █▄▀▀ ▀▀ ▀▄█▄▄█ ▄▄▄ ▀  ▀█
█▀▄ ▄ █▄█ ▀▄▄▄▀█▀▄▄▀ █▄█▀ ▀ █▄█ ▄█▄▄   ▄██ ▀ ▀▄██ █▄█ ▀ ▄ █
█▀▄▀   ▄  ▄█  █▀▀▄▄▄█▄█▀ ▀▄▄▄▄▄▄█▄▄ ▀█▀▄▄▄▄▀██▀██▄  ▄▄   ▀█
██ ▄▀██▄ ▀▄▀█▄ █▄█▄  ██▀  ▄▀██▀  █▀█▄ ▄▄█▀█  ▀█▄█ ▀ ██ ▀▀ █
█▀ ▀▀█▄▄ ▀ ▄▄ ▄ █ ▀ ▀▀██ ▀▄▄  ▀ ▀▀▄▄ ▄   █ ██ ▄▄▀▄ █ ▀   ██
██▄ █▀▄▄  ▄▄▀█▄ ▀█▄▄▀▀▀█▄ █▄▀█▀ ▄████▄ ▄█▀▀ ▄██▄▀█ ███▀▄█ █
██▀█▀█▀▄▄▀  ███ ▀█▀▄▀  ▀▄ █ ▀█▄ ▀█ █▄ ▄██ █▀ █▄▄▀▄▄▀ ▀▀▀▄▄█
█▄▄▄▄▄▀▄█ ▄▀█▀  ▀▄  ▄▄▀▀▀▀█▀█▄ ▄▀█▀█▄ ▀▄▄█▀ ▄█ ██▄▄█▄▄▄ █▀█
█ ▀▄██▄▄█▀▀████ ██▀ ▄ ▀ ▀ ▀▀ ▀  ███▀▀▀▄▄▄█▄█ ▀ ▄▀█▄▀▄█ ▀▀██
█ ▄█▄█▄▄▀  ▄▄ ▀ ██▀ ▄▄▀▄  ▄ ██ █ █▄█▄▄▄███▀ ▀█ ▄█▀▄█▄██▀█▀█
█ ▀ ▀▀▄▄▀▀▀█ ▄█▀ ▀███▄ ▄██▄▄ ▀▀▄▀ █   ▀▄ ▄▄▄█▄▀▄▄█▄▀ ▄▄  ▀█
███████▄▄▀▀ ▀▀ ▀▄▄▀▄▀█▀█  ▄ ▄▄▄  ▀▄█   ▄▀█▀ ▄▀█▄▀ ▄▄▄ ▄█▀▄█
█ ▄▄▄▄▄ █▄▄ ▄██  ▄ ▀▀███▄▄█ █▄█ ▀▀▀▄█▀█▀  █▀▀  ██ █▄█ ▀▀ ▀█
█ █   █ █ █▀ ▄█ ▄▀▀▄▄██▀▀▄  ▄  ▄▀██▄ ▄▄██▀  ████▄  ▄▄▄█ ▄██
█ █▄▄▄█ █ ▀▀   █▄ ▀▄▄█ ▄▀██ ▀▀▀█▄██▀ ▀ ▄█▀▄▀ ▀  ▄  ▄▀▀  ███
█▄▄▄▄▄▄▄█▄▄▄█▄▄███▄▄█▄██▄▄▄██▄█▄▄▄▄▄▄▄█▄▄██▄███▄▄▄▄███▄█▄██

Scan this QR code:
▄▄▄▄▄▄▄▄▄▄▄▄▄▄▄▄▄▄▄▄▄▄▄▄▄▄▄▄▄▄▄▄▄▄▄▄▄▄▄▄▄▄▄▄▄▄▄▄▄▄▄▄▄▄▄▄▄▄▄
█ ▄▄▄▄▄ █▄▀▄ ▄█▄▀█ ▄▄▀ █ ▄ ▀▀▀▄ ▄▄ ▀ ▄ ▀▄▀█ █▄ ▄ ██ ▄▄▄▄▄ █
█ █   █ █ █▀██ ████ ▄███▀  █ █▄▀▀▄▄▀█ ▄▀██▀█ ▄▀▄ ██ █   █ █
█ █▄▄▄█ █▄██▄▀▄█▀▀▄  ▀▄  █▀ ▄▄▄ ██▀█▄▄  ▀▀ ▀  ▄▀▄██ █▄▄▄█ █
█▄▄▄▄▄▄▄█▄▀ ▀▄█ █▄█▄▀▄▀ ▀▄█ █▄█ ▀ ▀ █ █ ▀ █▄▀▄▀▄█ █▄▄▄▄▄▄▄█
█ ▄  ██▄▀ ▄   ▀█████▀█ ▄  █▄▄▄   █ ▄▀▀▀█ ▄▄ ▄███▄  ██▄▄ ▀ █
█ █ ▄▄█▄▄▀▀▀▀█ ▀▀  ██ ▄▄ ▄▄█ ▀  █ ▀█▄▀█ █ ▀▄█▀█ █ ▀██▄ ▄  █
██▄█▄▀▀▄█▄ █▄▀▄ ▀▄█▄▀▀█▄▄▄█ ███▀██▀▄█ █ █▀▄▄▀█▀▄██ ▀█▀▀ ▀██
█▄ ▄▄  ▄▄█▄▀  ▄███▄█ ▄  ▄█ █▀▄██▄▀▄▄ ▀▀▄█ ▄▄▀▀▀▀▄ █▀█   ▄██
█ ▀▄▀▀ ▄▀ ▄ ▀█    ▀▀ █ ▀▀██▄▄▄▀█▀▄█▀█▀███▀▀█▄▄▄▀ ▄█▄▄▀▀█▀▄█
██▄▄  ▀▄ ██▀▀▀▀▀███▀█▄▄█▀▀▄ █ ▄▄█ █▄▄▄ ▀▀▀ █ █  ▄▄▀█▄ ██ ▀█
██▄▄▄▄▀▄▀▀ █ ▄ ██ ▄▀██ ▄▀█▀ ▄ █ ▀▀▀█ █▀█▀▄▀ ▀▀▀▄▄ ▄█ ▄██▀▀█
█▄█▀▀▄ ▄▀▄▄▄ █ ▀▀▄   ▄    █▀▀▄▀▄ █ ▄ █▄█▀█ █▀█▄▄▀▄ ▀▀▄ ▄█▄█
█ ▀▀█ █▄▀▀▄ ▀ ▀▄ ▄ ▄█ ███▄▀▀█▀▄█▄▄  ▄ ▀▀▀▀▄█ ▀▀▄▀█▀ ▄█▀█▄▄█
█ █▄▀ ▄▄▄ █ █▄██  ▄▄▀▀█▄█▀▀ ▄▄▄ ▀ ▀ ▄▄▄▄ ▀▄ ▀ ▀▀▀ ▄▄▄ ▀▀▀██
█ ▄▀  █▄█ ▄  ▀▄█  █▄█▄▀▀ ▄█ █▄█   ▀▀▀▀▄▄▄▀▀█▀▄▀▀▀ █▄█  ▄▄▄█
█  ▀█▄ ▄  ▀▀▄██ ▄ █ ██ ▄  ▀ ▄ ▄▄▀   █   █▀▀▀▀▄▀ ▀   ▄▄▄▄▄▀█
█ ▄▄▀  ▄▀ ▀ ▄█ █ █▀█▀▄█ ▀▀█▄ █▀▀▀█ ▄▀█▄█ ▄█▀ █▄███ █▄█ ████
█▀█ █▄▄▄▀ █▄ ▀ ▄   █▄█▄▄█ ██ ▄ █▀ █ █▀ ▀ ██ ▀▀ ▀▀▄▄▄ ▄ ▄▄▄█
█▀ ▄█▀ ▄ █▄█ █ ▀███ ▀███ ▄████▀▀▄▀ █ ▄█▀ ▀███▀█▄██ ██▄ ▀███
█▄█▄▀▀ ▄ ▀▀▄▄▄▀█ ▄ ▀   █▄▀█  ▄ ▀▀█▀██▀▄▄  ▀ █▄▄▀ ▄▀█ ▄█ █▄█
█▀█▄▄█ ▄▄█▄▄█▄ ▄▀  ▀ █ ▀█▄▀ ▀  ▄█▄▄▀▀█▄█▄▀▀▄▄▄  ▄▀▄ ▀ ▀▄█▄█
█▀█ ▄█▀▄█▀█▄▀▀▀▄ ██▄ ██ █████▀▄ ▀▀██▀▄▄ █▄ ▄█▄ ██ ▀██▄▀█▄██
█   ▀▀▀▄██ ▀▄▀▀█▄█▀▀▀▄ █▀▀▄▄▄▄ ▀▀███▄█ █   ▀▀▀ ██ ▄▄▄▄▄ ▄ █
█ ▀ ▀▀▄▄ ▀  ▄▀█ ▄▀▀█ ▀▀▀▄▄▄▀▄██▀   █  ▄██▀█▄█▀█▄▀▀▄▄▄▄▀█ ▄█
███████▄█ ▀ █▀ █ █   ▀▀█▀█▀ ▄▄▄  █ █ ▄▀ ▀███▄█▀█▀ ▄▄▄ █▄█▀█
█ ▄▄▄▄▄ ███▄▀▀█▄ ▄███▄ ▀▄▀█ █▄█ ▀▀ █    █▀█▄▄ ██▀ █▄█  ▀▀▀█
█ █   █ █▀▄ ▄ █ ▀█▀█ ▄██ ▀█ ▄▄  ▀  ▀▀█▄█ ▀▄▄▄  ▀▄ ▄▄▄▄▄▄ ██
█ █▄▄▄█ █ ▀█▀█ █  ▀ ▄▀███▀█▀▀██▀█   ▄ ▀▀▄▄ █▄▄ ▄▀▄▀  █▄▄█▀█
█▄▄▄▄▄▄▄█▄▄▄▄▄█▄██▄█▄█▄▄█▄███▄███▄██▄█▄▄▄▄▄████▄█▄███▄█▄███

❌ Bot disconnected (408), reconnecting in 5s...
❌ Bot disconnected (408), reconnecting in 5s...
Scan this QR code:
▄▄▄▄▄▄▄▄▄▄▄▄▄▄▄▄▄▄▄▄▄▄▄▄▄▄▄▄▄▄▄▄▄▄▄▄▄▄▄▄▄▄▄▄▄▄▄▄▄▄▄▄▄▄▄▄▄▄▄
█ ▄▄▄▄▄ █▀ █▀ ▀ █▀▄  █▀█▄▄▄█▄▄▄▄ ▀▀▀▀  ▀▄█  ▀█▄▄ ██ ▄▄▄▄▄ █
█ █   █ █▀  ▀  ██▄▀ ██▄▄▀ ▀█▄█ ▄▀██  ▀█▀█▄▄ ▄▄ ▄ ██ █   █ █
█ █▄▄▄█ █▀██ ▀█▀▄█▄█▄ ▄█▀ █ ▄▄▄   ▀█  ▄▀▀▄▄▄▀█▀▀▄██ █▄▄▄█ █
█▄▄▄▄▄▄▄█▄█▄█▄▀ ▀▄▀ ▀ ▀ █ █ █▄█ ▀▄█ ▀▄█ █ █▄▀ ▀ ▀▄█▄▄▄▄▄▄▄█
█  ▄ ▄▀▄ ▄ ▄▀█ ▀ ▄▀▄ █▀▀▄▀▄     ▀█▀█▀  █▀█   █▄▄▀▀ █▄▀▄▀▄▀█
█  ▀██ ▄█ ▀▄█ ▄ ▄ ▀ ▀▀▀ █ ▀▄ ▄ █▀▀ ██▀▀▄▀▀▄▀▀▀ █ █▄▄▄▄▀▀ ██
█▀▀█▀▄▀▄  ▄█  ▄▄▄█▀ ▄▄▀▄  ▀ █▀▀██▀█▄  ▄▄▀█▄▀█▀██▀ ▀▄▀██▄███
██   ▄▄▄▀█ ▄▄▀▀█ ▄▀▄▀█▄▄▄ ▀█ ██ ███  █▄ ▄▄█▀▀▀ █▀ ▀█▀▄▀  ██
█▄▀ ▀  ▄   ▄█▄▄█ ▄ ▄▀█▀█  █▀▀ ▀▀▄▀▀▄█ ▀▄▀▀▀▀▄█▄▄ ▀███▀▀ ▀▄█
█▄▄▄▄  ▄██▀▀▀▄▀█▄▄ ▄█▀▄▀▀▀ ▄▀ ▀▄█ ▀ ▄▄▀ ▄█▄█ ▀█ ▀  ▄▄▀▀▀ ▀█
██  ▀▄█▄ ▀▀█ █▀█▄▀▄▄▄█▀█▀▄▀ ▀▀▀  ▀▄█  ▀███▀  ▀▄█▄▀▀▄▄▀█ ▀▀█
██▄██▀▀▄█ █▄▀▀█▀▄ ▄ ▄█  ▀█▀ █▀█▄▄▄▄ ▄▀█ ▄██▀██▄▀▄▀▀▄ █▀▀▀██
██ ▄ ▀█▄▄▀▄▄▄▄▄▄▄█  █▄██  ▀█▀▀█▀▄ ▄ ▄▄▀▄▀██▀▄█▄█▀ ▄▄▀▀█ ▄▄█
██ ▀▀ ▄▄▄ ▄█ ▀▀▀█▄▄█ ▀▄█  ▀ ▄▄▄    ▀▄▀▀▄▀▀ █▄█ ▄▀ ▄▄▄ ▀  ▀█
█▀▄▄▀ █▄█  ▀▄▄ █▀▄▄▀ █▄█▀ █ █▄█ ▄█▀█  ▀███ ▀ ▀█▄▄ █▄█ █ ▄ █
█ ▄ ▀▄▄▄▄ ▄█  █▀▀▄█▀█▄██ ▀▄ ▄▄▄▄█▄█ █▀██▄   █▀▄▄▄▄▄   ▀▀ ▀█
██▄▄███▄ ▄▄▀█▄ ██▄▄▄ ███ ▀▄▀▀▄▀  █▀█  █▄▄▀▀▀ ▀██▀ ▀ ▄█▀▀▀ █
██▀▄██▄▄   ▄▄ ▄ █▄▀  ████▀▄▄ ▄▀ █▀▄▄██  ▀ ▀██▀▄█ ▄ █▄▄  ▄▀█
███ █▀▄▄  ▄▄█▀▄ ▀█▄▄▀▀▀█▄ █▄▀█▀█▄▀██▄▄ ▄▀▀▀  ██▄▀█ ███▀▄█▀█
██▀█▀█▀▄▄▀▄ ▀ █▀▀█▀▄▀  ▀▄ █ ▀█▄  █ ██▀▄█▄▀█▀▀█▄▄▀▄▄▀ ▀▀▀▄▄█
█▄▄▄▄  ▄█ ▀█▀ ▀ ▀▄  ▄▄▀▀▀▀█▀█▄ ▄▀█▀█▄ ▀▄▄█▀ ▄█ ██▄▀▀▄▄▄▄█▀█
█ ▀▄█  ▄█▀ ▀ ▄▄▀██▀ ▄ ▀ ▀ █▀ ▀  ██▀█▀▀ ▄▄█▄▀ ▀▄▄▀▀▀▀▄██▀▀██
█ ▄  ▀▀▄▄ ▄ ▄ █▀██▀ ▄▄▀▄  █ ██ █ █▄█▄▄▀▄███ ▀████▄▀ ▄█▄██▀█
█ ▀ ▀▀▄▄▄█▀█ ▄█▀ ▀▄▀█▄▄▄██▄▄ ▀▀▄▀ ▄   ▄▀  ██▀ ▀▄█▄▀▀█▀▀▀ ▀█
███████▄█ ▀ ▀▀ ▀█▄▄ ▀█▄▀  ▄ ▄▄▄  ▀▄█▄  ██▀█▀ ▀▀▄▀ ▄▄▄ ██▀▄█
█ ▄▄▄▄▄ █▄▄ ▄██ █▄ ▀█▄██▀██ █▄█ ██▀▄ ▄█  █▄▀▀  ▄  █▄█ ▀▀▄▀█
█ █   █ █ █▀▄▀█ ▄▀▀▄▄██▀▀▄     ▄▄██▄▄▄▄██▀  ▀████  ▄ ▄█ ███
█ █▄▄▄█ █ ▀ ▄▀▄▄▄ ▀▄▄█ ▄▀██ ▀█▀█▄██▀▀▀ ▄█ ▄▀ ▀  ▄  ▄▀▀  ███
█▄▄▄▄▄▄▄█▄▄▄██▄███▄▄█▄██▄▄▄██▄█▄▄▄▄▄▄▄█▄▄██▄███▄▄▄▄███▄█▄██

Scan this QR code:
▄▄▄▄▄▄▄▄▄▄▄▄▄▄▄▄▄▄▄▄▄▄▄▄▄▄▄▄▄▄▄▄▄▄▄▄▄▄▄▄▄▄▄▄▄▄▄▄▄▄▄▄▄▄▄▄▄▄▄
█ ▄▄▄▄▄ █▀█▄▄ ▄ ▀▀█ ▄█▄▄▄  ██▀ ▄▄ ▀█▄▀▄▀ █▄  █▄▄ ██ ▄▄▄▄▄ █
█ █   █ █▀▄ █▄▀█▄▄█▀██▄▄▀▀▀█▀▄▄ █▄█ ▀▀█▀▄█▀▄▀█ ▄ ██ █   █ █
█ █▄▄▄█ █▀ ▀▄  ▄▄███▄ ▀▄▀ █ ▄▄▄ ▄█▄▀█ ▄▀▄▄▀▄ █▀▀▄██ █▄▄▄█ █
█▄▄▄▄▄▄▄█▄█ ▀ █▄▀▄▀ ▀ █ █ █ █▄█ ▀▄█ ▀▄█▄█ ▀ ▀ █▄▀▄█▄▄▄▄▄▄▄█
█ ▄  ▄▀▄▄   ▀█ █▄▄█▄ █▀█ ▀▄ ▄▄  ▀█▀█▀  █▀█▄▀██▄▄   █▄▀▄▀ ▀█
██▀▀▀ ▄▄█▀ █▄▀▄ ▄▄▀ ▀▀▀ ▀▀▄███▀█▀▀ ██▄▀█ ▄ █▀ ▄▄▀ █▄▀▀▀▀▄▀█
█▀▄ █▀█▄▄██▀ █▄▄█▄▀ ▀█▀▄  ▄▄▀▀▀██▀▄▄▀▄▀▄▀▀▀ ▀▀▄▄▀▀ █▀▀█▄▀▀█
████▀▀ ▄███  ▀██▄▄ █▀▄▀▀▄▄▀█ ▄▀▄█▀█▄  ▀█▄██▀▄███▀█▄▀█▀█ ███
█ ▄▀▄█▀▄█▀▀▄  ▄▀▄█▄  ▄██ ▀▀█▀  ▀██▀█  █▄█▀▄  ▀▄▄▀▀▀█▀█ ▀▀▀█
█▄▀▀▀ █▄ ▀▀▀██▀█ ▀▀██▄ █ ▄▄▄▀  ▀▀ ▀▄▀  ▄▀ ▄▀ █▄▀  █▀  ▀▀▄██
█▄█▄███▄ ▀▀▄▀█▀█▄▀▄ ▄█▀█▀▄  █▀█▀▄▀ ▄   █▀█▀▀ █ █▄▀ ▄▀██▄▀ █
█▀▀ ▄▀ ▄▀█▄▄  ▄█▄ ▀█▄██▄▀█▀ ▄  ▀███ ▀  ▄▄ ▀ ██▀  ▀█▄  ▀▀▀██
█▄▀█▀▀ ▄▄  ▄▀█▄▄▄▄▄ █▄▀█▀ █▀▀▀ ▀▄ ▄  ▄▀██▀ ▀ ██▄ ▀▀▄███▀▄ █
█▀▄▄  ▄▄▄ ▀█▄▀ █▀▀▄█ ▀▄██ █ ▄▄▄    █▄█▀ ▀  ▀    ▄ ▄▄▄ ▀  ██
██ ▄█ █▄█ ▀▄▀▄▀▀█▄▄▀▀█▄█▀▀█ █▄█ ▄▀█▄ ▄ █▀█▀▀█████ █▄█ █  ██
█ ▀▀█▄▄▄▄ █▀ ▀█▄   ▄█▀ ▀▄▄      ▀▄█ ▀  ▄▀██ ▀▄▀▄▀▄▄ ▄ ▀▀▄██
██ ▀▀▀ ▄ ▀ ▀▄▄▀████▄ ██▀▀▀▄▄██▀  █▀█▄▄ ██▀▀  ▀███▄▀█▀▄▀▄▄██
████  █▄ ▀  ▀▄▄█ ▄▀  ▀▀ ▄▀▀▄▄▄▀ █▀ ▄▀▀█▀█▀▄█ ▀█▄▀▀ █▀▀▀▀ ▀█
█▄▀ ▀▀▄▄ ▀ ██▀ █▀█▀▄▀▀▀█▄ █▀▀██▀▄█▄█  ██▀▀▀▀▄█▀▄▀▀ ▀▀▄▄█▄ █
██▄▄   ▄▀▀▀▄ █▄▀▀█  ▀ ▀▄▄ ▄ ▀█▀▄▀█ ▄▄▀█▄ ▀▀▀▄▄█  █ █▀██▀▄▄█
█▄▀█▀▀▀▄ ▄ ▄ ▄█▀▄▄▀▄▄▄██▄▀█▀▄▄▀▀▀█▀█   ▄▀█ ▀ ██▄█▄ ▀▄▄▄▀▀██
███▄ ▀ ▄██▀▄▄▀█▀▄█▀  ▀▀ ▀▀█▀▀▀ ▄▀█▀▀█ ▄ ▀▄ ▄█  ▀█▄▄█▀▄  ▄▀█
█▀▀██▀ ▄█▀▀▀▄ ▄██▄▀  ▄▀▄▀ ▄███   █ █▄▄ █▀▀   ▀▀██▀▄█▄▄▀▀█ █
█ ▀ ▀▀▄▄▄ █▄█▄▀▀▀█ █▄  ██▀▀ ▀▀▄▄▄▀█ ▀▀▄▀▄▀ ▀▀ ▀ ▄█▀▀▀▀▀▀▄██
███████▄█ █ ▀█ ▀█▄ ▄▀███ ▀▀ ▄▄▄  ▀▄█▄  █▄█▀▀ ▀ ▄█ ▄▄▄ ▀▀█▀█
█ ▄▄▄▄▄ █▄▄█▀ ▄▄▄██▄▄▄▀ █▀▄ █▄█  █▀▄█▀ ▀█▀█▄█▀█▄▄ █▄█   █▀█
█ █   █ █ ▀▄ ▄▀▀▄▀  ▄█ ▀▀▄▀  ▄ ▄ ▀██▄▄ ▄ ▀█▀ ▀██▄▄ ▄▄▄█▀▄██
█ █▄▄▄█ █ ▄▀▄  ▀▄ █▄▄█▀█▀█████▀███▄ ▀█▀█ █▄▀█▀▄▄█ ▀▄▀▀  ███
█▄▄▄▄▄▄▄█▄▄█▄██▄▄▄▄▄██████▄█▄██▄▄▄▄▄▄▄█▄██▄▄▄█▄███▄█████▄██

Scan this QR code:
▄▄▄▄▄▄▄▄▄▄▄▄▄▄▄▄▄▄▄▄▄▄▄▄▄▄▄▄▄▄▄▄▄▄▄▄▄▄▄▄▄▄▄▄▄▄▄▄▄▄▄▄▄▄▄▄▄▄▄
█ ▄▄▄▄▄ █▀ █▀ ▀▀▀██  █▀▄▀▄▄█▄▄▄▄ ▀▀█▄▀▄███▄ ▄▀▄▄ ██ ▄▄▄▄▄ █
█ █   █ █▀  ▀  ███▀ ▄▄▄▄▀ ▀█▄█ ▄ ▄█ ▀ █▀▄█▄  █ ▄ ██ █   █ █
█ █▄▄▄█ █▀▀▀▀██▀▄█▄█▄ ▄█▀ █ ▄▄▄ ▀▄▀██▀▄▀█ ▄▄ ▄▀▀▄██ █▄▄▄█ █
█▄▄▄▄▄▄▄█▄▀ ▀▄▀ ▀▄▀ ▀ ▀ █ █ █▄█ ▀▄█ ▀▄█ █ █▄▀ ▀ ▀▄█▄▄▄▄▄▄▄█
█  ▄ ▄▀▄ ▄   ▄ ▀ ▄▀▄ █▀▀▄▀▄▄    ▀█▀█▀  █▀█   █▄▄   █▄▀▄▀▄▀█
█  ▀█▄▀▄▄  ▄▀ ▄ ▄ ▀ ▀▀▀ █ █▄ ▄ █▀▀▄██▀▀ ▀▀▄▀▀▀ ▀ ▀▄█▄ ▀▀ ██
█▀▀█▀▄▀▄▄██▀  ▄▄▄█▀ ▄▄▀▄    █▀▀██▀██  ▄▄▀█▄▀█▀█▄█▀▀▄▄▀▀ ███
█   █▄▄▄ █ ▄▄▀▀█ ▄▀█▀█ ▄▄ ▀█ ▄█ ██ █ █     █▀▀█▄▄▀▀█▀█ ▀ ██
███    ▄   ▄█▄▄██▄ ▄▀█▀█▀ █▀▀  ▀▄▀▀█   █▀▀▀ ▄█▄█ ▀███▀ ▀█▄█
█ ▄ ▀ ▄▄██▀▀▀▄▀█▄█ ▄  ▄▀▄▀ ▄▀ ▀▄█ ▀ ██▀▀  ▄▄███▀▀ ▄ ▄▀▀▀▄▀█
█ █ ▀▀█▄ ▀▀█▀▀▀█▄▀▄▄▄█▀█▀▄▀ ▀▀▀  █▄█▄▄▀█▀█▀  █▄█▄▀██▄▀█ ▀▀█
██▄██▀█▄▀▄▀   ▄█▄ ▄ ▄█  ▀█▀ █▀█▄▄▄▄ █ █ ▄██▀█▄▄▀▄▀▀▄ █▀▀▀██
██ ▄ ▀▄▄ ▀▀▀▀█▀ ▄█  █▄██  █▀▀▀█▀▄ ▄ ▄▄▀▄▀██▀▄█▄█▀▀ ▄▀██ ▄▄█
██ ▀▀ ▄▄▄ ▀ █▄▀██▄▄█ ▀▄█  ▀ ▄▄▄   ▄▀▄▀█▄▀▀ ▀▄█  █ ▄▄▄ ▀  ▀█
█▀▄██ █▄█ ▀█▄▄▀▀▀▄▄▀ █▄█▀ █ █▄█ ▄█▀█   ▄██▀▀ ▀▄█▀ █▄█ █ ▄ █
█  ▄▄  ▄ ▄▄█  █▀▀▄▀▄█▄▄  ▀▄ ▄▄▄▄█▄█ ▀██▄  █ ▀▀ ▄█▄▄▄▄▄   ▀█
█ █▀▀██▄█ ▄▀█▄ ██▄ ▄▀█ ▀ ▀▄▀▄█▀  █▀█  ▀▄▀▀ ▀ ▀▀██▀▀ ▄█  █ █
█▄▄█▀█▄▄██ ▄▄ ▄ ▄ ▀  ███▄▀▄▄█▄▀ ██▄▄█▀▀▀▄▀▀▄▄██▄▀▄ █     ▀█
██▄ █▀▄▄  ▄▄▄▀▄ ▀█▄▄▀▀▀█▄ █▄▀█ ▀▄▀██ ▄ ▄ ▀▀  ▀█▄▀█ ███▀▄█ █
██▀█▀█▀▄▄▀▄█▄▀▄ ▀█▀▄▀  ▀▄ █ ▀█▀▄ █ ██ ▄██▀█▀▀█▄▄▀▄▄▀ ▀▀▀▄▄█
█▄▄▄▄▄▀▄█ ▄█▀▀█▄▀▄  ▄▄▀▀▀▀█▀█▄ ▄▀█▀█▄ ▀▄▄█▀ ▄█ ██▄  ▄▄  █▀█
█ ▀▄█▄█▄█▀▄▀█ █▀██▀ ▄ ▀ ▀ █▀ ▀  ██▀▀▀▀ ▄▄█ ▀ ▀ ▄▀▄ ▀▄█ ▀▀██
█ ▄ ▄ ▄▄ ▄▄ ▄ █▄██▀ ▄▄▀▄  ▄ ██ █ █ █▄▄▀████ ▀██▄██ ▄▄█ ▀█▀█
█ ▀ ▀▀▄▄██▀█ ▄█▀ ▀▀▀█▄▄ ██▄▄ ▀▀▄▀ █  ▄▀   ▄█▀▄▄▄▀▀ █▄▄▀  ▀█
███████▄▄▀▀ ▀▀ ▀▄█ ▄▄▄▀█▀▀▄ ▄▄▄  ▀▄█▄  ▄█▀  ▄██▄▀ ▄▄▄ ▄██ █
█ ▄▄▄▄▄ █▄▄ ▄██ ▀█ ▀ ▄██▀ █ █▄█ ▀▀▀▄█▀▄▀ ▀█▀ ▀▀█  █▄█ ▀▀█▀█
█ █   █ █ █▀▄██ ▄▀▀▄▄██▀▀▄   ▄ ▄▄██▄▄▄▄█▀█  █████  ▄  █ ▄▄█
█ █▄▄▄█ █ ▄▀▄▄  ▄ ▀▄▄█ ▄▀██ █▀▀████▀▀▀ ▄▄▀▄▀▀   ▄  ▄▀▀  ███
█▄▄▄▄▄▄▄█▄▄█▄█▄▄██▄▄█▄██▄▄▄████▄▄▄▄▄▄▄█▄▄██▄███▄▄▄▄███▄█▄██

Scan this QR code:
▄▄▄▄▄▄▄▄▄▄▄▄▄▄▄▄▄▄▄▄▄▄▄▄▄▄▄▄▄▄▄▄▄▄▄▄▄▄▄▄▄▄▄▄▄▄▄▄▄▄▄▄▄▄▄▄▄▄▄
█ ▄▄▄▄▄ █▀█▄▄ █ ▀▀█  ▀██▄▄ ██▀ ▄▄ ▀██▀ ▀█▄  ▀▄▄▄ ██ ▄▄▄▄▄ █
█ █   █ █▀▄ █▄▀██▄█▀█▄▄▄▀ ▀█▀▄▄  ██  ▀█▀▄▄▀▄▀▄ ▄ ██ █   █ █
█ █▄▄▄█ █▀ █▄█ ▄▄███▄ ▀▄▀ █ ▄▄▄ ▄▄▄▀▀ ▄▀▄▀▀▄█▀▀▀▄██ █▄▄▄█ █
█▄▄▄▄▄▄▄█▄▀▄█▄█▄▀▄▀ ▀ █ █ █ █▄█ ▀▄█ ▀▄█▄█ ▀ ▀ █▄▀▄█▄▄▄▄▄▄▄█
█ ▄  ▄█▄▄▄▀ ▀  █▄▄█▄ █▀█ ▀ ▄▄▄  ▀█▀█▀  █▀█▄▀██▄▄▄▀ █▄▀▄▀ ▀█
██▀▀▀▀▄▄█▀ ▀▄▄▄ ▄▄▀ ▀▀▀ ▀▀▀█▀▀▀█▀▀▄██▄█▀ ▄ ▀▀ ▄▄ ▀█▄▀█▀▀▄▀█
█▀▄  ▀█▄ ▀▀▄ █▄▄█▄▀ ▀█▀▄  █▄▀▀▀██▀██▀▄ ▄▀▀▀▀▀▀██▄▀ █▀██▄▀▀█
█▀▄██▀ ▄▄▄█  ▀██▄▄▀▀▀▄█▀▄▄▀█▀▄█ █▀▄  ▄██▄▀   ▀  ▄▄▄▀█▀  ███
██ ▄██▀▄█▀▀▄  ▄▀▄▄  ▀█▀█ ▀▀█▀ ▀ ██▀█▀▄ ▄▄▀▀ ████▀▀▀█▀█▀▀▀██
█ █  ▄█▄ ▀▀▀██▀█▀█▀█ █ █▀ ▄▄▀  ▀█ ▀▄██ ▄▀▀█▀ ▀▄   █▀  ▀▀▄██
█▄█▄██▄▄ ▀▀▄█▄▀█▄▀▄ ▄█▀█▀▄  █▀█▀▄▀ ▄▄  ███▀▀ ▀ █▄▀▀▄▀██▄ ▀█
█▀▀ ▄▄█▄▀▀▄█▄█▀ ▄ ▀█▄██▄▀█▀ ▄  ▀▄▄█ ▀▀ ▄▄▀▀ █▄▀  ▀  ▄ ▀▀▀██
█▄▀█▀ █▄█▀▄▀██  ▄▄▄ █▄▀█▀ ▀▀▀▀ ▀▄ ▄  ▄▀██▀ ▀ ██▄▀ ▀▄▀██▀▄ █
█▀▄▄  ▄▄▄ ▀▄▀▄▄▄▀▀▄█ ▀▄██ ▀ ▄▄▄   ▄█▄█▀▄▀ ▄▀  ▄ █ ▄▄▄ █  ██
██ ▄▀ █▄█ █ ▀▄█▀█▄▄▀▀█▄█▀▀█ █▄█ ▄▀ █ ▄█▄▀██▀███▄▀ █▄█ ▄█ ██
██▀ █▄ ▄ ▄█▀ ▀█▄  █ █▀ ▄▄▄      ▀▄█ █▄▄ ██▄██ ▄██▄▄ ▄▄▀ ▄██
█▀██▀▀ ▄▀  ▀▄▄▀███▄▄ ▄▀█  ▄▄▄▄▀  █▀█▀▄▀▄█▀   ▀ ▄▀█▀██▄ ▄ ▀█
█▀▀▀▄ █▄▄▀  ▀▄▄█▄▄▀ ▀█▀ █▀▀▄▀ ▀ █▀ ▄▄▄▄ ▄ ███ █▄ ▀ █▄█▀▀ ▀█
██  ▀▀▄▄ ▀ █▄▄ █▀█▀▄▀▀▀█▄ █▀▀█▄  █▄█▄ ██ ▀▀▀ █▀▄▀▀ ▀▀▄▄█▄ █
██▄▄   ▄▀▀ ███▀█▀█  ▀ ▀▄▄ ▄ ▀█ ▄▀▄ ▄▄▀█▄▀▀▀▀▄██  █ █▀██▀▄▄█
█▄▀█▀ █▄ ▄▀▀ █▄▀▄▄▀▄▄▄██▄▀█▀▄▄▀▀▀█▀█   ▄▀█ ▀ ██▄█▄ █▄▄ ▀▀██
███▄ █▀▄██▄▀▀▀▄ ▄█▀  ▀▀ ▀▀█▀▀▀ ▄▀█▀██  ▄▀▄▄ █  ▀█▄▄▀▀▄ ▀▄▀█
█▀▀██▄▀▄ ▄▄▄▄ ▄▀█▄▀  ▄▀▄▀ ████   ██▄▄▄▄▄▀▀ ▀ ▀▀▄▀▀█ ▄▄▄ █ █
█ ▀ ▀▀▄▄ ▀█▄█▄▀▀▀█▄█▄ ▀▀█▀  ▀▀▄▄▄▀█ ██ ▄ ▀█▄█ ▀▄ ▄▄██   ▄██
███████▄▄▀█ ▀█ ▀▄▄  ▀█▀▀▄▀▀ ▄▄▄  ▀▄█  ▀█▄█ ▀▄██▄█ ▄▄▄ ▀▀███
█ ▄▄▄▄▄ █▄▄█▀ ▄▄███▄▄█▀ ▀ ▄ █▄█  ▀▀▄▄   █▀▄▄▀▀██▀ █▄█    ▀█
█ █   █ █ ▀▄▄ ▀▀▄▀  ▄█ ▀▀▄▀    ▄████   ▄▄██▀ ████▄ ▄▄ █▀▄██
█ █▄▄▄█ █  ▀▄██ ▄ █▄▄█▀█▀████▀▀███▄ ▀█▀█ ▄▄▀▄▀▄▄█ ▀▄ ▀  ███
█▄▄▄▄▄▄▄█▄▄▄█▄▄▄▄▄▄▄██████▄█▄██▄▄▄▄▄▄▄█▄██▄▄▄█▄███▄█▄███▄██

Scan this QR code:
▄▄▄▄▄▄▄▄▄▄▄▄▄▄▄▄▄▄▄▄▄▄▄▄▄▄▄▄▄▄▄▄▄▄▄▄▄▄▄▄▄▄▄▄▄▄▄▄▄▄▄▄▄▄▄▄▄▄▄
█ ▄▄▄▄▄ █▀ █▀  ▀▀▀▄▀▀▀ ▄▄▄▄█▄▄▄▄ ▀▀██  ▀ ▀▄  █▄▄ ██ ▄▄▄▄▄ █
█ █   █ █▀  █▄ █▄█▀ ▄█▄▄▀▀▀█▄█ ▄▀██ ▄▀█▀ ▄▄  █ ▄ ██ █   █ █
█ █▄▄▄█ █▀▀█▀▀█▀▄█▄█▄ ▄█▀ █ ▄▄▄ ▄▀▀█▀█▄▀  ▄▄█▀▀▀▄██ █▄▄▄█ █
█▄▄▄▄▄▄▄█▄█ ▀▄▀ ▀▄▀ ▀ ▀ █ █ █▄█ ▀▄█ ▀▄█ █ █▄▀ ▀ ▀▄█▄▄▄▄▄▄▄█
█  ▄ ▄▀▄   ▄   ▀ ▄▀▄ █▀▀▄▀ ▄    ▀█▀█▀  █▀█   █▄▄▀  █ ▀▄▀▄▀█
█  ▀█▄▀▄▀▀▀▀▄▀▄ ▄ ▀ ▀▀▀ █  █▄  █▀▀▄██▀█ ▀▀ ▀▀▀ █▀▀█▄█▀▀▀ ██
█▀▀▄█▄▀▄ ▄▀█  ▄▄▄█▀ ▄▄▀▄  ▀▀ ▀▀██▀ ▄  ▄▄▀█▀ █▀▄█  ▀▄▀█▀▄███
█▀▄▄ ▄▄▄▀█ ▄▄▀▀█ ▄▄ ▀███▄ ▀█ ▄█▄███  █ ▄▄ █ ▀▀ ██▄▀█ ▄█▀ ██
██ ▄   ▄   ▄█▄▄█▄█▄ ▄▄▄▀ ▀█▀▀ ▀ ▄▀▀█▄▄ ▄▀▀ ▀▄█▄▄ ▀███▀ ▀█▄█
█▀▄▀█ ▄▄██▀▀▀▄▀█▀▄ ▄▄█▄▀▄█ ▄▀ ▀▄▀ ▀ ▄ ▀ ██▄█ ██ ▀  ▄▄▀▀▀ ▀█
█▄  ▀▄▀▄ ▀▀█ ▀▀█▄▀▄▄▄█▀█▀▄▀ ▀▀▀  ▀▄█▄▄▀█▀█▀  ▀▄█▄▀▀█▄▀█  ▀█
██▄██ ▀▄█ ▀▄▀█▀ ▄ ▄ ▄█  ▀█▀ █▀█▄██▄ █▀█ ▄▄█▀▄▄▄▀▄▀█ ▄▀▀▀▀██
██ ▄  █▄▀▀ ▀█ ▀ ▄█  █▄██  ▀▀▀▀█▀▄ ▄ ▄▄▀▄▀██▀▄█▄█▄▀█▄ ██ ▄▄█
██ ▀▀ ▄▄▄ ▄▄    █▄▄█ ▀▄█    ▄▄▄   ▄█▄▀▀▄▀▀ ▀▄█ ▄█ ▄▄▄ ▀  ▀█
█▀▄█▄ █▄█ █ ▄▄▀ ▀▄▄▀ █▄█▀ ▀ █▄█ ▄█ ▄   ███ ▀ ▀██▀ █▄█ ▄█▄ █
█ ▄ █▄ ▄  ▄█  █▀▀▄ ▄█▄ █ ▀█▄▄▄▄▄█▄▄ ▀▀█▀▄▄▄▀▀▀ █      █  ▀█
██▄  ██▄ ▀▄▀█▄ ███▄ ▀▄▀▀▀▀▄▀▄▄▀  █▀█▄  ▄▀▀█▀ ██▄█ ▀ ▀▄ ▀█ █
█▄▀▀ █▄▄█▄ ▄▄ ▄ ▀█▀ ▀▄██▄▀▄▄▀▄▀ █▀▄▄ ▀▀ ▄▀▀█▄███▀▄ █▄    ██
█ █ █▀▄▄  ▄▄ █▄ ▀█▄▄▀▀▀█▄ █▄▀█ ▀▄███   ▄ █▀ ▄██▄▀█ ███▀▄▄▀█
██▀█▀█▀▄▄▀  █▀█▄▀█▀▄▀  ▀▄ █ ▀█▄▄▀▄ █▄ ▄█▄ █▀ █▄▄▀▄▄▀ ▀▀▀▄▄█
█▄▄▄▄ ▄▄█ ███▄▄█▀▄  ▄▄▀▀▀▀█▀█▄ ▄▀█▀█▄ ▀▄▄█▀ ▄█ ██▄▄ ▄▄▄ █▀█
█ ▀▄█  ▄█▀ █▀ ▄▄██▀ ▄ ▀ ▀ █▀ ▀  ███▀▀▀  ▄█ ▀ ▀  ▀▀ █▄█▀▀▀██
█ ▄▀  █▄▄▄▀▀▄ ▄███▀ ▄▄▀▄  ▄███ █ ██▄▄▄ ▄██▄ ▀█▄██ ▀█▀▄▄██▀█
█ ▀ ▀▀▄▄█▄▀█ ▄█▀ ▀▀▄█▄▄ ██▄▀ ▀▀▄▀ ▄▀▄▄█▀▄ ▄█▀ ▀▄▀█ ▀▀ ▀  ▀█
███████▄▄▀▀ ▀▀ ▀█▄▄▄▄▄▀█ ▀▄ ▄▄▄  ▀▄█  ▀▄█▀▄▀▀█▄█▀ ▄▄▄ ███ █
█ ▄▄▄▄▄ █▄▄ ▄██ ▄█ ▀▄▄██▄ █ █▄█ ▀▀▀▄▀ █ ▄▀▄▀ ▀▀█  █▄█ ▀▀▄██
█ █   █ █ █▀▄ █ ▄▀▀▄▄██▀▀▄     ▄▄▀█▄  ▄█▄█   ▀███  ▄ ▄█ █▄█
█ █▄▄▄█ █ ▄▄ ▄▄ ▄ ▀▄▄█ ▄▀██ █▀▀█▄██▀▀  ▄▄ ▄▀▀▀  ▄  ▄█▀  ███
█▄▄▄▄▄▄▄█▄▄▄██▄▄██▄▄█▄██▄▄▄████▄▄▄▄▄▄▄█▄▄██▄███▄▄▄▄█▄█▄█▄██

Scan this QR code:
▄▄▄▄▄▄▄▄▄▄▄▄▄▄▄▄▄▄▄▄▄▄▄▄▄▄▄▄▄▄▄▄▄▄▄▄▄▄▄▄▄▄▄▄▄▄▄▄▄▄▄▄▄▄▄▄▄▄▄
█ ▄▄▄▄▄ █▄▀██ ▀▄▀▄▄ ▀  ▄▀ █ ▀ ▀▄▀█▀ ▀▀▀ █▄ ▄██ ▄ ██ ▄▄▄▄▄ █
█ █   █ ██ █▀▄ ▀▀ █▀█▀ ▀▀▀ ▀█▀▄ █ ▀█▀ ▄█  ▀▄▀ ▄▄ ██ █   █ █
█ █▄▄▄█ ██ ▀▄▀ █ ▀ █▄▀█ ▄ █ ▄▄▄ ▀▄ █▄█▄ ▀█▄▄▄ █▀▄██ █▄▄▄█ █
█▄▄▄▄▄▄▄█ ▀▄█ ▀ █▄▀ █▄▀ █ ▀ █▄█ █ ▀ ▀▄▀ ▀ ▀ █▄▀▄▀▄█▄▄▄▄▄▄▄█
█ ▄█▄▄▀▄▀█▀ ▀█▀▀ ▀█▄▀▀█  ▀▀▄     ▀█ ▀ ▀▀█ ▄▀▄▀ ▀█▀▀ ▀▀█▀▀▄█
██▀ █▄▀▄▄▄▀ ██▄▀  ▄ ▀ █▄▄▀ ██▀▄█▀  ▀ ▄▀▄▄ █▀▀▀▄ ▀▀█▄  ▄▀▄ █
█▀▀   ▄▄▀▄▄█▀█▀▀▀█  ▄ ██▀  ▀▀▄ █ ▄ █ ▄█ █ █▀▄▄▀█▀ █ ▀▄  ▄▄█
█▄▄▀█▄ ▄█▀▀█ ▀▄▀ ▀▄▀  ██▄▄ ▀█ ▀ ▄█  ▄ ▀█▄ █▀█▀▀▄█▀██▀█▀▀▄▀█
█ ███▀▄▄█ █ █ ▄  ▀▀ ▄█▀██ ▀▄█▄  █▄█ █▄▀▄▀▀▄▀▄▄▀ ▄▀▀▄█▀█ ▀▄█
█ █ ▄█ ▄█▄█ ▄█▄  █ █▀ ▄▄▄▄▀▀█▀▀▀▄▀██▄ █ █ █▀█▄▀ ▀   ▄▀ ▀▀▄█
██  ▀▀ ▄▀██▀█  ▀ ▄▄ █▀█ ▀▄▀▄▀▄█▀█▀▄▀▄ ▀▀▀▄▀▀ ▀▄ ▄▀▀▀█ █▄▀▄█
█▀▀▀  █▄█ ▀█▄█▄▄ ▄▄█▄▄▀ ▄█▀▀ ▄█▀▄█▀▄▄▀ █▀▄▄ ███▄█▀▀▄▄▄▄▀▀▄█
█▄▄ █▄█▄  ▀█▀█▀  ██  ▀█▄  ▄ █ ▀▀▀█ ▀▀▄▄ ▀ ▀▀█ ▀█▀ ▄▀█ ▄▀▀██
█▀█ ▄ ▄▄▄  █ █▀██▄▄█▀█  █ ▄ ▄▄▄ ▀▄▄ ▄█  ██▄█▀▄▄▀  ▄▄▄ ▀ ▀▀█
██ ▄▀ █▄█ ▄ ▄▄▄▄▀ ▀▀▀▄ ▀▄▀▀ █▄█ ▄ ▀ █▄▀▄█▀█▀█▄▀▀▄ █▄█ ▄▀ ▄█
█▄█▄▀▄ ▄  ▀ ▀▀ ▀▄▀ ▀ ▄█ █▄█▄▄   ▄▀▀▀▄▄▀▀▀ █▀ ▀▀▄▀  ▄▄▄  ▀ █
█▄▀▀▄▄ ▄▀█▄▄▄▄ ▀ ▀▀▄█  ▄  █  ▀▀ ▀▀█ ▄▄▀ ▄▄ ▀▀▀▀ █▄ ▀  ▀▄█▀█
█ █  ▄ ▄██▄▄▄▄▄▄▀▄▄ ▄██▄▀ ▀██▄▄ █ ▄ ▄ █▀█▀ █▀▀▀ █▀ ▄  ▄▀▄ █
██▄██ █▄█▄▄▄█ █ █▄ ▄▄▄█▄█  ▄█▄▄▄▀▄ ▄▀▄  █▄ ▀▄ ██ ▀█▄████ ██
███ ▄█ ▄ █ ▀▀▄  █    ▄█▀▄ █▄█ ▀▄▀ ▄▀█▀▄ █▄▀▀▄ ▀█ █▀▀█ █▀█ █
█▄▀▄██▄▄ █▀▄█▀▄█  ▄▄▄█▀▀▀▀█   ▄▀▀▄█▀█  ██▀█▀ ▄▀  ▄ ▀  ▀█▀▄█
██ ▀▄ ▄▄   ▀█▄ ▀ ▄  █▄█▀ ▀▄▄█ ▀▄▄ █▄▄ ▀▀██▀  █▄▄▄▄█▄██▀ ▀▄█
█▀  ▄▀ ▄█▄▀ ▄ ▄▄▀▀▀ ▀ █▀▀ ▄▀▀   ▀▀ ▀▄▄▀▀█▄  ▀█▄ ██   ▀▄▀▄▄█
█ ▀ ▀▀▄▄ ▄▀  ▄▀ █▀█▄▄▀▄▀ ▀ ███▀▄▄  █▄█▄ ▄▀▀█▀▀▀ ▀▄▄▄██▄▀▄▄█
███████▄▄▀▀▀ ██▄ ▄█▄▄▀▀▄  ▄ ▄▄▄ █▄ ▄ ▄█ ▀   ▀▄▀▄▄ ▄▄▄  ▀ ▄█
█ ▄▄▄▄▄ ██  ▀ █ ▄▀█▄  ██  █ █▄█ █▀█▀▄▄▀█████ █▀▀▀ █▄█   ███
█ █   █ █ █ ▀ ▀  ██ ▄▄▄█▄▄▀ ▄ ▄▄▄ ▀▀▀▄ ███ ▀▄▄▀▀ ▄ ▄ ▄ ▀███
█ █▄▄▄█ █▀▄█▄█ █ ▀▄▄▀ █▄ █  ▀  █▀  ▀ █▄ █▄█▀▀▄ █▄ ▄▀▀▄▀   █
█▄▄▄▄▄▄▄█▄▄▄▄▄▄▄▄█▄▄▄██▄█████▄█▄█▄▄█▄▄▄▄█▄▄▄██▄▄████▄▄█████

Scan this QR code:
▄▄▄▄▄▄▄▄▄▄▄▄▄▄▄▄▄▄▄▄▄▄▄▄▄▄▄▄▄▄▄▄▄▄▄▄▄▄▄▄▄▄▄▄▄▄▄▄▄▄▄▄▄▄▄▄▄▄▄
█ ▄▄▄▄▄ █▀ █▀ ▀▀█▀█▀▄█ █ ▄▄█▄▄▄▄ ▀▄▀   █▀█▄ ▄▄▄▄ ██ ▄▄▄▄▄ █
█ █   █ █▀  ▀▄ ██▄▀ ██▄▄  ▀█▄█ ▄▀██ ▀▀█▀▄█▄  ▄ ▄ ██ █   █ █
█ █▄▄▄█ █▀██▄▄█▀▄█▄█▄ ▄█▀ █ ▄▄▄ ▄▄▀█▄▀▄▀ ▀▄▄▀▄▀▀▄██ █▄▄▄█ █
█▄▄▄▄▄▄▄█▄▀▄█ ▀ ▀▄▀ ▀ ▀ █ █ █▄█ ▀▄█ ▀▄█ █ █▄▀ ▀ ▀▄█▄▄▄▄▄▄▄█
█  ▄ ▄█▄ ▄▄▀ █ ▀ ▄▀▄ █▀▀▄▀▄▄    ▀█▀█▀  █▀█   █▄▄▄▀ █▄▀▄▀▄▀█
█  ▀█▄▀▄   █▄▀▄ ▄ ▀ ▀▀▀ █ ▀█▄▄ █▀▀▄██▀▀▄▀▀▄█▀▀ ▀█ ▄█▄ ▀▀ ██
█▀▀▄▀▄▀▄▀█▄▄  ▄▄▄█▀ ▄▄▀▄   ▀█▀▀██▀█▄  ▀▄▀█  █▀██▄▀▀▄▀█▀ ███
█  ▄▀▄▄▄ ▄ ▄▄▀▀█ ▄▀▄▀█▄▀▄ ▀█ █▀▄███▄ ██▀▄ ▀ ▀▀ ▄▄ ▀█ ▄ ▀ ██
██ ▀▀  ▄   ▄█▄▄█ ▄█▄ █▄▀▀ █▀▀   ▄▀ ██ ▀▄▄██▀▀███ ▀███▀▀▀▀ █
█▄▄▄█  ▄██▀▀▀▄▀█ ▄ ▄ █▄▀▀▄ ▄▀ ▀▄█ ▀  ▄▀ █▀▄█▄▀▄ ▀ ▄▄▄▀▀▀▄██
█▄▄ ▀▀█▄ ▀▀███▀█▄▀▄▄▄█▀█▀▄▀ ▀▀▀  █▄█▄ ▀█▄▀▀ ▄▀▄█▄▀▀▄▄▀█ ▀▀█
██▄██▄█▄█▄▄█ ███▄ ▄ ▄█  ▀█▀ █▀█▄▄▄▄ ▄ █ ███▀▄█▄▀▄▀▀█ █▀▀▀██
██ ▄ ▄▄▄▄▄▄▀ ▀▀ ▄█  █▄██  ██▀▀█▀▄ ▄ ▄▄▀▄▀██▀▄█▄█▄▀ ▄▀▀█ ▄▄█
██ ▀▀ ▄▄▄   ▀▄▀▄█▄▄█ ▀▄█  ▄ ▄▄▄    ▀▄▀▀ ▀▀ █▄█▄ ▄ ▄▄▄ ▀  ▀█
█▀▄▄▀ █▄█ ▀█▄▄▀█▀▄▄▀ █▄█▀ ▀ █▄█ ▄█▀█  ▀███▀▀ ▀█▄▄ █▄█ ▀ ▄ █
█▄▄▀▄▄ ▄▄▄▄█  █▀▀▄ ██▄ ▄ ▀▄▄▄▄▄▄█▄█ ▀█▀  ▄█▄█▀▄▀ ▄ ▄ ▄ ▀ ▀█
█ ▄▄▄██▄█ ▄▀█▄ ██▄ ▄▀▄█▀▀▀▄▀▄█▀  █▀█ ▄▀█▀█▀ ▄█▄█▀▀▀ █▄▀▀▀ █
█▄█▄▀█▄▄█▄ ▄▄ ▄ █▄▀ ▄▀██  ▄▄▀▀▀ ██▄▄▀▄ ▀▄█ █▀▄██ ▄ █▄█  ▀██
█▄█ █▀▄▄  ▄▄▄▄▄ ▀█▄▄▀▀▀█▄ █▄▀█▀█ ███▀  ▄█▀▀ ▄██▄▀█ ███▀▄█ █
██▀█▀█▀▄▄▀█▄▄█▀█▀█▀▄▀  ▀▄ █ ▀█▄  █ ██ ▄██ █▀ ▄▄▄▀▄▄▀ ▀▀▀▄▄█
█▄▄▄▄▄▄▄█ ██ ▀█ ▀▄  ▄▄▀▀▀▀█▀█▄ ▄▀█▀█▄ ▀▄▄█▀ ▄█ ██▄▀▄▄▄ ▄█▀█
█ ▀▄██▄▄█▀ ▀▄██▄██▀ ▄ ▀ ▀ ▀▀ ▀  ██▀█▀▀ ▄▄█▄█ ▀▄▄██▄█▄██ ▀██
█ ▄▄██ ▄▀▀ ▀▄ ████▀ ▄▄▀▄  ▄▀██ █ ███▄▄ ███  ▀█▄▄▀▀▀█▄█ ██▀█
█ ▀ ▀▀▄▄▀█▀█ ▄█▀ ▀█ █▄▄▄██▄▄ ▀▀▄▀ ▄▀ ▄▀▄▄  ▀▀  ▄▄▄█▀▀▄▀▀ ▀█
███████▄▄▀▀ ▀▀ ▀▄█▄▄ ▄▀▀▀ ▄ ▄▄▄  ▀▄█   █▀█▀  ▀▄▄█ ▄▄▄ ▄█▀ █
█ ▄▄▄▄▄ █▄▄ ▄██ ▄▀ ▀  ██▀▀█ █▄█ ▀▀▀▄▀▄█▀▀ █▀▄  █▄ █▄█ ▀▀ ██
█ █   █ █ █▀ ▄█ ▄▀▀▄▄██▀▀▄     ▄ ██▄▄ ▄█▀█  ▄████  ▄ ▄█ █▄█
█ █▄▄▄█ █ █▀██ ▀▄ ▀▄▄█ ▄▀██ ▀▀▀█▄▄█▀   ▄▄▀▄▀ ▀  ▄  ▄█▀  ███
█▄▄▄▄▄▄▄█▄▄▄▄█▄███▄▄█▄██▄▄▄█▄██▄▄▄▄▄▄▄█▄▄██▄███▄▄▄▄███▄█▄██

Scan this QR code:
▄▄▄▄▄▄▄▄▄▄▄▄▄▄▄▄▄▄▄▄▄▄▄▄▄▄▄▄▄▄▄▄▄▄▄▄▄▄▄▄▄▄▄▄▄▄▄▄▄▄▄▄▄▄▄▄▄▄▄
█ ▄▄▄▄▄ █▀█▄▄ █▀█▀▄▀████ ▄ ██▀ ▄▄ ▀█▄█▄██  ▄█▀▄▄ ██ ▄▄▄▄▄ █
█ █   █ █▀▄ ▀ ▀█▄▄█▀▄█▄▄  ▀█▀▄▄ ▄▄█ ▄▀█▀▄█▀▄▄▄ ▄ ██ █   █ █
█ █▄▄▄█ █▀▄███ ▄▄███▄ ▀▄▀ █ ▄▄▄ █▄▄▀▀█▄▀▄█▀▄▄▄▀▀▄██ █▄▄▄█ █
█▄▄▄▄▄▄▄█▄█▄█ █▄▀▄▀ ▀ █ █ █ █▄█ ▀▄█ ▀▄█▄█ ▀ ▀ █▄▀▄█▄▄▄▄▄▄▄█
█ ▄   █▄▄▄██▀█ █▄▄█▄ █▀█ ▀▄ ▄▄  ▀█▀█▀  █▀█▄▀██▄▄▀  █ ▀▄▀ ▀█
██▀▀▀▀█▄█ █▄█▄▄ ▄▄▀ ▀▀▀ ▀▀▀▄██▀█▀▀ ██▄▀█ ▄ ▀▀ ▄▄▄ ▄█ ▀▀▀▄▀█
█▀▄▄ ▀█▄  ▀█ █▄▄█▄▀ ▀█▀▄  ▄▄█▀▀██▀▄█▀▄ █▀▀ ▀▀▀▀█▀  ████ ▀▀█
█▀  ▀▀ ▄█▄█  ▀██▄▄█ ▀▄██▄▄▀█ ██ █▀ ▀▄▄▀█ ██▄ ▀ ▄██▄▀█▀▄ ███
██ ▄ █▀▄█▀▀▄  ▄▀▄▄▄ ▀▄█▀▀▀▀█▀ ▄▀██▀█ ▄ ██▀▀ ▄▀█▄▀▀▀█▀█▀▀▀▀█
██  ▀▄▀▄ ▀▀▀██▀███▀█▄  █▀▄▄▄▀  ▀▀ ▀▄▄█ ████ █ █▀  ▀▀  ▀▀█▀█
█▀▀▄█ █▄ ▀▀▄▄ ▀█▄▀▄ ▄█▀█▀▄  █▀█▀▀█ ▄▄▄ ███▀▀ ▀ █▄▀ ▄▀██▄▀ █
█▀▀ ▄▄█▄█▀█▄ ▄█▀▄ ▀█▄██▄▀█▀ ▄  ▀███    ▄█▀▀ ██▀  ▀█▀▄ ▀▀▀██
█▄▀█▀▀▄▄▀ █▄ ▀▄ ▄▄▄ █▄▀█▀ ██▀▀ ▀▄ ▄  ▄▀██▀ ▀ ██▄▀▀ ██▀█▀▄ █
█▀▄▄  ▄▄▄ ██▀ ▀ ▀▀▄█ ▀▄██ ▀ ▄▄▄    █▄██ ▀ ▄█  ▄ █ ▄▄▄ ▀  ██
██ █  █▄█  ▄▀▄█▄█▄▄▀▀█▄█▀▀█ █▄█ ▄▀██ ▄▀▄▀█▀▀██▀▄  █▄█ ▀█ ██
██ ▀▄ ▄▄  █▀ ▀█▄  ▄██▀█▀▄▄      ▀▄▄▀█▄▀██▀▀█▀▄▀  ▄▄    ▀▄██
█▀▀▄█▀ ▄ ▄ ▀▄▄▀██▄  █▄▀█▀▀▄▄██▀  █▀█▀  ▄▀▀▄▀ ▀▄██▄▀██▄▀▄▄██
█▄█▀▀ █▄▀▀  ▀▄▄█▀▄▀  ▄▀ ▄▀▀▄▀▄▀ ▀▀ ▄▄ ▄ ▄█▄█▄▀██▀▀ █▄█▀▀ ██
█▄█ ▀▀▄▄ ▀ █ ▄ █▀█▀▄▀▀▀█▄ █▀▀██▄██▄█  ███▀▀▀ █▀▄▀▀ ▀▀▄▄██ █
██▄▄   ▄▀▀▀  ▀▀▄▀█  ▀ ▀▄▄ ▄ ▀█▄▄▀▄ ▄█ █▄▀ ▀▀█▄█  █ █▀██▀▄▄█
█▄▀█▀▀▄▄ ▄█▀▄▀▄ ▄▄▀▄▄▄██▄▀█▀▄▄▀▀▀█▀█   ▄▀█ ▀ ██▄█▄▄▄▄▄▄█▀██
███▄ █▀▄██▄▀▀ ▄▀▄█▀  ▀▀ ▀▀▀▀▀▀ ▄▀█▀▀█   ▀▄▄▄█ ▄██▄▄▀▀▄  ▄▀█
█▀▀▄██ ▄███ ▄  ██▄▀  ▄▀▄▀ █▀██   █ █▄▄ ▄▀▀▀  ▀▄▄█  ▀▄█▀▀█ █
█ ▀ ▀▀▄▄  █▄█▄▀▀▀█ ▄▄ █▀█▀ ▄▀▀▄▄▄▀█ ▀██ ▄█▀▀▀ ▄▄█▄ ███▀▀▄██
███████▄▄▀█ ▀█ ▀▀▄   █▀█  ▀ ▄▄▄  ▀▄██  ██▀▄▀ ███▀ ▄▄▄ ▀ ▀▀█
█ ▄▄▄▄▄ █▄▄█▀ ▄▄ ▀█▄▀█▀ ▄▄▄ █▄█  ▀▀▄█  ▀▀▀▄█ █▄█  █▄█    ▀█
█ █   █ █ ▀▄▄█▀▀▄▀  ▄█ ▀▀▄▀ ▄  ▄█▀██▄  ▄▀██▀▄▀██▄▄ ▄▄▄█▀▄▄█
█ █▄▄▄█ █ ▄█▀▀▄▀▄ █▄▄█▀█▀███▄▀▀█▄█▄  ▄▀█▀▄▄▀█ ▄▄█ ▀▄██  ███
█▄▄▄▄▄▄▄█▄██▄▄██▄▄▄▄██████▄█▄██▄▄▄▄▄▄▄█▄██▄▄▄█▄███▄█▄███▄██

Scan this QR code:
▄▄▄▄▄▄▄▄▄▄▄▄▄▄▄▄▄▄▄▄▄▄▄▄▄▄▄▄▄▄▄▄▄▄▄▄▄▄▄▄▄▄▄▄▄▄▄▄▄▄▄▄▄▄▄▄▄▄▄
█ ▄▄▄▄▄ █▀ █▀  ▀█▀▄▀ █▀▄ ▄▄█▄▄▄▄ ▀▄▀▄▄▄▀▀▀▄▄▀█▄▄ ██ ▄▄▄▄▄ █
█ █   █ █▀  █  ███▀ █▄▄▄ ▀▀█▄█ ▄ ██ █▀█▀▄▄▄ ▀▄ ▄ ██ █   █ █
█ █▄▄▄█ █▀▀█ ▀█▀▄█▄█▄ ▄█▀ █ ▄▄▄ ▄█▀██ ▄▀▀▄▄▄▄▀▀▀▄██ █▄▄▄█ █
█▄▄▄▄▄▄▄█▄█ ▀ ▀ ▀▄▀ ▀ ▀ █ █ █▄█ ▀▄█ ▀▄█ █ █▄▀ ▀ ▀▄█▄▄▄▄▄▄▄█
█  ▄ ▄█▄▄▄▀▄ █ ▀ ▄▀▄ █▀▀▄▀      ▀█▀█▀  █▀█   █▄▄▀  █ █▄▀▄▀█
█  ▀█▄ ▄█ █ █ ▄ ▄ ▀ ▀▀▀ █  ▄ ▄ █▀▀ ▀█▀▀ ▀▀▄█▀▀ █████▀█▀▀ ██
█▀▀█▄▄▀▄█ ▄▄  ▄▄▄█▀ ▄▄▀▄  ▀▀▀█▀██▀█▄  ▀▄▀█▄ █▀▄▄  ▀▄▀█▀▄███
█▄▄▄▀▄▄▄ █ ▄▄▀▀█ ▄██▀█ █▄ ▀█▀██▄██ ▄▄█ █ ▄▄▀█▀ █▀ ▀█▀█▀▀ ██
█ ▄▄   ▄   ▄█▄▄█▀▄▄▄ ██▀▀▀█▀▀ ▀ ▄▀ █ ▄ ▄▀▀▀▀▄██▄ ▀███▀▀ █▄█
██▀▄ ▄ ▄██▀▀▀▄▀█▀▀ ▄ ▄▄▀▄  ▄▀ ▀█▀ ▀       █▄ ▄▄▀▀  ▄▄▀▀▀▄▀█
█▄█ ▀▀▄▄ ▀▀█▄▀▀█▄▀▄▄▄█▀█▀▄▀ ▀▀▀ █▀▄█▄ ▀█▀█▀  ▀▄█▄▀ ▄▄▀█  ▀█
██▄███▀▄▀▄▀▀▀▄ ▀▄ ▄ ▄█  ▀█▀ █▀█▄██▄ ▄▀█ ▄▄█▀▄█▄▀▄▀▄▄▄▀▀▀▀██
██ ▄ █ ▄ ▄▀▀▀▄▄█▄█  █▄██  ▀▀▀▀█▀▄ ▄ ▄▄▀▄▀██▀▄█▄█   ████ ▄▄█
██ ▀▀ ▄▄▄   █ ▀▄█▄▄█ ▀▄█    ▄▄▄    ▀▄▀▀▄▀▀▄▀▄█▄▄█ ▄▄▄ ▀  ▀█
█▀▄ ▄ █▄█  ▀▄▄▄▀▀▄▄▀ █▄█▀ ▀ █▄█ ▄███  ▀███ ▀ ▀▄▄  █▄█  ▀▄ █
█▄ ▄▄ ▄▄  ▄█  █▀▀▄▄ █▄█▀ ▀▄ ▄▄▄▄█▄▄▀███▀ ▄ ███▀█         ▀█
█▄▄████▄▄ ▄▀█▄ ███▄ ▄▄▄▀ ▀▄▀▀▄▀  █▀█ ▄▀█▀▀▀  ▀█▄▀ ▀ █▄▀ █ █
█▀▄▄▀█▄▄█▄ ▄▄ ▄ ▀█▀ ▀███▄█▄▄▀▀▀ ▀█▄▄▄▄▀▀▄ ▀▄▄ ▄▄ ▄ █▀▄   ██
█▄  █▀▄▄  ▄▄▀▄▄ ▀█▄▄▀▀▀█▄ █▄▀█▄█▄███ ▄ ▄▄▀▀ ▄██▄▀█ ███▀▄▄▀█
██▀█▀█▀▄▄▀▄█▀▀ █▀█▀▄▀  ▀▄ █ ▀█▀▄▀▄ █▄▀▄█▄ █▀ ▄▄▄▀▄▄▀ ▀▀▀▄▄█
█▄▄▄▄█ ▄█  ▀▄█ ▄▀▄  ▄▄▀▀▀▀█▀█▄ ▄▀█▀█▄ ▀▄▄█▀ ▄█ ██▄█▀▄▄▄▄█▀█
█ ▀▄██ ▄█▀▀▄ █  ██▀ ▄ ▀ ▀ █▀ ▀  ██▀█▀▀  ▄█ ▀ ▀  ▀▄▄█▄█  ▀██
█ ▄ ▀█ ▄█▄█▀▄ ▀▀██▀ ▄▄▀▄  ▄███ █ ██▄▄▄ ▄██▀▀▀█▀██▄█ █▄  █▀█
█ ▀ ▀▀▄▄  ▀█ ▄█▀ ▀▄▀█▄ ▄██▄█ ▀▀▄▀ █ ▄  █  █▀█ █ ██▄▀ ▀▀▀ ▀█
███████▄█ ▀ ▀▀ ▀█▄ ▄ █▀██▀▄ ▄▄▄  ▀▄█ ▄ ▄▀█▀▀ ███▀ ▄▄▄ ██▀▄█
█ ▄▄▄▄▄ █▄▄ ▄██  ▄ ▀█▄██▄██ █▄█ ▀▀▀▄███ ▀ █ ▄▄ █▄ █▄█ ▀▀ ▀█
█ █   █ █ █▀▄▀█ ▄▀▀▄▄██▀▀▄  ▄  ▄█▀█▄▄ ▄█ ▀  ▄████  ▄▄ █ ███
█ █▄▄▄█ █  ▄█▄ █▄ ▀▄▄█ ▄▀██ ██▀████▀   ▄█ ▄▀ ▀  ▄  ▄▀█  ███
█▄▄▄▄▄▄▄█▄▄███████▄▄█▄██▄▄▄████▄▄▄▄▄▄▄█▄▄██▄███▄▄▄▄███▄█▄██

Scan this QR code:
▄▄▄▄▄▄▄▄▄▄▄▄▄▄▄▄▄▄▄▄▄▄▄▄▄▄▄▄▄▄▄▄▄▄▄▄▄▄▄▄▄▄▄▄▄▄▄▄▄▄▄▄▄▄▄▄▄▄▄
█ ▄▄▄▄▄ █▄▀▄ ▄█▄▀█▀▄▄█ ▄ ▄ ▀▀▀▄ ▄▄█▀  ▄█▀▀ ▄▄▀ ▄ ██ ▄▄▄▄▄ █
█ █   █ █ █▀██ ██▄█ ████   █ █▄▀ █▄▀ ▀▄▀█▄▀█▀▄▀▄ ██ █   █ █
█ █▄▄▄█ █▄█▀█ ▄█▀▀▄  ▀▄  █▀ ▄▄▄ █▄▀█▀█  ▄▀ ▀▀▀▄▀▄██ █▄▄▄█ █
█▄▄▄▄▄▄▄█▄█ ▀ █ █▄█▄▀▄▀ ▀▄█ █▄█ ▀ ▀ █ █ ▀ █▄▀▄▀▄█ █▄▄▄▄▄▄▄█
█ ▄  ▀█▄█▄▀▀ ▀▀█████▀█ ▄  █ ▄▄   █ ▄▀▀▀█ ▄▄ ▄███▀▀ ██▄▄ ▀ █
█ █ ▄▄▄▄  ▄  ▄ ▀▀  ██ ▄▄ ▄▀█ ▀  █ ██▄▀█ █ ▀▄█▀▀ █▄ ██▄ ▄  █
██▄█ ▀▀▄█▀█▄▄▀▄ ▀▄█▄▀▀█▄▄▄▄ ███▀██ ██ ▀ █▀█▄▀███▄█ ▀█▀▀▄▀██
█▄▄█▀  ▄▄▄▄▀  ▄███ ▄ ▄▄ ▄█ █▀█▀▀▄▀▀█▄▀▄ ▀▄█ ▀▀ ▀▄ █▀█▀▀ ▄██
████▀▀ ▄▀ ▄ ▀█  ▄ ▀█ █▄█ ▄█▄▄▄█▄▀▄▄ ████ ▀▀▄▀▄▀  ▄█▄▄▀▀▄▀ █
█ ▄▀▄▄▀▄ ██▀▀▀▀▀  █▀██▄██▀▄ █ ▄█▀ █▄█▀   ▀▀▄  ▀ ▄▄█▀▄ ██ ██
██ ▄▄▀▀▄▀▀ ███ ██ ▄▀██ ▄▀█▀ ▄ █ ██▀█ ▀▀█▄▄▀ ▀█▀▄▄ ▀█ ▄██▀▀█
█▄█▀▀█ ▄█▄▀ █▀█▀▀▄   ▄    █▀▀▄▀▄▀█ ▄▀█▄█▀▄ █▀█▄▄▀▄██▀  ▄█▄█
█ ▀▀█▀ ▄▀██▀█▄ █ ▄ ▄█ ███▄█▀█▀▄█▄▄  ▄ ▀▀▀▀▄█ ▀▀▄██▀▀█▀▀█▄▄█
█ █▄▀ ▄▄▄ ▄█▀ ██  ▄▄▀▀█▄█▀▄ ▄▄▄ ▀ ▀▄▄▄   ▀▄ ▀ ▀█▄ ▄▄▄ ▀▀▀██
█ ▄▄  █▄█ █▄ ▀██  █▄█▄▀▀ ▄█ █▄█   ▀ ▀▀█▄▄▀ ▄▀▄▀   █▄█ ▄▄▄▄█
██▄█   ▄▄▄▀▀▄██ ▄ ▀▄██    ▀ ▄ ▄▄▀ ▀ █  ▀▀█▀██ ▀█▄▄ ▄  ▄▄▄▀█
█▀ ▀▀  ▄▄▀▀ ▄█ ███▄▀▀▄▄ ▀▀█▄ █▀▀▀█ ▄ ▀▀▄▄ ▀ █▀▄▄██ █▄▄ █▀▀█
███▀▄▄▄▄▄▄█▄ ▀ ▄█▀ █  ▄▄█ ██▄█ ██ █ ▄▄▀▀▀█▄ █▄ ▀ ▄▄▄██ ▄ ▄█
█ ▄▄█▀ ▄ █▄█▄▀ ▀███ ▀███ ▄████ ▄▄█ █▄ █▀▀███▄██▄██ ██▄ ▀███
█▄█▄▀▀ ▄ ▀ ▀▀ ▄█ ▄ ▀   █▄▀█  ▄▀█ ▄▀██▀▄▄  ▀ ▄█▄▀ ▄▀█ ▄█ █▄█
█▀█▄▄▀▀▄▄█▀▀ █▀█▀  ▀ █ ▀█▄▀ ▀  ▄█▄▄▀▀█▄█▄▀▀▄▄▄  ▄▀▀▀▀ █ █▄█
█▀█ ▄█▀▄█▀█▀▄▄▀▄ ██▄ ██ █████▀▄ ▀▀▀█▀▄▄ █▄▄ █▄ ██ ▄▀█▄██▄██
█  █▄ █▄ ▀▀█▄▀▀▄▄█▀▀▀▄ █▀▀█▀▄▄ ▀▀███▄█ ▄  █ ▀▀████ ▀█▄█ ▄ █
█ ▀ ▀▀▄▄▀▀  ▄▀█ ▄▀█▄ ▀██▄▄▄ ▄██▀  ▀▄  █ ▀▀▀▄█▀█ ▀▀  █▄▀▄ ▄█
███████▄▄▀▀ █▀ █▀▄▄  ▀███▄▀ ▄▄▄  █ █▀  ▀▀▀▄███ ██ ▄▄▄ █▄▀██
█ ▄▄▄▄▄ ███▄▀▀█▄▄▄███  ▀ ▀█ █▄█ ▀▀ █▀▀  ▄████▄█▄▄ █▄█  ▀▀██
█ █   █ █▀▄ █ █ ▀█▀█ ▄██ ▀█  ▄     ▀▀▀▄█▄█▄▄▄  ▀▄ ▄▄ ▄▄▄ ██
█ █▄▄▄█ █    ▄ █  ▀ ▄▀███▀█▀█▀█▀█▀  ▄ ▀▀▄█ █▄▄ ▄▀▄▀  █▄▄█▀█
█▄▄▄▄▄▄▄█▄█▄██▄███▄█▄█▄▄█▄███▄███▄██▄█▄▄▄▄▄████▄█▄█████▄███

Scan this QR code:
▄▄▄▄▄▄▄▄▄▄▄▄▄▄▄▄▄▄▄▄▄▄▄▄▄▄▄▄▄▄▄▄▄▄▄▄▄▄▄▄▄▄▄▄▄▄▄▄▄▄▄▄▄▄▄▄▄▄▄
█ ▄▄▄▄▄ █▀ █▀   ▄▀▄▀▄█ █  ▄█▄▄▄▄ ▀▄▀██▄▀   ▄█▀▄▄ ██ ▄▄▄▄▄ █
█ █   █ █▀  ▀▄ █▄█▀ ▄█▄▄  ▀█▄█ ▄▀▄█ ▄▀█▀▄▄▄  █ ▄ ██ █   █ █
█ █▄▄▄█ █▀█▀█▀█▀▄█▄█▄ ▄█▀ █ ▄▄▄ █▄▀█▀▀▄▀▀▀▄▄▄▀▀▀▄██ █▄▄▄█ █
█▄▄▄▄▄▄▄█▄█▄█ ▀ ▀▄▀ ▀ ▀ █ █ █▄█ ▀▄█ ▀▄█ █ █▄▀ ▀ ▀▄█▄▄▄▄▄▄▄█
█  ▄ ▄▀▄  ▄▄▄▄ ▀ ▄▀▄ █▀▀▄▀▄▄    ▀█▀█▀  █▀█   █▄▄▄▀ █▄█▄▀▄▀█
█  ▀█▄ ▄█▀█▄ ▄▄ ▄ ▀ ▀▀▀ █ ▄█ ▄ █▀▀ ██▀▀▄▀▀▄█▀▀ █▀ ▄█  ▀▀ ██
█▀▀▀█▄▀▄  ▄█  ▄▄▄█▀ ▄▄▀▄    █▀▀██▀▄█  ▀█▀█  █▀▀█▀▀▀▄██▀ ███
███▀▀▄▄▄ ▄ ▄▄▀▀█ ▄█ ▀█ ▄▄ ▀█▀█▀ ██ █ █▄▀▄  ▀▀▀█▄▄▄▀█▀▄▀  ██
█▀█ █  ▄   ▄█▄▄█▄█ ▄▄▄▀▀▀ █▀▀  ▀▄▀ █  █▄█▀█▀██▄█ ▀███▀▀▀▀ █
██▄▄▀  ▄██▀▀▀▄▀███ ▄▄▄▄▀▄  ▄▀  ▄▀▄▀ ▀▄  █▀▄█ ▀▄▀▀  ▄▄▀▀▀▄▀█
█▄▀ ▀▀█▄ ▀▀█▀▀▀█▄▀▄▄▄█▀█▀▄▀ ▀▀▀ ▄▀▄██▄▀███▀ ▄█▄█▄▀▀▄▄▀█  ▀█
██▄██▀ ▄█ ▄█▀▀ ▀▄ ▄ ▄█  ▀█▀ █▀█▄▄▄▄ █ █ ███▀█▄▄▀▄▀▄▄▄▀▀▀▀██
██ ▄  █▄▀██▀█▀ ▀▄█  █▄██  ▀█▀▀█▀▄ ▄ ▄▄▀▄▀██▀▄█▄█▀ ▄██▀█ ▄▄█
██ ▀▀ ▄▄▄ █   ███▄▄█ ▀▄█  ▄ ▄▄▄   ▄█▄▀█▄▀▀ ▀▄█▄▄  ▄▄▄ ▀  ▀█
█▀▄▀  █▄█ ▀ ▄▄█ ▀▄▄▀ █▄█▀ ▀ █▄█ ▄█▄█  ▀▄██   ▀██▀ █▄█ ▀█▄ █
█▄▀▀  ▄▄▄ ▄█  █▀▀▄█▄█▄▄  ▀▄ ▄▄▄▄█▄▄ ▀█ ▄  ▄▄██ ▀▄▄    ▀  ▀█
█▄▀▄███▄ ▄▄▀█▄ █▄██▄▄▄▀█ ▀▄▀▄▄▀  █▀█▀  ▄█▀   █▄▄▀ ▀ ▄█▀▀█▄█
██████▄▄▄█ ▄▄ ▄ ▀▀▀ ▄▀██▄ ▄▄▀▄▀ ██▄▄▀█▀▀ ▄ █▀███▀▄ █▄▄   ▀█
█▀█ █▀▄▄  ▄▄▀▄▄ ▀█▄▄▀▀▀█▄ █▄▀█▀▀ ▀███▄ ▄██▀ ▄██▄▀█ ███▀▄▄ █
██▀█▀█▀▄▄▀▄▄▀█ █▀█▀▄▀  ▀▄ █ ▀█ ▄▀█ █▄ ▄█▄ █▀▀▄▄▄▀▄▄▀ ▀▀▀▄▄█
█▄▄▄▄█▄▄█ █▀▄▀▀▄▀▄  ▄▄▀▀▀▀█▀█▄ ▄▀█▀█▄ ▀▄▄█▀ ▄█ ██▄█▄▄▄  █▀█
█ ▀▄██ ▄█▀▀▄▀▄  ██▀ ▄ ▀ ▀ █▀ ▀  ████▀▀▄ ▄█▄█ ▀ ▄█▄▄█▄█▀ ▀██
█ ▄▄ ▀ ▄█▄█▄▄ ▀███▀ ▄▄▀▄  █▀██ █ █▄█▄▄▀▄██  ▀█▀██▀▀█▄█▄ █▀█
█ ▀ ▀▀▄▄▄▄▀█ ▄█▀ ▀▀██▄████▄▀ ▀▀▄▀ █▀ ▄    █▀▀ ▀▄██▄█▀▀   ▀█
███████▄█ ▀ ▀▀ ▀█▄▄▄ ██▀ ▀▄ ▄▄▄  ▀▄█ ▄▀███▀ ▄█ █▀ ▄▄▄ ███▄█
█ ▄▄▄▄▄ █▄▄ ▄██ ▄▀ ▀▀▄██  █ █▄█ ██▀▄▀▄█ █▀▄ ██▀▄▄ █▄█ ▀▀ ██
█ █   █ █ █▀█▄█ ▄▀▀▄▄██▀▀▄  ▄  ▄ ▀█▄▄ ▄█▀▀   ████  ▄▄ █ ███
█ █▄▄▄█ █  █▄ ▄▀▄ ▀▄▄█ ▄▀██  █▀█▄██▀   ▄█ ▄▀▀   ▄  ▄█▀  ███
█▄▄▄▄▄▄▄█▄██▄▄▄███▄▄█▄██▄▄▄████▄▄▄▄▄▄▄█▄▄██▄███▄▄▄▄███▄█▄██

Scan this QR code:
▄▄▄▄▄▄▄▄▄▄▄▄▄▄▄▄▄▄▄▄▄▄▄▄▄▄▄▄▄▄▄▄▄▄▄▄▄▄▄▄▄▄▄▄▄▄▄▄▄▄▄▄▄▄▄▄▄▄▄
█ ▄▄▄▄▄ █  ▄▄ ▀▄▄██▀▀  █ ▄█  ▀ ▄▀█ █▄▄▄▄██▄ ▀ ▀▄ ██ ▄▄▄▄▄ █
█ █   █ █ ▄█▄█▀██  ▄▄█▄▀█▄▀█▀▀▀█▀███▄▄█▀█ ▄▀▀█ ▄ ██ █   █ █
█ █▄▄▄█ █▀▀█▄▄█▀▀███▀█▄▄▀   ▄▄▄ ▄ ▀▀▀ ▀▄█▀▀▄ ▄▄▀▄██ █▄▄▄█ █
█▄▄▄▄▄▄▄█▄▀ █▄█▄▀ █▄▀ █▄▀▄█ █▄█ ▀▄█▄█ █▄█▄█▄▀ █ █ █▄▄▄▄▄▄▄█
█  ██  ▄▀██▀█▀█ ▀▄█▄█ ▄█ ▀█  ▄  ▄ ▄█▀ █ ▄█▄▀  ▀▄  ▀▀ █▄ ▄▄█
█ ▀▀▀▄ ▄▀▄   ▀▄ ▄▀▄█▀▀▀█▄▄▀▄█▄▄ ▀▀▄▄ ▀█▀ ▀▀ ▀  ▀██▄▄  ▄▄▄▀█
█▀▀▄ ▀█▄  ▀▀ █▀▀ ▄▀ ▄ ▄▄  ▀▀▀▀▀█ ▄▀▄▀▄█ ▄▀▀▀▄▄ ▄ ▀█  ██▄▄▄█
█▀ ▀ ▄█▄█▄███▄██▄▀█▄▀▄▄▀▀▀▀█ ▀ ██▀▀▄▀█▀█▄▄ ▀▄█▄▀▀▄▄▀▄█▄▄███
██ ███▀▄ ▄▄▄  ▀▄▀▄▄ ▀▀ ▀█▀▄ ▄  ▀  ▄█  ▀▀▄▀  █▄██▀▀▄ ▄█▀▀▄▄█
█  ▄▀▀ ▄ ▀▀▄  ▀█  ▄  █  ▀▄▄▄▀████▄▀▀▀▀ ▄▄█ ▄█ █████▀ █▄▄ ▀█
█▄█▀ ▄▄▄█▄▄▄▀▄▄ ▀▀▄ ▀ ▄█▀▄██ ▀█▀█▄█▄  █ ██▀▀█ ██▄▀█▀▄██▄███
█▄▀ ▄▀█▄█▀ █ ▀██▄█▄ ▄██▀▄ ▀ ▄██▄█████▄ ▄█▄▄█▄▄▀██▄▄█ ▀▄▄▀██
█▄▄ ▄▀▄▄█▀▄▄  ▀▀▀▄▄  ▀▄█▀  ▄▄▀ ▀▀█▀  ▄▄  ▀ ▀█  ▄▀ █▀ ▀█▀▀██
█▄▄▄  ▄▄▄ ▀   ██▀▄▀  ▀▄  █▄ ▄▄▄   ▄ ▀ █▄▀█▀▄   █  ▄▄▄ ▄█ ██
███ ▀ █▄█ ▄▀▀▄ █ ▄▄▀▄ ▀█▀▀  █▄█ ▀▄ █ ▄▀▀▄█     █▀ █▄█ ▀▀█ █
██  █▄▄▄ ▄█▄█▄█▄ █ ▄█▀▄▄▀▀   ▄▄▄▀▄▄█ █▄ ▀  ▄█  █▄ ▄  ▄█▄▄██
█▀ ▄▀▀ ▄▄ █▀▄▄▄ ▄▄▀▄█  █▀▀▀▀▀█▀ █ ▄█▄ ▄  █▀▀▄▄ █▀ ▄ ▀█▀█▀▄█
█ ▄ ██ ▄ ▀ █▄▀▄█▄█▄█▄▄▀█▄█▀▄█ ▄█▀▀ ▀▀▀█▀▀ ▀ █▀▄▀▄▄ █ ▄▄▄███
█ ▀█▄▀▄▄█▄██▄▄█ ▄█▀▄▄▄▄█▄  ▄▄█▀▀█ ▀█    ▄█▀▀▀▄▄▄▀▀█▄▄▄▄█ ██
█ ▄▄ ██▄▀▀▄▄▀ ▀ ▀ ██▀ ▀▀▀█▄ ▀ ██▀█ ▀ ██▄▀▄▄▄█▄███  █▀  ▄▄▄█
█▄▄ ▄▀ ▄█▀    █▄▀▄▀▄▀▀ █▄▀ ▄▀▄▀▀▄ ▄█  █▀▄█ ▀█  ▄█▄▀ ▀▄▄█▄ █
█ █▄   ▄██▄█▀   ▄ ▄█ ▀▀█▄▄█▀▀▄█▀▀██▄ █▄▄▀▀▀██ ▄ ▄▀ ▀▀▀ █▄▀█
█▀▄▄█ ▄▄▀▄█ ▄ ▄  ▄▀ █▀▄▄▀ ▀▀ █  █ ▀▄▄▄▄▀▄▀▀▀█▄▀▄█ ▀▄▀▄▄█ ██
█ ▀ ▀▀▄▄█▀█▀ ▀▀▀▀ ▀▀▄ █▄ ▄  ▀▄▀▀▄▀██ ▄▄ ▄   ▀ ▄██▄ ▀ ▄█▄▄██
███████▄█   ▀██▄▀█ ▄█ ▀▀▀ ▄ ▄▄▄ █▄▀█▄▄█  ▀   ▄▀▄▀ ▄▄▄   ▄ █
█ ▄▄▄▄▄ █▀▄ ▄█▄▄▄▀ ▀██▀█▀▀▄ █▄█  ▀▀▀▄ ▀▀█▄  ▄▀▄▀▄ █▄█ ██▄▀█
█ █   █ █▄▄▄██▄▄▀▀  ▀ █▀▀▄▄▄▄  ▄   ██ █▀███▀█  ██▄▄ ▄▄█▀  █
█ █▄▄▄█ █▀▀▀ ██ ▄█ ▀▄█▀ ▄ ██▀▄▄ █▄▄██▀▀█▀▀▀▄█▀▄▀ █▀▄█ █████
█▄▄▄▄▄▄▄█▄▄██▄▄██▄▄▄▄▄▄████▄█▄█▄███▄▄▄▄█▄█▄▄█▄█████▄▄████▄█

❌ Bot disconnected (408), reconnecting in 5s...
❌ Bot disconnected (408), reconnecting in 5s...
Scan this QR code:
▄▄▄▄▄▄▄▄▄▄▄▄▄▄▄▄▄▄▄▄▄▄▄▄▄▄▄▄▄▄▄▄▄▄▄▄▄▄▄▄▄▄▄▄▄▄▄▄▄▄▄▄▄▄▄▄▄▄▄
█ ▄▄▄▄▄ █▀ █▀ ▀ █▀█▀ █ ▄  ▄█▄▄▄▄ ▀▀█▄ ▄▀▄▄  █ ▄▄ ██ ▄▄▄▄▄ █
█ █   █ █▀  █  ██▄▀ ▄▄▄▄  ▀█▄█ ▄▄▄█ ▀▀█▀█▄▄ ▀▄ ▄ ██ █   █ █
█ █▄▄▄█ █▀▀██▄█▀▄█▄█▄ ▄█▀ █ ▄▄▄ ▄ ▀██▀▄▀▀ ▄▄██▀▀▄██ █▄▄▄█ █
█▄▄▄▄▄▄▄█▄█▄▀ ▀ ▀▄▀ ▀ ▀ █ █ █▄█ ▀▄█ ▀▄█ █ █▄▀ ▀ ▀▄█▄▄▄▄▄▄▄█
█  ▄  █▄  █▀▄▄ ▀ ▄▀▄ █▀▀▄▀ ▄    ▀█▀█▀  █▀█   █▄▄   █ █▄▀▄▀█
█  ▀██▀▄ █▄▄▄█▄ ▄ ▀ ▀▀▀ █ ▀▄▄  █▀▀ ▀█▀█ ▀▀▄█▀▀▄█▄▀█▄  ▀▀ ██
█▀▀█▀▄▀▄▀█▄▄  ▄▄▄█▀ ▄▄▀▄   ▀▄▀▀██▀█▄  █▄▀█  █▀▄█▄▀▀▄██▀ ███
█▀ █▄▄▄▄ █ ▄▄▀▀█ ▄▀█▀█▄ ▄ ▀█ ▄█ ██ ▀▄█  ▄ ▀ █▀█▄▄▀▀█ █▀▀ ██
█ ▄██  ▄   ▄█▄▄█▄▄▄▄▀███▀ █▀▀ █▀▄▀▀█  ██▀▀ ▀▄██▄ ▀███▀▀ ▀ █
███▄▄ ▄▄██▀▀▀▄▀█▄█ ▄▀█▄▀ ▄ ▄▀  ██ ▀ ██  ▀█▄█ ▀█▀▀ ▄ ▄▀▀▀▄██
█▄▄ ▀▀█▄ ▀▀█▄█▀█▄▀▄▄▄█▀█▀▄▀ ▀▀▀  ▀▄█ ▄▀█▀█▀ ▀▀▄█▄▀▀▄▄▀█ ▀ █
██▄██ █▄█▄  ▀ ▄▀▄ ▄ ▄█  ▀█▀ █▀█▄██▄ █ █ ▄▄█▀█▄▄▀▄▀  ▄▀▀▀▀██
██ ▄ ▀█▄▄▄▄████▀▄█  █▄██  ▀█▀▀█▀▄ ▄ ▄▄▀▄▀██▀▄█▄█▄▀██▀██ ▄▄█
██ ▀▀ ▄▄▄ ▀▀ ████▄▄█ ▀▄█  █ ▄▄▄    ▀▄▀█▄▀▀▄▀▄█▄▄  ▄▄▄ ▀  ▀█
█▀▄▀  █▄█ █ ▄▄▀█▀▄▄▀ █▄█▀ ▀ █▄█ ▄█ █  ▄▄███▀ ▀▀▄█ █▄█ ▀ ▄ █
█▀▄▀▀ ▄▄  ▄█  █▀▀▄█▀█▄ ▄ ▀█ ▄▄▄▄█▄█ ▀█ ▄▄ ██▀██▄█▄▄ ▄ █▀ ▀█
█ ▀▄▀██▄█ ▄▀█▄ █▄▄▄ ▄▄██▀▀▄▀▄▄▀  █▀█  ▀▄█▀▀▀▄▀ ▄█▄▀ ▄▄ ▀█▄█
██▄▀▀█▄▄█▄ ▄▄ ▄   ▀  ▄██▄▄▄▄▄█▀ ██▄▄▄ ▀ █  ▄█▄█▄▀▄ █ ▄   ██
█▀█ █▀▄▄  ▄▄ █▄ ▀█▄▄▀▀▀█▄ █▄▀██▄▄███ ▄ ▄▀█▀ ▄██▄▀█ ███▀▄█ █
██▀█▀█▀▄▄▀▀ ▀█▄▄▀█▀▄▀  ▀▄ █ ▀█ ▄▀█ ██ ▄██▀█▀ █▄▄▀▄▄▀ ▀▀▀▄▄█
█▄▄▄▄▄▀▄█ ██▀▄▀ ▀▄  ▄▄▀▀▀▀█▀█▄ ▄▀█▀█▄ ▀▄▄█▀ ▄█ ██▄█▄▄▄▄ █▀█
█ ▀▄█▀▀▄█▀█▀▀▄▀███▀ ▄ ▀ ▀ █▀ ▀  ████▀▀▄▄▄█▄█ ▀ ▄▀█ █▄█▀▀▀██
█ ▄ ▄█ ▄▄█▀█▄  ███▀ ▄▄▀▄  ▄▄██ █ ███▄▄▀███ ▀▀██▄▀█▀ ▄██ █▀█
█ ▀ ▀▀▄▄▄█▀█ ▄█▀ ▀▄██▄▀███▄  ▀▀▄▀ ▄▀▄ █▀  ▄ █▄▀▀██▄█▀▄█  ▀█
███████▄▄ ▀ ▀▀ ▀▄█  ▀█ ▀ ▀▄ ▄▄▄  ▀▄█▄ ▀▄█▀▄▀ █▄██ ▄▄▄ ▄██▄█
█ ▄▄▄▄▄ █▄▄ ▄██    ▀  ██▄ █ █▄█ ▀█▀▄▀▀▄  ▄█▀ ▀▀▄  █▄█ ▀▀ ██
█ █   █ █ █▀▀▄█ ▄▀▀▄▄██▀▀▄     ▄ ██▄▄ ▄█▀▀  █████  ▄▄ █ ▄▄█
█ █▄▄▄█ █ ▄▄▀  ▀▄ ▀▄▄█ ▄▀██ ▀█▀████▀▀▀ ▄▄▀▄▀▀   ▄  ▄▄█  ███
█▄▄▄▄▄▄▄█▄▄▄▄▄█▄██▄▄█▄██▄▄▄█▄▄█▄▄▄▄▄▄▄█▄▄██▄███▄▄▄▄███▄█▄██

Scan this QR code:
▄▄▄▄▄▄▄▄▄▄▄▄▄▄▄▄▄▄▄▄▄▄▄▄▄▄▄▄▄▄▄▄▄▄▄▄▄▄▄▄▄▄▄▄▄▄▄▄▄▄▄▄▄▄▄▄▄▄▄
█ ▄▄▄▄▄ █▀█▄▄ █▀▀▀▄ ▄▀██   ██▀ ▄▄ ▀▀█ ▄▀  ▀▄ █▄▄ ██ ▄▄▄▄▄ █
█ █   █ █▀▄ █▄▀████▀█▄▄▄▀▀▀█▀▄▄ ▀▄█  ▀█▀▄▄▀▄▄▄ ▄ ██ █   █ █
█ █▄▄▄█ █▀▄██▀ ▄▄███▄ ▀▄▀ █ ▄▄▄ ▄█▄▀▄▄▄▀██▀▄█▄▀▀▄██ █▄▄▄█ █
█▄▄▄▄▄▄▄█▄▀▄█ █▄▀▄▀ ▀ █ █ █ █▄█ ▀▄█ ▀▄█▄█ ▀ ▀ █▄▀▄█▄▄▄▄▄▄▄█
█ ▄   ▀▄   ▀ ▄ █▄▄█▄ █▀█ ▀▄ ▄▄  ▀█▀█▀  █▀█▄▀██▄▄█▀ █ ▀▄▀ ▀█
██▀▀▀▀█▄▀▀▄█▄▀▄ ▄▄▀ ▀▀▀ ▀▀ ███▀█▀▀▄██▄▀▀ ▄▄▀▀ ▄▄█▀██▄▀▀▀▄▀█
█▀▄  ▀█▄▀█▄  █▄▄█▄▀ ▀█▀▄  ▄██▀▀██▀██▀▄▀▄▀▀ ▀▀▀▄█▄▀ █▄▀▀ ▀▀█
█▀ ▄█▀ ▄███  ▀██▄▄  ▀▄ █▄▄▀█ ▄▀▄█▀▄▄ ▄█  █ ▀ ▀▄ ▄▄▄▀█▀▀▀███
█ █▀██▀▄█▀▀▄  ▄▀▄▄▄ ▀▄██▀▀▀█▀ ▄▀██▀▄ ▄ █▀██  ██▄▀▀▀█▀█ ▀█▀█
█▄█▀ ▄█▄ ▀▀▀██▀█▀ ▀█▄▀ █▄ ▄▄▀  ▀▀ ▀▄█ ▀█▄▀▄▀▀▄▄▀  █▀  ▀▀▄▀█
█▀▀▄█▀█▄ ▀▀▄█ ▀█▄▀▄ ▄█▀█▀▄  █▀█▀▄▀ ▄▄▄ █ █▀▀▄█ █▄▀ █▀██▄▀▀█
█▀▀ ▄█▄▄█▀▄█ ▀ █▄ ▀█▄██▄▀█▀ ▄  ▀█▄█    ▄█ ▀ █▄▀  ▀▄▀▄ ▀▀▀██
█▄▀█▀▄▄▄▄▄  ▄▀▄▄▄▄▄ █▄▀█▀ ▀█▀▀ ▀▄ ▄  ▄▀██▀ ▀ ██▄   █ ▀█▀▄ █
█▀▄▄  ▄▄▄ █▄ ▄ ▀▀▀▄█ ▀▄██ ▀ ▄▄▄    █▄█▀ ▀ ▄▀   ▄█ ▄▄▄ █  ██
██  █ █▄█   ▀▄▀▄█▄▄▀▀█▄█▀▀▀ █▄█ ▄▀▀█ ▄█▄▀██▀██▀█▀ █▄█ ▄█ ██
█ ▀  ▄▄▄  █▀ ▀█▄   ▀█▀▀█▄▄▀▄    ▀▄█ ▀▄  ██ ▀▀ ▀ ▀▄▄  ▄  ▄██
█▀▄▄▄▀ ▄▀█ ▀▄▄▀█ ▄█▄ ▄██▀▀▄▄▄█▀  █▀█ ▄▀█▀█▀▀▀▀▄█▀▄▀█▄▄▀▄ ▀█
█ ▄██ █▄ █  ▀▄▄███▀ ▄▀▀ ▀█▀▄▄▄▀ ▀▀ ▄ ▄▄ ▀█▄▄█▀▄▄▀▀ █  ▀▀█▀█
█▀▀ ▀▀▄▄ ▀ ███ █▀█▀▄▀▀▀█▄ █▀▀█▀ ▄█▄█ ▄███▀▀▀ ▀▀▄▀▀ ▀▀▄▄██▀█
██▄▄   ▄▀▀█▀▀▀▀▀▀█  ▀ ▀▄▄ ▄ ▀█▀▄▀▄ ▄█ █▄ ▀▀▀▄▄█  █ █▀██▀▄▄█
█▄▀█▀▀ ▄ ▄▄▀▄▄▀▀▄▄▀▄▄▄██▄▀█▀▄▄▀▀▀█▀█   ▄▀█ ▀ ██▄█▄█▄▄▄▄▀▀██
███▄ ▄▀▄██▄▄▄█  ▄█▀  ▀▀ ▀▀█▀▀▀ ▄▀█▀██  ▄▀▄▄▄█ ▄█▀█ ▀▀▄  ▄▀█
█▀▀██▀ ▄█▄█▄▄  ▀█▄▀  ▄▀▄▀ ▄███   █▀▄▄▄██▀▀▀  ▀▄▄▀▄▄ ▀▄▀██ █
█ ▀ ▀▀▄▄▄██▄█▄▀▀▀█ █▄  ▄█▀ ▄▀▀▄▄▄▀█ █▀▄ ▄▀  ▀ █▄▀▄ ▀██▀▀▄██
███████▄▄ █ ▀█ ▀█▄▄▄ ▄█▀▀▀▀ ▄▄▄  ▀▄█  ██▄▀  ▀█▄▄█ ▄▄▄ ▀▀▀▀█
█ ▄▄▄▄▄ █▄▄█▀ ▄▄▀ █▄█▀▀ ▀█▄ █▄█  ▀▀▄▀█  █ ███▄█▄▀ █▄█   ▄██
█ █   █ █ ▀▄▀ ▀▀▄▀  ▄█ ▀▀▄▀  ▄ ▄████   ▄▀▀█▀▄▀███▄ ▄ ▄█▀█▄█
█ █▄▄▄█ █ ▄ ████▄ █▄▄█▀█▀████▀▀██▄▄  ▄▀█ ▄▄▀▄▀▄▄█ ▀▄▀▀  ███
█▄▄▄▄▄▄▄█▄██▄▄██▄▄▄▄██████▄████▄▄▄▄▄▄▄█▄██▄▄▄█▄███▄█▄▄██▄██

Scan this QR code:
▄▄▄▄▄▄▄▄▄▄▄▄▄▄▄▄▄▄▄▄▄▄▄▄▄▄▄▄▄▄▄▄▄▄▄▄▄▄▄▄▄▄▄▄▄▄▄▄▄▄▄▄▄▄▄▄▄▄▄
█ ▄▄▄▄▄ █▀ █▀ ▀▀▀██▀▄█ ▄  ▄█▄▄▄▄ ▀█▀ █▀▀  ▄ ▀█▄▄ ██ ▄▄▄▄▄ █
█ █   █ █▀  █  ██▄▀ ▄█▄▄▀ ▀█▄█ ▄ ██   █▀██▄ ▀▄ ▄ ██ █   █ █
█ █▄▄▄█ █▀▀█▀▀█▀▄█▄█▄ ▄█▀ █ ▄▄▄ ██▀██▀▄▀ ▀▄▄ █▀▀▄██ █▄▄▄█ █
█▄▄▄▄▄▄▄█▄▀▄█▄▀ ▀▄▀ ▀ ▀ █ █ █▄█ ▀▄█ ▀▄█ █ █▄▀ ▀ ▀▄█▄▄▄▄▄▄▄█
█  ▄  ▀▄▄▄▀ ▄  ▀ ▄▀▄ █▀▀▄▀▄     ▀█▀█▀  █▀█   █▄▄▀  █ ▀▄▀▄▀█
█  ▀██ ▄▀█ ▄ ▀▄ ▄ ▀ ▀▀▀ █ ▀█   █▀▀ ▀█▀█▄▀▀ ▀▀▀▄█ ▀██  ▀▀ ██
█▀▀▀▄▄▀▄▄▄▄▀  ▄▄▄█▀ ▄▄▀▄  ▀▀▀█▀██▀▄█  ▀▄▀█▀ █▀ ▄  ▀▄███▄███
█▀█▀▀▄▄▄ ▄ ▄▄▀▀█ ▄▄▄▀█▄▄▄ ▀█ ▄▀ ██▄▄▄█▀█  █ ▀▀█ ██▀█▀█ ▀ ██
█ █▀▄  ▄   ▄█▄▄█▄▄▀▄▀▄██ ▀█▀▀   ▄▀▀▄  ▀███  █▀▄▄ ▀███▀▀▀█ █
█ ▀▄  ▄▄██▀▀▀▄▀█ █ ▄  ▄▀ ▀ ▄▀ ▀█▀ ▀ █▄  █▀██▀▀█▀▀ ▄▄▄▀▀▀▄▀█
█▄█ ▀▀▄▄ ▀▀█▄█▀█▄▀▄▄▄█▀█▀▄▀ ▀▀▀ ▀▀▄█ ▄▀█▀▀▀  █▄█▄▀▀▄▄▀█  ▀█
██▄██▀ ▄▀ █▀▀▀ ▄▄ ▄ ▄█  ▀█▀ █▀█▄██▄ █▀█ ███▀▄▄▄▀▄▀   ▀▀▀▀██
██ ▄ █▀▄ ▄█▀█ █▄▄█  █▄██  ▀█▀▀█▀▄ ▄ ▄▄▀▄▀██▀▄█▄█▀▀▀▄███ ▄▄█
██ ▀▀ ▄▄▄  ▀██▄██▄▄█ ▀▄█  █ ▄▄▄   ▄█▄▀█▄▀▀▄█▄█▄▄  ▄▄▄ █  ▀█
█▀▄█▄ █▄█ ▀ ▄▄ █▀▄▄▀ █▄█▀ ▀ █▄█ ▄██▄  ▀▄██▀▀ ▀▀▄▀ █▄█ ▄▀▄ █
█▄█ ▄▄ ▄ ▄▄█  █▀▀▄▄ █▄ ▀ ▀▄ ▄▄▄▄█▄█▀▀█▄█  ▀█▀█ ▄ ▄ ▄▄▄   ▀█
█▀█▀▄██▄▄▄▄▀█▄ █▀▄█▄█▄▀█▄▀▄▀▄▄▀  █▀█ ▄ █▀█▀  █▄███▀ ▄█▀ ▀ █
███▄██▄▄▄▄ ▄▄ ▄ ▀▄▀ ▄ ██▀▀▄▄█▄▀ ██▄▄█▄     ▄█▀██▀▄ █▄█  ▄██
█▄█ █▀▄▄  ▄▄█ ▄ ▀█▄▄▀▀▀█▄ █▄▀█▀ ▄███▄  ▄▀▀▀  ██▄▀█ ███▀▄▄ █
██▀█▀█▀▄▄▀▀█▄█ █▀█▀▄▀  ▀▄ █ ▀█▄▄▀▄ █▄ ▄█▄▀█▀ ▄▄▄▀▄▄▀ ▀▀▀▄▄█
█▄▄▄▄█ ▄█ █ ▀█▀▄▀▄  ▄▄▀▀▀▀█▀█▄ ▄▀█▀█▄ ▀▄▄█▀ ▄█ ██▄█ ▄▄▄▄█▀█
█ ▀▄█▀▄▄█▀██▀█████▀ ▄ ▀ ▀ █▀ ▀  ██▀▀▀▀ ▄▄█▄▀ ▀  █▄ █▄█  ▀██
█ ▄ ▀█ ▄▄▀ ▄▄  ▄██▀ ▄▄▀▄  ▄▀██ █ █▄█▄▄▀███▄▀▀██▄█ ▄█▄▄▀▀█▀█
█ ▀ ▀▀▄▄  ▀█ ▄█▀ ▀▀██▄▄ ██▄  ▀▀▄▀ ▄ ▄ ▀▄▄ ▄▀▀ ██ ▄ █ █▀  ▀█
███████▄█▀▀ ▀▀ ▀▄▄▄▄█▄▀▀▄▀▄ ▄▄▄  ▀▄█ ▄▀██▀▀  ▀███ ▄▄▄ ▄▄█▄█
█ ▄▄▄▄▄ █▄▄ ▄██ ▀▄ ▀▄▄█████ █▄█ █▀▀▄█▄▄ █▀▄ ▄  ▄█ █▄█ ▀▀ ▀█
█ █   █ █ █▀▀██ ▄▀▀▄▄██▀▀▄  ▄▄ ▄▄▀█▄▄▄▄█ █   ▀███  ▄▄ █ █▄█
█ █▄▄▄█ █ ▄█▄ ▀▀▄ ▀▄▄█ ▄▀██ ▀▀▀█▄██▀▀  ▄█▀▄▀▀▀  ▄  ▄▀█  ███
█▄▄▄▄▄▄▄█▄▄█▄█████▄▄█▄██▄▄▄██▄█▄▄▄▄▄▄▄█▄▄██▄███▄▄▄▄██▄▄█▄██

Scan this QR code:
▄▄▄▄▄▄▄▄▄▄▄▄▄▄▄▄▄▄▄▄▄▄▄▄▄▄▄▄▄▄▄▄▄▄▄▄▄▄▄▄▄▄▄▄▄▄▄▄▄▄▄▄▄▄▄▄▄▄▄
█ ▄▄▄▄▄ █  ▄▄  ▄▄█▄ █ ▀█▄ █  ▀ ▄▀█▀▀▄ █▄▀▄▄▄ ▄▀▄ ██ ▄▄▄▄▄ █
█ █   █ █ ▄█▄▀▀██  ▄█▄▄▀▄▄▀█▀▀▀█▀▄██▄▄█▀▄ ▄▀▄▄ ▄ ██ █   █ █
█ █▄▄▄█ █▀▀█▄██▀▀███▀█▄▄▀   ▄▄▄ ▀█▀▀ ▀▀▄▄▀▀▄ ▀▄▀▄██ █▄▄▄█ █
█▄▄▄▄▄▄▄█▄▀▄▀ █▄▀ █▄▀ █▄▀▄█ █▄█ ▀▄█▄█ █▄█▄█▄▀ █ █ █▄▄▄▄▄▄▄█
█  ██  ▄██▀▀▄▀█ ▀▄█▄█ ▄█ ▀▀  ▄  ▄ ▄█▀ █ ▄█▄▀  ▀▄▀ █▀ ▀▄ ▄▄█
█ ▀▀▀█▀▄ █▄▄▄█▄ ▄▀▄█▀▀▀█▄▄▄█▀ ▄ ▀▀ ▄ ▀▀█ ▀█▄▀ ▄█▀▄▄██ ▄▄▄▀█
█▀▀█▀▀█▄▄▀▀█ █▀▀ ▄▀ ▄ ▄▄  ▀▀▄█▀█ ▄ ▄▀▄█▀▄▀ ▀▄▄ ▄▀ █  ▀▀ ▄▄█
█ ▄▄▀▄█▄█████▄██▄▀▀█▀▄█▄▀▀▀█▀ ▄▀█▀▀▀▀███   █ ▀▄ ▀▄▄▀▄▄▄████
█ ▄▄██▀▄ ▄▄▄  ▀▄▄▄  ▄▀ ▀ ▀▄ ▄ ▀▀  ██▄▄█▀ █▀▀  ▀▄▀▀▄ ▄█▀▀▄ █
███▀▀█▄▄ ▀▀▄  ▀█▀▀▄ ██  ▀ ▄▄▀█▄██ ▀▀ █▀██▄▀█▄▀████▀█ █▄▄ ██
█ ▀▀ ▄█▄█▄▄▄ ▀▄ ▀▀▄ ▀ ▄█▀▄██ ▀█▀  █▄▄▄█ ▄▀▀▀█▄██▄▀▄ ▄██▄▄██
█▄▀ ▄  ▄██ ▄▄ ▄█▄█▄ ▄██▀▄ ▀ ▄██▄█▄██▄▄ ▄█▄▄█▄█▀██▄▄█▄▀▄▄▀██
█▄▄ ▄█ ▄█▄ █  █ ▀▄▄  ▀▄█▀ ▄ ▄▀ ▀▀█▀  ▄▄  ▀ ▀█  ▄  ▄ ▄██▀▀██
█▄▄▄  ▄▄▄ ▀█▄ ▀█▀▄▀  ▀▄  █  ▄▄▄   ▄ ▀ ▀▄▀██▄   █▄ ▄▄▄ ▄█ ██
███▀▄ █▄█ █▀▀▄▄▀ ▄▄▀▄ ▀█▀▀▄ █▄█ ▀▄█▄ ▄▄ ▄█    █▄█ █▄█  ██ █
█▀█▀█▄▄▄▄▄█▄█▄█▄ █ ▀█▀  ▀▀▀  ▄▄▄▀▄██ █▄ ▀▄█▄▀ ▀▀█▄ ▄▄▄▄█▄██
█▀▄ ▄▀ ▄▀ █▀▄▄▄  █▄ ▀▀▀▀█▀▀▀▀█▀ █ ▄█ ▄ ▀▄▀▀▀█▄▀██▀▄  █▀▄█▄█
█▄  ▀█ ▄██ █▄▀▄██▀▄█▄ ▀██▀▀▄█▀▄█▀█ ▀▄ ▄ ▀█ ▀▀▀█▀█▄ █ ▀▄▄▀▀█
██▀█▄▀▄▄█▄██▀▀█ ▄█▀▄▄▄▄█▄  ▄▄█▄▀█▄▀█▄    █▀▀▄▄▄▄▀▀█▄▄▄▄█ ██
█ ▄▄ ██▄▀▀▀▄ ▀▄█▀ ██▀ ▀▀▀█▄ ▀ ██▀▄ ▀ ▄█▄ █▄▄▄▄███  █▀  ▄▄▄█
█▄▄ ▄ ▄▄█▀▄   █ ▀▄▀▄▀▀ █▄▀ ▄▀▄▀▀▄ ▄█  █▀▄█ ▀█  ▄█▄ ▀▀▄ ▀▄ █
█ █▄   ▄██▀▄▄▀▄ ▄ ▄█ ▀▀█▄▄█▀▀▄█▀▀█▀▄ █▄ ▀▀███ ▄ ▄  █▀▀ █▄▀█
█▀▄█ ██▄▄█ ▄▄ ▄▀ ▄▀ █▀▄▄▀    █  █ ▀█▄▄  ▄▀ ▀█▄▄██ ▄▄▀█▄█ ██
█ ▀ ▀▀▄▄███▀ ▀▀▀▀ █▀▄ ▀▄ ▄▀ ▀▄▀▀▄▀▄▄  ▀▄ ▄█▀▀ █▀▀▀ ▀████▄██
███████▄▄   ▀██▄▄▄ ▄▄ ▄▀▀ ▄ ▄▄▄ █▄▀██▄█▀ ▀█▀█▄██▀ ▄▄▄ ▀▀ ▄█
█ ▄▄▄▄▄ █▀▄ ▄█▄▄ █ ▀ █▀█▀▄▄ █▄█ ▄▀▀▀▀▄▀ █▀  █▀█▀█ █▄█ ██▄▀█
█ █   █ █▄▄▄▄█▄▄▀▀  ▀ █▀▀▄▄▄   ▄   █ ▄█▀ ▀█▀ ▄ ██▄▄   █▀▀ █
█ █▄▄▄█ █▀▄█▄ ▀▀▄█ ▀▄█▀ ▄ ███ ▄ █▄▄█▄ ▀█  ▀▄█▀▄▀ █▀▄█ █████
█▄▄▄▄▄▄▄█▄█▄█▄█▄█▄▄▄▄▄▄████▄▄██▄███▄▄▄▄█▄█▄▄█▄█████▄▄████▄█

Scan this QR code:
▄▄▄▄▄▄▄▄▄▄▄▄▄▄▄▄▄▄▄▄▄▄▄▄▄▄▄▄▄▄▄▄▄▄▄▄▄▄▄▄▄▄▄▄▄▄▄▄▄▄▄▄▄▄▄▄▄▄▄
█ ▄▄▄▄▄ █▄▄██▄ ▄▄█ █▄█▄█  ▄▀ ▄   ██▀█▄▀█ █▄▄ ▄ ▄ ██ ▄▄▄▄▄ █
█ █   █ █ ▀▀█▀▀█▄▄▀▀████ ▀ ██▄ ██▄▄▀▀ ▄▀▄█▄▀▀▄▀▄ ██ █   █ █
█ █▄▄▄█ █▄ █ ▄▀ ▀▀█  ▀▀▀ █▀ ▄▄▄ ▄▀▄▀ █   ▀█▀▄▄▄▀▄██ █▄▄▄█ █
█▄▄▄▄▄▄▄█▄█ ▀▄▀▄█▄█▄▀▄█ ▀▄█ █▄█ ▀ ▀ █ █▄▀ ▀ ▀▄█ █ █▄▄▄▄▄▄▄█
█  ▄ ██▄▀▄  █▄▀▀▀█▀█▀█  ▄ █▄     █ ▄▀▀▀█ ▄ ▀▀███▀  █▀▄▄ █ █
██▄    ▄ █▀█▄▄ ▀▀▄ ██ ▄▄▄█▄█▀▄▀ █ ▀█▄▄██▄█▀▄█ █▀▄█ ▄▄▀ ▄▄▄█
██▀ █▄█▄▀▀▄ ▄▄▄  ██▄▄ █▄▄▄▀█▄▀█▀██▀▄▄▄▀ ██▀███▀▄▄█▀ ▀█▀ █▀█
█▀▀███▄▄▀▄▀█▄  █▀█▄█ █▄▄▄▀ █▀▄██▄██▄ ▄▀▄█▀  ▄▀███▀ █▀█▄▀▀██
███▄ ▄▀▄▄▀█ ▄▀ ▄▀ ████▄█▀▄▀ ▄▄ █  ▄ ▀▀████▄▄▀ █▀▀▄▀▄ █ ▄▀██
█▀▀▀▄ ▄▄█▀█▀█ ▀▀▄▄▄  ▄ ▀▀▄  █ █ █▄█  ▄ █ ▀▀▀▄█▀ █▄ ▄ ▀██▄██
█ ▀    ▄▀▀ ▄▄▄ ██ ▄███ ▄▀█    ▀▀▀▀█▄▄▀ █ ▄▀▀███▄▄  ▄█ █▀▀▀█
█  ▄ ▄▀▄▀█▀ ▀█▄ ▀▄██ ▄█▄  █▀ █▄▀ █▀▄██▀▀▀▀▄▄▀█▀██▄ ▄▀█ ▄█▄█
█▀  ▄▄ ▄▀▀▀██▄ ▄ █▄▄█ ▀█▄▄███▀▀█▄▄    ▀ ██▀█▄▀ █▄██▀▀█▀▄▄ █
█▄▀▀  ▄▄▄ ▀  ▄█ ▄█▄▄▀▀█▄ ▀█ ▄▄▄ ▀ █▄▄ ▄     ██▀█▄ ▄▄▄ ▀▀▀▀█
█▄  █ █▄█ █▄█▀ ▄▄ █▄▄▄▀▀ ██ █▄█  ▄  ▀███ ▀ ▄▄  ▀  █▄█ ▄▀ ▀█
███▀ ▄▄▄ ▄ █▄▄███▄▄██  ▄▄██  ▄  █  ▀▀█▀▀  ▄▀▀█▀▄   ▄▄▄▄█ ██
█  █ ▄█▄▄██ ██▀██▄▀█ ▄█ ▄ █▀▄█▀▀▀█ ▄ ▀▀▄    ██▄███   █  ▄ █
███▄▀▀█▄▀▀█ ██ ▀   ██  ▀▀▀ █▄  █▀ ▀ ▄▄█▀▀█ ▀▄▄   ▀▄▄▀ ▀█▄ █
█ ▄▄▀▀ ▄ ▄ ▄ ▄▄▄██  ▀███ ▄█ ██▄▀ ▀▀█ ▄   ▀█▄▄▀▀▄█▀ ▀▀██ ███
█▄ █ ▄▀▄█▀▀█▄█▀▄ ▄▀█  ▀ ▄▀▄  ▄▄█▀█▀▄▄▀███ █  ▄██▀██▀▀ ▀ █▄█
█▀ █▀▄▄▄▀▀▄▀█▄ ▀▄ ▀█ █▄█ ▄▀   ▀▀█▄▄▀████▀▀ █ ▄█▀▄▀▄ ▀ ▀█▀ █
█▄▀ ▀█▄▄██▄███  ▀██▄▄▄█ █▄██▄▀▄▄█▀█▀██ ▄ █ █ █▄▄█▀▀█ █ ▄▀▀█
█▀█▄ ▄▀▄▀▄█▄▄▀█▀▄▄▀▀█▄ █ ▀█▄▄▄ ▄▀██▄▄█▀▄▄▄█  █▀▄▀▄▄█ █▀ ▄▀█
█ ▀ ▀▀▄▄▄▀▄▀▀▀▀ ██ █▀█▄▀▄   ██ ▀█▀ █▀▀▀▄▀  ▄▀▀▄  ▄   ▀██▄ █
███████▄█ █ ██ █▀█  ▀▀▀██▄▄ ▄▄▄  █ █▀   █▀▄█▄▀█▄▀ ▄▄▄  ▀▀ █
█ ▄▄▄▄▄ ███▀▄▄▄  ▄  █▄▄▄██▄ █▄█ ▄█ █▀▄█ █▀█▀ ▄ ██ █▄█ ▀ ███
█ █   █ █▀ ██▄▀▀▀█ ▀ ▄ █ ▀▄ ▄▄   ▄  ██ ▄▀█▀█▄  ▀▄▄▄▄▄ ▄█▀██
█ █▄▄▄█ █ █▀▀▀▀█  █ ▄▀▄▄█▀█▄▀██▀█ ▀▀▄▄  ▀  █ █▄  ▄  ▀▀▄▄█▀█
█▄▄▄▄▄▄▄█▄▄▄▄▄█▄▄▄▄█▄▄▄▄▄███▄████▄██▄█▄▄█▄██▄█▄█▄█████▄▄███

Scan this QR code:
▄▄▄▄▄▄▄▄▄▄▄▄▄▄▄▄▄▄▄▄▄▄▄▄▄▄▄▄▄▄▄▄▄▄▄▄▄▄▄▄▄▄▄▄▄▄▄▄▄▄▄▄▄▄▄▄▄▄▄
█ ▄▄▄▄▄ █▀█▄▄ █▀▀▀█▀ ██▄▀▄ ██▀ ▄▄ ██▀▀▄▀█▄▄▄  ▄▄ ██ ▄▄▄▄▄ █
█ █   █ █▀▄ █▄▀████▀██▄▄  ▀█▀▄▄ ▀▄█ ▀ █▀▄▄▀▄▄▄ ▄ ██ █   █ █
█ █▄▄▄█ █▀▄█▀▀ ▄▄███▄ ▀▄▀ █ ▄▄▄  █▄▀▀▀▄▀█▀▀▄▄█▀▀▄██ █▄▄▄█ █
█▄▄▄▄▄▄▄█▄█ ▀ █▄▀▄▀ ▀ █ █ █ █▄█ ▀▄█ ▀▄█▄█ ▀ ▀ █▄▀▄█▄▄▄▄▄▄▄█
█ ▄   █▄ ▄█▄▀▄ █▄▄█▄ █▀█ ▀ ▄▄▄  ▀█▀█▀  █▀█▄▀██▄▄▀▀▄█ ▀▄▀ ▀█
██▀▀▀▀█▄█▄▄██▀▄ ▄▄▀ ▀▀▀ ▀▀▀▄█▀▀█▀▀ ▀█▄██ ▄▄█▀   ▀▀▄▄██▀▀▄▀█
█▀▄█▀▀█▄█  █ █▄▄█▄▀ ▀█▀▄  ████▀██▀▄▄▀▄▄█▀▀▄ ▀▀█▄▀  █▀█▀▄▀▀█
█▀█  ▀ ▄▄██  ▀██▄▄ ▄▀▄▄▀▄▄▀█▀█▀▄█▀█▄ ▄ ▄▄▀ ▀▄▀▄▀█▀▄▀▄  ▀███
█ ▀ ██▀▄█▀▀▄  ▄▀▄█ ▄▀█▀▀  ▀█▀ ▄ ██▀█▀▄█▄█▀  █▀▄█▀▀▀█▀█▀▀███
█ █▀▀ ▀▄ ▀▀▀██▀█▀█▀█▄▀ █ ▄▄▄▀  ▀▀ ▀▄ █ ▄▀ █ ▀ ▄   ██  ▀▀ ▀█
█  ▄█▄▀▄ ▀▀▄▀ ▀█▄▀▄ ▄█▀█▀▄  █▀█▀ █ ▄   ███▀▀ ▀ █▄▀ █▀██▄▀▀█
█▀▀ ▄▀█▄█▀▀▄██▄ ▄ ▀█▄██▄▀█▀ ▄  ▀▄██ ▀  ▄▄▀▀ █▄▀  ▀ ▄▄ ▀▀▀██
█▄▀█▀▀▄▄██▀▀▄▄  ▄▄▄ █▄▀█▀ █▀▀▀ ▀▄ ▄  ▄▀██▀ ▀ ██▄ ▀ █▄██▀▄ █
█▀▄▄  ▄▄▄ ▀█ █ ▄▀▀▄█ ▀▄██ █ ▄▄▄   ▄█▄█▀▄▀ ▄█   ▄█ ▄▄▄ ▀  ██
██  █ █▄█  ▀▀▄ ▄█▄▄▀▀█▄█▀▀▀ █▄█ ▄▀▄█ ▄▀▄▀█  ██▄▄▄ █▄█  ▄ ██
██ ▀  ▄▄▄▄█▀ ▀█▄  █▄█▀█▀▄▄      ▀▄█ █▄██▀████ ▄█▀▄  ▄▄ ▀▄██
█▀▀█▀▀ ▄▄  ▀▄▄▀█▄█   ▄▀█▀ ▄▄▄▄▀  █▀█▀▄▄▄█▀▀ ▄█▄▄█▄▀█▄█ █▄▀█
█▄ ██ █▄██  ▀▄▄█ ▄▀ ▄ ▀ ▄▄▀▄▀█▀ ██ ▄█▄▄ █▀██▄▀▄▄▀▀ █▀▀▀▀ ▀█
█▄▀ ▀▀▄▄ ▀ █▀  █▀█▀▄▀▀▀█▄ █▀▀██▀ ▀▄█▄ ████▀▀▄█▀▄▀▀ ▀▀▄▄██▀█
██▄▄   ▄▀▀██▀ ▀▀▀█  ▀ ▀▄▄ ▄ ▀█▄ ▀▄ ▄█▀█▄  ▀▀▄██  █ █▀██▀▄▄█
█▄▀█▀ ▀▄ ▄█ ▄▀█▄▄▄▀▄▄▄██▄▀█▀▄▄▀▀▀█▀█   ▄▀█ ▀ ██▄█▄▄█▄▄▄▀▀██
███▄  ▄▄██▄▀▄▀█▄▄█▀  ▀▀ ▀▀█▀▀▀ ▄▀█▀██  ▄▀▄▄▄█ ▄▀▀▄▄▀▀▄█▀▄▀█
█▀▀ ▄▀ ▄▄  ▄▄ ▀██▄▀  ▄▀▄▀ █▄██   █▄█▄▄ ▄▀▀▀▀ ▀▄█▀▄███▄ ▀█ █
█ ▀ ▀▀▄▄▀▄█▄█▄▀▀▀█▀ ▄ ▀██▀ ▄▀▀▄▄▄▀▄▀██▄█ ▀  ▀    █▄█▄▄▀▀▄██
███████▄█▀█ ▀█ ▀▄▄▄▄▀▄██  ▀ ▄▄▄  ▀▄█   ▄█▀▀▀████▀ ▄▄▄ ▀▀▀▀█
█ ▄▄▄▄▄ █▄▄█▀ ▄▄▀▀█▄█▄▀ ▀ ▄ █▄█ ▄▀▀▄▀▀  ▀▄██▄▀█▄▀ █▄█    ██
█ █   █ █ ▀▄▄█▀▀▄▀  ▄█ ▀▀▄▀  ▄ ▄▀▀██▄  ▄▀██▀ ▀██▄▄ ▄▄ █▀▄██
█ █▄▄▄█ █ ██▀ █▀▄ █▄▄█▀█▀████▀▀███▄ ▀█▀█ █▄▀█ ▄▄█ ▀▄▄▀  ███
█▄▄▄▄▄▄▄█▄▄█▄▄██▄▄▄▄██████▄█▄▄█▄▄▄▄▄▄▄█▄██▄▄▄█▄███▄█████▄██

Scan this QR code:
▄▄▄▄▄▄▄▄▄▄▄▄▄▄▄▄▄▄▄▄▄▄▄▄▄▄▄▄▄▄▄▄▄▄▄▄▄▄▄▄▄▄▄▄▄▄▄▄▄▄▄▄▄▄▄▄▄▄▄
█ ▄▄▄▄▄ █▀ █▀ ▀▀▀██▀ █▀▄▄▄▄█▄▄▄▄ ▀▀██▀ ▀▄▄▄▄██▄▄ ██ ▄▄▄▄▄ █
█ █   █ █▀  █  █▄▄▀ ▄▄▄▄ ▀▀█▄█ ▄▀██   █▀▄█▄ ▄▄ ▄ ██ █   █ █
█ █▄▄▄█ █▀▀▀ ██▀▄█▄█▄ ▄█▀ █ ▄▄▄  █▀██▀▄▀ ▄▄▄ █▀▀▄██ █▄▄▄█ █
█▄▄▄▄▄▄▄█▄█▄▀ ▀ ▀▄▀ ▀ ▀ █ █ █▄█ ▀▄█ ▀▄█ █ █▄▀ ▀ ▀▄█▄▄▄▄▄▄▄█
█  ▄ ▄▀▄▄▄█▀▀█ ▀ ▄▀▄ █▀▀▄▀▄▄    ▀█▀█▀  █▀█   █▄▄▀▀ █▄▀▄▀▄▀█
█  ▀██ ▄█▀   ▄▄ ▄ ▀ ▀▀▀ █  ▄ ▄ █▀▀ ██▀█▄▀▀ ▀▀▀▄██▀▄▄█ ▀▀ ██
█▀▀▀▀▄▀▄ ▀    ▄▄▄█▀ ▄▄▀▄  ▀ ██▀██▀▀▄  ▄█▀█▀▀█▀██▀▀▀▄ ▀█▄███
███▀▀▄▄▄ ▄ ▄▄▀▀█ ▄█▄▀█▄▀▄ ▀█▀██ ███▄ ▀▄▄▄ ▀ ▀▀▀▀▀█▀█▀█▄  ██
█▄ ▄▄  ▄   ▄█▄▄█▄█▄▄▀█▀▀▀▀█▀▀ ▀▀▄▀▀█ ▄ ▄▄▀▀ █▀▄█ ▀███▀ ▀▀ █
█▀▀█▄ ▄▄██▀▀▀▄▀██▄ ▄█▀▄▀▀▀ ▄▀  ▄█ ▀ ▀█▀ ▄▄▄█▄▄▄ ▀ ▄ ▄▀▀▀███
██▀ ▀ ▀▄ ▀▀█  ▀█▄▀▄▄▄█▀█▀▄▀ ▀▀▀ ▄▀▄█▄▄▀███▀  █▄█▄▀ █▄▀█  ▀█
██▄██ ▀▄▀ ▄  ▀█ ▄ ▄ ▄█  ▀█▀ █▀█▄██▄ █▀█ ▄██▀▄▄▄▀▄▀█▀ ▀▀▀▀██
██ ▄ ▀█▄▀▀██▄██▄▄█  █▄██  █▀▀▀█▀▄ ▄ ▄▄▀▄▀██▀▄█▄█   ██▀█ ▄▄█
██ ▀▀ ▄▄▄ █▄█▄ ▄█▄▄█ ▀▄█  ▀ ▄▄▄   ▄█▄▀▀▄▀▀ █▄█▄▄  ▄▄▄ █  ▀█
█▀▄▄  █▄█ ▄█▄▄██▀▄▄▀ █▄█▀ ▀ █▄█ ▄███  ▀▄██▀▀ ▀▄▄  █▄█ ▄█▄ █
█▀▄ █▄ ▄▄▄▄█  █▀▀▄▀▀█▄█  ▀█ ▄▄▄▄█▄▄ ██ ▀  ████▀▄▀▄▄▄▄▄▀  ▀█
█ ▀▄ ██▄▄▀▄▀█▄ █▄▄▀▄ ▄██ ▀▄▀██▀  █▀█ ▄▀█ ▀  ▄█▄▄█▀▀ ██▀▀▀ █
█▀█▄██▄▄██ ▄▄ ▄ ▀▀▀ █ ██▄ ▄▄ ▄▀ ▀▀▄▄▀ ▀▀▄█ ██ █▄ ▄ █ ▀  █▀█
█ █ █▀▄▄  ▄▄ █▄ ▀█▄▄▀▀▀█▄ █▄▀██ ████▄  ▄█▀▀ ▄██▄▀█ ███▀▄▄▀█
██▀█▀█▀▄▄▀███  ▀▀█▀▄▀  ▀▄ █ ▀█▄ ▀▄ ██▀▄██▀█▀ █▄▄▀▄▄▀ ▀▀▀▄▄█
█▄▄▄▄▄▄▄█ █▀▀▀▀█▀▄  ▄▄▀▀▀▀█▀█▄ ▄▀█▀█▄ ▀▄▄█▀ ▄█ ██▄█▄▄▄  █▀█
█ ▀▄███▄█▀▀▀█▄█ ██▀ ▄ ▀ ▀ █▀ ▀  ██▀▀▀▀ ▄▄█ ▀ ▀ ▄█▄ ▀▄█ ▀▀██
█ ▄▀▀█▄▄ █▄ ▄ ▀███▀ ▄▄▀▄  █▄██ █ █▄█▄▄▀███▀ ▀██▄█  ▄██▀ █▀█
█ ▀ ▀▀▄▄██▀█ ▄█▀ ▀▄▄█▄████▄▄ ▀▀▄▀ ▄ ▄  ▀▄ █ █ █▄ ▀ ▀ ▀▀  ▀█
███████▄█▀▀ ▀▀ ▀▄▄▄▄ ▄▄▀▀ ▄ ▄▄▄  ▀▄█▄▄▀▄▀█▄▀ ▀█▄▀ ▄▄▄ █▄█ █
█ ▄▄▄▄▄ █▄▄ ▄██ ▀▄ ▀▄▀██ ██ █▄█ ▀▀▀▄ ▄█▀▄ ▄▀▀▀ █▄ █▄█ ▀▀ ██
█ █   █ █ █▀▀▄█ ▄▀▀▄▄██▀▀▄  ▄▄ ▄ ▀█▄█ ▄█▀▀  ▄▀███  ▄▄▄█ ▄▄█
█ █▄▄▄█ █ ██▀██▀▄ ▀▄▄█ ▄▀██ ██▀█▄██▀▀▀ ▄▄▀▄▀▀   ▄  ▄██  ███
█▄▄▄▄▄▄▄█▄▄███▄███▄▄█▄██▄▄▄██▄█▄▄▄▄▄▄▄█▄▄██▄███▄▄▄▄██▄▄█▄██

Scan this QR code:
▄▄▄▄▄▄▄▄▄▄▄▄▄▄▄▄▄▄▄▄▄▄▄▄▄▄▄▄▄▄▄▄▄▄▄▄▄▄▄▄▄▄▄▄▄▄▄▄▄▄▄▄▄▄▄▄▄▄▄
█ ▄▄▄▄▄ █▄▀▄ ▄▄▄▀█▀█ █▀█▄▄ ▀▀▀▄ ▄▄█▀▀ ▄▀ ▄▄  ▄ ▄ ██ ▄▄▄▄▄ █
█ █   █ █ █▀▀▀ █▄██ ████   █ █▄▀ █▄▀▀ ▄▀▄█▀█ █▀▄ ██ █   █ █
█ █▄▄▄█ █▄██ █▄█▀▀▄  ▀▄  █▀ ▄▄▄ ▄ ▀█▄▀  █▄ ▀█▀▄▀▄██ █▄▄▄█ █
█▄▄▄▄▄▄▄█▄▀ █ █ █▄█▄▀▄▀ ▀▄█ █▄█ ▀ ▀ █ █ ▀ █▄▀▄▀▄█ █▄▄▄▄▄▄▄█
█ ▄  ▀▀▄█▄▄▄ ▄▀█████▀█ ▄  █▄▄▄   █ ▄▀▀▀█ ▄▄ ▄███▀▀ ██▄▄ ▀ █
█ █ ▄█▄▄▄▀████ ▀▀  ██ ▄▄ ▄▄▄ ▀  █ █▀▄▀▀▄█ ▀▄█▀▀ █▀▀▄▄█ ▄  █
██▄█ ▀▀▄█▄▄▀▄▀▄ ▀▄█▄▀▀█▄▄▄█▀▀▀█▀██ ▄█ ▄▀█▀▄▄▀█ ███ ▀█▀▀▄▀██
█ ▀█▄  ▄█▄▄▀  ▄███▄▀ ▄  ▄█ █ ▄█▀▄▀█▀▄█▄▄▀▄▀ █▀▀▀█▄█▀▄  ▀▄██
██▄█▄▀ ▄▀ ▄ ▀█  ▀▀▀███▄▀ ██▄▄▄▄▄▀▄▄ ▀█▄▄▄█ █▀    ▄█▄▄▀ ██ █
█▀▀█▄▄▀▄ ██▀▀▀▀▀▄██▀▀▀▄█▀▀▄ █ ▄██ █▄  ▀▀▄█▀█▄  ▀▄▄▀█▄ ███▀█
█▄▄▄▄▄▀▄▀▀ █ ▀ ██ ▄▀██ ▄▀█▀ ▄ █ ▀█▀█▄▀▀█  ▀ ▀█▀▄▄ █▄ ▄██ ▀█
█▄█▀▀▄█▄▀ ▀█ ██ ▀▄   ▄    █▀▀▄▀▄▀█ ▄ █▄█ █ █▀▄▄▄▀▄▄██▄ ▄█▄█
█ ▀▀█▀▄▄▄▀ ▄▄▀▀▄ ▄ ▄█ ███▄▀██▀▄█▄▄  ▄ ▀▀▀▀▄█ ▀▀▄▄▄▀▀▀▀▀█▄▄█
█ █▄▀ ▄▄▄ ▀  ▄ █  ▄▄▀▀█▄█▀▀ ▄▄▄ ▀ ▀ ▄▄▄  ▀▄▄▀ █▀█ ▄▄▄ ▀▀▀██
█ ▄ █ █▄█ ▄█ ▀▀   █▄█▄▀▀ ▄█ █▄█   █▀▀▀ █▄▀██▀▄▀ █ █▄█ ▀█▄▄█
█ █▄▀ ▄▄▄▄▀▀▄██ ▄ ▀ ██ █  ▀ ▄ ▄▄▀   █ ▄▄▀▀ ▀█ █ ▄  ▄  ▀▄▄▀█
██▀█▄  ▄ ▄▀ ▄█ █ █▄██▄▄▄▀▀█▄██▀▀▀█ ▄█▀▀█▀▄▄ █▀▄▄▀  █▄█▀▄▀▀█
█ ▄█ ▄▄▄█▄█▄ ▀ ▄▄▀ █▀█▄▄█▄██▄  ██▄█ ▀█▀  ██ ▄▀▀▀ ▄▄▄ ▄ ▄ ▄█
█▀ ▄█▀ ▄ █▄█ ▀ ▀███ ▀███ ▄████  ▄▀ █▄ █▀█▀██▀██▄██ ██▄ ▀▄██
█▄█▄▀▀ ▄ ▀▀▄█  ▀ ▄ ▀   █▄▀█  ▄▀█▀█▀█▄▀▄▄▀ ▀ █▄▄▀ ▄▀█ ▄█ █▄█
█▀█▄▄▀ ▄▄█▀▄█▀▄█▀  ▀ █ ▀█▄▀ ▀  ▄█▄▄▀▀█▄█▄▀▀▄▄▄  ▄▀█▄▀ █ █▄█
█▀█ ▄▄▄▄█▀█▄ ▀ ▀ ██▄ ██ █████▀▄ ▀▀▀▀▀▄▄▄█▄▄▄█▄▄█▀▀ ▀█▄▀▄▄██
█   ▄██▄  ▄▀▄▀▄▀▄█▀▀▀▄ █▀▀█▀▄▄ ▀▀█▄█▄█ █  ▀▀▀▀▄█▀█████ ▄▄ █
█ ▀ ▀▀▄▄    ▄▀█ ▄▀ ▀ ▀█▀▄▄█▀▄██▀  ▀█▄▄▄▄▀██ ▀█ ▀ ▄█   ▀▄ ▄█
███████▄▄ ▀ █▀ █ ▄▄▄  ▀▀██▀ ▄▄▄  █ █  █▀███▄▄▀ ▄▀ ▄▄▄ ▄████
█ ▄▄▄▄▄ ███▄▀▀█▄▀▀██▀█ ▀█▄█ █▄█ █▀ ██▀▀ ▄▄██▄ █▄▄ █▄█  ▀▀██
█ █   █ █▀▄  ▄█ ▀█▀█ ▄██ ▀█ ▄▄     ▀██▄█▄▀▄▄▄▄ ▀█ ▄▄▄▄▄▄▀▄█
█ █▄▄▄█ █ ▄▄██▀▄  ▀ ▄▀███▀█▀█▀█▀█   ▄ ▀▀▄█ █▄█ ▄▀▄▀ ██▄▄█▀█
█▄▄▄▄▄▄▄█▄▄██▄█▄██▄█▄█▄▄█▄██▄▄███▄██▄█▄▄▄▄▄████▄█▄█████▄███

Scan this QR code:
▄▄▄▄▄▄▄▄▄▄▄▄▄▄▄▄▄▄▄▄▄▄▄▄▄▄▄▄▄▄▄▄▄▄▄▄▄▄▄▄▄▄▄▄▄▄▄▄▄▄▄▄▄▄▄▄▄▄▄
█ ▄▄▄▄▄ █▀ █▀   ███ ▄▀▀▄█ ▄█▄▄▄▄ ▀▀▀▀▀▄▀▀█▀▄▀ ▄▄ ██ ▄▄▄▄▄ █
█ █   █ █▀  █▄ █▄█▀ ▄█▄▄▀▀▀█▄█ ▄ ██ ▄▀█▀▄█▄ ▀█ ▄ ██ █   █ █
█ █▄▄▄█ █▀▀█ ▀█▀▄█▄█▄ ▄█▀ █ ▄▄▄  ▀▀█▀▄▄▀▀▀▄▄ ▄▀▀▄██ █▄▄▄█ █
█▄▄▄▄▄▄▄█▄█▄▀ ▀ ▀▄▀ ▀ ▀ █ █ █▄█ ▀▄█ ▀▄█ █ █▄▀ ▀ ▀▄█▄▄▄▄▄▄▄█
█  ▄  ▀▄ ▄▀█▀█ ▀ ▄▀▄ █▀▀▄▀ ▄    ▀█▀█▀  █▀█   █▄▄▀ ▄█ █▄▀▄▀█
█  ▀██ ▄▄ █ ▀ ▄ ▄ ▀ ▀▀▀ █  █▄  █▀▀ ▀█▀█▄▀▀▄█▀▀ █▄█▄▄ ▄▀▀ ██
█▀▀  ▄▀▄▀▀ █  ▄▄▄█▀ ▄▄▀▄  ▀▀▄█▀██▀██  ▀▄▀██▀█▀▀█▀▀▀▄▀▀▀ ███
██▄▀ ▄▄▄▀█ ▄▄▀▀█ ▄▀█▀█ ▄▄ ▀█ ██▄██▄▄▄█▄  ▄ ▀█▀▀ █ ▀█ ▄█▀ ██
█▀█▀   ▄   ▄█▄▄███▄▄▀▄▄▀ ▀█▀▀ ▄ ▄▀▀▄▄▄ █▀▀ ▀▄█▄█ ▀███▀ ▀█ █
█▀█▄  ▄▄██▀▀▀▄▀███ ▄█▀▄▀██ ▄▀  ██▄▀ █▄▀ ▄ ▄▄▄▀▄ ▀ ▄▄▄▀▀▀ ██
██  ▀█ ▄ ▀▀█▄▄▀█▄▀▄▄▄█▀█▀▄▀ ▀▀▀  ▀▄█ ▄▀█▄▀▀  █▄█▄▀▀▄▄▀█ ▀▀█
██▄██▀▄▄▀▄▀▄ ██▄▄ ▄ ▄█  ▀█▀ █▀█▄██▄ ▄ █ ███▀▄█▄▀▄▀ ▄▄▀▀▀▀██
██ ▄  ▀▄▀▀█▀▄▀▀▀▄█  █▄██  ▀▀▀▀█▀▄ ▄ ▄▄▀▄▀██▀▄█▄█▀▀▀▄█▀█ ▄▄█
██ ▀▀ ▄▄▄ ▄▄▀▄  █▄▄█ ▀▄█    ▄▄▄    ▀▄▀█▄▀▀ ▀▄█ ▄▀ ▄▄▄ ▀  ▀█
█▀▄▀▄ █▄█ █ ▄▄▀█▀▄▄▀ █▄█▀ ▀ █▄█ ▄█▄▄   ▄██   ▀ ██ █▄█ █▀▄ █
█ ▄██  ▄  ▄█  █▀▀▄███▄██ ▀▄▄▄▄▄▄█▄▄ █▀▀▄▄▄▀▀██▄▄▄▄▄  ▄   ▀█
██▄▀▀██▄  ▄▀█▄ █▄██▄▄▄▀▀▀ ▄▀█▄▀  █▀█▄ ▀▄▀█   ▀▄▄██▀ ██  ▀ █
█▄▄▄██▄▄ ▀ ▄▄ ▄ ▀▄▀  ▀███▄▄▄▀ ▀ █▀▄▄▀▄  ▄▀▀▄ ███▀▄ █▀▀  ███
█ ▄ █▀▄▄  ▄▄▄▀▄ ▀█▄▄▀▀▀█▄ █▄▀█▀  ███▄▄ ▄ █▀  ▀█▄▀█ ███▀▄▄▀█
██▀█▀█▀▄▄▀ █▄█▄▄▀█▀▄▀  ▀▄ █ ▀██▄ █ ██▀▄█▄▀█▀▀█▄▄▀▄▄▀ ▀▀▀▄▄█
█▄▄▄▄▄▀▄█  ▄█▄█▀▀▄  ▄▄▀▀▀▀█▀█▄ ▄▀█▀█▄ ▀▄▄█▀ ▄█ ██▄ ▀▄▄ ▄█▀█
█ ▀▄█▄ ▄█▀ ▄ ▀█ ██▀ ▄ ▀ ▀ █▀ ▀  ██▀█▀▀▄ ▄█▄▀ ▀▄ █▄▄▀▄██▀▀██
█ ▄▄▀ ▀▄▀▀ █▄ ▄███▀ ▄▄▀▄  ▄▄██ █ ███▄▄▀███ ▀▀██▄▀ ▀ ▄▄ ▀█▀█
█ ▀ ▀▀▄▄▄ ▀█ ▄█▀ ▀▀██▄▄▀██▄▄ ▀▀▄▀ ▄  ▄█ ▄   █▄▀██▄▄█▀█   ▀█
███████▄█ ▀ ▀▀ ▀▄▄▄▄▀█ ▀▀ ▄ ▄▄▄  ▀▄██▄ ███▀ ▄▀██▀ ▄▄▄ ███ █
█ ▄▄▄▄▄ █▄▄ ▄██ ▄█ ▀  █████ █▄█ ▀█▀▄▀▀█▀▄ █▀ ▀▀▄▄ █▄█ ▀▀▄██
█ █   █ █ █▀▄██ ▄▀▀▄▄██▀▀▄     ▄ ▀█▄▄▄▄█ ▀   ▀███  ▄▄ █ ███
█ █▄▄▄█ █  ▀█   ▄ ▀▄▄█ ▄▀██ █▀▀██▄█▀▀  ▄█▀▄▀▀▀  ▄  ▄██  ███
█▄▄▄▄▄▄▄█▄▄█▄█▄███▄▄█▄██▄▄▄██▄█▄▄▄▄▄▄▄█▄▄██▄███▄▄▄▄███▄█▄██

Scan this QR code:
▄▄▄▄▄▄▄▄▄▄▄▄▄▄▄▄▄▄▄▄▄▄▄▄▄▄▄▄▄▄▄▄▄▄▄▄▄▄▄▄▄▄▄▄▄▄▄▄▄▄▄▄▄▄▄▄▄▄▄
█ ▄▄▄▄▄ █  ▄▄ ▀▄▄██ ▀▄▀█▄▄█  ▀ ▄▀█▄▀▀▀█ █ ▀▄▀ ▀▄ ██ ▄▄▄▄▄ █
█ █   █ █ ▄█ ▀▀██  ▄▄█▄▀█▄▀█▀▀▀█ ███▄██▀█ ▄▀▀▄ ▄ ██ █   █ █
█ █▄▄▄█ █▀▀█▀▀█▀▀███▀█▄▄▀   ▄▄▄ █▀▀▀▄ ▀▄ ▄▀▄▄ ▄▀▄██ █▄▄▄█ █
█▄▄▄▄▄▄▄█▄█ ▀▄█▄▀ █▄▀ █▄▀▄█ █▄█ ▀▄█▄█ █▄█▄█▄▀ █ █ █▄▄▄▄▄▄▄█
█  ██  ▄▀▀▀█ ▀█ ▀▄█▄█ ▄█ ▀█▄ ▄  ▄ ▄█▀ █ ▄█▄▀  ▀▄ ▀█▀ ▀▄ ▄▄█
█ ▀▀▀▄ ▄▄▀▀▄▄█▄ ▄▀▄█▀▀▀█▄▄▄█▀▄▄ ▀▀▄▄ ▀▀█ ▀█ ▀ ▄▀ ▀▄▄█▀▄▄▄▀█
█▀▀▄▀▀█▄▀▀▄█ █▀▀ ▄▀ ▄ ▄▄  ▀▀▄▀▀█ ▄▀█▀▄▄ ▄▀█▀▄▄ ▄▀▀█ ▄█▀ ▄▄█
█▀▀ ▀▄█▄█████▄██▄▀▀█▀▄██▀▀▀█  ▄██▀█████  ▄▄▄ ▀▄▀█▄▄▀▄██▄███
█▄▄███▀▄ ▄▄▄  ▀▄▀█▄ ▄ ▀▀▀ ▄ ▄ ▀   ▄▄  █ ▄█▀ █▄ █▀▀▄ ▄█ ▀  █
█▀█▀ █ ▄ ▀▀▄  ▀█▄▀▄ ▄█   ▄▄▄▀████ ▀▀▄ ▀▄█ ▀█▄▀▄▄███▀ █▄▄ ▀█
█▀▀▀   ▄█▄▄▄▄▀▄ ▀▀▄ ▀ ▄█▀▄██ ▀█▀█ █▄█▄█  █▀▀█ ██▄▀▄▀▄██▄▄██
█▄▀ ▄▄█▄▀▀▄▀ ▀▄ ▄█▄ ▄██▀▄ ▀ ▄██▄████▄█ ▄██▄█▄█▀██▄ ▄ █▄▄▀██
█▄▄ ▄ █▄▀██▀▀█▀█▀▄▄  ▀▄█▀  ▄▄▀ ▀▀█▀  ▄▄  ▀ ▀█  ▄▀▀▄▀▄▀█▀▀██
█▄▄▄  ▄▄▄ █▄▄ ██▀▄▀  ▀▄  █▀ ▄▄▄    ▄▀ ▀ ▀██   ▄▀▄ ▄▄▄ ▄█ ██
███▀▄ █▄█ ▀ ▀▄▄▄ ▄▄▀▄ ▀█▀▀▄ █▄█ ▀▄ █ ▄█ ▄█ ▀  ▀█▀ █▄█ ▀▀█ █
█ ██▄▄ ▄  █▄█▄█▄ █ ▄█▀█ ▀▀▀▄ ▄▄▄▀▄██▄█▀ █ ▄▄▀  ▀█  ▄▄▄▀█▄██
█  ▄▄▀ ▄▀██▀▄▄▄ ▀▄▄▄█ ▄█▀ ▀▀ █▀ █ ▄█▄▄▄▀▄▀▀▀ ▄ █▀▄▄ ▄▄ █▀▄█
█ █▀▀█ ▄█  █▄▀▄███▄██▄▀██ ▀▄██▄██▀ ▀▄ ▄  ▀▀ ▀█▄ ▄▄ █▀ ▄▄███
█▀ █▄▀▄▄█▄███ █ ▄█▀▄▄▄▄█▄  ▄▄█▀▄▀▄▀█ ▄  ▄█▀▀█ ▄▄▀▀█▄▄▄▄█ ██
█ ▄▄ ██▄▀▀ ██▄▀ ▀ ██▀ ▀▀▀█▄ ▀ ▀▀ █ ▀▀██▄▀▄▄▄█████  █▀  ▄▄▄█
█▄▄ ▄▀ ▄█▀ ▄▀▀▀█▀▄▀▄▀▀ █▄▀ ▄▀▄▀▀▄ ▄█  █▀▄█ ▀█  ▄█▄ █▀▄▄█▄ █
█ █▄ █▀▄██ ▀▄ ▄▄▄ ▄█ ▀▀█▄▄▀▀▀▄█▀▀█▀▄ █  ▀▀▀▀█ ▄  ▀▀▀▀▀█▄▄▀█
█▀▄ ▄▀▀▄▄▄ ▀▄ ▀  ▄▀ █▀▄▄▀  ▄ █  █ ▀▄▄▄▄ ▄▀ ▀█▄▀▄█ ▄▀▀▄██ ██
█ ▀ ▀▀▄▄▀▄█▀ ▀▀▀▀ ▄█▄ █  ▄ ▄▀▄▀▀▄▀▄█▄▄▀█   ▄▀ ▄ █▀ ▀▀  █▄██
███████▄▄▀  ▀██▄▀▄  ▄▀▄█▀▀▄ ▄▄▄ █▄▀█ ▄█▀ ▀ ▀▄  ▄▀ ▄▄▄  ▀▄ █
█ ▄▄▄▄▄ █▀▄ ▄█▄▄   ▀█ ▀█ ▄▄ █▄█  ▀▀▀██ ▀ ▄▀▀▄█▄ █ █▄█ ██▄██
█ █   █ █▄▄▄▀▄▄▄▀▀  ▀ █▀▀▄▄▄▄  ▄▀▄ █▄▄█▀ ▀█▀█  ██▄▄  ▄█▀  █
█ █▄▄▄█ █▀ ▀▀█▀▄▄█ ▀▄█▀ ▄ ███▄▄ █▄▄██ ▀█▀▀▀▄▄▀▄▀ █▀▄█▄█████
█▄▄▄▄▄▄▄█▄▄▄▄█▄▄█▄▄▄▄▄▄████▄███▄███▄▄▄▄█▄█▄▄█▄█████▄▄▄███▄█

Scan this QR code:
▄▄▄▄▄▄▄▄▄▄▄▄▄▄▄▄▄▄▄▄▄▄▄▄▄▄▄▄▄▄▄▄▄▄▄▄▄▄▄▄▄▄▄▄▄▄▄▄▄▄▄▄▄▄▄▄▄▄▄
█ ▄▄▄▄▄ █▀ █▀ ▀▀███▀ ▀▀▄  ▄█▄▄▄▄ ▀██▀  ▀ ▄▀▄█▀▄▄ ██ ▄▄▄▄▄ █
█ █   █ █▀  ▀  ███▀ █▄▄▄▀ ▀█▄█ ▄▄▄█ █▀█▀█▄▄ ▀█ ▄ ██ █   █ █
█ █▄▄▄█ █▀▀█▄ █▀▄█▄█▄ ▄█▀ █ ▄▄▄ ▀▄▀█▀▀▄▀█▄▄▄██▀▀▄██ █▄▄▄█ █
█▄▄▄▄▄▄▄█▄▀ ▀▄▀ ▀▄▀ ▀ ▀ █ █ █▄█ ▀▄█ ▀▄█ █ █▄▀ ▀ ▀▄█▄▄▄▄▄▄▄█
█  ▄ ▄▀▄ ▄▀▀   ▀ ▄▀▄ █▀▀▄▀▄▄    ▀█▀█▀  █▀█   █▄▄▀▀ █ █▄▀▄▀█
█  ▀█▄ ▄█▀▀  ▄▄ ▄ ▀ ▀▀▀ █ ▄▄ ▄ █▀▀▄▀█▀█ ▀▀▄▀▀▀ ▀ ▀▄██▀▀▀ ██
█▀▀▀▄▄▀▄███▀  ▄▄▄█▀ ▄▄▀▄    ▀▀▀██▀█▄  ▀█▀█▄▀█▀▄█▀▀▀▄▄█▀ ███
█▀▀█▄▄▄▄▀█ ▄▄▀▀█ ▄█▄▀█  ▄ ▀█ █▀ ██▄▄ █▄▀▄ ▄▀▀▀█ █▄▀█▀▄ ▀ ██
██▄    ▄   ▄█▄▄█▄█ ▄▀█▀▀▄▀█▀▀   ▄▀▀█▀ ▀█▀▀█▀ ▀█▄ ▀███▀▀ █▄█
██▀ ▀  ▄██▀▀▀▄▀██▄ ▄▀▄▄▀▄▄ ▄▀ ▀▄▀ ▀ █▀▀▀▄ ▄█ ▀▄▀▀  ▄▄▀▀▀▄▀█
██  ▀ █▄ ▀▀█▀▄▀█▄▀▄▄▄█▀█▀▄▀ ▀▀▀ ▀▀▄█▄ ▀█▀█▀  █▄█▄▀ ▄▄▀█  ▀█
██▄██▀▄▄█▄ ▄█ ▀ ▄ ▄ ▄█  ▀█▀ █▀█▄█▄▄ ▄ █ ▄▄█▀▄▄▄▀▄▀ █▄▀▀▀▀██
██ ▄ ▀▄▄▄▄█ ▄▀  ▄█  █▄██  ▀█▀▀█▀▄ ▄ ▄▄▀▄▀██▀▄█▄█ ▀ ▄▀██ ▄▄█
██ ▀▀ ▄▄▄      ▄█▄▄█ ▀▄█  ▀ ▄▄▄   ▄▀▄▀█ ▀▀▄▀▄█▄▄█ ▄▄▄ ▀  ▀█
█▀▄▄█ █▄█  █▄▄▄ ▀▄▄▀ █▄█▀ ▀ █▄█ ▄█▄█  ▀███   ▀▄▄█ █▄█ ▄█▄ █
█▀█ █▄▄▄  ▄█  █▀▀▄▄▄█▄▄▄ ▀▄▄▄▄▄▄█▄█ ▀▀▄▀▄▄  ▀▀█▄ ▄▄▄ ▄   ▀█
█▄▀▄███▄▄▄▄▀█▄ ██▄ ▄ █▀▀▀ ▄▀▄▄▀  █▀█▄▄▀▄██▀▀▄▀ ███▀ ▄▄▀▀▀ █
█▄▀▀██▄▄██ ▄▄ ▄ █ ▀  ▄██▄▄▄▄█▄▀ █▀▄▄▄▄  ▄▄▀▄▄██▄▀▄ █▀▄  ███
█ █ █▀▄▄  ▄▄▄▀▄ ▀█▄▄▀▀▀█▄ █▄▀█▀█ ███   ▄▀▀▀ ▄▀█▄▀█ ███▀▄█ █
██▀█▀█▀▄▄▀█▀   █▀█▀▄▀  ▀▄ █ ▀█  ▀▄ █▄▀▄██ █▀▀█▄▄▀▄▄▀ ▀▀▀▄▄█
█▄▄▄▄▀█▄█     ▄ ▀▄  ▄▄▀▀▀▀█▀█▄ ▄▀█▀█▄ ▀▄▄█▀ ▄█ ██▄█▀▄▄▄ █▀█
█ ▀▄█▀█▄█▀▀▀▀█▀ ██▀ ▄ ▀ ▀ ▀▀ ▀  ████▀▀▄ ▄█ ▀ ▀  ▀▀ ▀▄██ ▀██
█ ▄█▀▄▀▄▀▀▀█▄ ▀ ██▀ ▄▄▀▄  █▀██ █ █▀▄▄▄▀▄███ ▀████▀ ██▄▄██▀█
█ ▀ ▀▀▄▄ █▀█ ▄█▀ ▀▄ █▄█▀██▄▀ ▀▀▄▀ █  ▄▀█▄  █▀ ▄███▄██▄▀▀ ▀█
███████▄█ ▀ ▀▀ ▀▄█▄▄ ██▀▄▀▄ ▄▄▄  ▀▄█  ▀▄▀▀▀ █▀███ ▄▄▄ ▄██▄█
█ ▄▄▄▄▄ █▄▄ ▄██ ▄▀ ▀████▀▀█ █▄█ ▀▀▀▄▄ █▀▀▄█  █▀▄  █▄█ ▀▀▄██
█ █   █ █ █▀ ██ ▄▀▀▄▄██▀▀▄     ▄▄██▄▄▄▄█▀▀  ▄████  ▄▄ █ ▄▄█
█ █▄▄▄█ █ ▄ █▄▀▄▄ ▀▄▄█ ▄▀██ █▀▀█▄██▀▀▀ ▄█▀▄▀ ▀  ▄  ▄ ▀  ███
█▄▄▄▄▄▄▄█▄▄▄▄▄████▄▄█▄██▄▄▄████▄▄▄▄▄▄▄█▄▄██▄███▄▄▄▄███▄█▄██

Scan this QR code:
▄▄▄▄▄▄▄▄▄▄▄▄▄▄▄▄▄▄▄▄▄▄▄▄▄▄▄▄▄▄▄▄▄▄▄▄▄▄▄▄▄▄▄▄▄▄▄▄▄▄▄▄▄▄▄▄▄▄▄
█ ▄▄▄▄▄ █▄▀▄ ▄████ █▀█ █▄  ▀▀▀▄ ▄▄█▀▄▄▄███▄▄ ▀ ▄ ██ ▄▄▄▄▄ █
█ █   █ █ █▀██ ████ ▄███   █ █▄▀ ▄▄▀▀▀▄▀▄█▀█ █▀▄ ██ █   █ █
█ █▄▄▄█ █▄██▄█▄█▀▀▄  ▀▄  █▀ ▄▄▄ ▀▀▀█ █  ▄█ ▀█▄▄▀▄██ █▄▄▄█ █
█▄▄▄▄▄▄▄█▄█▄▀▄█ █▄█▄▀▄▀ ▀▄█ █▄█ ▀ ▀ █ █ ▀ █▄▀▄▀▄█ █▄▄▄▄▄▄▄█
█ ▄  █▀▄█ ██▄▀▀█████▀█ ▄  █ ▄▄   █ ▄▀▀▀█ ▄▄ ▄████  █▀ ▄ ▀ █
█ █ ▄▄█▄  █▀▀▀ ▀▀  ██ ▄▄ ▄██▄▀  █ ▀█▄▀▀▄█ █ █▀█▄ ▀▀▄█▄ ▄  █
██▄▄ ▀▀▄▄▄▄█▄▀▄ ▀▄█▄▀▀█▄▄▄▄ ▀▀█▀██ ██   █▀██▀█ █ █ ▀██▀▄▀██
█ ▄▀   ▄▄▄▄▀  ▄████▀ ▄ ▀▄█ █ ▄█▀▄▀ ▄ ▀▀ ▀▄  █▀▀▀▄██▀█   ▄██
█▀▄▄█▀ ▄▀ ▄ ▀█  ▀▀█▀▄█▄█▄▄█▄▄▄▀▄▀▄▄ ▀▀▄▄▄██▄     ▄█▄▄▀▀▄█ █
█▀▀▄█▄▀▄ ██▀▀▀▀▀▄██▀ █▄█ █▄ █ ███▄█▄ ▄  █▀ ██▀  ▄▄██▄ ███▀█
█ ▄▄▄█▀▄▀▀ █▄█ ██ ▄▀██ ▄▀█▀ ▄ █ ▀█▀█▄█▀█  ▀ ▀█▀▄▄  █ ▄██ ▀█
█▄█▀▀▀█▄▀ █ ▀▄▀▄▀▄   ▄    █▀▀▄▀▄ █ ▄ █▄█ █ █▀█▄▄▀▄▀ ▀  ▄█▄█
█ ▀▀█▄▀▄▄▀█▀██ ▄ ▄ ▄█ ███▄█▀█▀▄█▄▄  ▄ ▀▀▀▀▄█ ▀▀▄█▄▀▀▀█▀█▄▄█
█ █▄▀ ▄▄▄ █▄ ▄▄   ▄▄▀▀█▄█▀█ ▄▄▄ ▀ ▀▄▄▄▄▄ ▀▄ ▀ ███ ▄▄▄ █▀▀██
█ ▄██ █▄█ ▄  ▀ █  █▄█▄▀▀ ▄█ █▄█    ▀▀▀▄▄▄▀ █▀▄▀▀▀ █▄█ ▀▄▄▄█
██▀█▄ ▄▄  ▀▀▄██ ▄ ▀███▀▀  ▀ ▄ ▄▄▀ ▀ ▀▄██▀▀ ▀▀▄▄▀   ▄  █▄▄▀█
████▄  ▄▀█▀ ▄█ █ █▄█ ▄ ▄  █▄██▀▀▀█ ▄ █▀█▀▄ ▀█▀████ █▄█ █▀██
█▀██▀▄▄▄▄▀█▄ ▀ ▄▀▀ █ ▀▄▄█ ██   █▀▄█  ▄  ▀▄▄ ▀▄▀▀▀▄▄▄█  ▄  █
██▀▄█▀ ▄ █▄█ ▀ ▀███ ▀███ ▄█████▀▄▀ █ ▄█▀▀███ ▀█▄██ ██▄ ▀▄██
█▄█▄▀▀ ▄ ▀█▀▀██▄ ▄ ▀   █▄▀█  ▄ █▀▄▀██▀▄▄  ▀ █▄▄▀ ▄▀█ ▄█ █▄█
█▀█▄▄▀ ▄▄██ █ █▄▀  ▀ █ ▀█▄▀ ▀  ▄█▄▄▀▀█▄█▄▀▀▄▄▄  ▄▀█▄▀ ▀▄█▄█
█▀█ ▄▀▀▄█▀▀▄█ ██ ██▄ ██ █████▀▄ ▀▀▀█▀▄  █▄▄▄█▄▄▀▀  ▀█▄██▄██
█  █▀█ ▄▄▀ █▄▀█▄▄█▀▀▀▄ █▀▀█▄▄▄ ▀▀███▄█▄▄  ▀ ▀▀▄▄█▄▄▀█▄▄ ▄ █
█ ▀ ▀▀▄▄█▀  ▄▀█ ▄▀▀█ ▀▄▄▄▄▄ ▄██▀   ▄▄  █▀▀▄▀▀██▄ ▀  █ █▄ ▄█
███████▄▄ ▀ █▀ ██▄ ▄█ ▄▀██▀ ▄▄▄  █ █▀▄▄ ▀▀█▄ ▀▀██ ▄▄▄ ▄████
█ ▄▄▄▄▄ ███▄▀▀█▄ ▀██▀  ▀  █ █▄█ ██ █▀▄▀  ▀██▄██▄█ █▄█  ▀███
█ █   █ █▀▄ █ █ ▀█▀█ ▄██ ▀█  ▄  ▄▄ ▀ █▄█ █▄▄   ▀█ ▄▄  ▄▄▀██
█ █▄▄▄█ █ ▄▀ █    ▀ ▄▀███▀█▀▀▀█▀▄▀  █ ▀▀▄█ ███ ▄▀▄▀ ██▄▄█▀█
█▄▄▄▄▄▄▄█▄███▄▄▄██▄█▄█▄▄█▄███▄███▄██▄█▄▄▄▄▄████▄█▄███▄█▄███

❌ Bot disconnected (408), reconnecting in 5s...
❌ Bot disconnected (408), reconnecting in 5s...
Scan this QR code:
▄▄▄▄▄▄▄▄▄▄▄▄▄▄▄▄▄▄▄▄▄▄▄▄▄▄▄▄▄▄▄▄▄▄▄▄▄▄▄▄▄▄▄▄▄▄▄▄▄▄▄▄▄▄▄▄▄▄▄
█ ▄▄▄▄▄ █▀ █▀   █▀▄▀▄█▀█▄▄▄█▄▄▄▄ ▀▀▀▀█ ▀    █▀▄▄ ██ ▄▄▄▄▄ █
█ █   █ █▀  █  ███▀ █▄▄▄▀ ▀█▄█ ▄ ▄█ ▀▀█▀██▄ ▀▄ ▄ ██ █   █ █
█ █▄▄▄█ █▀▀▀ ▀█▀▄█▄█▄ ▄█▀ █ ▄▄▄  ▄▀██▄▄▀██▄▄█▄▀▀▄██ █▄▄▄█ █
█▄▄▄▄▄▄▄█▄▀▄█ ▀ ▀▄▀ ▀ ▀ █ █ █▄█ ▀▄█ ▀▄█ █ █▄▀ ▀ ▀▄█▄▄▄▄▄▄▄█
█  ▄  █▄ ▄ ▀▀▀ ▀ ▄▀▄ █▀▀▄▀ ▄    ▀█▀█▀  █▀█   █▄▄▀▀ █▄▀▄▀▄▀█
█  ▀█▄▀▄▀▄▀▄█▄▄ ▄ ▀ ▀▀▀ █ ▄▄ ▄ █▀▀ ▀█▀▀▄▀▀▄▀▀▀ ▀▄▄▄▄ ▀▀▀ ██
█▀▀█▀▄▀▄   ▀  ▄▄▄█▀ ▄▄▀▄    ██▀██▀ █  ▄▄▀█▄ █▀▄▄ ▀▀▄▀▀█ ███
████ ▄▄▄ ▄ ▄▄▀▀█ ▄█▀▀███▄ ▀█ ██▄██▄ ▄▀▄▄  ▄██▀███▄▀█▀█   ██
██ ▀█  ▄   ▄█▄▄█▀▄ ▄▄▄██  █▀▀ █ ▄▀▀▄  ▀███▄  ▀██ ▀███▀▀ ▀ █
█▄▄▀   ▄██▀▀▀▄▀█▀█ ▄▀█▄▀▄▄ ▄▀  █▀ ▀ █ ▀▀█▀██▀ ▄ ▀ ▄ ▄▀▀▀▀▀█
█ ▀ ▀█▀▄ ▀▀█  ▀█▄▀▄▄▄█▀█▀▄▀ ▀▀▀ ██▄█  ▀█▄▀▀  █▄█▄▀ █▄▀█ ▀ █
██▄██ ▀▄▀ █▀ ▄▄ ▄ ▄ ▄█  ▀█▀ █▀█▄▄█▄ ▄ █ █▄█▀█▄▄▀▄▀▄█ ▀▀▀▀██
██ ▄  ▄▄▄▄█▄ ██▄▄█  █▄██  ▀█▀▀█▀▄ ▄ ▄▄▀▄▀██▀▄█▄█ ▀ ████ ▄▄█
██ ▀▀ ▄▄▄ ▀▄▀█ ██▄▄█ ▀▄█  █ ▄▄▄   ▄▀▄▀█ ▀▀▄█▄█  █ ▄▄▄ █  ▀█
█▀▄   █▄█ ▀ ▄▄█▀▀▄▄▀ █▄█▀ ▀ █▄█ ▄██▄   ███▄  ▀▄▄  █▄█ ▄▀▄ █
██ ▀   ▄  ▄█  █▀▀▄▄▄█▄▄█ ▀█▄▄▄▄▄█▄▄▀█▀ █ ▄ ███▄▄  ▄  ▄   ▀█
█▀▀████▄▄▀▄▀█▄ █▄▄▄ ▀██▀▀ ▄▀▄█▀  █▀█▄  █▀█ ▀▄██▄█▀▀ ██▀ █ █
█▄████▄▄▀▄ ▄▄ ▄ ▀▄▀ ▄███▄▄▄▄▀ ▀ ▀█▄▄ ▄ ▀▀█▀▄▀ ▄█ ▄ █ ▄  ▀▀█
██▄ █▀▄▄  ▄▄▀█▄ ▀█▄▄▀▀▀█▄ █▄▀█▄  ███▄▄ ▄█▀▀ ▄██▄▀█ ███▀▄█ █
██▀█▀█▀▄▄▀▄▄█▄▀█▀█▀▄▀  ▀▄ █ ▀█▀▄▀▄ █▄ ▄█▄▀█▀▀█▄▄▀▄▄▀ ▀▀▀▄▄█
█▄▄▄▄▄ ▄█ ▄  ▀ ▀▀▄  ▄▄▀▀▀▀█▀█▄ ▄▀█▀█▄ ▀▄▄█▀ ▄█ ██▄██▄▄▄ █▀█
█ ▀▄█▄ ▄█▀█▀█▀▀███▀ ▄ ▀ ▀ █▀ ▀  ███▀▀▀▄▄▄█ ▀ ▀ ▄▀▄▀▀▄█▀▀▀██
█ ▄█▄█▄▄  ▄▄▄ █▄██▀ ▄▄▀▄  █▀██ █ █ █▄▄ ▄██  ▀█▀▄▀▀▀▀▄██▄█▀█
█ ▀ ▀▀▄▄  ▀█ ▄█▀ ▀█▄█▄▄▀██▄▄ ▀▀▄▀ ▄  ▄█▀▄  ▀▀▄█▄▀▄▀▀▄█ ▀ ▀█
███████▄█▀▀ ▀▀ ▀▀▄▀▄▄▄▀▀  ▄ ▄▄▄  ▀▄█ ▄▀▄▀█▄▀▄█▄▄█ ▄▄▄ ▄▄█▄█
█ ▄▄▄▄▄ █▄▄ ▄██ ▀█ ▀▄███ ▀█ █▄█ █▀▀▄███▀▀▀▄▀ ▄ ▄█ █▄█ ▀▀▄██
█ █   █ █ █▀ ▄█ ▄▀▀▄▄██▀▀▄     ▄ ▀█▄▄ ▄█▀█   ███▄  ▄ ▄█ ▄██
█ █▄▄▄█ █ █▄█ ▀▄▄ ▀▄▄█ ▄▀██  █▀██▄█▀   ▄▄▀▄▀ ▀  ▄  ▄▀█  ███
█▄▄▄▄▄▄▄█▄███▄▄███▄▄█▄██▄▄▄█▄██▄▄▄▄▄▄▄█▄▄██▄███▄▄▄▄█▄▄▄█▄██

Scan this QR code:
▄▄▄▄▄▄▄▄▄▄▄▄▄▄▄▄▄▄▄▄▄▄▄▄▄▄▄▄▄▄▄▄▄▄▄▄▄▄▄▄▄▄▄▄▄▄▄▄▄▄▄▄▄▄▄▄▄▄▄
█ ▄▄▄▄▄ █▄▀▄ ▄████▀█▄█ █   ▀▀▀▄ ▄▄█▀██▄▀▀▄  ▄█ ▄ ██ ▄▄▄▄▄ █
█ █   █ █ █▀▀█ █▄██ ▄███ ▀ █ █▄▀ █▄▀▀▀▄▀██▀██▄▀▄ ██ █   █ █
█ █▄▄▄█ █▄▀▀  ▄█▀▀▄  ▀▄  █▀ ▄▄▄ ▄█▀███  ▄  ▀▀▄▄▀▄██ █▄▄▄█ █
█▄▄▄▄▄▄▄█▄▀▄▀▄█ █▄█▄▀▄▀ ▀▄█ █▄█ ▀ ▀ █ █ ▀ █▄▀▄▀▄█ █▄▄▄▄▄▄▄█
█ ▄  ▀█▄▀ ▄▀▀ ▀█████▀█ ▄  █▄▄▄   █ ▄▀▀▀█ ▄▄ ▄███▀  █▀▄▄ ▀ █
█ █ ▄▄█▄ ██ ▄▀ ▀▀  ██ ▄▄ ▄▄▄ █  █ ▀▀▄▀▀ █ █▄█▀▀ ▀█▀█ ▄ ▄  █
██▄  ▀▀▄▄  █▄▀▄ ▀▄█▄▀▀█▄▄▄█▀█▀█▀██▀▄█ ▀ █▀██▀█▀██▄ ▀▀▀█▄▀██
██▀▄▀  ▄█▄▄▀  ▄███▀█ ▄▀ ▄█ █ ▄██▄▀▀▀ █▀▄█▄▀▀██▄▀▀▀█▀█ ▀ ▄██
█▀██▀▀ ▄▀ ▄ ▀█  ▀▀ ▀ █ ▀█▄█▄▄▄ ▄▀▄▄ ▀█▄▄ ▀▀▄▄▄▀▀ ▄█▄▄▀▀▄█ █
██▄▀▄ █▄ ██▀▀▀▀▀ ▄█▀▄▀▄██ ▄ █ ▄█▀▄█▄▀█▀▀   ▄▀█  ▄▄▀▀▄ ██▀██
█▄█▄▄██▄▀▀ ██▀ ██ ▄▀██ ▄▀█▀ ▄ █ █▀▀█ █▀██ ▀  ▀▀▄▄ ██ ▄██▀▀█
█▄█▀▀█ ▄█ ██ ▄▀ ▀▄   ▄    █▀▀▄▀▄▀█ ▄▀▄▄█▀█ █ ▄▄▄▀▄▄▀█  ▄█▄█
█ ▀▀█▄█▄ ▀▀▀█ █▀ ▄ ▄█ ███▄███▀▄█▄▄  ▄ ▀▀▀▀▄█ ▀▀▄▄▄▄ ▀▀▀█▄▄█
█ █▄▀ ▄▄▄ ▀▄ █ ▀  ▄▄▀▀█▄█▀  ▄▄▄ ▀ ▀▄▄▄▄  ▀  ▀ ▀█▄ ▄▄▄ ▀▀▀██
█ ▄▀▀ █▄█ ▄▀ ▀    █▄█▄▀▀ ▄█ █▄█    ▀▀▀██▄▀▄█▀▄  ▄ █▄█ ▀█▄▄█
█▄▀▀▄▄ ▄ ▄▀▀▄██ ▄ ▀ ██▀▀    ▄ ▄▄▀  ▀▀ ▀ █▀ ▀▀ █▀▀  ▄ ▄▄▄▄▀█
█ ▄ ▀  ▄▄█▀ ▄█ ██▄ ▀ █  ▀ █▄▄▄▀▀▀█ ▄ ▀▀█▄▄▀ ▀█▄█▀▀ ██▄▀████
█▀█▀▄▄▄▄  █▄ ▀ ▄▄▄ █ █▄▄█▄██▀▀ ██ █ ██▀   ▄ ▄  ▀ ▄▄▄ ▀ ▄▄ █
█▄▀▄█▀ ▄ █▄█▀  ▀███ ▀███ ▄████▄▄ █ █ ▄█▀▀▀██▄██▄██ ██▄ ▀▄▄█
█▄█▄▀▀ ▄ ▀ █▀▄▄▄ ▄ ▀   █▄▀█  ▄▄▀ ▄▀█▄▀▄▄▀ ▀ ██▄▀ ▄▀█ ▄█ █▄█
█▀█▄▄██▄▄█▀ ▄▀██▀  ▀ █ ▀█▄▀ ▀  ▄█▄▄▀▀█▄█▄▀▀▄▄▄  ▄▀█ ▀ ▀▄█▄█
█▀█ ▄  ▄█▀ █ ▀█▄ ██▄ ██ ██▀██▀▄ ▀▀▀█▀▄  █▄ ▄█▄▄█▀▀ ██▄██▄██
█  ▄▀▀█▄▄█▄▄▄▀█ ▄█▀▀▀▄ █▀▀▄▀▄▄ ▀▀█▄█▄█▀▄    ▀▀███▄▀▀▄█▄▄▄ █
█ ▀ ▀▀▄▄▀▄  ▄▀█ ▄▀▄▀ ▀▀▀▄▄▄█▄██▀  ▀▄ ▄█ █▀█ ▀▀█ █  ▄▄█▀▄ ▄█
███████▄▄ ▀ █▀ █ █ ▄▄ ██ █▀ ▄▄▄  █ █   ▀█▀██ ▀ ▄█ ▄▄▄ ▄▄█▀█
█ ▄▄▄▄▄ ███▄▀▀█▄  ██ █ ▀███ █▄█ █▀ █▀▄ ▀█▀█▄█▄█▄▀ █▄█  ▀▀██
█ █   █ █▀▄ ▀▀█ ▀█▀█ ▄██ ▀█ ▄   █  ▀█▀▄█ █▄▄▄▄ ▀▄ ▄▄  ▄▄▀██
█ █▄▄▄█ █  ██▀    ▀ ▄▀███▀█▀███▀█▀  █▀▀▀██ ██▄ ▄▀▄▀ █▀▄▄█▀█
█▄▄▄▄▄▄▄█▄██▄▄████▄█▄█▄▄█▄███████▄██▄█▄▄▄▄▄████▄█▄███▄█▄███

Scan this QR code:
▄▄▄▄▄▄▄▄▄▄▄▄▄▄▄▄▄▄▄▄▄▄▄▄▄▄▄▄▄▄▄▄▄▄▄▄▄▄▄▄▄▄▄▄▄▄▄▄▄▄▄▄▄▄▄▄▄▄▄
█ ▄▄▄▄▄ █ ██▀ ▄▄ ▀█▀█ ▄▄█ ▀ ▀▄▄▄█▄▄▀▄██ ▄   ▄█▀▄ ██ ▄▄▄▄▄ █
█ █   █ █  █ ▀ ██ ▄█▄█▄▀██▀█▄ █▀▀███▄▄█▀▄▀▀█▀▄ ▄ ██ █   █ █
█ █▄▄▄█ █▀ ▀▄  ▄▀█▄█▀█▀█▀   ▄▄▄ █▀▄█ ▀▀▄ █▄▄██▄▀▄██ █▄▄▄█ █
█▄▄▄▄▄▄▄█▄█ █▄▀ ▀ █▄▀ ▀▄▀▄█ █▄█ ▀▄█▄█ █ █▄▀ ▀ ▀▄█ █▄▄▄▄▄▄▄█
█ ▄▀█▄▄▄███▄▄▄█▄█▄▀▄█ ▄▀▄▀▀▄▄   ▄ ▄█▀ █ ▄█  █ ▀▄▀▀█▀ ▀▄  ▄█
██ ▀█ ▄▄▄█▀█ ▄▄ ▄█▄█▀▀▀█ █▀▄▄▀█ ▀▀▄▄ ▄▀▄▀▄▀ ▀▀▄▄ ▄▄█ ▀▄▄ ██
█▀▄▀▀▄▀▄▄█▀▄  ▀▀▀█▀ ▀▀▄▄  █▄ █▀█ ▄ █  █▀▄█▀▀ ▄▀█▀▀▄▀ ██▄  █
█▀▀█ ▀▀▄▀▄ ▀▀▄▀█ ▀█▀▀█▄▄▀█▀█ ▀▄▀██▄▄▀ ██ █ ▄█▀▄ ▀█▀█  ▄▄ ██
███ ▄  ▄███▄█▄▀  ▄▄ █▀▄█   ▄▄ █ ▀▄▄▄ ▄▄▀▄█▀ ▀▄▀█ ▀   ▀ ▀ ██
█ ▀███▀▄██▀▄▄▀▀█▄▀█▀  ▄▄ ▀ ▄▀██ █ ▀██▀▀▀█▄ ▀█▄█▄▄█▄▄▄▄▄▄▄▀█
█▀▄█▄▄█▄█▄▄█ █▄ ▀▀▄▄▀ ▄█▀▄▄█▄▀▀ █ ▀█▀ ▄ ▄█▀ ▀ ▀█▄▀█ ▀▀█ ▄▄█
█ ▄██▀ ▄▀▄▄█ ▄  ▄█▀█▄█ █▄ ▀ █▄ ▀▄▄▄█ ▄█ ▄  ▄██▄▄▀▄██ ▄▄▄▀██
███▀█▀▀▄▀▄██▀█▀█▀█   ▀ █   ▄▄▀█▀▀█▀ ▄▄▄▀▄██▀▀ ▀█ ▀▄▀ ██ ▀▀█
█  ▀▀ ▄▄▄ ▄█ ▄█ █▀▀  ▀▄ ███ ▄▄▄   ▄ ▀▄▀▄▀▄▀ ▄█ █▀ ▄▄▄ ▄█ ▀█
█▀▀ ▄ █▄█ █ ▄▄▀█▄▄▄▀█ ▀█▀ ▄ █▄█ ▀  █     █▀▀█▄ █▄ █▄█   ▀██
█ ▀█  ▄▄▄ ▄ ███▀▀▀  █▄ ██▄█ ▄   █▄██▄▄▄ ▄██▄█▀ ▀    ▄ ▄█ ▀█
█▄ ▀▄██▄█ ▀▀█▄█  █▄▄ ▀▄▀▀▀▀▄ █▀ █ ▄█   ▀█▀ ▀█▄▀█▀ ▄█ ▄  ▄██
█▄▄▀  ▀▄▀▄ ▀▀█▄ ▄▀▄█▀▄█  ▀▄▄█ ▄██▀▄▀█▀  █▀█ ▀█▄▀█▀ █  █████
█▄▄█ ▀▄▄██▀▄▄▄▀█▄█▄▄▄▄▄█▄  ▀▄██▀▀  █▄ █▀▄█▀ █  ▄▀██  █▀▄▀▄█
█ ▀█▀ ▄▄▄▀▀▀ █▄█▀ ▄▀▀  ▄▀██ ▀ ▄▀ █  ▀▄▄█▄█ ▄ ▄▄▀▄▀▄▀ ▄▄▄▄▄█
█▄▀▀▀▀ ▄ █  ▄▀ ▄▄▄  ▀▀▄▀▀▀ ▄ ▄ ▄▄ ▄█▄ ▄▀▀█▀ ▀ ███▄▄▄▀▄▄  ▄█
██▀▄█ █▄█▀▄██▄ ▄█ ▄█▄ ▀█▄██▀ ▄████▀ ▄▄▄ ▄ ▀  ▀ █ ▀ ▀▄ ██▀██
█ ▀ ▀▀ ▄█▄▀▀▄ █  █▀ ▀▀▄▄  ▀█ █ ██ █▄▄▄▄  █▀ ▄ ▀█▀▀▀▄ ▄██ ▄█
█ ▀ ▀▀▄▄▀▀▀ █▀█▀ ▄▄▀█▄█▀  ▄▄ ▄▄▀▀ ██▀▀ █ ▀▄▄█▄█  ▀▄▀▀ ▄█ ▀█
███████▄▄ ▄ ▀▀█▄ ▄▄ ▄▀▀▀▄▀▀ ▄▄▄ █▄▀█▄▄█  ▀▀▀█  ▄█ ▄▄▄ ▄▄▄██
█ ▄▄▄▄▄ █▀▄█▀ █ ▀▀█▄▄██ ▀▀█ █▄█ ▀▀▀▀ ██▀█▄ █▄   ▄ █▄█ ▄▄▀▀█
█ █   █ █▄ ▀██ █▀▀▀▄▀  ▀▀▄█▄▄  ▄▄  ▄  ▀ ▄▀  ▀  ██ ▄   █ ▀ █
█ █▄▄▄█ █▀  █▄▀▄▄█▄▀▄█ ▀▄ █ █▄▄ ███▄██ ▄█▄▀▄▀▀ █▀█ ▄█ █████
█▄▄▄▄▄▄▄█▄▄▄█▄▄▄▄█▄▄▄█▄█▄▄█▄███▄███▄▄▄▄████▄▄▄▄▄▄▄█▄▄█▄██▄█

Scan this QR code:
▄▄▄▄▄▄▄▄▄▄▄▄▄▄▄▄▄▄▄▄▄▄▄▄▄▄▄▄▄▄▄▄▄▄▄▄▄▄▄▄▄▄▄▄▄▄▄▄▄▄▄▄▄▄▄▄▄▄▄
█ ▄▄▄▄▄ █▄▀▄ ▄█▄█▀▀▄▄█ ▄█▄ ▀▀▀▄ ▄▄█▀ █▄▀ ▄  ▄▄ ▄ ██ ▄▄▄▄▄ █
█ █   █ █ █▀▀█ █▄▄█ ████▀▀ █ █▄▀ █▄▀  ▄▀█▄▀█ █▀▄ ██ █   █ █
█ █▄▄▄█ █▄▀█ ▀▄█▀▀▄  ▀▄  █▀ ▄▄▄  █▀█     ▀ ▀▀█▄▀▄██ █▄▄▄█ █
█▄▄▄▄▄▄▄█▄█ ▀▄█ █▄█▄▀▄▀ ▀▄█ █▄█ ▀ ▀ █ █ ▀ █▄▀▄▀▄█ █▄▄▄▄▄▄▄█
█ ▄  █▀▄█▄▀▀  ▀█████▀█ ▄  ▀▄▄▄   █ ▄▀▀▀█ ▄▄ ▄███ ▀ █▀▄▄ ▀ █
█ █ ▄▄▄▄ ▀ ▄ █ ▀▀  ██ ▄▄ ▄▄▄▄█  █ █▀▄▀▀ █ ▀▄█▀▀ █▀ ▄ █ ▄  █
██▄▄█▀▀▄▄██ ▄▀▄ ▀▄█▄▀▀█▄▄▄▄▀▀▀█▀██▀██ ▀▀█▀▄▄▀█▀▄█▄ ▀▀▀█ ▀██
█▀ █▄  ▄█▄▄▀  ▄███▀  ▄█▀▄█ █▀██▀▄▀ █ █ ██▄ ▀██▀█ ▄█▀▄▀ ▀▄██
█▄▀▀█▀ ▄▀ ▄ ▀█  ▄ █▀▄█ ▀█▄█▄▄▄ ▄▀▄▄ ██ ▄▄▀▀▄▄▄▀▀ ▄█▄▄▀ ▄▀▄█
█▄ ▄▀▄▀▄ ██▀▀▀▀▀▀▄█▀█▄▄█▀ ▄ █ ███▄█▄ █  ▄▄ ██ ▀▀▄▄▀▀▄ ██ ██
█  ▄▄▀▄▄▀▀ █▄  ██ ▄▀██ ▄▀█▀ ▄ █ ▀█▀█▄▀▀█ ▄▀ ▀█▀▄▄ ▀▄ ▄██▀▀█
█▄█▀▀▀█▄█  ▄▀█  ▀▄   ▄    █▀▀▄▀▄ ▄ ▄▀█▄█▀▄ █▀█▄▄▀▄▄██▄ ▄█▄█
█ ▀▀█▄▀▄█▀ ▄▄▄▄▀ ▄ ▄█ ███▄█▀█▀▄█▄▄  ▄ ▀▀▀▀▄█ ▀▀▄█▄▀▀█▀▀█▄▄█
█ █▄▀ ▄▄▄ ▀ ▀█▀▀  ▄▄▀▀█▄█▀▄ ▄▄▄ ▀ █▄▄▄   ▀▄▄▀ ▀▀▀ ▄▄▄ ▀▀▀██
█ ▄▀▄ █▄█ ▀▀ ▀▄▄  █▄█▄▀▀ ▄█ █▄█   █▀▀▀▄█▄▀ █▀▄▀ ▄ █▄█  ▄▄▄█
█▄▄▀█ ▄▄▄▄▀▀▄██ ▄ ▀ ██▄▄   ▄▄ ▄▄▀ ▀ ▀▄▄▀█▀▀▄▀▄▄▄█▄▄▄▄ █▄▄▀█
█▄  ▀  ▄▄ ▀ ▄█ █ █▄█▀█▄  ▀█▄██▀▀▀█ ▄▄█▀█  ▀▀▀████  █▀█ ████
█▀ ▄▀▄▄▄▄▄█▄ ▀ ▄██ █  ▄▄▄███▄  ██ █  █▀▀▀ ▄▀ ▀ ▀▀▄▄▄█▄ ▄  █
██▄▄█▀ ▄ █▄█▀  ▀███ ▀███ ▄████   █ █▄▄█▀█▀██ ▀█▄██ ██▄ ▀▄▄█
█▄█▄▀▀ ▄ ▀██ █▄▀ ▄ ▀   █▄▀█  ▄ █ ▄▀██▀▄▄▀▀▀ ██▄▀ ▄▀█ ▄█ █▄█
█▀█▄▄██▄▄█ ▄ ▀ ▀▀  ▀ █ ▀█▄▀ ▀  ▄█▄▄▀▀█▄█▄▀▀▄▄▄  ▄▀  ▀ ▀ █▄█
█▀█ ▄▄▀▄█▀ ▀▀▄█▀ ██▄ ██ █████▀▄ ▀▀▀█▀▄▄ █▄ ▄█▄▄▀▀▀▀██▄▄▄▄██
█  ██ █▄▄▀█▀▄▀█▄▄█▀▀▀▄ █▀▀▄▄▄▄ ▀▀█▄█▄█▀▄   ▀▀▀██▀ ██▄█▀▀▄ █
█ ▀ ▀▀▄▄▀█  ▄▀█ ▄▀ █ ▀▀▀▄▄▄▀▄██▀  ▀▄ ▄█▄█▀▄▀▀██  ▄  ▄▀▀▄ ▄█
███████▄▄ ▀ █▀ █▀█  ▀ █▀ █▀ ▄▄▄  █ █▄▄ ▀▀█▄▄ ▀ ██ ▄▄▄ ███▀█
█ ▄▄▄▄▄ ███▄▀▀█▄█▄██▄  ▀ ▀█ █▄█ █▀ █▀█ ▀ ▄█▄  ██  █▄█  ▀▀▀█
█ █   █ █▀▄  ██ ▀█▀█ ▄██ ▀█  ▄  ▄  ▀█▀▄█ █▄▄ ▄ ▀▄ ▄▄  ▄▄ ▄█
█ █▄▄▄█ █ ▀▄ ▀ ▄  ▀ ▄▀███▀█▀███▀█   █▀▀▀██ █▄█ ▄▀▄▀ █▀▄▄█▀█
█▄▄▄▄▄▄▄█▄▄▄▄▄▄▄██▄█▄█▄▄█▄███▄███▄██▄█▄▄▄▄▄████▄█▄███▄█▄███

Scan this QR code:
▄▄▄▄▄▄▄▄▄▄▄▄▄▄▄▄▄▄▄▄▄▄▄▄▄▄▄▄▄▄▄▄▄▄▄▄▄▄▄▄▄▄▄▄▄▄▄▄▄▄▄▄▄▄▄▄▄▄▄
█ ▄▄▄▄▄ █▀ █▀ ▀▀███▀▄▀ ▄ ▄▄█▄▄▄▄ ▀██▄▀▄██▄▄▄█▄▄▄ ██ ▄▄▄▄▄ █
█ █   █ █▀  ▀▄ █▄█▀ █▄▄▄▀▀▀█▄█ ▄▀▄█ ▄▀█▀█▄▄  ▄ ▄ ██ █   █ █
█ █▄▄▄█ █▀██▄██▀▄█▄█▄ ▄█▀ █ ▄▄▄  ▄▀█▄ ▄▀▀▄▄▄▄▀▀▀▄██ █▄▄▄█ █
█▄▄▄▄▄▄▄█▄█▄▀ ▀ ▀▄▀ ▀ ▀ █ █ █▄█ ▀▄█ ▀▄█ █ █▄▀ ▀ ▀▄█▄▄▄▄▄▄▄█
█  ▄ ▄▀▄▄ █ ██ ▀ ▄▀▄ █▀▀▄▀▄     ▀█▀█▀  █▀█   █▄▄▀  █▄█▄▀▄▀█
█  ▀█▄ ▄ ▀▀▄▀▄▄ ▄ ▀ ▀▀▀ █ ▀█▄▄ █▀▀ ██▀█▄▀▀ ▀▀▀▄█ ▀▄▄▄▄▀▀ ██
█▀▀▀▄▄▀▄ █▄▄  ▄▄▄█▀ ▄▄▀▄   ▀▀█▀██▀█▄  ▀█▀█ ▀█▀▄▄ ▀▀▄█▀▀▄███
█ ▄▄█▄▄▄▀▄ ▄▄▀▀█ ▄▄ ▀██▄▄ ▀█ ▄▀▄██ ▀ █ █  █▄▀▀ ▀█▄▀█ ██  ██
█▀▀ ▀  ▄   ▄█▄▄██▄▄▄ █▄▀▀▀█▀▀ ▀▀▄▀▀█  ▀▄▀█▀▀▀▀▄█ ▀███▀ ▀█ █
█  ▀▀▄▄▄██▀▀▀▄▀█   ▄██▄▀▀  ▄▀ ▀██▄▀  ▄▀▀█ ▄▄ ▄▄▀▀ ▄▄▄▀▀▀▄▀█
█▄█ ▀▀▄▄ ▀▀██▀▀█▄▀▄▄▄█▀█▀▄▀ ▀▀▀ ▄█▄█  ▀█ ▀▀  ▀▄█▄▀ █▄▀█   █
██▄██ ▄▄▀▄ █▀▄▀█▄ ▄ ▄█  ▀█▀ █▀█▄██▄ ▄ █ ▄██▀██▄▀▄▀▄▄▄▀▀▀▀██
██ ▄ ▄▀▄█▀▀█ █ ▀▄█  █▄██  ██▀▀█▀▄ ▄ ▄▄▀▄▀██▀▄█▄█ ▀ ▄ ██ ▄▄█
██ ▀▀ ▄▄▄  █▀▄█ █▄▄█ ▀▄█    ▄▄▄   ▄▀▄▀█▄▀▀ ▀▄█▄ ▀ ▄▄▄ ▀  ▀█
█▀▄▀█ █▄█ ▀ ▄▄▀▄▀▄▄▀ █▄█▀ ▀ █▄█ ▄█▄█  ▀▄██▄▀ ▀▄█▄ █▄█ █ ▄ █
█▄▄▄▀  ▄  ▄█  █▀▀▄▄██▄ ▄ ▀█▄▄▄▄▄█▄▄▀▀▀ ▀ ▄▄▀█▀▄▄ ▄▄      ▀█
█  █ ██▄▄█▄▀█▄ ██▄   ██▀▄▀▄▀▀▄▀  █▀█   ▄▀█▀  █▀▄▀ ▀ █▄▀▀█ █
█▄▀█ █▄▄ ▄ ▄▄ ▄ █▄▀ ▀▄██ ▄▄▄▀█▀ ▀█▄▄█▄▀ ▀▀▀██▄▄▄▀▄ █▄   ▄▀█
█▀  █▀▄▄  ▄▄█▀▄ ▀█▄▄▀▀▀█▄ █▄▀█▀▀▄███▄  ▄█▀▀  ▀█▄▀█ ███▀▄▄▀█
██▀█▀█▀▄▄▀ ▀ ▀  ▀█▀▄▀  ▀▄ █ ▀█  ▀▄ ██▀▄█▄▀█▀▀█▄▄▀▄▄▀ ▀▀▀▄▄█
█▄▄▄▄▀▄▄█  ▀▄▀ ▄▀▄  ▄▄▀▀▀▀█▀█▄ ▄▀█▀█▄ ▀▄▄█▀ ▄█ ██▄▀▀▄▄▄▄█▀█
█ ▀▄█ ▄▄█▀█▀ █▀▄██▀ ▄ ▀ ▀ █▀ ▀  ██▀█▀▀ ▄▄█ ▀ ▀  █▄ █▄█  ▀██
█ ▄█▄▄▄▄▄█▄█▄ █▄██▀ ▄▄▀▄  █ ██ █ ██▄▄▄████  ▀█▄██▄▄▄▄█▀▄█▀█
█ ▀ ▀▀▄▄▀▀▀█ ▄█▀ ▀█▀█▄ ▀███  ▀▀▄▀ ▄▀▄▄  ▄▄█▄█▄▄▀▀▄▄▀  ▀▀ ▀█
███████▄█▀▀ ▀▀ ▀██▄ ▀▄██▀▀▄ ▄▄▄  ▀▄█▄▄ ▄▀█   ██▄█ ▄▄▄ ▄██▄█
█ ▄▄▄▄▄ █▄▄ ▄██  ▄ ▀ ███▀ █ █▄█ █▀▀▄ ▀█▀█▀▄▀█▀ █  █▄█ ▀▀ ██
█ █   █ █ █▀▀▄█ ▄▀▀▄▄██▀▀▄   ▄ ▄▄▀█▄  ▄█▀█   ▀███  ▄ ▄█ ▄▄█
█ █▄▄▄█ █ ▄█▄▀██▄ ▀▄▄█ ▄▀██ ██▀████▀▀  ▄█▀▄▀▀   ▄  ▄▀█  ███
█▄▄▄▄▄▄▄█▄▄█▄█▄▄██▄▄█▄██▄▄▄█▄██▄▄▄▄▄▄▄█▄▄██▄███▄▄▄▄█▄▄▄█▄██

Scan this QR code:
▄▄▄▄▄▄▄▄▄▄▄▄▄▄▄▄▄▄▄▄▄▄▄▄▄▄▄▄▄▄▄▄▄▄▄▄▄▄▄▄▄▄▄▄▄▄▄▄▄▄▄▄▄▄▄▄▄▄▄
█ ▄▄▄▄▄ █▀█▄▄ █▀█▀█ ▄▀▄▄▄  ██▀ ▄▄ ██▀▄█▀██▄▄ █▄▄ ██ ▄▄▄▄▄ █
█ █   █ █▀▄ ▀▄▀██▄█▀██▄▄▀▀▀█▀▄▄ ▀██ ▀▀█▀▄█▀▄▄▄ ▄ ██ █   █ █
█ █▄▄▄█ █▀ ▀ █ ▄▄███▄ ▀▄▀ █ ▄▄▄ ▀▄▄▀▄▄▄▀▄ ▀▄█▀▀▀▄██ █▄▄▄█ █
█▄▄▄▄▄▄▄█▄▀▄█▄█▄▀▄▀ ▀ █ █ █ █▄█ ▀▄█ ▀▄█▄█ ▀ ▀ █▄▀▄█▄▄▄▄▄▄▄█
█ ▄   ▀▄▄▄ ▄ █ █▄▄█▄ █▀█ ▀▄▄▄▄  ▀█▀█▀  █▀█▄▀██▄▄▀▀ █▄▀▄▀ ▀█
██▀▀▀ ▄▄▄▄ █▄▀▄ ▄▄▀ ▀▀▀ ▀▀ ▄▀█▀█▀▀▄▀█▄█▀ ▄▄█▀  ▄ ▀▄▄ ▄▀▀▄▀█
█▀▄█▀▀█▄▀█ ▀ █▄▄█▄▀ ▀█▀▄  ████▀██▀▀█▀▄▄▄▀▀▀ ▀▀▀█   █▀█▀ ▀▀█
█ ▄▀▄▀ ▄▄▄█  ▀██▄▄▄▀▀▄▀▄▄▄▀█ █▀ █▀▀ ▄ ▄ ▄▀▀  ▀ ▄▄▀▄▀█▀▀▀███
█▄ ▀██▀▄█▀▀▄  ▄▀ ▄▄▄▀▄▀█▄▀▀█▀ ▀ ██▀█ ▄ ▄▀█   ▀█▄▀▀▀█▀█ ▀███
█▀▄▀▀▄█▄ ▀▀▀██▀█▄ ▀█▄█ ██ ▄▄▀   █▄▀▄▀  ▄▀▄█  ▄█▀  ██  ▀▀▄██
██ ▄█▄█▄ ▀▀▄▀█▀█▄▀▄ ▄█▀█▀▄  █▀█▀▄▀ ▄   █▀█▀▀▄█ █▄▀▀▄▀██▄▀ █
█▀▀ ▄▄▀▄██   ▄█ ▄ ▀█▄██▄▀█▀ ▄  ▀▄██    ▄█▀▀ █▄▀  ▀▄▀  ▀▀▀██
█▄▀█▀ █▄▀▀ █ █▄ ▄▄▄ █▄▀█▀ ▀▀▀▀ ▀▄ ▄  ▄▀██▀ ▀ ██▄▀ ▀█▀██▀▄ █
█▀▄▄  ▄▄▄ █▄ ██▄▀▀▄█ ▀▄██ ▀ ▄▄▄   ▄█▄██▄▀ ▄█    █ ▄▄▄ ▀  ██
██ ██ █▄█ ▀▀▀▄ ██▄▄▀▀█▄█▀▀▀ █▄█ ▄▀▄█ ▄ ▄▀█▀▀██▀▄▀ █▄█ █▄ ██
██▄ ▄▄ ▄  █▀ ▀█▄  ▀▀█▀▄ ▄▄ ▄    ▀▄█▀▀▄▄█▀█▀▄█▄▀      ▄▀ ▄██
█▀█▀ ▀ ▄██ ▀▄▄▀█▄█▄▄ █▀▀ ▀▄▄▄▄▀  █▀█ ▄█▄▀▀  ▄▀███▀▀█▄█ █▄▀█
█▄▄   █▄ ▄  ▀▄▄███▀ ▄▀▀ ▀▀▀▄█▄▀ ▀█ ▄▄▄▄ ▄▄█████▄▀▀ █▀█▀▀▄▀█
███ ▀▀▄▄ ▀ ██▀ █▀█▀▄▀▀▀█▄ █▀▀██  █▄█▄▄███▀▀▀ ▀▀▄▀▀ ▀▀▄▄██▀█
██▄▄   ▄▀▀▀▄██▄▀▀█  ▀ ▀▄▄ ▄ ▀█▄▄▀▄ ▄█▀█▄▀▀▀▀▄██  █ █▀██▀▄▄█
█▄▀█▀  ▄ ▄ ▀█  ▀▄▄▀▄▄▄██▄▀█▀▄▄▀▀▀█▀█   ▄▀█ ▀ ██▄█▄▄▀▄▄▄█▀██
███▄ ▀█▄███▀▄▀▀ ▄█▀  ▀▀ ▀▀█▀▀▀ ▄▀█▀▀█  ▄▀▄ ▄█ ▄█▀▀▄▀▀▄▀ ▄▀█
█▀▀█▀▄█▄  ▄█▄ ▀ █▄▀  ▄▀▄▀ ▄ ██   █ ▄▄▄▄█▀▀▀  ▀██▀ ▀██████ █
█ ▀ ▀▀▄▄█▄█▄█▄▀▀▀█  ▄ █▄█▀▀ ▀▀▄▄▄▀█ ▀▀ ▄ █▄ ▀  █ █ █▄█▀▀▄██
███████▄▄▀█ ▀█ ▀▄█▄▄▀▄▄▀▀ ▀ ▄▄▄  ▀▄█ ▄▄█▀▀  █▀██▀ ▄▄▄ ▀ ▀▀█
█ ▄▄▄▄▄ █▄▄█▀ ▄▄ ▄█▄██▀ ▄▄▄ █▄█  ▀▀▄██▀ ▄█▄▄▀ ▄█▄ █▄█   ███
█ █   █ █ ▀▄█▄▀▀▄▀  ▄█ ▀▀▄▀ ▄▄ ▄▀███ ▄ ▄▀██▀▄▀██▄▄ ▄ ▄█▀▄██
█ █▄▄▄█ █ ▀█  ▄█▄ █▄▄█▀█▀████▀▀█▄█▄  ▄▀█▀█▄▀█▀▄▄█ ▀▄█▀  ███
█▄▄▄▄▄▄▄█▄█▄▄███▄▄▄▄██████▄█▄██▄▄▄▄▄▄▄█▄██▄▄▄█▄███▄█▄███▄██

Scan this QR code:
▄▄▄▄▄▄▄▄▄▄▄▄▄▄▄▄▄▄▄▄▄▄▄▄▄▄▄▄▄▄▄▄▄▄▄▄▄▄▄▄▄▄▄▄▄▄▄▄▄▄▄▄▄▄▄▄▄▄▄
█ ▄▄▄▄▄ █▀ █▀   █▀▄▀▄█▀█ ▄▄█▄▄▄▄ ▀▀█▀▀ ▀▀█▄▄ ▄▄▄ ██ ▄▄▄▄▄ █
█ █   █ █▀  █▄ █▄█▀ ██▄▄  ▀█▄█ ▄ ██ ▀ █▀▀▄▄ ▀█ ▄ ██ █   █ █
█ █▄▄▄█ █▀▀█▄▄█▀▄█▄█▄ ▄█▀ █ ▄▄▄ █▀▀█▄█▄▀ █▄▄▄█▀▀▄██ █▄▄▄█ █
█▄▄▄▄▄▄▄█▄▀ ▀ ▀ ▀▄▀ ▀ ▀ █ █ █▄█ ▀▄█ ▀▄█ █ █▄▀ ▀ ▀▄█▄▄▄▄▄▄▄█
█  ▄ ▄█▄▄ ▄ ▄█ ▀ ▄▀▄ █▀▀▄▀      ▀█▀█▀  █▀█   █▄▄█▀ █▄▀▄▀▄▀█
█  ▀██ ▄▄█▄ █▄▄ ▄ ▀ ▀▀▀ █  █ ▄ █▀▀▄▀█▀█▄▀▀▄▀▀▀ ▀▀▀▄▄▄ ▀▀ ██
█▀▀  ▄▀▄██ █  ▄▄▄█▀ ▄▄▀▄  ▀ █▀▀██▀▀▄  ▀█▀█▄ █▀▄█ ▀▀▄▀▀█ ███
█▀ ▄▀▄▄▄ █ ▄▄▀▀█ ▄▄ ▀█▄█▄ ▀█▀██▄███▄▄▀█   ▄█▀▀▄▀█▄▀█ ▄ ▀ ██
█▀█ ▄  ▄   ▄█▄▄█▄▄▄▄▄▄▄▀ ▀█▀▀   ▄▀▀█▄ ▀▄██▀ ▀▀█▄ ▀███▀▀▀█▄█
█▀██▀ ▄▄██▀▀▀▄▀█▄▀ ▄▀█▄▀█▄ ▄▀  ▄▀ ▀ █▄ ▀▄ ▄███▄▀▀ ▄▄▄▀▀▀ ██
█ █ ▀▄ ▄ ▀▀█▄█▀█▄▀▄▄▄█▀█▀▄▀ ▀▀▀ ▄▀▄█  ▀█▄█▀ ▄█▄█▄▀ ▄▄▀█ ▀ █
██▄██▀ ▄█▄▄ ▀▄  ▄ ▄ ▄█  ▀█▀ █▀█▄██▄ ▄ █ ▄██▀▄█▄▀▄▀ ▄ ▀▀▀▀██
██ ▄ ▀▀▄ █ ▀ ▀  ▄█  █▄██  ▀█▀▀█▀▄ ▄ ▄▄▀▄▀██▀▄█▄█▀ ▀████ ▄▄█
██ ▀▀ ▄▄▄ █▀▀  ▀█▄▄█ ▀▄█    ▄▄▄    ▀▄▀█ ▀▀ ▀▄█ ▄▀ ▄▄▄ █  ▀█
█▀▄ ▀ █▄█ ▄█▄▄  ▀▄▄▀ █▄█▀ █ █▄█ ▄█ █  ▀███▀▀ ▀▀█▀ █▄█ ▄▀▄ █
██ █ ▄▄▄▄ ▄█  █▀▀▄▀ █▄▄▄ ▀▄▄▄▄▄▄█▄█ ▀█ ▄▄▄▄▀▀▀▀ █▄▄▄ ▄▀▀ ▀█
██ █▄██▄▄▀▄▀█▄ █▄█▄▄▀▄▀█  ▄▀▀▄▀  █▀█▄▄ ███▄▀▀▀▄▄▀ ▀ █▄▀▀█▄█
█▄ ▄▄█▄▄▀█ ▄▄ ▄ ██▀ ████▄ ▄▄▀▀▀ ██▄▄█▄  █  █▀▄██▀▄ █ ▄  ▄▀█
███ █▀▄▄  ▄▄▀█▄ ▀█▄▄▀▀▀█▄ █▄▀█▄▄ ▀██   ▄▀▀▀  ▀█▄▀█ ███▀▄▄▀█
██▀█▀█▀▄▄▀▀ ██▄▀▀█▀▄▀  ▀▄ █ ▀█ ▄ ▄ ██ ▄█▄ █▀▀█▄▄▀▄▄▀ ▀▀▀▄▄█
█▄▄▄▄█▄▄█   █▀▄▀▀▄  ▄▄▀▀▀▀█▀█▄ ▄▀█▀█▄ ▀▄▄█▀ ▄█ ██▄▄█▄▄▄ █▀█
█ ▀▄█ ▀▄█▀ █▄██ ██▀ ▄ ▀ ▀ ▀▀ ▀  ██▀█▀▀ ▄▄█▄▀ ▀ ▄▀█▄▀▄█▀▀▀██
█ ▄█  ▄▄ █▄▀▄  ▀██▀ ▄▄▀▄  ▄▀██ █ ███▄▄ ▄██ ▀▀███▀  ▀██▀▀█▀█
█ ▀ ▀▀▄▄▀▄▀█ ▄█▀ ▀█▄█▄█▄██▄▀ ▀▀▄▀ ▄ ▄▄▀▄  ███▄▀▀▀█▄▀  ▀▀ ▀█
███████▄█ ▀ ▀▀ ▀██▄▄▄▄█▀ ▀▄ ▄▄▄  ▀▄█▄▄ ▄▀█  ▄▀▄██ ▄▄▄ █▄█▄█
█ ▄▄▄▄▄ █▄▄ ▄██ ▄█ ▀ ████ █ █▄█ █▀▀▄  █▀█▀▄ ▀▀ █  █▄█ ▀▀▄██
█ █   █ █ █▀█ █ ▄▀▀▄▄██▀▀▄     ▄ ▀█▄▄ ▄█▀▀  ▀████  ▄ ▄█ █▄█
█ █▄▄▄█ █  ██▀██▄ ▀▄▄█ ▄▀██ ██▀█▄▄█▀   ▄▄▀▄▀▀   ▄  ▄▀▀  ███
█▄▄▄▄▄▄▄█▄█▄█▄█▄██▄▄█▄██▄▄▄█▄██▄▄▄▄▄▄▄█▄▄██▄███▄▄▄▄███▄█▄██

Scan this QR code:
▄▄▄▄▄▄▄▄▄▄▄▄▄▄▄▄▄▄▄▄▄▄▄▄▄▄▄▄▄▄▄▄▄▄▄▄▄▄▄▄▄▄▄▄▄▄▄▄▄▄▄▄▄▄▄▄▄▄▄
█ ▄▄▄▄▄ █▄▀▄ ▄█▄ █ █▄█ ▄ ▄ ▀▀▀▄ ▄▄▀█▀ ▄████ ▀█ ▄ ██ ▄▄▄▄▄ █
█ █   █ █ █▀██ ████ █▄██   █ █▄▀ ▄▄▀▄ ▄▀██▀█▀▄▀▄ ██ █   █ █
█ █▄▄▄█ █▄▀▀▀█▄█▀▀▄  ▀▄  █▀ ▄▄▄  ▀▀█ █  ██ ▀▀ ▄▀▄██ █▄▄▄█ █
█▄▄▄▄▄▄▄█▄▀▄▀ █ █▄█▄▀▄▀ ▀▄█ █▄█ ▀ ▀ █ █ ▀ █▄▀▄▀▄█ █▄▄▄▄▄▄▄█
█ ▄  █▀▄█ ▀ █ ▀█████▀█ ▄  ▀▄▄▄   █ ▄▀▀▀█ ▄▄ ▄███  ▄██ ▄ ▀ █
█ █ ▄█▄▄█▄ ▀▀  ▀▀  ██ ▄▄ ▄██ █  █ █▀▄▀█▄█ █ █▀█ ▄▄ █ ▄ ▄  █
██▄ ▀▀▀▄▀ █▀▄▀▄ ▀▄█▄▀▀█▄▄▄█ ▄▀█▀██▀██ ▀ █▀▄▄▀█ ▄█▄ ▀ █▀▄▀██
█▄█▄▀  ▄██▄▀  ▄███▀█ ▄▀▀▄█ █▀▄▀▀▄▀ ▄ ██▀█ ▀▀█▀▀▄▀ █▀█▀▀ ▄██
██▀▀▀▀ ▄▀ ▄ ▀█  ▀▀████▀█ ██▄▄▄█▄▀▄▄▀▄███ █ █ ▄▀  ▄█▄▄▀▀▄▀ █
█▀▄█▀ ▀▄ ██▀▀▀▀▀ ▀█▀▄ ▄█▄█▄ █ ▄██ █▄▄▀▀▀ ▄ ▄█   ▄▄█▀▄ ██ ▀█
█▄▀▄▄▀ ▄▀▀ █ ▄ ██ ▄▀██ ▄▀█▀ ▄ █ █▀▀█ ▀▀█  ▀ █▀▀▄▄ █▄ ▄██ ▀█
█▄█▀▀▀▄▄█ ███▀▀█▀▄   ▄    █▀▀▄▀▄ ▄ ▄ ▄▄█▀█ █ █▄▄▀▄▀██  ▄█▄█
█ ▀▀██▄▄█▄▄▄▀█▀  ▄ ▄█ ███▄███▀▄█▄▄  ▄ ▀▀▀▀▄█ ▀▀▄██▀▀▀█▀█▄▄█
█ █▄▀ ▄▄▄ █▄  █▄  ▄▄▀▀█▄█▀▄ ▄▄▄ ▀ ▀▄▄▄ ▄ ▀  ▀ ██▀ ▄▄▄ ▀▀▀██
█ ▄▀▄ █▄█ ▀▀ ▀▄▀  █▄█▄▀▀ ▄█ █▄█     ▀▀██▄▀▀▄▀▄▀ █ █▄█  ▄▄▄█
█ ▄▀▄ ▄▄▄ ▀▀▄██ ▄ █▀██▄▄  ▀ ▄ ▄▄▀ ▀ ▀▄ ▀██▀██▄ ▄▀ ▄  ▄██▄▀█
█ ▄ ▄  ▄█ ▀ ▄█ ███ ▀ █▄ ▄ █▄▄█▀▀▀█ ▄▄█ ▄  ▄ █████  █ █▀▄███
█▄▄▄ ▄▄▄▄▄█▄ ▀ ▄   █ ▀▄▄▀▄██   █▀▄█ ▄▀▀ ▀▄▄ ▀█▀  ▄▄▄ ▀ ▄▄ █
███▄█▀ ▄ █▄█ ▄ ▀███ ▀███ ▄█████▄ █ █▄▄█▀████▄▀█▄██ ██▄ ▀█▄█
█▄█▄▀▀ ▄ ▀▀▄▄▀▀  ▄ ▀   █▄▀█  ▄▀█ █▀██▀▄▄ ▀▀ ▄▄▄▀ ▄▀█ ▄█ █▄█
█▀█▄▄█ ▄▄█▄ ▄  █▀  ▀ █ ▀█▄▀ ▀  ▄█▄▄▀▀█▄█▄▀▀▄▄▄  ▄▀█▀▀ ▀ █▄█
█▀█ ▄█▀▄█▀█▀▀ ▄  ██▄ ██ ██▀██▀▄ ▀▀██▀▄  █▄ ▄█▄ ▀▀▀ ██▄█▄▄██
█  ▀█▄▄▄ █▄▄▄▀▀▀▄█▀▀▀▄ █▀▀█▀▄▄ ▀▀█▄▄▄█ █    ▀▀█▄██▀█▄█▀▄▄ █
█ ▀ ▀▀▄▄█▄  ▄▀█ ▄▀▄█ ▀█▄▄▄██▄██▀  ▀▄▄ ▄▄█▀  ▀▀ ▀▄  ▄▄█ █ ▄█
███████▄█▀▀ █▀ █▀█▄▄█ ▀▀ █▀ ▄▄▄  █ █ ▄▀▀█▀▄█ ▀█▄█ ▄▄▄ ▄▄█▀█
█ ▄▄▄▄▄ ███▄▀▀█▄▀ ██▄▀ ▀▀██ █▄█ █▀ █▄█  ▀▄▄█▄▄▄█▄ █▄█  ▀▀▀█
█ █   █ █▀▄ ▀▄█ ▀█▀█ ▄██ ▀█      ▄ ▀██▄█▄█▄▄   ▀▄ ▄▄ ▄▄▄▀██
█ █▄▄▄█ █ ▄█ ▄▄   ▀ ▄▀███▀█▀▀██▀▄▀  █▀▀▀██ █▄█ ▄▀▄▀ ██▄▄█▀█
█▄▄▄▄▄▄▄█▄█▄█▄▄▄██▄█▄█▄▄█▄██▄▄███▄██▄█▄▄▄▄▄████▄█▄██▄██▄███

Scan this QR code:
▄▄▄▄▄▄▄▄▄▄▄▄▄▄▄▄▄▄▄▄▄▄▄▄▄▄▄▄▄▄▄▄▄▄▄▄▄▄▄▄▄▄▄▄▄▄▄▄▄▄▄▄▄▄▄▄▄▄▄
█ ▄▄▄▄▄ █▀ █▀ ▀▀██▄  ▀ █▄ ▄█▄▄▄▄ ▀▀▀  ▄█  ▄ █▀▄▄ ██ ▄▄▄▄▄ █
█ █   █ █▀  █  ███▀ ██▄▄▀ ▀█▄█ ▄ ██ ▄▀█▀██▄ ▀▄ ▄ ██ █   █ █
█ █▄▄▄█ █▀██▄▄█▀▄█▄█▄ ▄█▀ █ ▄▄▄ █▀▀█▀ ▄▀██▄▄██▀▀▄██ █▄▄▄█ █
█▄▄▄▄▄▄▄█▄▀▄█ ▀ ▀▄▀ ▀ ▀ █ █ █▄█ ▀▄█ ▀▄█ █ █▄▀ ▀ ▀▄█▄▄▄▄▄▄▄█
█  ▄ ▄█▄▄▄█ █▀ ▀ ▄▀▄ █▀▀▄▀ ▄    ▀█▀█▀  █▀█   █▄▄   █▄█▄▀▄▀█
█  ▀██▀▄█▄ ▄██▄ ▄ ▀ ▀▀▀ █  ▄▄▄ █▀▀ ██▀█▄▀▀ ▀▀▀▄█▀▄▄▄ ▀▀▀ ██
█▀▀  ▄▀▄▄▀▄▀  ▄▄▄█▀ ▄▄▀▄  ▀▀▀▀▀██▀▀▄   █▀█  █▀ ▄▀▀▀▄▀██ ███
█▀█▄▀▄▄▄▀▄ ▄▄▀▀█ ▄██▀█▀█▄ ▀█ ▄▀ ███  █ ▀  █▀▀▀▀  █▀█▀██▀ ██
█▀▀▀   ▄   ▄█▄▄█▄█  ▀▄█▀ ▀█▀▀  ▀▄▀▀▄█▄ ▄██ ▀▀███ ▀███▀ ▀█ █
██▄▄█▄▄▄██▀▀▀▄▀█▀▀ ▄ ▄▄▀▀█ ▄▀  ██ ▀ █▀ ▀▀ ▄▄ ▀▄▀▀ ▄▄▄▀▀▀▄██
█▀  ▀██▄ ▀▀█▄█▀█▄▀▄▄▄█▀█▀▄▀ ▀▀▀  █▄█ ▄▀███▀  ▀▄█▄▀ ▄▄▀█ ▀ █
██▄██▄▀▄█ ▀▀▄▄██▄ ▄ ▄█  ▀█▀ █▀█▄██▄ ▄ █ ▄▄█▀██▄▀▄▀▀▄▄▀▀▀▀██
██ ▄   ▄█   ▄▀  ▄█  █▄██  ▀▀▀▀█▀▄ ▄ ▄▄▀▄▀██▀▄█▄█▀▀ ██▀█ ▄▄█
██ ▀▀ ▄▄▄ ██  ███▄▄█ ▀▄█  ▄ ▄▄▄   ▄█▄▀▀▄▀▀ ▀▄█▄▄  ▄▄▄ ▀  ▀█
█▀▄▄▀ █▄█  █▄▄██▀▄▄▀ █▄█▀ ▀ █▄█ ▄█ █  ▀███   ▀▄▄  █▄█ ▀ ▄ █
█ ▄  ▄ ▄▄▄▄█  █▀▀▄  █▄▄▄ ▀▄▄▄▄▄▄█▄█ ██▄   ██▀█ ██▄   ▄   ▀█
█▄█▄ ██▄  ▄▀█▄ ██▄ ▄▀█▀▀▀▀▄▀▄▄▀  █▀█  ▀▄█▀▀▀▄████▄▀ ▄█ ▀█ █
█▄▀▄██▄▄▀  ▄▄ ▄ ▄▀▀  ▀██▀▀▄▄▀▄▀ ██▄▄▀█ ▀▀▀▀▄█▄█▄▀▄ █▀█  ▄██
█ ▄ █▀▄▄  ▄▄▄█▄ ▀█▄▄▀▀▀█▄ █▄▀█▀  ███▄▄ ▄██▀ ▄▀█▄▀█ ███▀▄█ █
██▀█▀█▀▄▄▀██▄█ ▄▀█▀▄▀  ▀▄ █ ▀█▄▄ █ █▄▀▄█▄▀█▀ █▄▄▀▄▄▀ ▀▀▀▄▄█
█▄▄▄▄▄▄▄█   █▀ █▀▄  ▄▄▀▀▀▀█▀█▄ ▄▀█▀█▄ ▀▄▄█▀ ▄█ ██▄ ▄▄▄ ▄█▀█
█ ▀▄█▄ ▄█▀▄ ▀█▄███▀ ▄ ▀ ▀ █▀ ▀  ██▀█▀▀ ▄▄█ ▀ ▀▄ ▀ ▄▀▄█ ▀▀██
█ ▄ ▄ ▀▄▄▄▄█▄ █▀██▀ ▄▄▀▄  ▄▄██ █ █▄▄▄▄▀███▀▀▀█ ▄█▀█▀▄█  █▀█
█ ▀ ▀▀▄▄ ▄▀█ ▄█▀ ▀ ▄█▄  ██▄▄ ▀▀▄▀ ▄ ▄▄▄█▄  ▀█▄▀▄ █▀▀▄▄▀  ▀█
███████▄▄ ▀ ▀▀ ▀▄▄ ▄▀▄██▀ ▄ ▄▄▄  ▀▄█ ▄▀█ █ ▀▄▀█▄▀ ▄▄▄ ▄██▄█
█ ▄▄▄▄▄ █▄▄ ▄██    ▀████▀▄█ █▄█ ▀▀▀▄▄ ▄▀█ █ ▀  █▀ █▄█ ▀▀▄▀█
█ █   █ █ █▀▀██ ▄▀▀▄▄██▀▀▄  ▄  ▄▀██▄ ▄▄█▄▀  ▀███▄  ▄  █ ▄██
█ █▄▄▄█ █ ▀█▀▄  ▄ ▀▄▄█ ▄▀██ ▄▀▀█▄██▀▀  ▄█▀▄▀ ▀  ▄  ▄█▀  ███
█▄▄▄▄▄▄▄█▄▄▄▄▄▄███▄▄█▄██▄▄▄████▄▄▄▄▄▄▄█▄▄██▄███▄▄▄▄█▄█▄█▄██

Scan this QR code:
▄▄▄▄▄▄▄▄▄▄▄▄▄▄▄▄▄▄▄▄▄▄▄▄▄▄▄▄▄▄▄▄▄▄▄▄▄▄▄▄▄▄▄▄▄▄▄▄▄▄▄▄▄▄▄▄▄▄▄
█ ▄▄▄▄▄ █▄▀▄ ▄▄▄▀▀▀▄ █ ▄▀▄ ▀▀▀▄ ▄▄ ▀▄▀ █▀▄   █ ▄ ██ ▄▄▄▄▄ █
█ █   █ █ █▀██ █▄▄█ █▄██▀  █ █▄▀ ▄▄▀▀▀▄▀▀█▀█ ▄▀▄ ██ █   █ █
█ █▄▄▄█ █▄██▄█▄█▀▀▄  ▀▄  █▀ ▄▄▄ █▄▀█▄▄  ▄▄ ▀█▀▄▀▄██ █▄▄▄█ █
█▄▄▄▄▄▄▄█▄▀▄▀ █ █▄█▄▀▄▀ ▀▄█ █▄█ ▀ ▀ █ █ ▀ █▄▀▄▀▄█ █▄▄▄▄▄▄▄█
█ ▄  ██▄█ ▀▄▄█▀█████▀█ ▄  ▀▄▄▄   █ ▄▀▀▀█ ▄▄ ▄███▀  █▀▄▄ ▀ █
█ █ ▄██▄  █▄ █ ▀▀  ██ ▄▄ ▄ █ ▀  █ █▀▄▀█ █ █▄█▀█ ▀▄ ▄   ▄  █
██▄▀▀▀▀▄▀ ▄ ▄▀▄ ▀▄█▄▀▀█▄▄▄▄ ▀▀█▀██▀▄█   █▀██▀█▄█▄▄ ▀█▀█▄▀██
█▀ ██  ▄▄█▄▀  ▄███▀▄ ▄▄▀▄█ █ ▄▀█▄▀ █▄▀█▄█▄▀▄█▀▄█  █▀▄   ▄██
█▄ ▄▀▀ ▄▀ ▄ ▀█  ▀▀▀██▄▄█ ▄█▄▄▄▀▄▀▄█▀▀██▄ ▀ █▄ █  ▄█▄▄▀ ██ █
███▀█ █▄ ██▀▀▀▀▀▀▄█▀█▄▄██ ▄ █ ██▀▄█▄██▀▀██▀█▄▄▀ ▄▄▀▀▄ █████
██▀▄▄▄▀▄▀▀ ███ ██ ▄▀██ ▄▀█▀ ▄ █ █▀▀█ ▀▀█▄ ▀ ▀▀▀▄▄ ██ ▄██▀▀█
█▄█▀▀▀ ▄▀ ▄█   █▀▄   ▄    █▀▀▄▀▄ ▄ ▄▀▄▄█▀█ █▀█▄▄▀▄▀██▄ ▄█▄█
█ ▀▀███▄▀ ▄▄ █▀▀ ▄ ▄█ ███▄███▀▄█▄▄  ▄ ▀▀▀▀▄█ ▀▀▄▄█ ▀▀█▀█▄▄█
█ █▄▀ ▄▄▄ ▀ █▄█   ▄▄▀▀█▄█▀▄ ▄▄▄ ▀ ▀ ▄▄▄  ▀▄ ▀ ▀█▀ ▄▄▄ ▀▀▀██
█ ▄██ █▄█ ▄  ▀█▄  █▄█▄▀▀ ▄█ █▄█   ▀▀▀▀██▄▀▄▄▀▄▀ █ █▄█ █▀▄▄█
█▀▀▀▄▄ ▄  ▀▀▄██ ▄  ▄██ ▀  ▀ ▄ ▄▄▀ ▀ ▀ █▀▀▀▄██ ▀█   ▄▄ ▀█▄▀█
█▀▀█   ▄█▀▀ ▄█ █▄▄▄▀▀█▄▄▀▀█▄▄▄▀▀▀█ ▄ ▀ ▄  █▀▀█▀█▀  ██▄▀▄█▀█
█▄▄ ▄▄▄▄▄▄█▄ ▀ ▄ ▄ █▀▀▄▄█ ██▄█ █▀▄█ █▄  █ █ ▀▄  ▀▄▄▄▄▀ ▄ ▄█
█▄▄▄█▀ ▄ █▄█ ▄ ▀███ ▀███ ▄█████  █ █▄ █▀█▀██ ██▄██ ██▄ ▀█▄█
█▄█▄▀▀ ▄ ▀▄▀ ▀   ▄ ▀   █▄▀█  ▄▄█▀█▀██ ▄▄▀▀▀ ▄█▄▀ ▄▀█ ▄█ █▄█
█▀█▄▄▀█▄▄█  █▀▄▄▀  ▀ █ ▀█▄▀ ▀  ▄█▄▄▀▀█▄█▄▀▀▄▄▄  ▄▀▄▀▀ █▄█▄█
█▀█ ▄▀▄▄█▀▀█▄██  ██▄ ██ ██▀██▀▄ ▀▀██▀▄▄▄█▄  █▄ ██  ██▄█▄▄██
█   █▄ ▄█  █▄▀▀▀▄█▀▀▀▄ █▀▀█▄▄▄ ▀▀█▀█▄█ █  █▀▀▀██▀▀▀▀ █▄▄▄ █
█ ▀ ▀▀▄▄ ▄  ▄▀█ ▄▀▄▄ ▀▀▀▄▄▄▀▄██▀  ▀▄▄▄█████▄▀██▀▀█  █ ▀▄ ▄█
███████▄▄▀▀ █▀ █ █  ▀▀▀██▄▀ ▄▄▄  █ █  █▀██▄█ ▀▀█▀ ▄▄▄ █▄▀██
█ ▄▄▄▄▄ ███▄▀▀█▄ ▄████ ▀█ █ █▄█ ▀▀ ███▀ ▀ ▄▄█████ █▄█  ▀███
█ █   █ █▀▄  ▀█ ▀█▀█ ▄██ ▀█ ▄   █  ▀█▀▄█▄▀▄▄ ▄ ▀█ ▄▄▄ ▄▄▀██
█ █▄▄▄█ █  █▄ ██  ▀ ▄▀███▀█▀█▀█▀█   █▀▀▀▄█ ██▄ ▄▀▄▀ ██▄▄█▀█
█▄▄▄▄▄▄▄█▄▄██▄▄▄██▄█▄█▄▄█▄██▄████▄██▄█▄▄▄▄▄████▄█▄███▄█▄███

Scan this QR code:
▄▄▄▄▄▄▄▄▄▄▄▄▄▄▄▄▄▄▄▄▄▄▄▄▄▄▄▄▄▄▄▄▄▄▄▄▄▄▄▄▄▄▄▄▄▄▄▄▄▄▄▄▄▄▄▄▄▄▄
█ ▄▄▄▄▄ █▀ █▀   ▄▀▄▀▀▀▀█▄ ▄█▄▄▄▄ ▀▀█  ▄▀█ ▄▄▀█▄▄ ██ ▄▄▄▄▄ █
█ █   █ █▀  ▀  ███▀ ▄█▄▄  ▀█▄█ ▄█▄█ ▀ █▀█▄▄ ▀▄ ▄ ██ █   █ █
█ █▄▄▄█ █▀█▀███▀▄█▄█▄ ▄█▀ █ ▄▄▄ ▀▄▀█▄ ▄▀  ▄▄ █▀▀▄██ █▄▄▄█ █
█▄▄▄▄▄▄▄█▄█ ▀▄▀ ▀▄▀ ▀ ▀ █ █ █▄█ ▀▄█ ▀▄█ █ █▄▀ ▀ ▀▄█▄▄▄▄▄▄▄█
█  ▄  █▄ ▄ ▀██ ▀ ▄▀▄ █▀▀▄▀▄     ▀█▀█▀  █▀█   █▄▄▀  █▄█▄▀▄▀█
█  ▀█▄▀▄▀█ ▀▄ ▄ ▄ ▀ ▀▀▀ █  ▄   █▀▀▄██▀▀▄▀▀ ▀▀▀▄██ █▄ █▀▀ ██
█▀▀ █▄▀▄▀▀▀   ▄▄▄█▀ ▄▄▀▄  ▀▀ █▀██▀▄█   █▀█▀▀█▀▄▄ ▀▀▄█▀▀ ███
█▄█ ▄▄▄▄▀▄ ▄▄▀▀█ ▄▄ ▀█ ▄▄ ▀█▀█▀▄██ █ ██  ▄█▀█▀   ▀▀█ ▄   ██
██ ▀   ▄   ▄█▄▄█▀▄▀▄▄▄█▀▄▀█▀▀ ▄▀▄▀▀█▄  ▄█▀ ▀▄█▄▄ ▀███▀▀▀█▄█
█▀▄ █ ▄▄██▀▀▀▄▀█ ▀ ▄█ ▄▀▀  ▄▀  ██ ▀  ▄  ▀▄▄▄▀ ▄▀▀  ▄▄▀▀▀ ▀█
█▄  ▀▄▀▄ ▀▀██ ▀█▄▀▄▄▄█▀█▀▄▀ ▀▀▀ ▄█▄██ ▀███▀ ██▄█▄▀▀█▄▀█ ▀▀█
██▄██ █▄█▄    █▄▄ ▄ ▄█  ▀█▀ █▀█▄█▄▄ █ █ ▄██▀▄▄▄▀▄▀  ▄▀▀▀▀██
██ ▄ ▀▄▄▄▀▄█  █▄▄█  █▄██  ▀▀▀▀█▀▄ ▄ ▄▄▀▄▀██▀▄█▄█ ▀▀▄▀██ ▄▄█
██ ▀▀ ▄▄▄ ▄ ▀█▄██▄▄█ ▀▄█  █ ▄▄▄    █▄▀▀ ▀▀▄█▄█▄▄█ ▄▄▄ ▀  ▀█
█▀▄   █▄█ ▄ ▄▄ ▀▀▄▄▀ █▄█▀ ▀ █▄█ ▄███  ▀▄██   ▀█▄▀ █▄█ ██▄ █
█ █▀▄ ▄▄  ▄█  █▀▀▄▄ █▄▄▀ ▀█ ▄▄▄▄█▄▄ ▀█▄   █ ▀█▄ █▄ ▄  ▀▀ ▀█
█▀█▀▀██▄█ ▄▀█▄ ███▄  ▄ ▀ ▀▄▀▄█▀  █▀█  ▀█▀█  ▄▀█▄█▀▀ ▄▄▀ █▄█
█▄ ▄▄█▄▄▄█ ▄▄ ▄ ▀▄▀ ▄▀███▀▄▄█▄▀ ██▄▄▀█ ▀▄█ ▄█▀▄█▀▄ █▄█  ▄██
█▀▄ █▀▄▄  ▄▄█▀▄ ▀█▄▄▀▀▀█▄ █▄▀█ ▄▄████  ▄█▀▀  ██▄▀█ ███▀▄█ █
██▀█▀█▀▄▄▀█▄▀██▀▀█▀▄▀  ▀▄ █ ▀█▄ ▀▄ ██▀▄██ █▀ █▄▄▀▄▄▀ ▀▀▀▄▄█
█▄▄▄▄ ▄▄█ ▄▀▄▄▄▄▀▄  ▄▄▀▀▀▀█▀█▄ ▄▀█▀█▄ ▀▄▄█▀ ▄█ ██▄▀▄▄▄▄ █▀█
█ ▀▄█▀ ▄█▀ ▀▀ █▀██▀ ▄ ▀ ▀ █▀ ▀  ███▀▀▀ ▄▄█▄▀ ▀▄ ▀▄▀▀▄█▄ ▀██
█ ▄███▀▄▄▀▀ ▄ ▄███▀ ▄▄▀▄  ████ █ ██▄▄▄▀▄██▀▀▀█▀▄█▀█ ▄█▀▀█▀█
█ ▀ ▀▀▄▄▀█▀█ ▄█▀ ▀█▄█▄▄ ███▄ ▀▀▄▀ ▄  ▄▀█▄ ▀ ▀ █▄ ▄ █▀▀▄▀ ▀█
███████▄▄ ▀ ▀▀ ▀█▄▀▄▀█▀█  ▄ ▄▄▄  ▀▄█ ▄▀▄▄▀▀ ▄██▄▀ ▄▄▄ ▄█▀ █
█ ▄▄▄▄▄ █▄▄ ▄██  ▄ ▀  ██▄▀█ █▄█ ██▀▄▄▄█▀ ▀█▀ █ ▄█ █▄█ ▀▀█▀█
█ █   █ █ █▀▀██ ▄▀▀▄▄██▀▀▄   ▄ ▄ ██▄▄ ▄█▄█  ▄███▄  ▄▄ █ ███
█ █▄▄▄█ █ ▄▄  ▀▄▄ ▀▄▄█ ▄▀██ ██▀██▄█▀▀▀ ▄▄▀▄▀▀▀  ▄  ▄▄▀  ███
█▄▄▄▄▄▄▄█▄███▄█▄██▄▄█▄██▄▄▄█▄▄█▄▄▄▄▄▄▄█▄▄██▄███▄▄▄▄█▄▄▄█▄██

Scan this QR code:
▄▄▄▄▄▄▄▄▄▄▄▄▄▄▄▄▄▄▄▄▄▄▄▄▄▄▄▄▄▄▄▄▄▄▄▄▄▄▄▄▄▄▄▄▄▄▄▄▄▄▄▄▄▄▄▄▄▄▄
█ ▄▄▄▄▄ █▄▀▄ ▄▄█▀▀▀▄▄▀ █ ▄ ▀▀▀▄ ▄▄▀▀▀ ▀█ █ ▄ ▀ ▄ ██ ▄▄▄▄▄ █
█ █   █ █ █▀▀▀ ██▄█ █▄██▀  █ █▄▀▀▄▄▀▄ ▄▀█▄▀█ ▄▀▄ ██ █   █ █
█ █▄▄▄█ █▄█▀  ▄█▀▀▄  ▀▄  █▀ ▄▄▄ ▀ ▀█ ▄  ▄  ▀▀ ▄▀▄██ █▄▄▄█ █
█▄▄▄▄▄▄▄█▄▀ ▀▄█ █▄█▄▀▄▀ ▀▄█ █▄█ ▀ ▀ █ █ ▀ █▄▀▄▀▄█ █▄▄▄▄▄▄▄█
█ ▄  ▀█▄▀ █  █▀█████▀█ ▄  █▄▄▄   █ ▄▀▀▀█ ▄▄ ▄███▀▀▄██ ▄ ▀ █
█ █ ▄██▄█▄█ ██ ▀▀  ██ ▄▄ ▄█▄ ▀  █ ▀▀▄▀█▄█ █ █▀█▄ ▄ █▀▀ ▄  █
██▄█▀▀▀▄█ ▀ ▄▀▄ ▀▄█▄▀▀█▄▄▄█ ▀▀█▀██▀▄█ ▀ █▀▀█▀█▀███ ▀███▄▀██
█▀█▀▄  ▄██▄▀  ▄███ ▀ ▄█▀▄█ █ ▄██▄▀█▄▄▀▄▄█▄▀▄▀█▄█▄▀█▀█▀  ▄██
█▄  ▀▀ ▄▀ ▄ ▀█  ▀ ████ ▀ ▄█▄▄▄ █▀▄▄ ▀███ █ ▄   ▀ ▄█▄▄▀ ▄█ █
████▀ ▀▄ ██▀▀▀▀▀█ █▀▀▀▄█▄▄▄ █ ▄▄█ █▄▀   ▄▀ ▄ █▀ ▄▄█▀▄ ██▀██
█▄▄▄▄▄▄▄▀▀ █▄▄ ██ ▄▀██ ▄▀█▀ ▄ █ ██▀█ █▀█ ▄▀ ▄▀▀▄▄ ▀▄ ▄██▀▀█
█▄█▀▀  ▄█▄ ▀ ▀▀█▀▄   ▄    █▀▀▄▀▄ ▄ ▄▀█▄█ █ █▀▄▄▄▀▄▄█▀▄ ▄█▄█
█ ▀▀█▀ ▄▀▄▄ ▄▄▀  ▄ ▄█ ███▄███▀▄█▄▄  ▄ ▀▀▀▀▄█ ▀▀▄▄██▀▄▀▀█▄▄█
█ █▄▀ ▄▄▄  ▀██▄▄  ▄▄▀▀█▄█▀▀ ▄▄▄ ▀ █▄▄▄▄▄ ▀▄▄▀ ██  ▄▄▄ ▀▀▀██
█ ▄ ▄ █▄█ █▄ ▀ ▀  █▄█▄▀▀ ▄█ █▄█   █ ▀▀██▄▀▀▄▀▄  ▀ █▄█  ▄▄▄█
██▀▄▄  ▄▄▄▀▀▄██ ▄  ▀██▀█  ▀▄▄ ▄▄▀ ▀ █ ▄█▀▀██▀▄▀█▀  ▄ ▄▄▄▄▀█
█ ▀██  ▄█▀▀ ▄█ ██▄▄▀█▄    █▄▄▄▀▀▀█ ▄▄█▀█▄ ▀ ██▄███ █▄▄▀█▀██
█▄ ▀█▄▄▄▀██▄ ▀ ▄██ █ ▄▄▄▄▀██▀▄ ██ █ ▀▀  ▄▀█▀▄ ▀▀ ▄▄▄ ▀ ▄▄ █
█▀▄▄█▀ ▄ █▄█▄▀ ▀███ ▀███ ▄████▀██▀ █▀ █▀▀▀██▀▀█▄██ ██▄ ▀███
█▄█▄▀▀ ▄ ▀▄▀ ▀▄  ▄ ▀   █▄▀█  ▄▄▀▀█▀█▄▀▄▄▀ ▀ ▄▄▄▀ ▄▀█ ▄█ █▄█
█▀█▄▄█▀▄▄███  ▀█▀  ▀ █ ▀█▄▀ ▀  ▄█▄▄▀▀█▄█▄▀▀▄▄▄  ▄▀▀ ▀ █▄█▄█
█▀█ ▄█▄▄█▀▀  ▄█▀ ██▄ ██ █████▀▄ ▀▀██▀▄▄▄█▄▄▄█▄▄██ ▄▀█▄▄█▄██
█   ▀▄ ▄ ██▄▄▀ ▄▄█▀▀▀▄ █▀▀▄▄▄▄ ▀▀█▄▄▄█ ▄    ▀▀███▄ ███▀▀▄ █
█ ▀ ▀▀▄▄ █  ▄▀█ ▄▀█▀ ▀ ▄▄▄▄█▄██▀   █   ▀██▄▄█████  ▄▄  █ ▄█
███████▄▄▀▀ █▀ ██▄  ▀▀▀█ █▀ ▄▄▄  █ █  ▀▀▀▀▄▄ █ ██ ▄▄▄ ▄████
█ ▄▄▄▄▄ ███▄▀▀█▄▄▄██▄▄ ▀ ▀█ █▄█ ▀▀ ██▀  ▄ █▄▄▀█▄▀ █▄█  ▀███
█ █   █ █▀▄ ▀██ ▀█▀█ ▄██ ▀█ ▄   █▄ ▀██▄█▄▀▄▄▄  ▀█ ▄▄ ▄▄▄▀██
█ █▄▄▄█ █ ▄▄ ▄█▀  ▀ ▄▀███▀█▀▀██▀▄▀  ▄ ▀▀██ ██▄ ▄▀▄▀ ▄▀▄▄█▀█
█▄▄▄▄▄▄▄█▄▄█▄█████▄█▄█▄▄█▄███████▄██▄█▄▄▄▄▄████▄█▄██▄▄█▄███

❌ Bot disconnected (408), reconnecting in 5s...
❌ Bot disconnected (408), reconnecting in 5s...
Scan this QR code:
▄▄▄▄▄▄▄▄▄▄▄▄▄▄▄▄▄▄▄▄▄▄▄▄▄▄▄▄▄▄▄▄▄▄▄▄▄▄▄▄▄▄▄▄▄▄▄▄▄▄▄▄▄▄▄▄▄▄▄
█ ▄▄▄▄▄ █▀ █▀ ▀▀▀█▄ ▄█▀▄▄ ▄█▄▄▄▄ ▀▄▀█▄▄▀█▄▄ ██▄▄ ██ ▄▄▄▄▄ █
█ █   █ █▀  █▄ ██▄▀ ▄█▄▄▀ ▀█▄█ ▄▀██ ▀ █▀█▄▄ ▀▄ ▄ ██ █   █ █
█ █▄▄▄█ █▀▀▀███▀▄█▄█▄ ▄█▀ █ ▄▄▄ ▄▄▀██ ▄▀▀▀▄▄▄▄▀▀▄██ █▄▄▄█ █
█▄▄▄▄▄▄▄█▄▀▄█ ▀ ▀▄▀ ▀ ▀ █ █ █▄█ ▀▄█ ▀▄█ █ █▄▀ ▀ ▀▄█▄▄▄▄▄▄▄█
█  ▄  ▀▄ ▄▄▄█▀ ▀ ▄▀▄ █▀▀▄▀▄     ▀█▀█▀  █▀█   █▄▄   █ █▄▀▄▀█
█  ▀██ ▄█▄▀▄▀█▄ ▄ ▀ ▀▀▀ █  █▄  █▀▀ ▀█▀█ ▀▀▄█▀▀ ▀ ▀█▄▄ ▀▀ ██
█▀▀▀█▄▀▄█▄▄   ▄▄▄█▀ ▄▄▀▄   ▀▀▀▀██▀ █  ▄█▀█▀▀█▀▀▄▀▀▀▄██▀▄███
█▀▄ █▄▄▄▀█ ▄▄▀▀█ ▄▀ ▀█▄█▄ ▀█▀▄█▄██▀▄▄▀ ▄  ▄▄▀▀▀▄█▄▀█ ▄   ██
█▄ ▀▀  ▄   ▄█▄▄█▄█▄ ▀██▀▄▀█▀▀ ▀ ▄▀ █   ▄▀▀   █ ▄ ▀███▀  █▄█
█▀█▀▀▄▄▄██▀▀▀▄▀██▄ ▄ █▄▀▄▀ ▄▀ ▀█▀▄▀ ▀▀▀▀▄▀█▄▀██ ▀  ▄▄▀▀▀ ▀█
███ ▀▀▄▄ ▀▀██ ▀█▄▀▄▄▄█▀█▀▄▀ ▀▀▀  █▄█▄ ▀█▄▀▀ ▄▀▄█▄▀▀▄▄▀█   █
██▄███▀▄█▄ █▄▄▄ ▄ ▄ ▄█  ▀█▀ █▀█▄▄▄▄ ▄ █ ▄██▀▄█▄▀▄▀▀ ▄▀▀▀▀██
██ ▄ ▄ ▄  █ ▄▀ ▀▄█  █▄██  ██▀▀█▀▄ ▄ ▄▄▀▄▀██▀▄█▄█▀▀▀▄ ██ ▄▄█
██ ▀▀ ▄▄▄ ██▀ ▄ █▄▄█ ▀▄█  █ ▄▄▄   ▄█▄▀█ ▀▀▄█▄█  ▀ ▄▄▄ ▀  ▀█
█▀▄██ █▄█   ▄▄▄ ▀▄▄▀ █▄█▀ ▀ █▄█ ▄█▄█  ▀███▀  ▀██  █▄█   ▄ █
██ ▄█▄ ▄▄▄▄█  █▀▀▄ ▄█▄ █ ▀█▄▄▄▄▄█▄▄ ██ ▀▄ ▀▄▀▀█▄▄▄    ▀▀ ▀█
███ ███▄█▀▄▀█▄ █▄▄   ▄██ ▀▄▀▄█▀  █▀█▄▄▀▄▀▀▀ ▀▀▀▄█ ▀ ▄█▀ █▄█
█ ▄▀██▄▄▄▀ ▄▄ ▄ ▄█▀  ▄██▄▀▄▄█ ▀ ██▄▄ ▄▀ ██ ▄▀▀█▄ ▄ █▄█  ▄██
█▄▄ █▀▄▄  ▄▄▀▀▄ ▀█▄▄▀▀▀█▄ █▄▀█ ▄▄▀██▀▄ ▄▀▀▀ ███▄▀█ ███▀▄█ █
██▀█▀█▀▄▄▀█▄█ █ ▀█▀▄▀  ▀▄ █ ▀█▀▄ ▄ █▄ ▄█▄▀█▀ █▄▄▀▄▄▀ ▀▀▀▄▄█
█▄▄▄▄█▄▄█ ▄██  ▄▀▄  ▄▄▀▀▀▀█▀█▄ ▄▀█▀█▄ ▀▄▄█▀ ▄█ ██▄▄▀▄▄▄ █▀█
█ ▀▄███▄█▀█▀█ ▄▀██▀ ▄ ▀ ▀ █▀ ▀  ████▀▀ ▄▄█▄▀ ▀  ▀▄ █▄█  ▀██
█ ▄▀▄ ▀▄████▄ █ ██▀ ▄▄▀▄  ▄███ █ ██▄▄▄ ▄██▀▀▀███▀ ▀▄█▄▄▄█▀█
█ ▀ ▀▀▄▄▄▀▀█ ▄█▀ ▀  █▄▄▄██▄  ▀▀▄▀ █▀ ▄▀   ▄ ▀  ▄▀▀▄▀ ▀   ▀█
███████▄▄▀▀ ▀▀ ▀▄▄▄ ▀█ ▀▀ ▄ ▄▄▄  ▀▄█▀  ▄█▀▄ ▀▀ ▄█ ▄▄▄ ▄██▄█
█ ▄▄▄▄▄ █▄▄ ▄██ █▀ ▀  ██▄ █ █▄█ ██▀▄▄██ █▄█▀▄█▀▄  █▄█ ▀▀ ▀█
█ █   █ █ █▀  █ ▄▀▀▄▄██▀▀▄     ▄▄██▄▄▄▄█▀█  ▄████  ▄▄▄█ ▄▄█
█ █▄▄▄█ █  ▀▀ ▀█▄ ▀▄▄█ ▄▀██ ▄█▀████▀▀▀ ▄▄ ▄▀ ▀  ▄  ▄▀▀  ███
█▄▄▄▄▄▄▄█▄█▄▄█▄▄██▄▄█▄██▄▄▄█▄▄█▄▄▄▄▄▄▄█▄▄██▄███▄▄▄▄███▄█▄██

Scan this QR code:
▄▄▄▄▄▄▄▄▄▄▄▄▄▄▄▄▄▄▄▄▄▄▄▄▄▄▄▄▄▄▄▄▄▄▄▄▄▄▄▄▄▄▄▄▄▄▄▄▄▄▄▄▄▄▄▄▄▄▄
█ ▄▄▄▄▄ █▄▀▄ ▄█▄█▀ ███ █   ▀▀▀▄ ▄▄█▀ █▀█ █▄ █▄ ▄ ██ ▄▄▄▄▄ █
█ █   █ █ █▀▀▀ █▄▄█ ████▀▀ █ █▄▀▀█▄▀ ▀▄▀▄▄▀█ █▀▄ ██ █   █ █
█ █▄▄▄█ █▄██▀ ▄█▀▀▄  ▀▄  █▀ ▄▄▄ █▀▀██▄  ▄▀ ▀▄█▄▀▄██ █▄▄▄█ █
█▄▄▄▄▄▄▄█▄▀▄█ █ █▄█▄▀▄▀ ▀▄█ █▄█ ▀ ▀ █ █ ▀ █▄▀▄▀▄█ █▄▄▄▄▄▄▄█
█ ▄  ▀█▄█▄ ▄▀▄▀█████▀█ ▄  ▀▄▄▄   █ ▄▀▀▀█ ▄▄ ▄███▄  █▀▄▄ ▀ █
█ █ ▄▄▄▄ ▄ ██  ▀▀  ██ ▄▄ ▄▄█ █  █ █▀▄▀█▄█ █▄█▀▀  █▀▄▀▄ ▄  █
██▄ ▀▀▀▄ █▄▄▄▀▄ ▀▄█▄▀▀█▄▄▄█ █▀█▀██▀▄█  ▀█▀▄█▀█▄███ ▀ ██ ▀██
██▀▄   ▄█▄▄▀  ▄████  ▄██▄█ █ ▄█▀▄▀ █▄▀▄▀█▄▄▀█▀▀▀▀ █▀▄ ▀▀▄██
██  ▀▀ ▄▀ ▄ ▀█  ▄  ▀█▄▄▀▀▄█▄▄▄ █▀▄▄ ▀█ ▄ ▀ ▄ ▄ ▀ ▄█▄▄▀ █▀ █
█▄▀▄█ █▄ ██▀▀▀▀▀▀▄█▀▀▀▄█ █▄ █ ▄██▄█▄▀▄  ▄  ▄▀█  ▄▄█▀▄ ██▄██
█ █▄▄▄▄▄▀▀ █▄▄ ██ ▄▀██ ▄▀█▀ ▄ █ ██▀█ █▀█  ▀ ▀█▀▄▄  █ ▄██ ▀█
█▄█▀▀▀ ▄▀ █ ▀▄▀ ▀▄   ▄    █▀▀▄▀▄▀█ ▄ █▄█▀█ █▀▄▄▄▀▄█ ▀  ▄█▄█
█ ▀▀█ █▄█ █▀▄▀▄█ ▄ ▄█ ███▄███▀▄█▄▄  ▄ ▀▀▀▀▄█ ▀▀▄▄▄▀▀██▀█▄▄█
█ █▄▀ ▄▄▄  ▄▀█ █  ▄▄▀▀█▄█▀▀ ▄▄▄ ▀ ▀ ▄▄   ▀  ▀ ▀▀▄ ▄▄▄ ▀▀▀██
█ ▄██ █▄█ ▀▀ ▀ █  █▄█▄▀▀ ▄▀ █▄█   ▀ ▀▀██▄▀ ▄▀▄▄ █ █▄█  █▄▄█
█▄ ▄▄ ▄▄▄▄▀▀▄██ ▄ ▀▄██▀█   ▄▄ ▄▄▀  ▀█ █▀██▀▀▀▄█ ▄▄    ▄█▄▀█
██ ▄   ▄▄▄▀ ▄█ █ █▀█ ██   █▄▄▄▀▀▀█ ▄ ▀▀█▄ ▀ █▀ ▄██ █▄▄▀▄▀██
██▄▀▄▄▄▄  █▄ ▀ ▄▀▀ █ ▄▄▄▀▄████ ██ █   ▀▀█▄█ █    ▄▄▄█  ▄▄▄█
█▀▄▄█▀ ▄ █▄██▀ ▀███ ▀███ ▄████▄▄▀█ █▄ █▀█▀██▀▀█▄██ ██▄ ▀███
█▄█▄▀▀ ▄ ▀ ▄▀▄▀█ ▄ ▀   █▄▀█  ▄▄█ ▄▀█▄ ▄▄  ▀ ██▄▀ ▄▀█ ▄█ █▄█
█▀█▄▄ ▄▄▄█▀█ █ █▀  ▀ █ ▀█▄▀ ▀  ▄█▄▄▀▀█▄█▄▀▀▄▄▄  ▄▀ ▀▀ █ █▄█
█▀█ ▄▄█▄█▀▄ ▀█ ▀ ██▄ ██ █████▀▄ ▀▀█▀▀▄▄▄█▄▄▄█▄ ██ ▄▀█▄█▄▄██
█  ▀▄█▀▄▄ █▀▄▀  ▄█▀▀▀▄ █▀▀▄▄▄▄ ▀▀███▄█▀▄  ▄▀▀▀██▀▄ ▄███▀▄ █
█ ▀ ▀▀▄▄▀   ▄▀█ ▄▀▄▀ ▀█ ▄▄▄▀▄██▀  ▀▄  █▀█▀█▄▀▀▄ ▀   ▄ █▄ ▄█
███████▄▄ ▀ █▀ █▀██  ▀▀██▄▀ ▄▄▄  █ █▀   ▀██▄ █▀▄▀ ▄▄▄ ▄█▀██
█ ▄▄▄▄▄ ███▄▀▀█▄ ▄██ █ ▀█ █ █▄█ █▀ ██   ▀ ▄▄████▄ █▄█  ▀▄▀█
█ █   █ █▀▄ ███ ▀█▀█ ▄██ ▀█  ▄   ▄ ▀█▀▄█▄▀▄▄▄▄ ▀▄ ▄▄ ▄▄▄▀██
█ █▄▄▄█ █  █ █▄▄  ▀ ▄▀███▀█▀▄▀█▀█   █ ▀▀▄▄ ██▄ ▄▀▄▀ ▄▀▄▄█▀█
█▄▄▄▄▄▄▄█▄▄█▄▄▄▄██▄█▄█▄▄█▄███▄███▄██▄█▄▄▄▄▄████▄█▄███▄█▄███

Scan this QR code:
▄▄▄▄▄▄▄▄▄▄▄▄▄▄▄▄▄▄▄▄▄▄▄▄▄▄▄▄▄▄▄▄▄▄▄▄▄▄▄▄▄▄▄▄▄▄▄▄▄▄▄▄▄▄▄▄▄▄▄
█ ▄▄▄▄▄ █ ██▀ ▄█ █▄▀▄ ██  ▀ ▀▄▄▄█▄▄▀▄▄▀  █▀▄▀▀▀▄ ██ ▄▄▄▄▄ █
█ █   █ █  █ ▀ █▄▀▄███▄▀▄▄▀█▄ █▀▀████▄█▀▄▀▀█▀█ ▄ ██ █   █ █
█ █▄▄▄█ █▀ ▀▄▄ ▄▀█▄█▀█▀█▀   ▄▄▄  █▄█▀ ▀▄▄▄▄▄▄ ▄▀▄██ █▄▄▄█ █
█▄▄▄▄▄▄▄█▄█ ▀▄▀ ▀ █▄▀ ▀▄▀▄█ █▄█ ▀▄█▄█ █ █▄▀ ▀ ▀▄█ █▄▄▄▄▄▄▄█
█ ▄▀█▄ ▄▀▀▀▄▀▀█▄█▄▀▄█ ▄▀▄▀▀▄▄   ▄ ▄█▀ █ ▄█  █ ▀▄  █▀ █▄  ▄█
██ ▀█▀█▄█  ▀▄▀▄ ▄█▄█▀▀▀█ █ █ ██ ▀▀ ▄ ▄▀ ▀▄▀ ▀▀▄  ▄██▄▄▄▄ ██
█▀▄▄█▄▀▄▀▀█▄  ▀▀▀█▀ ▀▀▄▄  ██ ▀▀█ ▄▄█  █ ▄█▀  ▄ █  ▄▀▀█▀   █
█▄▄▄ ▀▀▄▀▄ ▀▀▄▀█ ▀▀█▀█▄█▀█▀█▀  ███▀▀█▄▄▄▄▀█▄▀▀█▀█ ▀█  █▄ ██
█▄▀▄▄  ▄███▄█▄▀  █ ▄▄▀▄█▄▀ ▄▄ █▀▀▄▄▄▄ █ ▄█  ▄ ▄█ ▀   ▀▀ ▄▀█
██▄ ▄▀▀▄██▀▄▄▀▀█ ▀█▀ ▀▄▄██ ▄▀██ █▄▀█▄▀  █▄▀▀█▄██▄█ ▄▄▄▄▄▄▀█
█▀▄█▄▀▄▄█▄▄██ ▄ ▀▀▄▄▀ ▄█▀▄▄█▄▀▀ ▀▄▀█▀▄▄ ██▀ █ ▀█▄▀█ ▀▀█ █▄█
█ ▄██▀ ▄▀ ▀▀ ▄ █▄█▀█▄█ █▄ ▀ █▄ ▀█▄▄█▀▄█ ▄▀ ▄█▄▄▄▀▄▀▄▄▄▄▄▀██
███▀███▄█▀ ██ ▀ ▀█   ▀ █   ▄▄▀█▀▀█▀ ▄▄▄▀▄██▀▀ ▀█▄▀▄▀▄▀█ ▀▀█
█  ▀▀ ▄▄▄ ▄▄▀▄▄ █▀▀  ▀▄ ██▀ ▄▄▄   ▄ ▀▄█▄▀▄█▄▄█▄▀█ ▄▄▄ ▄█ ▀█
█▀▀▀▀ █▄█ ▀▀▄▄█▀▄▄▄▀█ ▀█▀   █▄█ ▀  █  ▄  █▄ █▄▀▄▄ █▄█ ▄▄▀██
█ ▀█▀ ▄▄ ▄▄ ███▀▀▀▀██▄ ▄█▄▄ ▄   █▄█▄▄▄██▄██▄▀█    ▄  ▄▄█ ▀█
█▀ ▀▀██▄▄█▀▀█▄█ ▀█ ▄▄▀ █▀ ▀▄▀█▀ █ ▄█ ▄█▀▄▀▀▀▀▄▀██▄▄█ ▄▀ ▄██
█▀▄▀█ ▀▄▀▄ ▀▀█▄ █ ▄█ ██ ▄▀▄▄▀ ▄█▀▀▄▀ ▀▀▀▄▀▄▀ ▀▄ █▀ █▀▀██▀██
█▄▀█ ▀▄▄██▀▄▀▀▀█▄█▄▄▄▄▄█▄  ▀▄██▀▀▄ █▄▄█▀ █▀ █  ▄▀██  █▀▄▀██
█ ▀█▀ ▄▄▄▀ ▀  ▀▄▀ ▄▀▀  ▄▀██ ▀ ▄▀▀▄  ▀█▄█▄▄ ▄▀▄▄▀▄▀▄▀ ▄▄▄▄▄█
█▄▀▀▀█ ▄ █▄▄▀█▄█▄▄  ▀▀▄▀▀▀ ▄ ▄ ▄▄ ▄█▄ ▄▀▀█▀ ▀ ███▄▀█▀▄▄▄ ▄█
██▀▄██ ▄█▀▄▄▄▀▀ █ ▄█▄ ▀█▄██▀ ▄████▀ ▄▄▄ ▄ ▀▄ ▀ ▀  ▀▀▄ ▄▄▀██
█ ▀ ▀▄█▄ ▄▀▀▄ ▄  █▀ ▀▀▄▄   ▄ █ ██ ▀█▄▄▄▀ █▀ ▄ █▄▀▀█▀ ▄   ▄█
█ ▀ ▀▀▄▄▄▄▀ █▀█▀ ▄▀▀█▄    ▄  ▄▄▀▀ ▄▄█▀▄  █  █▄▄▀ ▀ ▀▀██▄ ▀█
███████▄▄▀▄ ▀▀█▄▀▄▀▄▄ ▄█▀▀▀ ▄▄▄ █▄▀██ █ ▄█▀▀▀  ▄█ ▄▄▄ ██ ▀█
█ ▄▄▄▄▄ █▀▄█▀ █ █▀█▄▄ █ ███ █▄█ █▀▀▀ ▀▄ ▀ ▀▄▄▀▀▀  █▄█ ▄▄ ▀█
█ █   █ █▄ ▀▄  █▀▀▀▄▀  ▀▀▄█▄ ▄ ▄▀▄ ▄▄ ▀  █  █▄ ██ ▄ ▄ █   █
█ █▄▄▄█ █▀▀▀  ▄ ▄█▄▀▄█ ▀▄ █ ▀ ▄ █▄█▄██ ▄▄▄▀▄▀  █▀█ ▄█▄█████
█▄▄▄▄▄▄▄█▄▄██▄██▄█▄▄▄█▄█▄▄█▄███▄███▄▄▄▄████▄▄▄▄▄▄▄█▄▄█▄██▄█

Scan this QR code:
▄▄▄▄▄▄▄▄▄▄▄▄▄▄▄▄▄▄▄▄▄▄▄▄▄▄▄▄▄▄▄▄▄▄▄▄▄▄▄▄▄▄▄▄▄▄▄▄▄▄▄▄▄▄▄▄▄▄▄
█ ▄▄▄▄▄ █▄▀▄ ▄▄▄ ▀ ███ ▄▄  ▀▀▀▄ ▄▄█▀▄█▀███ ▄█  ▄ ██ ▄▄▄▄▄ █
█ █   █ █ █▀█▀ █▄▄█ ▄███ ▀ █ █▄▀█▄▄▀  ▄▀▄█▀█▀█▀▄ ██ █   █ █
█ █▄▄▄█ █▄▀█▄▀▄█▀▀▄  ▀▄  █▀ ▄▄▄ ██▀█ ▄   ▀ ▀▄█▄▀▄██ █▄▄▄█ █
█▄▄▄▄▄▄▄█▄█▄█▄█ █▄█▄▀▄▀ ▀▄█ █▄█ ▀ ▀ █ █ ▀ █▄▀▄▀▄█ █▄▄▄▄▄▄▄█
█ ▄  ▀█▄█ █▀ ▄▀█████▀█ ▄  ▀▄▄▄   █ ▄▀▀▀█ ▄▄ ▄███   ██▄▄ ▀ █
█ █ ▄▄█▄▀  ▀▄█ ▀▀  ██ ▄▄ ▄▄▄▄█  █ █▀▄▀█▄█ █ █▀█▄▄▄▀█   ▄  █
██▄▄ ▀▀▄▄ ▄ ▄▀▄ ▀▄█▄▀▀█▄▄▄█ █▀█▀███▄█ ▀ █▀▄▄▀█▀█ █ ▀▀▀▀ ▀██
█▀▄▀   ▄▄█▄▀  ▄█████ ▄▄█▄█ █ ███▄▀█▀ █▀▄▀▄ ██▀▀▀  █▀█   ▄██
█▀█▄█▀ ▄▀ ▄ ▀█  ▄ ▀▀▄█ ▀ ▄█▄▄▄▀█▀▄▄  ▀▄▄▄▀ ▄▄ ▀  ▄█▄▄▀ ▄▀ █
█▀▄ ▀ █▄ ██▀▀▀▀▀█▄█▀▀█▄█▄▀▄ █ ▄▄▀▄█▄██▀ ▀▀▀▄▄ ▀ ▄▄▀▀▄ █████
██▀▄▄▄▄▄▀▀ █ ▀ ██ ▄▀██ ▄▀█▀ ▄ █ ▀█▀█ █▀██ ▀ ██▀▄▄ ▀█ ▄██▀ █
█▄█▀▀  ▄▀▄█▀▀█▄█▀▄   ▄    █▀▀▄▀▄▀▄ ▄▀▄▄█▀█ █▀█▄▄▀▄▄██  ▄█▄█
█ ▀▀█ ▄▄▄▄█▄ ▀█  ▄ ▄█ ███▄█▀█▀▄█▄▄  ▄ ▀▀▀▀▄█ ▀▀▄ █▀▀█▀▀█▄▄█
█ █▄▀ ▄▄▄ ▀▄ ▀█   ▄▄▀▀█▄█▀▀ ▄▄▄ ▀ █ ▄▄▄  ▀▄▄▀ █▀▄ ▄▄▄ ▀▀▀██
█ ▄█▄ █▄█ ▄▀ ▀    █▄█▄▀▀ ▄█ █▄█     ▀▀█▄▄▀ ▄▀▄ ▀█ █▄█ ▄▀▄▄█
█  █  ▄▄ ▄▀▀▄██ ▄ ▀▀██▄█    ▄ ▄▄▀ ▀▀▀▄█▄▀██▄█▄██▀    ▄██▄▀█
█ █ ▀  ▄▀▄▀ ▄█ █▄█▄▀ █▄▄█ █▄██▀▀▀█ ▄▄██▄ ▄▀▀█▀██▀▄ ██▄ ▄███
█ █▀ ▄▄▄▄▀█▄ ▀ ▄▀  █▀▄▄▄ ▄██ ▀ █▀ █ ▄  ▀▄ █▀█▀▀▀▀▄▄▄▀  ▄  █
██▄▄█▀ ▄ █▄█▀█ ▀███ ▀███ ▄█████ ▄▀ █▀▄█▀█▀██▀▀█▄██ ██▄ ▀███
█▄█▄▀▀ ▄ ▀ ▀█▄▄█ ▄ ▀   █▄▀█  ▄▄█▀█▀█▄ ▄▄▀ ▀ ▄█▄▀ ▄▀█ ▄█ █▄█
█▀█▄▄▄█▄▄█▀ ▄▀ ▄▀  ▀ █ ▀█▄▀ ▀  ▄█▄▄▀▀█▄█▄▀▀▄▄▄  ▄▀█▄▀ ▀▄█▄█
█▀█ ▄██▄█▀▀ ▄▄█▀ ██▄ ██ ██▀██▀▄ ▀▀▀█▀▄  █▄ ▄█▄▄▀▀ ▄██▄▄█▄██
█  █ ▄█▄▄▀██▄▀ ▄▄█▀▀▀▄ █▀▀▄▄▄▄ ▀▀██▄▄█▀█   ▀▀▀█▄▀▀▄ ▄█▄▀▄ █
█ ▀ ▀▀▄▄▀█  ▄▀█ ▄▀ ▀ ▀█▄▄▄▄▄▄██▀  ▀▄ ▄███▀ ███▄▄▀▀  █▀ ▄ ▄█
███████▄▄ ▀ █▀ █ ▄   ▀▀▀▄▄▀ ▄▄▄  █ █ ▄▄ █▀▄▄ ▀ ██ ▄▄▄ ▄████
█ ▄▄▄▄▄ ███▄▀▀█▄▀███ █ ▀ ▄█ █▄█ ▀▀ ██▀▀ █▄█▄▀▀█▄▀ █▄█  ▀▀██
█ █   █ █▀▄   █ ▀█▀█ ▄██ ▀█  ▄     ▀▀█▄█ ▀▄▄   ▀█ ▄▄▄▄▄▄ ▄█
█ █▄▄▄█ █ ▄ ▀▀▀▄  ▀ ▄▀███▀█▀███▀█   ▄ ▀▀██ ██▄ ▄▀▄▀ ██▄▄█▀█
█▄▄▄▄▄▄▄█▄▄█▄▄█▄██▄█▄█▄▄█▄██▄████▄██▄█▄▄▄▄▄████▄█▄██▄▄█▄███

Scan this QR code:
▄▄▄▄▄▄▄▄▄▄▄▄▄▄▄▄▄▄▄▄▄▄▄▄▄▄▄▄▄▄▄▄▄▄▄▄▄▄▄▄▄▄▄▄▄▄▄▄▄▄▄▄▄▄▄▄▄▄▄
█ ▄▄▄▄▄ █▀ █▀ ▀▀███  █▀█▄▄▄█▄▄▄▄ ▀▀▀▀▄▄█▄█▄  ▀▄▄ ██ ▄▄▄▄▄ █
█ █   █ █▀  █▄ █▄█▀ ██▄▄  ▀█▄█ ▄▄▄█ ▀ █▀██▄ ▄▄ ▄ ██ █   █ █
█ █▄▄▄█ █▀▀▀█▀█▀▄█▄█▄ ▄█▀ █ ▄▄▄ ▄▄▀██ ▄▀ ▄▄▄█ ▀▀▄██ █▄▄▄█ █
█▄▄▄▄▄▄▄█▄▀ ▀▄▀ ▀▄▀ ▀ ▀ █ █ █▄█ ▀▄█ ▀▄█ █ █▄▀ ▀ ▀▄█▄▄▄▄▄▄▄█
█  ▄  █▄▄▄ ██▀ ▀ ▄▀▄ █▀▀▄▀ ▄    ▀█▀█▀  █▀█   █▄▄▀  █▄▀▄▀▄▀█
█  ▀██▀▄▀█▀▄▄▀▄ ▄ ▀ ▀▀▀ █  █   █▀▀▄██▀█ ▀▀▄█▀▀ ▀███▄█▄▀▀ ██
█▀▀  ▄▀▄█▀█   ▄▄▄█▀ ▄▄▀▄    ▀▀▀██▀██  ██▀█▄ █▀█▄█▀▀▄█▀▀ ███
█ ██▀▄▄▄▀▄ ▄▄▀▀█ ▄██▀███▄ ▀█ ▄█ ███▄▄▀ ▄▄▄▄███▀ ▄█▀█ ▄▄  ██
█▀█▄▄  ▄   ▄█▄▄███ ▄▀█▀█ ▀█▀▀  ▀▄▀▀▄ ▄ ▄▀▀▀ ▄██▄ ▀███▀ ▀▀▄█
█▀▄▀  ▄▄██▀▀▀▄▀█▄▄ ▄▀▄▄▀▄█ ▄▀ ▀█▀▄▀ ▀▄▀▀▄ ██▄▀▄ ▀  ▄▄▀▀▀▄▀█
█▄▀ ▀▄▀▄ ▀▀█ ▄▀█▄▀▄▄▄█▀█▀▄▀ ▀▀▀  ▀▄█ ▄▀█ ▀▀  ▀▄█▄▀▀█▄▀█ ▀▀█
██▄██▀▀▄▀ ██▀█ ▀▄ ▄ ▄█  ▀█▀ █▀█▄██▄ █ █ █▄█▀▄█▄▀▄▀██ █▀▀▀██
██ ▄ ▀ ▄█  █▄ ▀▄▄█  █▄██  ▀█▀▀█▀▄ ▄ ▄▄▀▄▀██▀▄█▄█▀ ▀▄▀▀█ ▄▄█
██ ▀▀ ▄▄▄ ██  █▄█▄▄█ ▀▄█    ▄▄▄    █▄▀█ ▀▀▄█▄█  ▄ ▄▄▄ ▀  ▀█
█▀▄█  █▄█ ▀ ▄▄▄▀▀▄▄▀ █▄█▀ ▀ █▄█ ▄███  ▀███▀  ▀███ █▄█ ▀ ▄ █
█ ▀▄█ ▄▄ ▄▄█  █▀▀▄█▄█▄   ▀▄ ▄▄▄▄█▄▄▀▀▀█▄▄▄▄▀▀█▀▀▀  ▄ ▄   ▀█
█ ▀▄ ██▄▄█▄▀█▄ █▄█ ▄▀█▀█▀▀▄▀█▄▀  █▀█▄▄▄▄▀▀▄▀ ██▄█▀▀ ▄▄  █▄█
█▀▄▄██▄▄▀▀ ▄▄ ▄ ▀▄▀ ▀ ██▀▀▄▄█▀▀ ▀▀▄▄▀▀▀ ▀  █▀ ██▀▄ █ ▀   ▀█
█▄█ █▀▄▄  ▄▄▀ ▄ ▀█▄▄▀▀▀█▄ █▄▀█▀▀█▀██ ▄ ▄▀▀▀ ▀▀█▄▀█ ███▀▄▄ █
██▀█▀█▀▄▄▀▀▄▄█▄▄▀█▀▄▀  ▀▄ █ ▀█▄ ▀▄ ██ ▄█▄▀█▀▀█▄▄▀▄▄▀ ▀▀▀▄▄█
█▄▄▄▄█▄▄█  █ ▄█ ▀▄  ▄▄▀▀▀▀█▀█▄ ▄▀█▀█▄ ▀▄▄█▀ ▄█ ██▄▀ ▄▄▄▄█▀█
█ ▀▄█▄▄▄█▀█▄▀ ▀▀██▀ ▄ ▀ ▀ █▀ ▀  ██▀▀▀▀  ▄█▄▀ ▀ ▄▀▄ █▄█▀▀▀██
█ ▄ ▄▄▄▄▄▄▄ ▄ █ ██▀ ▄▄▀▄  █▄██ █ █▄▄▄▄ ▄██▀ ▀███▀█▄█▀▄█▄█▀█
█ ▀ ▀▀▄▄▀ ▀█ ▄█▀ ▀█ █▄▄▄██▄▀ ▀▀▄▀ ▄ ▄▄█  ▄  █▄▀██▄▄██▄▀  ▀█
███████▄█ ▀ ▀▀ ▀▄▄▄▄▀█▀█ ▀▄ ▄▄▄  ▀▄█   ▄▀▀▀▀▄███▀ ▄▄▄ ███▄█
█ ▄▄▄▄▄ █▄▄ ▄██ ▄  ▀ ▀███▄█ █▄█ ██▀▄▀▄▄▀▄▀█ █▄▀▄  █▄█ ▀▀ ██
█ █   █ █ █▀▀██ ▄▀▀▄▄██▀▀▄   ▄ ▄ ██▄  ▄█ ▀   ▀███  ▄▄▄█ ▄▄█
█ █▄▄▄█ █ ▄█▄ ▄ ▄ ▀▄▄█ ▄▀██ ▀█▀██▄█▀ ▀ ▄▄▀▄▀ ▀  ▄  ▄█▀  ███
█▄▄▄▄▄▄▄█▄▄██▄█▄██▄▄█▄██▄▄▄██▄█▄▄▄▄▄▄▄█▄▄██▄███▄▄▄▄██▄▄█▄██

Scan this QR code:
▄▄▄▄▄▄▄▄▄▄▄▄▄▄▄▄▄▄▄▄▄▄▄▄▄▄▄▄▄▄▄▄▄▄▄▄▄▄▄▄▄▄▄▄▄▄▄▄▄▄▄▄▄▄▄▄▄▄▄
█ ▄▄▄▄▄ █▄▀▄ ▄████▀▄▄█▀▄▄  ▀▀▀▄ ▄▄█▀▄███▀█  ▀  ▄ ██ ▄▄▄▄▄ █
█ █   █ █ █▀▀█ ██▄█ ▄███▀  █ █▄▀█▄▄▀▀▀▄▀▄█▀█▀▄▀▄ ██ █   █ █
█ █▄▄▄█ █▄▀▀ █▄█▀▀▄  ▀▄  █▀ ▄▄▄ ▀ ▀█▄      ▀ ▄▄▀▄██ █▄▄▄█ █
█▄▄▄▄▄▄▄█▄▀▄▀ █ █▄█▄▀▄▀ ▀▄█ █▄█ ▀ ▀ █ █ ▀ █▄▀▄▀▄█ █▄▄▄▄▄▄▄█
█ ▄  █▀▄▀▄▀▄  ▀█████▀█ ▄  ▀▄▄▄   █ ▄▀▀▀█ ▄▄ ▄███   ██ ▄ ▀ █
█ █ ▄▄█▄▄▀ ▀▀▄ ▀▀  ██ ▄▄ ▄▄▄▄█  █ ▀▀▄▀█▄█ █▄█▀▀▄▄█ ███ ▄  █
██▄▄▀▀▀▄▄███▄▀▄ ▀▄█▄▀▀█▄▄▄█▀▀██▀██ ▄█ ▀▀█▀█▄▀█ ███ ▀█▀▀ ▀██
█▄ ▀   ▄█▄▄▀  ▄███▀█ ▄▀ ▄█ █▀█▀▀▄▀▄█ ▀  █▄█▄▀▀██▄██▀█▀█▀▄██
█▀ ▄ ▀ ▄▀ ▄ ▀█  ▄ ▀▀▄▄ █ ██▄▄▄▀▄▀▄▄ ▀█▄█ █▀▄ ▄   ▄█▄▄▀▀▄█ █
██▄█▀ ▀▄ ██▀▀▀▀▀█▄█▀ ▀▄█▄▄▄ █ ▄██ █▄ █▀▀▀  ▄▀   ▄▄▀█▄ ██▄▀█
██ ▄▄▀ ▄▀▀ █ ▀ ██ ▄▀██ ▄▀█▀ ▄ █ █▀▀█ ▀▀█▄▄▀ █▀▀▄▄  ▄ ▄██▀▀█
█▄█▀▀▀▄▄█▄█ ▄▀█▄▀▄   ▄    █▀▀▄▀▄▀█ ▄ █▄█▀█ █▀█▄▄▀▄ ▄█▄ ▄█▄█
█ ▀▀█ █▄▄ █▀ ▄█▄ ▄ ▄█ ███▄▀██▀▄█▄▄  ▄ ▀▀▀▀▄█ ▀▀▄ █▀▀█▀▀█▄▄█
█ █▄▀ ▄▄▄  ▀▀█▀   ▄▄▀▀█▄█▀▀ ▄▄▄ ▀ █▄▄▄▄  ▀▄ ▀ ███ ▄▄▄ ▀▀▀██
█ ▄ █ █▄█ ▄▀ ▀    █▄█▄▀▀ ▄█ █▄█    ▀▀▀▄▄▄▀▀▄▀▄  █ █▄█ ██▄▄█
█▀ ▄  ▄▄  ▀▀▄██ ▄ █ ██▄▄    ▄ ▄▄▀  ▀▀▄███▀▄▄▀▄▄█▄ ▄   ▄█▄▀█
█▀▄▀█  ▄  ▀ ▄█ █▄█ ██▄▄ ▀ █▄█▄▀▀▀█ ▄▄█▀█▀▄█  ▀▄█▀█ █▄▄▀█▀▀█
█▄ ▄█▄▄▄▀▀█▄ ▀ ▄▄  █▀█▄▄█ ██   ██ █ ▀█   ██ ▄ ▀▀ ▄▄▄██ ▄  █
█▄█▄█▀ ▄ █▄█   ▀███ ▀███ ▄████▀ ▄▀ █▄ █▀ ▀██▄▀█▄██ ██▄ ▀█▄█
█▄█▄▀▀ ▄ ▀█ ▄█▄█ ▄ ▀   █▄▀█  ▄ ▀▀▄▀█▄ ▄▄▀▀▀ ▄█▄▀ ▄▀█ ▄█ █▄█
█▀█▄▄█ ▄▄██▄▀▀▄▄▀  ▀ █ ▀█▄▀ ▀  ▄█▄▄▀▀█▄█▄▀▀▄▄▄  ▄▀▀▄▀ █▄█▄█
█▀█ ▄▄ ▄█▀█ ▀▄█▀ ██▄ ██ ██▀██▀▄ ▀▀█▀▀▄ ▄█▄ ▄█▄ ▀▀ ▀██▄██▄██
█  █▀▀▀▄█▄▄▀▄▀▄ ▄█▀▀▀▄ █▀▀█▄▄▄ ▀▀█▄▄▄█ █  ▀▀▀▀▀▄▀▀▄▀█▄█▄▄ █
█ ▀ ▀▀▄▄█   ▄▀█ ▄▀▀▀ ▀█▀▄▄█▀▄██▀   █▄▄▄███ ▄█▀▄▄▄▀█  █▀▄ ▄█
███████▄█ ▀ █▀ █▀█▄ ▄ ▀███▀ ▄▄▄  █ █ ▄▄ ████ █ █▀ ▄▄▄ █▄▀██
█ ▄▄▄▄▄ ███▄▀▀█▄▀ ██▄  ▀▄ █ █▄█ █▀ █▄█▀  ▄▄█▀▄██  █▄█  ▀▀██
█ █   █ █▀▄ █ █ ▀█▀█ ▄██ ▀█ ▄▄  ▄▄ ▀█▀▄█▄▀▄▄   ▀▄ ▄▄  ▄▄▀██
█ █▄▄▄█ █ ▀█▀▀██  ▀ ▄▀███▀█▀█▀█▀█▀  █ ▀▀▄▄ █▄█ ▄▀▄▀ █▀▄▄█▀█
█▄▄▄▄▄▄▄█▄▄▄█▄████▄█▄█▄▄█▄███████▄██▄█▄▄▄▄▄████▄█▄██▄██▄███

Scan this QR code:
▄▄▄▄▄▄▄▄▄▄▄▄▄▄▄▄▄▄▄▄▄▄▄▄▄▄▄▄▄▄▄▄▄▄▄▄▄▄▄▄▄▄▄▄▄▄▄▄▄▄▄▄▄▄▄▄▄▄▄
█ ▄▄▄▄▄ █▀ █▀ ▀ █▀█▀ █ ▄█▄▄█▄▄▄▄ ▀▀▀█▀ ▀█▄   ▀▄▄ ██ ▄▄▄▄▄ █
█ █   █ █▀  ▀▄ █▄▄▀ █▄▄▄▀▀▀█▄█ ▄▀██  ▀█▀▄▄▄ ▄▄ ▄ ██ █   █ █
█ █▄▄▄█ █▀▀▀█▄█▀▄█▄█▄ ▄█▀ █ ▄▄▄ █ ▀█▄ ▄▀▀█▄▄ ▄▀▀▄██ █▄▄▄█ █
█▄▄▄▄▄▄▄█▄▀▄█▄▀ ▀▄▀ ▀ ▀ █ █ █▄█ ▀▄█ ▀▄█ █ █▄▀ ▀ ▀▄█▄▄▄▄▄▄▄█
█  ▄ ▄█▄ ▄▀▀▀█ ▀ ▄▀▄ █▀▀▄▀▄     ▀█▀█▀  █▀█   █▄▄▄▀ █▄▀▄▀▄▀█
█  ▀██ ▄▄█▄  █▄ ▄ ▀ ▀▀▀ █  ▄   █▀▀ ▀█▀█ ▀▀ ▀▀▀▄█ ▀██▀▀▀▀ ██
█▀▀█ ▄▀▄▄█▀   ▄▄▄█▀ ▄▄▀▄   ▀█▀▀██▀ █  ▀▄▀█▀▀█▀██▀ ▀▄█▀█ ███
██▀ ▀▄▄▄ ▄ ▄▄▀▀█ ▄█▄▀█▄ ▄ ▀█ █▀ ███▄▄█▀█▄ █ █▀▀▄ ▀▀█ ▄▀  ██
█▄▀█▄  ▄   ▄█▄▄█▄█▄▄ ███▀▀█▀▀ ▀▀▄▀▀▄ ▄ █▄██  ▀█▄ ▀███▀  ▀ █
█ █▄▄ ▄▄██▀▀▀▄▀█▄█ ▄▄▀▄▀▄▄ ▄▀ ▀▄█▄▀  ▀▀▀▄▀▄█ ▀█ ▀   ▄▀▀▀ ▀█
█▄  ▀▄█▄ ▀▀█ █▀█▄▀▄▄▄█▀█▀▄▀ ▀▀▀ ▄▀▄█ ▄▀█▀▀▀ ▄█▄█▄▀██▄▀█   █
██▄██▀▄▄▀▄▀ ▀▀▀ ▄ ▄ ▄█  ▀█▀ █▀█▄▄▄▄ ▄ █ █▄█▀▄█▄▀▄▀▄ ▄█▀▀▀██
██ ▄ ▄▄▄▄█▄ █▀▄▄▄█  █▄██  █▀▀▀█▀▄ ▄ ▄▄▀▄▀██▀▄█▄█▀▀ █▀██ ▄▄█
██ ▀▀ ▄▄▄ ▄█▀▀▀██▄▄█ ▀▄█  ▄ ▄▄▄   ▄█▄▀▀▄▀▀ ▀▄█▄▄█ ▄▄▄ ▀  ▀█
█▀▄██ █▄█ ▀ ▄▄ ▄▀▄▄▀ █▄█▀ ▀ █▄█ ▄███  ████ ▀ ▀▄▄  █▄█   ▄ █
██▄▄▀▄ ▄▄▄▄█  █▀▀▄▀▄█▄▀▀ ▀▄▄▄▄▄▄█▄█ █▀▀ ▄▄ ▀█▀▀  ▄ ▄ ▄▀▀ ▀█
██▄ ███▄▄█▄▀█▄ █▀▄▄  ▄▄▀  ▄▀▄█▀  █▀█▄ ▀██▀▀  █████▀ ▄█▀ █ █
██ ▄▀█▄▄▀  ▄▄ ▄ ▄█▀  ███▀ ▄▄▀▀▀ ██▄▄▄▄▀▀▀▀▀█ ███ ▄ █▄▀  ███
█▄▄ █▀▄▄  ▄▄▄▀▄ ▀█▄▄▀▀▀█▄ █▄▀█ ▄▄███   ▄██▀  ██▄▀█ ███▀▄█ █
██▀█▀█▀▄▄▀▀▄▄▄▀▄▀█▀▄▀  ▀▄ █ ▀█▄  █ ██ ▄██ █▀▀█▄▄▀▄▄▀ ▀▀▀▄▄█
█▄▄▄▄█▀▄█ ▀▄▀█ █▀▄  ▄▄▀▀▀▀█▀█▄ ▄▀█▀█▄ ▀▄▄█▀ ▄█ ██▄█▀▄▄  █▀█
█ ▀▄█▄▄▄█▀  ▄ ▄▀██▀ ▄ ▀ ▀ ▀▀ ▀  ██▀▀▀▀▄ ▄█▄█ ▀ ▄█▄▄▀▄█  ▀██
█ ▄█  ▄▄▄▄██▄ ████▀ ▄▄▀▄  █ ██ █ █▄█▄▄ ▄██▀ ▀████▀█▀█▄ ██▀█
█ ▀ ▀▀▄▄▄ ▀█ ▄█▀ ▀█▀█▄▀███▄  ▀▀▄▀ █▀▄▄▄ ▄▄▄▄▀ ▀██▄ ▀ ▀   ▀█
███████▄█ ▀ ▀▀ ▀▄█▄  ▄▀█▀ ▄ ▄▄▄  ▀▄█▄ ▀▄▀█▀▀█▀█▄█ ▄▄▄ ███ █
█ ▄▄▄▄▄ █▄▄ ▄██ ▄█ ▀ ▀███▄█ █▄█ ▀█▀▄▀█▄  ▄█ ▄█▀██ █▄█ ▀▀▄▀█
█ █   █ █ █▀▀▄█ ▄▀▀▄▄██▀▀▄   ▄ ▄▄██▄█▄▄███   ▀██▄  ▄ ▄█ █▄█
█ █▄▄▄█ █ █▄▄ ▄ ▄ ▀▄▄█ ▄▀██ ██▀████▀▀▀ ▄▄ ▄▀▀▀  ▄  ▄██  ███
█▄▄▄▄▄▄▄█▄██▄█▄███▄▄█▄██▄▄▄████▄▄▄▄▄▄▄█▄▄██▄███▄▄▄▄███▄█▄██

Scan this QR code:
▄▄▄▄▄▄▄▄▄▄▄▄▄▄▄▄▄▄▄▄▄▄▄▄▄▄▄▄▄▄▄▄▄▄▄▄▄▄▄▄▄▄▄▄▄▄▄▄▄▄▄▄▄▄▄▄▄▄▄
█ ▄▄▄▄▄ █▀█▄▄ █▀█▀█▀ █▄█▄▄ ██▀ ▄▄ ▀▀▄ ▀▀     ▄▄▄ ██ ▄▄▄▄▄ █
█ █   █ █▀▄ ▀▄▀██▄█▀▄█▄▄  ▀█▀▄▄ ▄▄█   █▀▄▄▀▄ ▄ ▄ ██ █   █ █
█ █▄▄▄█ █▀▄█▄█ ▄▄███▄ ▀▄▀ █ ▄▄▄  █▄▀▄█▄▀▄▄▀▄▄▀▀▀▄██ █▄▄▄█ █
█▄▄▄▄▄▄▄█▄█ ▀▄█▄▀▄▀ ▀ █ █ █ █▄█ ▀▄█ ▀▄█▄█ ▀ ▀ █▄▀▄█▄▄▄▄▄▄▄█
█ ▄  ▄█▄▄    █ █▄▄█▄ █▀█ ▀▄▄▄▄  ▀█▀█▀  █▀█▄▀██▄▄ ▀ █ █▄▀ ▀█
██▀▀▀▀█▄▀▀▄█▀▄▄ ▄▄▀ ▀▀▀ ▀▀▀▄█▀▀█▀▀ ▀█▄█▀ ▄▄█▀ ▄▄▀ ▄█▀█▀▀▄▀█
█▀▄ █▀█▄  ██ █▄▄█▄▀ ▀█▀▄  ██▀▀▀██▀██▀▄ █▀▀▀ ▀▀ ▄▀  █▀▀█▄▀▀█
██ ▀ ▀ ▄███  ▀██▄▄▄█▀▄▄▄▄▄▀█▀▄█▄█▀▄▄ ▄█▀▄███ ▀█▄ █▄▀▄ ▄▀███
██▄▄██▀▄█▀▀▄  ▄▀▄█▄▄▀▄▄▀▄▀▀█▀ █ ██▀▄ ▄▀██▀▀▀██▄▄▀▀▀█▀█ ▀█▀█
██ ▀█▄▀▄ ▀▀▀██▀█▄▄▀█▀  █▀▀▄▄▀  ▀▀ ▀▄█ ▀▄▀▀█ ▀ ▄▀  ▀█  ▀▀ ▀█
███▄███▄ ▀▀▄▀ ▀█▄▀▄ ▄█▀█▀▄  █▀█▀ █ ▄   █▀█▀▀██ █▄▀ ▄▀██▄▀ █
█▀▀ ▄█▀▄▀█ ▄ ▄▄█▄ ▀█▄██▄▀█▀ ▄  ▀█▄█    ▄█▀▀ █▄▀  ▀█▀▄ ▀▀▀██
█▄▀█▀▄ ▄ █▀ ▄▀ █▄▄▄ █▄▀█▀ ▀▀▀▀ ▀▄ ▄  ▄▀██▀ ▀ ██▄▀ ▀▄█▀█▀▄ █
█▀▄▄  ▄▄▄    ▀▀ ▀▀▄█ ▀▄██   ▄▄▄   ▄█▄█▀ ▀  ▀  ▄▄▀ ▄▄▄ ▀  ██
██  ▀ █▄█ █▀▀▄  █▄▄▀▀█▄█▀▀█ █▄█ ▄▀▄█ ▄ █▀█  ██ ▄█ █▄█ ▀  ██
███▀ ▄ ▄ ▄█▀ ▀█▄  ▄▄█▀▀█▄▄      ▀▄█▀█ ▄ ███▄▀ ▀ ▀ ▄ ▄▄▀▀▄██
█▀ █▀▀ ▄▀█ ▀▄▄▀█▄▄▄▄▀█▄▀  ▄▄▄▄▀  █▀█▄  ▄▀▀  █▀██▀ ▀███ █▄▀█
█▀▄▀█ █▄▄▀  ▀▄▄█ ▄▀ ▄▄▀ ▄█▀▄▄█▀ ▀▀ ▄ ▄█▀ ▀▄█ ▀▄▄ ▀ █▀ ▀▀ ██
█ ▀ ▀▀▄▄ ▀ █▀█ █▀█▀▄▀▀▀█▄ █▀▀██▀██▄█▄▄██▀▀▀▀▄▀▀▄▀▀ ▀▀▄▄██▀█
██▄▄   ▄▀▀ █▄ ▀ ▀█  ▀ ▀▄▄ ▄ ▀█▄▄ █ ▄▄ █▄ ▀▀▀█▄█  █ █▀██▀▄▄█
█▄▀█▀█▀▄ ▄▄ ▄▄▀█▄▄▀▄▄▄██▄▀█▀▄▄▀▀▀█▀█   ▄▀█ ▀ ██▄█▄ ▄▄▄▄█▀██
███▄ ▄▄▄██  ▄█▀▄▄█▀  ▀▀ ▀▀█▀▀▀ ▄▀█▀██ ▄ ▀▄▄▄█ ▄█▀▀ █▀▄ ▀▄▀█
█▀▀ █▀ ▄ ▄▄█▄ █▀█▄▀  ▄▀▄▀ ▄ ██   █▄▄▄▄▄█▀▀▄  ▀▄██▀▄ ██▀ █ █
█ ▀ ▀▀▄▄▄██▄█▄▀▀▀██▄▄  ▀█▀▀▄▀▀▄▄▄▀▄ ▀█▄ ▄▀▄▀█▄  ▀█▄▀▀█ ▀▄██
███████▄▄▀█ ▀█ ▀▄█ ▄▄▄▄▀█▀▀ ▄▄▄  ▀▄█▄ ▀▄ ▀█▀▄██▄█ ▄▄▄  ▀▀██
█ ▄▄▄▄▄ █▄▄█▀ ▄▄  █▄ ▄▀ ▄█▄ █▄█  █▀▄▀█ ▀ ▀▄██▀█▄▄ █▄█   ▄▀█
█ █   █ █ ▀▄█ ▀▀▄▀  ▄█ ▀▀▄▀ ▄▄ ▄▄▀██   ▄█▀█▀ ███▄▄ ▄  █▀███
█ █▄▄▄█ █  ▄█ ▄█▄ █▄▄█▀█▀████▀▀███▄ ▀▄▀█▀█▄▀▄ ▄▄█ ▀▄▀▀  ███
█▄▄▄▄▄▄▄█▄█▄▄█▄█▄▄▄▄██████▄████▄▄▄▄▄▄▄█▄██▄▄▄█▄███▄██▄██▄██

Scan this QR code:
▄▄▄▄▄▄▄▄▄▄▄▄▄▄▄▄▄▄▄▄▄▄▄▄▄▄▄▄▄▄▄▄▄▄▄▄▄▄▄▄▄▄▄▄▄▄▄▄▄▄▄▄▄▄▄▄▄▄▄
█ ▄▄▄▄▄ █▀ █▀ ▀ ███  █▀▄▄▄▄█▄▄▄▄ ▀▀█   █ ▄▄ █▄▄▄ ██ ▄▄▄▄▄ █
█ █   █ █▀  █▄ ███▀ ▄█▄▄  ▀█▄█ ▄▀██   █▀▄▄▄  █ ▄ ██ █   █ █
█ █▄▄▄█ █▀██ ▀█▀▄█▄█▄ ▄█▀ █ ▄▄▄ ▄█▀█▄█▄▀▀▀▄▄█ ▀▀▄██ █▄▄▄█ █
█▄▄▄▄▄▄▄█▄▀ █▄▀ ▀▄▀ ▀ ▀ █ █ █▄█ ▀▄█ ▀▄█ █ █▄▀ ▀ ▀▄█▄▄▄▄▄▄▄█
█  ▄  █▄▄ █▄█▄ ▀ ▄▀▄ █▀▀▄▀▄     ▀█▀█▀  █▀█   █▄▄ ▀ █ ▀▄▀▄▀█
█  ▀█▄▀▄ ▄▀ █▀▄ ▄ ▀ ▀▀▀ █ ▀▄   █▀▀ ▀█▀▀▄▀▀ ▀▀▀ █▀█▄▄▄ ▀▀ ██
█▀▀▀█▄▀▄▀█▄▄  ▄▄▄█▀ ▄▄▀▄    ██▀██▀██  ▀▄▀█▀▀█▀ ▄▀ ▀▄█▀█▄███
█▀▄█▄▄▄▄ █ ▄▄▀▀█ ▄██▀█▄▀▄ ▀█ ██▄███▀ ▀▀█  ▀ ▀▀▀▄▀ ▀█▀██▀ ██
█▀▄▄   ▄   ▄█▄▄█▀▄ ▄ ██▀ ▀█▀▀ ▀ ▄▀▀█▄▄▄▄██   █▄▄ ▀███▀▀▀█▄█
█ ██   ▄██▀▀▀▄▀█   ▄  ▄▀▄  ▄▀ ▀██ ▀ ▄▄  ▄██▄█▄█▀▀ ▄ ▄▀▀▀ ██
█▀█ ▀█▄▄ ▀▀██▀▀█▄▀▄▄▄█▀█▀▄▀ ▀▀▀ ▄█▄██▄▀██▀▀  ▀▄█▄▀ █▄▀█ ▀ █
██▄███ ▄▀▄█▀███▄▄ ▄ ▄█  ▀█▀ █▀█▄█▄▄ █▀█ ███▀▄█▄▀▄▀▀▄▄▀▀▀▀██
██ ▄ ▄█▄▀ █  ▀▀▄▄█  █▄██  ▀█▀▀█▀▄ ▄ ▄▄▀▄▀██▀▄█▄█▀▀ ▄▀▀█ ▄▄█
██ ▀▀ ▄▄▄ █▀ ▄█▀█▄▄█ ▀▄█  █ ▄▄▄    █▄▀█ ▀▀▄▀▄█ ▄▀ ▄▄▄ ▀  ▀█
█▀▄ █ █▄█ ██▄▄▀█▀▄▄▀ █▄█▀ ▀ █▄█ ▄███  ▄▄██   ▀▄▄▄ █▄█ ▀▄▄ █
█▀ ▄ ▄▄▄▄ ▄█  █▀▀▄▄ █▄ ▄ ▀█▄▄▄▄▄█▄█ ▀█ ▄  ▄ ▀▀▀▀   ▄ ▄ ▀ ▀█
███▄▄██▄▀▄▄▀█▄ █▄█▀▄▀▄█▀▄▀▄▀▄▄▀  █▀█ ▄ ███ ▀▀▀▄▄█▀▀ ▄█ ▀▀ █
█▄█▀ █▄▄▄▀ ▄▄ ▄  ▄▀ ▄▄██▄▄▄▄▄▄▀ █▀▄▄▄█▀ █▀▀▄▀███ ▄ █▀▄  ▄▀█
█▄▄ █▀▄▄  ▄▄▀█▄ ▀█▄▄▀▀▀█▄ █▄▀█ ▀▄███   ▄█▀▀ ▄▀█▄▀█ ███▀▄█▀█
██▀█▀█▀▄▄▀▀█ ▄██▀█▀▄▀  ▀▄ █ ▀█▄  █ ██▀▄██ █▀▀█▄▄▀▄▄▀ ▀▀▀▄▄█
█▄▄▄▄▄ ▄█ ▄▀▄ ▄█▀▄  ▄▄▀▀▀▀█▀█▄ ▄▀█▀█▄ ▀▄▄█▀ ▄█ ██▄ █▄▄▄▄█▀█
█ ▀▄█▀▀▄█▀  ▀▄▀▄██▀ ▄ ▀ ▀ █▀ ▀  ██▀▀▀▀ ▄▄█▄▀ ▀ ▄▀█▄▀▄█ ▀▀██
█ ▄▀▀██▄▄▀▀█▄  ███▀ ▄▄▀▄  █ ██ █ █▄█▄▄▀▄██  ▀██▄█▀▀▄▄▄▄██▀█
█ ▀ ▀▀▄▄▀▀▀█ ▄█▀ ▀█▀█▄▀████▄ ▀▀▄▀ █ ▄ █▀▄ ▀█▀ ▀ ▀▀▄██▄▀  ▀█
███████▄▄▀▀ ▀▀ ▀▄▄▄▄ █▀█ ▀▄ ▄▄▄  ▀▄█  ██ ▀ ▀ ▀ ▄▀ ▄▄▄ ██▀▄█
█ ▄▄▄▄▄ █▄▄ ▄██ █  ▀ ▀██▀▀█ █▄█ █▀▀▄▀▀▄   ▄ ▀▄ ▄▀ █▄█ ▀▀ ██
█ █   █ █ █▀█▀█ ▄▀▀▄▄██▀▀▄     ▄▄██▄ ▄▄███  ▄███▄  ▄ ▄█ ▄▄█
█ █▄▄▄█ █    ▄▄█▄ ▀▄▄█ ▄▀██ █▀▀██▄█▀   ▄▄▀▄▀▀   ▄  ▄▀█  ███
█▄▄▄▄▄▄▄█▄███▄█▄██▄▄█▄██▄▄▄██▄█▄▄▄▄▄▄▄█▄▄██▄███▄▄▄▄█▄█▄█▄██

Scan this QR code:
▄▄▄▄▄▄▄▄▄▄▄▄▄▄▄▄▄▄▄▄▄▄▄▄▄▄▄▄▄▄▄▄▄▄▄▄▄▄▄▄▄▄▄▄▄▄▄▄▄▄▄▄▄▄▄▄▄▄▄
█ ▄▄▄▄▄ █▀█▄▄ █▀▀▀▄  ▀▄▄▄  ██▀ ▄▄ ▄▀ ▀ █▀█▀▄▀▀▄▄ ██ ▄▄▄▄▄ █
█ █   █ █▀▄ ▀▄▀█▄▄█▀██▄▄▀ ▀█▀▄▄ ▀██ ▄▀█▀▀▄▀▄ ▄ ▄ ██ █   █ █
█ █▄▄▄█ █▀▄█▄▄ ▄▄███▄ ▀▄▀ █ ▄▄▄ ▀▄▄▀▀ ▄▀ ▀▀▄ █▀▀▄██ █▄▄▄█ █
█▄▄▄▄▄▄▄█▄█▄▀▄█▄▀▄▀ ▀ █ █ █ █▄█ ▀▄█ ▀▄█▄█ ▀ ▀ █▄▀▄█▄▄▄▄▄▄▄█
█ ▄   ▀▄ ▄██▀█ █▄▄█▄ █▀█ ▀ ▄▄▄  ▀█▀█▀  █▀█▄▀██▄▄ ▀ █ █▄▀ ▀█
██▀▀▀ █▄▀▀▄▄ █▄ ▄▄▀ ▀▀▀ ▀▀ ▄▀█▀█▀▀ ██▄▀█ ▄▄█▀    ▀█▄█▀▀▀▄▀█
█▀▄██▀█▄█▀▄  █▄▄█▄▀ ▀█▀▄  ▄███▀██▀██▀▄ █▀▀▀▀▀▀▀█▀  █▀▀█▄▀▀█
█▀█  ▀ ▄▄▄█  ▀██▄▄█▄▀▄ ▀▄▄▀█▀██▄█▀██  ▀▄ ▀██▄▀█▄▄█▄▀█▀▀ ███
█ ▀█ █▀▄█▀▀▄  ▄▀▄█▄ ▀█▀█▄▀▀█▀ ▀▀██ █  ▀▄██▀ ▄█▄█▀▀▀█▀█▀ █▀█
█▀▀ ▀▄▀▄ ▀▀▀██▀█▄▄▀█   █▄▀▄▄▀ ▀▀▀ ▀▄▄▄ █▄▀▄ █▄█   ▀█  ▀▀ ██
█ █▄█ ▄▄ ▀▀▄ ▀▀█▄▀▄ ▄█▀█▀▄  █▀█▀ █ ▄▄  █▄█▀▀ █ █▄▀ ▄▀██▄ ▀█
█▀▀ ▄▄▄▄▀█▀▄▀▄ ▀▄ ▀█▄██▄▀█▀ ▄  ▀▄██ ▀▀ ▄█▀▀ ██▀  ▀ █▄ ▀▀▀██
█▄▀█▀█▄▄▀███  ▄▀▄▄▄ █▄▀█▀ █▀▀▀ ▀▄ ▄  ▄▀██▀ ▀ ██▄▀ █▄ ██▀▄ █
█▀▄▄  ▄▄▄ ▀▄▄ ▄▀▀▀▄█ ▀▄██ ▀ ▄▄▄    █▄█▀ ▀  █  ▄▄  ▄▄▄ ▀  ██
██ ▀█ █▄█  ▀▀▄▀▄█▄▄▀▀█▄█▀▀▀ █▄█ ▄▀▄▄ ▄ ▄▀█ ▀██▄█▄ █▄█ ▀█ ██
█▄▀▄ ▄ ▄▄ █▀ ▀█▄   ▀█▀▄▀▄▄ ▄    ▀▄█▀█▄▄▄██▄██ ▀▄▀▄  ▄   ▄██
█ ▀ ▄▀ ▄██ ▀▄▄▀██▄ ▄█▄█▀ ▀▄▄▀▄▀  █▀█  █▄█▀  ▄█████▀█▄▄ █▄▀█
█▄█▄▀ █▄█▀  ▀▄▄█ ▀▀ ▄▄▀ ▀▄▀▄▄▄▀ ▀▀ ▄▀▄█ ▀█▄█▀ █▄ ▀ █▄▄▀▀▄▀█
█▄█ ▀▀▄▄ ▀ █▀█ █▀█▀▄▀▀▀█▄ █▀▀█▄ ▀▀▄█▀▄██▀▀▀▀██▀▄▀▀ ▀▀▄▄██ █
██▄▄   ▄▀▀█  ▄▀▄▀█  ▀ ▀▄▄ ▄ ▀█▄ ▀█ ▄█▀█▄  ▀▀█▄█  █ █▀██▀▄▄█
█▄▀█▀▄ ▄ ▄▄ ▄█ ▄▄▄▀▄▄▄██▄▀█▀▄▄▀▀▀█▀█   ▄▀█ ▀ ██▄█▄██▄▄ █▀██
███▄ █▄▄██▄▀▄▀▄▄▄█▀  ▀▀ ▀▀▀▀▀▀ ▄▀█▀██  ▄▀▄▄ █ ▄███ ▀▀▄▀ ▄▀█
█▀▀ ▄▀ ▄▀ ▄█▄ █ █▄▀  ▄▀▄▀ ▄███   ██▄▄▄██▀▀ ▀ ▀▄██▄ ▀▄█▄██ █
█ ▀ ▀▀▄▄▄ █▄█▄▀▀▀█▀▄▄ ▀▀█▀▀▄▀▀▄▄▄▀█▀█▀▄ ▄▀▄ ▀   █▄▀▀▀▀▀ ▄██
███████▄█ █ ▀█ ▀▄▄▄ ▀▄██▀▀▀ ▄▄▄  ▀▄█▄▄ ▄█▀ ▀▀████ ▄▄▄   ▀██
█ ▄▄▄▄▄ █▄▄█▀ ▄▄▄▄█▄█▄▀ ▀█▄ █▄█ ▄█▀▄█▄ ▀▀ █▄▄ ▄▄█ █▄█   ▄██
█ █   █ █ ▀▄ ▄▀▀▄▀  ▄█ ▀▀▄▀ ▄▄ ▄▄████  ▄█▀█▀ ███▄▄ ▄▄ █▀█▄█
█ █▄▄▄█ █ ▄█ █▄ ▄ █▄▄█▀█▀███▀█▀███▄ ▀▄▀█▀█▄▀█ ▄▄█ ▀▄▄▀  ███
█▄▄▄▄▄▄▄█▄▄▄██▄█▄▄▄▄██████▄█▄▄█▄▄▄▄▄▄▄█▄██▄▄▄█▄███▄█▄███▄██

Scan this QR code:
▄▄▄▄▄▄▄▄▄▄▄▄▄▄▄▄▄▄▄▄▄▄▄▄▄▄▄▄▄▄▄▄▄▄▄▄▄▄▄▄▄▄▄▄▄▄▄▄▄▄▄▄▄▄▄▄▄▄▄
█ ▄▄▄▄▄ █▀ █▀ ▀ ▀▀▄  █▀▄ ▄▄█▄▄▄▄ ▀▀███ █▀▀▄  ▄▄▄ ██ ▄▄▄▄▄ █
█ █   █ █▀  █▄ █▄▄▀ ▄█▄▄ ▀▀█▄█ ▄█▄█ ▀ █▀▄█▄ ▀█ ▄ ██ █   █ █
█ █▄▄▄█ █▀█▀▀██▀▄█▄█▄ ▄█▀ █ ▄▄▄ ▄█▀█▀ ▄▀▀▀▄▄▀█▀▀▄██ █▄▄▄█ █
█▄▄▄▄▄▄▄█▄▀▄█▄▀ ▀▄▀ ▀ ▀ █ █ █▄█ ▀▄█ ▀▄█ █ █▄▀ ▀ ▀▄█▄▄▄▄▄▄▄█
█  ▄ ▄█▄▄▄█ ██ ▀ ▄▀▄ █▀▀▄▀▄     ▀█▀█▀  █▀█   █▄▄▀  █▄▀▄▀▄▀█
█  ▀██ ▄▀▄   ▀▄ ▄ ▀ ▀▀▀ █ ▀█▄▄ █▀▀ ▀█▀█ ▀▀▄▀▀▀ ▀▄ ██▄▀▀▀ ██
█▀▀▄ ▄▀▄██    ▄▄▄█▀ ▄▄▀▄   ▀▀▀▀██▀██  ▀█▀█ ▀█▀▀█▄▀▀▄▄█▀ ███
█▀▄ ▄▄▄▄ █ ▄▄▀▀█ ▄  ▀█▄█▄ ▀█ ██▄██▄▄▄▀██▄▄▀▄▀██▄▄▀▀█▀█▀▀ ██
███▄▄  ▄   ▄█▄▄█▄█ ▄▀█▀▀▀▀█▀▀  ▀▄▀▀█▄ ▀▄▀█ ▀▄█▀█ ▀███▀ ▀▀▄█
█████  ▄██▀▀▀▄▀█▀█ ▄  ▄▀ █ ▄▀ ▀▄▀ ▀  ▀ ▀▄▀█▄ ██ ▀  ▄▄▀▀▀▄██
█▀█ ▀█▄▄ ▀▀█ ▀▀█▄▀▄▄▄█▀█▀▄▀ ▀▀▀  █▄█ ▄▀█▀▀▀  █▄█▄▀ █▄▀█ ▀ █
██▄██ ▄▄▀ ▀  ██▀▄ ▄ ▄█  ▀█▀ █▀█▄██▄ █ █ ▄██▀█▄▄▀▄▀▄█▄▀▀▀▀██
██ ▄ ▄█▄██▄▄▀▄█▄▄█  █▄██  █▀▀▀█▀▄ ▄ ▄▄▀▄▀██▀▄█▄█▄▀ ▄▀▀█ ▄▄█
██ ▀▀ ▄▄▄ ███▄ ▄█▄▄█ ▀▄█  ▄ ▄▄▄   ▄▀▄▀▀ ▀▀ █▄█▄▄▀ ▄▄▄ ▀  ▀█
█▀▄▄▀ █▄█ ▀▄▄▄  ▀▄▄▀ █▄█▀ ▀ █▄█ ▄█▄█   ▄██▄▀ ▀▀█▄ █▄█   ▄ █
███ ▀▄ ▄  ▄█  █▀▀▄▄ █▄   ▀█ ▄▄▄▄█▄▄ ██▄▀▄ ▄▀█▀ ▄  ▄  ▄   ▀█
██▀  ██▄▀█▄▀█▄ ███  ▀▄▀█▀ ▄▀▄█▀  █▀█▄▄ █▀█▀▀▄▀███▀▀ █▄  ▀ █
█   ██▄▄▄▀ ▄▄ ▄ ▀█▀ ▄ ██▄█▄▄▄▄▀ █▀▄▄▀▄▀▀█▀ ▄▀▄▄▄ ▄ █▀    ▀█
█▀▄ █▀▄▄  ▄▄▀ ▄ ▀█▄▄▀▀▀█▄ █▄▀███▄███ ▄ ▄▀▀▀ ▄▀█▄▀█ ███▀▄█▀█
██▀█▀█▀▄▄▀▄▀▄ ▀▄▀█▀▄▀  ▀▄ █ ▀█ ▄▀▄ █▄ ▄██ █▀ █▄▄▀▄▄▀ ▀▀▀▄▄█
█▄▄▄▄ ▀▄█ ▄ ▄▄ ▀▀▄  ▄▄▀▀▀▀█▀█▄ ▄▀█▀█▄ ▀▄▄█▀ ▄█ ██▄ █▄▄▄ █▀█
█ ▀▄█▀▄▄█▀█▀█ ████▀ ▄ ▀ ▀ █▀ ▀  ███▀▀▀▄▄▄█▄▀ ▀  ▀▀▄█▄█▀ ▀██
█ ▄█   ▄    ▄ ▀▄██▀ ▄▄▀▄  ████ █ █▄█▄▄▀▄██▀ ▀██▄▀█▄▀▄▄ ▀█▀█
█ ▀ ▀▀▄▄ █▀█ ▄█▀ ▀███▄▄ ██▄▀ ▀▀▄▀ ▄ ▄▄▀▀  ███▄▄ █▄ ▀▄ ▀▀ ▀█
███████▄▄▀▀ ▀▀ ▀▄▄▄ █▄▀█▀ ▄ ▄▄▄  ▀▄█▄ ▀▄█▀▀ ▄▀▄██ ▄▄▄ █▄▀ █
█ ▄▄▄▄▄ █▄▄ ▄██ ▄█ ▀  ██ ▀█ █▄█ ▀▀▀▄█▀█▀▀▀█ █▄ ▄  █▄█ ▀▀ ▀█
█ █   █ █ █▀█▀█ ▄▀▀▄▄██▀▀▄  ▄  ▄ ██▄ ▄▄█▀█  ▄▀███  ▄  █ ▄██
█ █▄▄▄█ █ █ ▄▀▄▀▄ ▀▄▄█ ▄▀██  █▀█▄██▀ ▀ ▄█▀▄▀ ▀  ▄  ▄▀█  ███
█▄▄▄▄▄▄▄█▄█▄▄██▄██▄▄█▄██▄▄▄█▄██▄▄▄▄▄▄▄█▄▄██▄███▄▄▄▄███▄█▄██

Scan this QR code:
▄▄▄▄▄▄▄▄▄▄▄▄▄▄▄▄▄▄▄▄▄▄▄▄▄▄▄▄▄▄▄▄▄▄▄▄▄▄▄▄▄▄▄▄▄▄▄▄▄▄▄▄▄▄▄▄▄▄▄
█ ▄▄▄▄▄ █▄▀▄ ▄▄█▀█ █▀▀ █▄▄ ▀▀▀▄ ▄▄██▄▀ █ ▄▄ █  ▄ ██ ▄▄▄▄▄ █
█ █   █ █ █▀▀█ ████ █▄██ ▀ █ █▄▀ ▄▄▀▀▀▄▀██▀█ ▄▀▄ ██ █   █ █
█ █▄▄▄█ █▄██▀▄▄█▀▀▄  ▀▄  █▀ ▄▄▄ █▄▀█▄▀  ▀  ▀▀ ▄▀▄██ █▄▄▄█ █
█▄▄▄▄▄▄▄█▄▀▄▀▄█ █▄█▄▀▄▀ ▀▄█ █▄█ ▀ ▀ █ █ ▀ █▄▀▄▀▄█ █▄▄▄▄▄▄▄█
█ ▄  █▀▄█ █ ▄▄▀█████▀█ ▄  █▄▄▄   █ ▄▀▀▀█ ▄▄ ▄███  ▄██ ▄ ▀ █
█ █ ▄▄▄▄ ▀▀█ ▄ ▀▀  ██ ▄▄ ▄ █ █  █ ▀▀▄▀▀ █ ▀▄█▀▀▄█  ███ ▄  █
██▄▀█▀▀▄▄  ▀▄▀▄ ▀▄█▄▀▀█▄▄▄█  ██▀██ ▄█ ▀ █▀▄▄▀█▀▄██ ▀██▀ ▀██
██▄▄█  ▄█▄▄▀  ▄███▄█ ▄▄▀▄█ █ ▄█▀▄▀▀ ▄▀▄▀█ ██▀█ ▄▄▀█▀█ ▀▀▄██
█▀▄██▀ ▄▀ ▄ ▀█  ▀▀████▄▀ ▄█▄▄▄ ▄▀▄▄▀▀▀████▀█▄▄▄  ▄█▄▄▀▀█▀▄█
██▄▄█ █▄ ██▀▀▀▀▀█▀█▀▄ ▄█  ▄ █ ▄█▀▄█▄█   ▄▄ ▄█▀  ▄▄██▄ ██ ▀█
█▄▀▄▄▄▄▄▀▀ █▀  ██ ▄▀██ ▄▀█▀ ▄ █  ▀▀█ ▀▀█▄▄▀ ██▀▄▄ ▀▄ ▄██▀ █
█▄█▀▀██▄█ ▀█▀█▄█▀▄   ▄    █▀▀▄▀▄▀▄ ▄▀█▄█▀█ █▀▄▄▄▀▄▄█▀  ▄█▄█
█ ▀▀█▄▀▄▀█ ▄ ▀█  ▄ ▄█ ███▄▀██▀▄█▄▄  ▄ ▀▀▀▀▄█ ▀▀▄▀█  ▀▀▀█▄▄█
█ █▄▀ ▄▄▄  ▄▀ ▀▀  ▄▄▀▀█▄█▀▀ ▄▄▄ ▀ █▄▄▄ ▄ ▀▄ ▀ ██  ▄▄▄ █▀▀██
█ ▄   █▄█  ▀ ▀ ▀  █▄█▄▀▀ ▄█ █▄█    ▀▀▀▄█▄▀ ▄▀▄▄▀█ █▄█  ▄▄▄█
█▀██   ▄ ▄▀▀▄██ ▄   ███▀  ▀ ▄ ▄▄▀ ▀▀█▄█ ▀█▀▀█ █   ▄▄ ▄▄▄▄▀█
████   ▄▄▀▀ ▄█ ██▄▄█▀█ ▄ ▀█▄▄█▀▀▀█ ▄▄▀▀█▄▄ ▀▀▀▄█▀▀ █▄▄▀██▀█
███▄█▄▄▄▀▀█▄ ▀ ▄▄█ █ ▄▄▄▀███▀  ██ █ █▀  ▀ ▄▀▄▀  ▀▄▄▄   ▄  █
█▀▀▄█▀ ▄ █▄█   ▀███ ▀███ ▄█████ █▀ █  █▀█▀██▀██▄██ ██▄ ▀▄██
█▄█▄▀▀ ▄ ▀▀▀▀▄██ ▄ ▀   █▄▀█  ▄▄█ ▄▀██▀▄▄▀▀▀ ██▄▀ ▄▀█ ▄█ █▄█
█▀█▄▄ █▄▄█▀▄█▄ ▄▀  ▀ █ ▀█▄▀ ▀  ▄█▄▄▀▀█▄█▄▀▀▄▄▄  ▄▀▄ ▀ ▀ █▄█
█▀█ ▄█▄▄█▀▄▀▀▀▄█ ██▄ ██ █████▀▄ ▀▀██▀▄▄▄█▄  █▄▄▀█▀▄██▄▄█▄██
█  ▀▄ ▄▄▀ ██▄▀  ▄█▀▀▀▄ █▀▀▄ ▄▄ ▀▀███▄█▀█  █ ▀▀▄▄▀ ▀ █▄▄█▄ █
█ ▀ ▀▀▄▄▀   ▄▀█ ▄▀██ ▀▄ ▄▄▄▄▄██▀  ▀█▄▄▄▄█▀▀▄▀▀▀▀▄▀█ █▄ ▄ ▄█
███████▄█ ▀ █▀ ██▄█ ▄ ████▀ ▄▄▄  █ █▄ ▀▀▀▀ ▄██▀▄█ ▄▄▄ █▄▀██
█ ▄▄▄▄▄ ███▄▀▀█▄▀ ████ ▀ ▄█ █▄█ ▀▀ █▄▀▀  ▀█▄██▄██ █▄█  ▀▄▀█
█ █   █ █▀▄ ▄▄█ ▀█▀█ ▄██ ▀█  ▄  █  ▀▀█▄█ ▀▄▄   ▀▄ ▄▄ ▄▄▄▀██
█ █▄▄▄█ █ █▀▀▀▄▄  ▀ ▄▀███▀█▀▀██▀▄▀  █▀▀▀██ ███ ▄▀▄▀ ▀▀▄▄█▀█
█▄▄▄▄▄▄▄█▄█▄▄█▄▄██▄█▄█▄▄█▄██▄████▄██▄█▄▄▄▄▄████▄█▄██▄▄█▄███

❌ Bot disconnected (408), reconnecting in 5s...
❌ Bot disconnected (408), reconnecting in 5s...
Scan this QR code:
▄▄▄▄▄▄▄▄▄▄▄▄▄▄▄▄▄▄▄▄▄▄▄▄▄▄▄▄▄▄▄▄▄▄▄▄▄▄▄▄▄▄▄▄▄▄▄▄▄▄▄▄▄▄▄▄▄▄▄
█ ▄▄▄▄▄ █▀ █▀  ▀███▀▀▀ █▄▄▄█▄▄▄▄ ▀███▄▄█ █ ▄██▄▄ ██ ▄▄▄▄▄ █
█ █   █ █▀  █▄ ███▀ ▄█▄▄  ▀█▄█ ▄▀▄█ ▀▀█▀▄█▄  █ ▄ ██ █   █ █
█ █▄▄▄█ █▀██ ▀█▀▄█▄█▄ ▄█▀ █ ▄▄▄ █▀▀██▄▄▀▀█▄▄█▀▀▀▄██ █▄▄▄█ █
█▄▄▄▄▄▄▄█▄█ ▀ ▀ ▀▄▀ ▀ ▀ █ █ █▄█ ▀▄█ ▀▄█ █ █▄▀ ▀ ▀▄█▄▄▄▄▄▄▄█
█  ▄ ▄█▄     █ ▀ ▄▀▄ █▀▀▄▀ ▄    ▀█▀█▀  █▀█   █▄▄▀▀ █ ▀▄▀▄▀█
█  ▀█▄▀▄▀█▀█▀█▄ ▄ ▀ ▀▀▀ █ █▄▄▄ █▀▀▄▀█▀▀ ▀▀▄█▀▀ ▀ ███ ▀▀▀ ██
█▀▀█▀▄▀▄▀█▀▀  ▄▄▄█▀ ▄▄▀▄    ██▀██▀██  ▀█▀█▀ █▀██▄▀▀▄▀▀█ ███
██▀▀▀▄▄▄▀▄ ▄▄▀▀█ ▄▀█▀███▄ ▀█▀█▀▄██ ▀ █ ▀▄▄▀▀▀█▄█▀ ▀█▀█   ██
█ █ ▄  ▄   ▄█▄▄██▄▀▄ ▄ ▀  █▀▀  ▀▄▀▀█▄ ██▀█  ▄▀▀█ ▀███▀▀ █ █
█▄▀▀▀ ▄▄██▀▀▀▄▀█▄  ▄▄ ▄▀█▀ ▄▀ ▀▄▀ ▀      ▄█▄ ▄█ ▀ ▄ ▄▀▀▀▄▀█
█▄  ▀█▀▄ ▀▀█▄▀▀█▄▀▄▄▄█▀█▀▄▀ ▀▀▀  █▄█ ▄▀█▀▀▀ ▄█▄█▄▀▀▄▄▀█  ▀█
██▄██▀ ▄█▄ █▄▀█▀▄ ▄ ▄█  ▀█▀ █▀█▄██▄ █ █ ███▀▄█▄▀▄▀  ▄▀▀▀▀██
██ ▄  ▄▄█▀ ▄█▄▄█▄█  █▄██  █▀▀▀█▀▄ ▄ ▄▄▀▄▀██▀▄█▄██▀ ▄ ▀█ ▄▄█
██ ▀▀ ▄▄▄    ▀█▄█▄▄█ ▀▄█  █ ▄▄▄   ▄▀▄▀█ ▀▀ █▄█ ▄█ ▄▄▄ █  ▀█
█▀▄██ █▄█   ▄▄█▀▀▄▄▀ █▄█▀ ▀ █▄█ ▄█▄▄  ▀███ ▀ ▀██▄ █▄█  █▄ █
██▄█▄ ▄▄  ▄█  █▀▀▄▄▄█▄▄  ▀▄ ▄▄▄▄█▄▄▀██▀█▄  ███▀▀  ▄▄ ▄▄  ▀█
█▀▄▀▀██▄█▀▄▀█▄ █▄█▄▄▀███ ▀▄▀▄▄▀  █▀█ ▄ █ ▀▀  ▀▄██ ▀ ██ ▀▀ █
██ ▄ █▄▄   ▄▄ ▄  ▄▀ ▀▄██ ▀▄▄▀▀▀ █▀▄▄▀▄▀▀▄  ▄█ ▄█ ▄ █▀▀   ██
█ ▀ █▀▄▄  ▄▄▄ ▄ ▀█▄▄▀▀▀█▄ █▄▀█▄  ████  ▄█▀▀  ▀█▄▀█ ███▀▄▄▀█
██▀█▀█▀▄▄▀   █  ▀█▀▄▀  ▀▄ █ ▀█ ▄▀▄ █▄ ▄█▄▀█▀▀▄▄▄▀▄▄▀ ▀▀▀▄▄█
█▄▄▄▄▀▀▄█  █  ▄▄▀▄  ▄▄▀▀▀▀█▀█▄ ▄▀█▀█▄ ▀▄▄█▀ ▄█ ██▄▄█▄▄  █▀█
█ ▀▄█▄▀▄█▀ █▀ ████▀ ▄ ▀ ▀ ▀▀ ▀  ██▀▀▀▀▄ ▄█▄█ ▀▄▄██ █▄█  ▀██
█ ▄▀▀▄▀▄ ▄▄▄▄ ▀▄██▀ ▄▄▀▄  ████ █ █▄▄▄▄ ███  ▀██▄██▄▀███▄█▀█
█ ▀ ▀▀▄▄█ ▀█ ▄█▀ ▀▀██▄ ▄██▄▀ ▀▀▄▀ █▀▄ ██▄ ▀▀█▄▄  ▀▄█▀▀▀  ▀█
███████▄█ ▀ ▀▀ ▀▄█▄▄ ▄█▀▄▀▄ ▄▄▄  ▀▄█▄▄▄███  ▄▀▄▄█ ▄▄▄ █▄█▄█
█ ▄▄▄▄▄ █▄▄ ▄██ ▀▀ ▀█ ██▀ █ █▄█ ▀▀▀▄▄▄▄ ▀▄█▀█▀ ██ █▄█ ▀▀▄██
█ █   █ █ █▀▄ █ ▄▀▀▄▄██▀▀▄  ▄  ▄ ██▄▄ ▄█▀▀  █▀███  ▄▄ █ ▄██
█ █▄▄▄█ █ ▀▄ █▄ ▄ ▀▄▄█ ▄▀██ ▀█▀████▀   ▄▄▀▄▀▀▀  ▄  ▄ ▀  ███
█▄▄▄▄▄▄▄█▄███▄████▄▄█▄██▄▄▄████▄▄▄▄▄▄▄█▄▄██▄███▄▄▄▄██▄▄█▄██

Scan this QR code:
▄▄▄▄▄▄▄▄▄▄▄▄▄▄▄▄▄▄▄▄▄▄▄▄▄▄▄▄▄▄▄▄▄▄▄▄▄▄▄▄▄▄▄▄▄▄▄▄▄▄▄▄▄▄▄▄▄▄▄
█ ▄▄▄▄▄ █▄▀▄ ▄▄▄██ █ █ ▄ ▄ ▀▀▀▄ ▄▄ ▀   █▀█▄ ▄█ ▄ ██ ▄▄▄▄▄ █
█ █   █ █ █▀▀█ ██▄█ ████ ▀ █ █▄▀ █▄▀ ▀▄▀██▀█▀█▀▄ ██ █   █ █
█ █▄▄▄█ █▄█▀▄▀▄█▀▀▄  ▀▄  █▀ ▄▄▄ ▄▀▀█▄▄  █  ▀█ ▄▀▄██ █▄▄▄█ █
█▄▄▄▄▄▄▄█▄▀ █▄█ █▄█▄▀▄▀ ▀▄█ █▄█ ▀ ▀ █ █ ▀ █▄▀▄▀▄█ █▄▄▄▄▄▄▄█
█ ▄  ▀▀▄▀ ▀▀▄ ▀█████▀█ ▄  ▀▄▄▄   █ ▄▀▀▀█ ▄▄ ▄███   ██ ▄ ▀ █
█ █ ▄▄▄▄▄▄▀▀██ ▀▀  ██ ▄▄ ▄▄▄ █  █ ▀▀▄▀█ █ █▄█▀▀ ▀▀▀█▀▄ ▄  █
██▄█▄▀▀▄▄▄ █▄▀▄ ▀▄█▄▀▀█▄▄▄█▀▀▀█▀██▀██   █▀▄▄▀█▀▄▄▄ ▀█▀█▄▀██
█▀███  ▄██▄▀  ▄████▀ ▄▀▀▄█ █▀▄▀█▄▀  ▄▀▄▀█ █████▄▄▀█▀█ ▀▀▄██
█ ▀ █▀ ▄▀ ▄ ▀█     ▀▄█ ▀ ▄█▄▄▄▄█▀▄█▀▀▀▀█ ▀▄█▄ ▄  ▄█▄▄▀▀▄█ █
█▄▄██ ▀▄ ██▀▀▀▀▀▄▄█▀▀█▄█▄█▄ █ ▄██ █▄▄▀    ▀██▄▀ ▄▄▀▀▄ ██ ██
███▄▄▄▄▄▀▀ █▄  ██ ▄▀██ ▄▀█▀ ▄ █ ▀█▀█ ▀▀█ ▄▀ █▀▀▄▄ ▀█ ▄██ ▀█
█▄█▀▀▀▀▄█▄█  ▄▄█▀▄   ▄    █▀▀▄▀▄▀▄ ▄ █▄█▀▄ █ ▄▄▄▀▄  █▄ ▄█▄█
█ ▀▀█▄ ▄  ▀▄ ███ ▄ ▄█ ███▄███▀▄█▄▄  ▄ ▀▀▀▀▄█ ▀▀▄██ ▀ █▀█▄▄█
█ █▄▀ ▄▄▄   ▄▀▄▄  ▄▄▀▀█▄█▀█ ▄▄▄ ▀ █▄▄▄ ▄ ▀▄ ▀ ▀▀▄ ▄▄▄ █▀▀██
█ ▄█  █▄█ ▄█ ▀▄▀  █▄█▄▀▀ ▄█ █▄█     ▀▀██▄▀▀█▀▄▀ ▄ █▄█ ▀▄▄▄█
█▄▀▄▄  ▄  ▀▀▄██ ▄ ▀███▄    ▄▄ ▄▄▀   ▀▄▀ ██▄▀█▄█▄▄   ▄▄▄█▄▀█
█▄▄▄█  ▄ ▄▀ ▄█ █ █▄█ █ ▄  █▄██▀▀▀█ ▄ █ █    ▄█▄██▄ ███▀█▀▀█
██▄▄▀▄▄▄█▀█▄ ▀ ▄ ▄ █▄█▄▄████▀  ██▄█ ██▀ ▀▀▄  ▄   ▄▄▄▄  ▄▄▄█
██▄▄█▀ ▄ █▄█▄▄ ▀███ ▀███ ▄████▀▄ █ █ ▄█▀████ ██▄██ ██▄ ▀▄▄█
█▄█▄▀▀ ▄ ▀█▄██▄█ ▄ ▀   █▄▀█  ▄▄▀ █▀██ ▄▄ ▀▀ █▄▄▀ ▄▀█ ▄█ █▄█
█▀█▄▄ █▄▄█▀███▀▄▀  ▀ █ ▀█▄▀ ▀  ▄█▄▄▀▀█▄█▄▀▀▄▄▄  ▄▀▀▄▀ ▀▄█▄█
█▀█ ▄ ▀▄█▀▀█▀▀█▀ ██▄ ██ █████▀▄ ▀▀██▀▄▄▄█▄▄▄█▄▄██▀ ██▄▄▄▄██
█  ██▄▄▄▄██▄▄▀▄ ▄█▀▀▀▄ █▀▀█▀▄▄ ▀▀█▄▄▄█▄▄    ▀▀▄▄█▀ █▄█▀▀▄ █
█ ▀ ▀▀▄▄▄▀  ▄▀█ ▄▀██ ▀█ ▄▄▄▀▄██▀   ▄   ██▀▄ ▀▀▄▀ ▀▄▄██ ▄ ▄█
███████▄▄ ▀ █▀ █ ▄█ ▀  ▀▄▄▀ ▄▄▄  █ █▀   ██▄▄ ▀ ██ ▄▄▄ ▄██▀█
█ ▄▄▄▄▄ ███▄▀▀█▄▀███▄█ ▀█ █ █▄█ ██ █▄▄   ██▄█▀▄▄▄ █▄█  ▀███
█ █   █ █▀▄  ▄█ ▀█▀█ ▄██ ▀█ ▄      ▀█▀▄█ ▀▄▄▄▄ ▀▄ ▄▄ ▄▄▄▀██
█ █▄▄▄█ █ █▀ ▄ ▄  ▀ ▄▀███▀█▀▀▀█▀█   ▄ ▀▀█▄ ██▄ ▄▀▄▀ ██▄▄█▀█
█▄▄▄▄▄▄▄█▄▄▄█▄█▄██▄█▄█▄▄█▄██▄████▄██▄█▄▄▄▄▄████▄█▄██▄▄█▄███

Scan this QR code:
▄▄▄▄▄▄▄▄▄▄▄▄▄▄▄▄▄▄▄▄▄▄▄▄▄▄▄▄▄▄▄▄▄▄▄▄▄▄▄▄▄▄▄▄▄▄▄▄▄▄▄▄▄▄▄▄▄▄▄
█ ▄▄▄▄▄ █▄▄██▄ █▀█▀█▄▀█▄▄▄▄▀ ▄   ██▀██▀█▀ ▄▄█▄ ▄ ██ ▄▄▄▄▄ █
█ █   █ █ ▀▀█▀▀██▄▀▀▄▄██ ▀ ██▄ █ █▄▀█ ▄▀██▄▀ █▀▄ ██ █   █ █
█ █▄▄▄█ █▄▄▀█▀▀ ▀▀█  ▀▀▀ █▀ ▄▄▄  ▄▄▀▀█  ▀██▀ ▄▄▀▄██ █▄▄▄█ █
█▄▄▄▄▄▄▄█▄█ ▀▄▀▄█▄█▄▀▄█ ▀▄█ █▄█ ▀ ▀ █ █▄▀ ▀ ▀▄█ █ █▄▄▄▄▄▄▄█
█  ▄ █▀▄▀  ▄██▀▀▀█▀█▀█  ▄ █      █ ▄▀▀▀█ ▄ ▀▀███▀  █▀ ▄ █ █
██▄  ▀ ▄█▀█ ▄█ ▀▀▄ ██ ▄▄▄█▀▄▀ ▀ █ ▀█▄▄▀█▄█▀▄█ ▀▀██ ▄▄▀ ▄▄▄█
██▀▄▄▄█▄   ▄▄▄▄  ██▄▄ █▄▄▄▀▄▀██▀██▀▄▄▄ ▀██▄▄██ █▄█▀ ▀█▀▄█▀█
█ ▀▀██▄▄ █▀█▄  █▀█ █ █▀█▄▀ █▀██▀▄██▀ ▄█▄▀▀▀▀▄▀▄█▀  █▀▄▄ ▀██
█▀▀█▄▄▀▄▄▀█ ▄▀ ▄▀▀█▀█▄▀█ █▀ ▄▄ ▄  ▄ ▄▀▄▄▄█▄▄▄▄  ▀▄▀▄ █▀▄▀▀█
██▄█ ▄▄▄█▀█▀█ ▀▀▄▄▄ █▀ ▀    █ █ ▀ █ ██▀▄▄▀ ▀▀▀ ▀█▄ ▄ ▀██▄██
██   ▄▄▄▀▀ ▄▄  ██ ▄███ ▄▀█    ▀▀▀██▄ ▀ █▄▄▀▀▀██▄▄  ██ █▀ ▀█
█  ▄  ▄▄█▀  ▄ █ ▀▄██ ▄█▄  █▀ █▄▀ ▄▀▄▄█▀▀ ▀▄▄ ▄▀██▄▀█▀█ ▄█▄█
█▀  ▄▀▀▄▀  ▄▀▄█▄ █▄▄█ ▀█▄▄███▀▀█▄▄    ▀ ██▀█▄▀ █▄█  ▄█▀▄▄ █
█▄▀▀  ▄▄▄ ▀▀▄█ ▀▄█▄▄▀▀█▄ ▀▀ ▄▄▄ ▀ █ ▄ ▄   ▄▄█████ ▄▄▄ ▀▀▀▀█
█▄ ▄▀ █▄█ ▀██▀▀█▄ █▄▄▄▀▀ ██ █▄█  ▄ ▀▀█▄▄ ▀▀▄▄ ▄ █ █▄█  ▄ ▀█
█▀  █ ▄▄▄  █▄▄███▄▄▀█ ██▄█▄  ▄  █   █▀▀█   █▀██ █ ▄ ▄ ▄█ ██
█ █ ▀▄█▄▄▄█ ██▀█▄▄▄██▄ ▄▀▀█▀▄▄▀▀▀█ ▄ ▀▀▄█ ▄  ██▄▀▀  ▄█▀  ▄█
█▀█▄▀▀█▄█▄█ ██ ▀   █ █ ▀█▀ █   ██ ▀  █▄  ▀▀ ▄   ▀▀▄▄█ ▀█ ▄█
█▄█▄▀▀ ▄ ▄ ▄▄▀▄▄██  ▀███ ▄█ ██ ▄██▀█    ▀██▄█▀▀▄█▀ ▀▀██ █▄█
█▄ █ ▄▀▄█▀ ▀▀█▄▀ ▄▀█  ▀ ▄▀▄  ▄ █ █▀▄█ ██▄ █  ▄██▀██▀▀ ▀ █▄█
█▀ █▀▀█▄▀▀ ▀▄▄▀ ▄ ▀█ █▄█ ▄▀   ▀▀█▄▄▀████▀▀ █ ▄█▀▄▀▀▀▀ █▀▀ █
█▄▀ ▀▄ ▄██▀▄█▀ ▄▀██▄▄▄█ █▄▀█▄▀▄▄█▀█▀██   █ ▀ █ ▄█▀▄▀ █ ▄▀▀█
█▀█▄▄▄▄▄▄▄▄▄▄▀▀█▄▄▀▀█▄ █ ▀█▄▄▄ ▄▀█▀█▄█▄█▄▄█▀ █▄▄█▀▀█▄▄▄▄▄▀█
█ ▀ ▀▀▄▄ █▄▀▀▀▀ ███▀▀██▄▄  ███ ▀█▀ ▄██ █▀ █▄▀▀█▀▀▀█ ▀▀▀█▄ █
███████▄▄▀█ ██ █▀▄▄▄ ▀████▄ ▄▄▄  █ █ ▄  ▀▀▄▄▄▀ ▄█ ▄▄▄   ▀▄█
█ ▄▄▄▄▄ ███▀▄▄▄ ▄█  █▀▄▄▀▄▄ █▄█  ▀ █▄▀█▀▄▀█▀▄▄▀▄  █▄█ ▀  ██
█ █   █ █▀ █▄▀▀▀▀█ ▀ ▄ █ ▀▄  ▄  ▀▄  ██ ▄█▀▀█   ▀█▄▄▄ ▄▄█ ▄█
█ █▄▄▄█ █ ▀▄▀█    █ ▄▀▄▄█▀█▄ ██▀█▀▀▀▄▄   ▀ █ ▄▄  ▄  ▀█▄▄█▀█
█▄▄▄▄▄▄▄█▄▄█▄▄██▄▄▄█▄▄▄▄▄████████▄██▄█▄▄█▄██▄█▄█▄█████▄▄███

Scan this QR code:
▄▄▄▄▄▄▄▄▄▄▄▄▄▄▄▄▄▄▄▄▄▄▄▄▄▄▄▄▄▄▄▄▄▄▄▄▄▄▄▄▄▄▄▄▄▄▄▄▄▄▄▄▄▄▄▄▄▄▄
█ ▄▄▄▄▄ █▄▀▄ ▄▄▄▀█ ▄▄█ █▄  ▀▀▀▄ ▄▄█▀██▄▀ █▄ ▀▀ ▄ ██ ▄▄▄▄▄ █
█ █   █ █ █▀▀▀ ██▄█ ████▀  █ █▄▀▀▄▄▀▀ ▄▀██▀██▄▀▄ ██ █   █ █
█ █▄▄▄█ █▄█▀▄ ▄█▀▀▄  ▀▄  █▀ ▄▄▄   ▀█▀▄  ▀▀ ▀▄█▄▀▄██ █▄▄▄█ █
█▄▄▄▄▄▄▄█▄█ ▀▄█ █▄█▄▀▄▀ ▀▄█ █▄█ ▀ ▀ █ █ ▀ █▄▀▄▀▄█ █▄▄▄▄▄▄▄█
█ ▄  ▀▀▄▀▄█▀██▀█████▀█ ▄  ▀ ▄▄   █ ▄▀▀▀█ ▄▄ ▄███▀▀▄█▀ ▄ ▀ █
█ █ ▄▄█▄█▀▄▀ ▄ ▀▀  ██ ▄▄ ▄▄█▄█  █ █▀▄▀█▄█ █▄█▀▀▄█▄ █▀█ ▄  █
██▄▄▀▀▀▄▀▄▄ ▄▀▄ ▀▄█▄▀▀█▄▄▄█▀█▀█▀██ ▄█ ▀▀█▀▀▄▀█ ▄█▄ ▀ ██ ▀██
██ ▄█  ▄██▄▀  ▄███▄█ ▄  ▄█ █▀▄▀▀▄▀ ▀▄█  ▀▄  ▀▀    █▀▄   ▄██
█  ▀▄▀ ▄▀ ▄ ▀█  ▀▀█▀▄█▄█ ▄█▄▄▄█▄▀▄▄ █▀█▄▄█▀█ ▄▀  ▄█▄▄▀▀▄▀ █
█ █   ▀▄ ██▀▀▀▀▀ ▄█▀▄█▄█▀█▄ █ ▄██ █▄█▀▀▀  ▀▄ █▀▀▄▄█▀▄ ██ ▀█
█▀▀▄▄█ ▄▀▀ █▀█ ██ ▄▀██ ▄▀█▀ ▄ █ ██▀█▀▀▀█ ▄▀ ██▀▄▄  ▄ ▄██▀ █
█▄█▀▀▀▄▄█ ▀▄▄▄▄▀▀▄   ▄    █▀▀▄▀▄ █ ▄ █▄█▀▄ █▀▄▄▄▀▄▀▄█▄ ▄█▄█
█ ▀▀██▄▄▀▀▄█▀▄█▄ ▄ ▄█ ███▄█▀█▀▄█▄▄  ▄ ▀▀▀▀▄█ ▀▀▄▄█ ▀██▀█▄▄█
█ █▄▀ ▄▄▄ █▄▄▀▄█  ▄▄▀▀█▄█▀  ▄▄▄ ▀ █▄▄▄   ▀  ▀ ██  ▄▄▄ ▀▀▀██
█ ▄▀  █▄█  █ ▀█   █▄█▄▀▀ ▄█ █▄█    ▀▀▀██▄▀▀█▀▄    █▄█ ▄▀▄▄█
█▄ ▀▀  ▄  ▀▀▄██ ▄ ▀▀███▀  ▀ ▄ ▄▄▀ ▀▀▀ ▄ ▀█ ▀▀▄▄█▀ ▄ ▄▄█▄▄▀█
█▀▀ ▄  ▄▄ ▀ ▄█ █▄█▀█▀▄   ▀█▄ █▀▀▀█ ▄▄▀▀█  ▀ ▄█▄█▀█ ███ ████
█ ▄▄▀▄▄▄▄▀█▄ ▀ ▄▀▄ █ █▄▄█▀██▄▀ █▀▄█ ▄▄  ██▄▀█ ▀▀ ▄▄▄   ▄ ▄█
█▄▀▄█▀ ▄ █▄██▄ ▀███ ▀███ ▄████▄▄▄█ █ ▄█▀█████▀█▄██ ██▄ ▀█▄█
█▄█▄▀▀ ▄ ▀▀▄█▄▄  ▄ ▀   █▄▀█  ▄ █ █▀██ ▄▄ ▀▀ ▄▄▄▀ ▄▀█ ▄█ █▄█
█▀█▄▄█ ▄▄█▀▄ █▀ ▀  ▀ █ ▀█▄▀ ▀  ▄█▄▄▀▀█▄█▄▀▀▄▄▄  ▄▀ ▀▀ █ █▄█
█▀█ ▄▀▄▄█▀▀ █ ██ ██▄ ██ █████▀▄ ▀▀█▀▀▄  █▄  █▄▄▀█ ▀██▄██▄██
█  ▀ █ ▄▀▀██▄▀█ ▄█▀▀▀▄ █▀▀▄▄▄▄ ▀▀██▄▄█ █  ▀ ▀▀██▀▄  ▄▄ ▀▄ █
█ ▀ ▀▀▄▄▄   ▄▀█ ▄▀█▀ ▀▄█▄▄▄█▄██▀  ▀█   ███▀ █▀  ▄     ▀▄ ▄█
███████▄█▀▀ █▀ █ █  ▄ ▀██▄▀ ▄▄▄  █ █   ▀██▄▄▄█ ▄█ ▄▄▄ █▄█▀█
█ ▄▄▄▄▄ ███▄▀▀█▄ ███▄▄ ▀▀▀█ █▄█ ▀█ █▄█  ▀▀██  ▄▄▀ █▄█  ▀█▀█
█ █   █ █▀▄ █ █ ▀█▀█ ▄██ ▀█  ▄     ▀▀█▄█▄▀▄▄█▄ ▀▄ ▄▄▄ ▄▄ ▄█
█ █▄▄▄█ █ █▄ ▄    ▀ ▄▀███▀█▀ ▀█▀▄▀  █ ▀▀▄█ █▄█ ▄▀▄▀ ██▄▄█▀█
█▄▄▄▄▄▄▄█▄▄▄██████▄█▄█▄▄█▄███▄███▄██▄█▄▄▄▄▄████▄█▄██▄▄█▄███

Scan this QR code:
▄▄▄▄▄▄▄▄▄▄▄▄▄▄▄▄▄▄▄▄▄▄▄▄▄▄▄▄▄▄▄▄▄▄▄▄▄▄▄▄▄▄▄▄▄▄▄▄▄▄▄▄▄▄▄▄▄▄▄
█ ▄▄▄▄▄ █▀ █▀  ▀███  ▀ ▄  ▄█▄▄▄▄ ▀▀███▄▀▄▀  ▄▄▄▄ ██ ▄▄▄▄▄ █
█ █   █ █▀  ▀  █▄█▀ ▄█▄▄▀▀▀█▄█ ▄▀██ ▀▀█▀▄█▄ ▄▄ ▄ ██ █   █ █
█ █▄▄▄█ █▀▀██ █▀▄█▄█▄ ▄█▀ █ ▄▄▄ ▄▄▀███▄▀ ▀▄▄ ▀▀▀▄██ █▄▄▄█ █
█▄▄▄▄▄▄▄█▄▀ █ ▀ ▀▄▀ ▀ ▀ █ █ █▄█ ▀▄█ ▀▄█ █ █▄▀ ▀ ▀▄█▄▄▄▄▄▄▄█
█  ▄  █▄  █  ▀ ▀ ▄▀▄ █▀▀▄▀▄     ▀█▀█▀  █▀█   █▄▄▀▀ █ █▄▀▄▀█
█  ▀██ ▄▄█    ▄ ▄ ▀ ▀▀▀ █  █ ▄ █▀▀▄▀█▀▀▄▀▀▄▀▀▀▄█▀█▄▄█ ▀▀ ██
█▀▀█▀▄▀▄▄█ ▀  ▄▄▄█▀ ▄▄▀▄  ▀ ██▀██▀██  ▄▄▀█▀ █▀█▄▄▀▀▄ ██ ███
█ █ █▄▄▄▀█ ▄▄▀▀█ ▄ ▀▀█▀▀▄ ▀█ ██ ██▄▀▄▀▄     ▀▀▄██▄▀█ ▄ ▀ ██
██▄▀   ▄   ▄█▄▄███▄ ▀███  █▀▀   ▄▀▀█   ▄▀█ ▀ ▀ ▄ ▀███▀  ▀ █
█▄ ▄▄▄ ▄██▀▀▀▄▀█   ▄█▀▄▀ ▄ ▄▀ ▀▄▀ ▀ █▄ ▀▄ ███▄█ ▀  ▄▄▀▀▀ ▀█
█▀█ ▀▄█▄ ▀▀█▄ ▀█▄▀▄▄▄█▀█▀▄▀ ▀▀▀ ▄█▄█  ▀█▀█▀  ▀▄█▄▀██▄▀█  ▀█
██▄██▄▀▄▀▄█▄▄▄█▀▄ ▄ ▄█  ▀█▀ █▀█▄█▄▄ ▄ █ ▄▄█▀▄█▄▀▄▀▄  ▀▀▀▀██
██ ▄  ▀▄█  █▀▄  ▄█  █▄██  ▀▀▀▀█▀▄ ▄ ▄▄▀▄▀██▀▄█▄█▀ ▀█▀██ ▄▄█
██ ▀▀ ▄▄▄ ▀▀▀█▀▀█▄▄█ ▀▄█  ▄ ▄▄▄   ▄▀▄▀▀▄▀▀ ▀▄█    ▄▄▄ ▀  ▀█
█▀▄▀  █▄█ ▄█▄▄▄▄▀▄▄▀ █▄█▀ ▀ █▄█ ▄█▄█   ███▀▀ ▀▄█▀ █▄█ █▄▄ █
█▀▄  ▄ ▄▄ ▄█  █▀▀▄█▀█▄▄█ ▀▄▄▄▄▄▄█▄▄ ▀▀▀█ ▄█ █▀██▄▄▄▄▄▄▀  ▀█
██▀▄▀██▄▄█▄▀█▄ █▄█ ▄▀▄█▀▀ ▄▀▄▄▀  █▀█ ▄ █▀▀▀▀▀██▄██▀ ▄█▀▀▀▄█
█ ▀ ██▄▄▄▀ ▄▄ ▄ █ ▀ █▄██▄▄▄▄▀ ▀ ██▄▄▀█▀▀▀█▀█▀ ▄█▀▄ █    ▄▀█
██  █▀▄▄  ▄▄▄▄▄ ▀█▄▄▀▀▀█▄ █▄▀██▄▄████  ▄██▀  ██▄▀█ ███▀▄█ █
██▀█▀█▀▄▄▀▄█▀▀█▀▀█▀▄▀  ▀▄ █ ▀█▄▄ █ █▄▀▄█▄▀█▀▀▄▄▄▀▄▄▀ ▀▀▀▄▄█
█▄▄▄▄█▄▄█ ▀█ ▀  ▀▄  ▄▄▀▀▀▀█▀█▄ ▄▀█▀█▄ ▀▄▄█▀ ▄█ ██▄▄▀▄▄ ▄█▀█
█ ▀▄██▀▄█▀▀▄▀▄█▄██▀ ▄ ▀ ▀ ▀▀ ▀  ██▀█▀▀  ▄█▄█ ▀ ▄▀ ▄▀▄█ ▀▀██
█ ▄▀███▄▀▀▄▄▄ ▀███▀ ▄▄▀▄  ▄▄██ █ █▀▄▄▄ ███▀▀▀█ ▄██ ▄▄▄▄▀█▀█
█ ▀ ▀▀▄▄▀ ▀█ ▄█▀ ▀███▄ ███▄▀ ▀▀▄▀ ▄ ▄▄▄ ▄ ▄██▄█▄▀█▀▀█▀ ▀ ▀█
███████▄▄▀▀ ▀▀ ▀ ▄▄ ▄▄▀█▀▀▄ ▄▄▄  ▀▄█▀▄ ▄ ▀▀▀ ▀██▀ ▄▄▄ ███ █
█ ▄▄▄▄▄ █▄▄ ▄██ ▀█ ▀▄ ██▀▀█ █▄█ ██▀▄▄▄█▀▀██ ▄▄ █▀ █▄█ ▀▀▄██
█ █   █ █ █▀█▀█ ▄▀▀▄▄██▀▀▄     ▄ ▀█▄▄▄▄█▀█   ████  ▄▄ █ ▄██
█ █▄▄▄█ █ ▀█▀ █ ▄ ▀▄▄█ ▄▀██ ██▀██▄█▀▀▀ ▄▄ ▄▀▀   ▄  ▄▀▀  ███
█▄▄▄▄▄▄▄█▄▄▄█▄█▄██▄▄█▄██▄▄▄██▄█▄▄▄▄▄▄▄█▄▄██▄███▄▄▄▄███▄█▄██

Scan this QR code:
▄▄▄▄▄▄▄▄▄▄▄▄▄▄▄▄▄▄▄▄▄▄▄▄▄▄▄▄▄▄▄▄▄▄▄▄▄▄▄▄▄▄▄▄▄▄▄▄▄▄▄▄▄▄▄▄▄▄▄
█ ▄▄▄▄▄ █▄▀▄ ▄████▀█ ▀ ▄▄  ▀▀▀▄ ▄▄▀▀▀▀ █▀ █ █▀ ▄ ██ ▄▄▄▄▄ █
█ █   █ █ █▀▀▀ ████ ████▀  █ █▄▀█▄▄▀ ▀▄▀██▀█▀█▀▄ ██ █   █ █
█ █▄▄▄█ █▄▀█▀▄▄█▀▀▄  ▀▄  █▀ ▄▄▄ ██▀█▀█  █▀ ▀▀ ▄▀▄██ █▄▄▄█ █
█▄▄▄▄▄▄▄█▄█▄█ █ █▄█▄▀▄▀ ▀▄█ █▄█ ▀ ▀ █ █ ▀ █▄▀▄▀▄█ █▄▄▄▄▄▄▄█
█ ▄  ██▄█▄ ▄▄▄▀█████▀█ ▄  ▀▄▄▄   █ ▄▀▀▀█ ▄▄ ▄███▀▀ █▀▄▄ ▀ █
█ █ ▄▄▄▄▄ ▀█▄▀ ▀▀  ██ ▄▄ ▄██ █  █ █▀▄▀▀▄█ █ █▀█▄██▀▄▀▄ ▄  █
██▄▄█▀▀▄ ▄  ▄▀▄ ▀▄█▄▀▀█▄▄▄▄▀▀▀█▀██ ██  ▀█▀▄▄▀█ ▄██ ▀ ▀▀ ▀██
██▄ █  ▄█▄▄▀  ▄███▀█ ▄██▄█ █▀▄▀▀▄▀▀▄▄▀██▀ █ ▀▀█▀▄▄█▀█ ▀▀▄██
█ ▀ █▀ ▄▀ ▄ ▀█  ▀ ▀█▄█ ▀▄▄█▄▄▄██▀▄▄ ██▀▄██▀██▄   ▄█▄▄▀ ██▄█
█▄▀▄▄▄█▄ ██▀▀▀▀▀▄ █▀ ▀▄█▄▄▄ █ ██▀ █▄█   ▀█▀▄▀▄▀▀▄▄▀▀▄ ██ ██
█▀█▄▄█▄▄▀▀ █▀▄ ██ ▄▀██ ▄▀█▀ ▄ █ ▀█▀███▀█  ▀ ▀▀▀▄▄  ▄ ▄██  █
█▄█▀▀▀▀▄█ █▄  ▄▄▀▄   ▄    █▀▀▄▀▄▀▄ ▄▀▄▄█ █ █▀▄▄▄▀▄▄ ▀▄ ▄█▄█
█ ▀▀███▄█▄█▄▄▀▄█ ▄ ▄█ ███▄█▀█▀▄█▄▄  ▄ ▀▀▀▀▄█ ▀▀▄▄█▀  ▀▀█▄▄█
█ █▄▀ ▄▄▄  ▀▀▄ ▀  ▄▄▀▀█▄█▀▀ ▄▄▄ ▀ █▄▄▄▄  ▀▄ ▀ ▀▀▀ ▄▄▄ ▀▀▀██
█ ▄█▀ █▄█ ▄█ ▀▄█  █▄█▄▀▀ ▄█ █▄█   █ ▀▀██▄▀▀▄▀▄▀   █▄█ █▀▄▄█
█▄▄ █ ▄▄  ▀▀▄██ ▄ ▀███ ▄  ▀ ▄ ▄▄▀   █▄█▀█▀ ▄▀  ▄▀ ▄▄▄▄▄▄▄▀█
█▄▀    ▄██▀ ▄█ ███▄▀▀▄▄ ▀▀█▄▄▄▀▀▀█ ▄▄▀ █ ▄ ▀▀█ █▀▀ ███ ████
█▀███▄▄▄█▀█▄ ▀ ▄▀█ ███▄▄▄ ██ ▄ █▀ █ █ ▀▀▄▀▄     ▀▄▄▄▄▀ ▄▄ █
██▄▄█▀ ▄ █▄█ ▄ ▀███ ▀███ ▄█████▀▄▀ █ ▄█▀████▄██▄██ ██▄ ▀███
█▄█▄▀▀ ▄ ▀█▄▀▀▄  ▄ ▀   █▄▀█  ▄▀█▀█▀█▄ ▄▄▀ ▀ ▄▄▄▀ ▄▀█ ▄█ █▄█
█▀█▄▄▄█▄▄██▄▄▄ ▄▀  ▀ █ ▀█▄▀ ▀  ▄█▄▄▀▀█▄█▄▀▀▄▄▄  ▄▀▄ ▀ ▀▄█▄█
█▀█ ▄ ▀▄█▀ ▀ ▀▀█ ██▄ ██ █████▀▄ ▀▀▀▀▀▄▄▄█▄▄▄█▄ ▀▀ ▄▀█▄██▄██
█  █▄▄ ▄█▄  ▄▀ ▀▄█▀▀▀▄ █▀▀██▄▄ ▀▀█▄█▄█ █    ▀▀█▄▀▀▀▄█▄▀▀▄ █
█ ▀ ▀▀▄▄▀▀  ▄▀█ ▄▀▄▄ ▀▀█▄▄▄█▄██▀  ▀▄▄  ▄▀▀▀ ██▀▀▀    ▀▀▄ ▄█
███████▄▄ ▀ █▀ █ ▄█ ▄ ▀█▄█▀ ▄▄▄  █ █▄▄  ▀▀██▄▀▀█▀ ▄▄▄ █▄█▀█
█ ▄▄▄▄▄ ███▄▀▀█▄█▄██▀█ ▀█▄█ █▄█ █▀ ██▀▀ ▄███▀███▄ █▄█  ▀▀██
█ █   █ █▀▄ ▄██ ▀█▀█ ▄██ ▀█ ▄▄     ▀▀▀▄█ ▀▄▄▄▄ ▀█ ▄▄▄ ▄▄ ██
█ █▄▄▄█ █  ▀ ▀█   ▀ ▄▀███▀█▀▄██▀█   █ ▀▀██ ██▄ ▄▀▄▀ █▀▄▄█▀█
█▄▄▄▄▄▄▄█▄███▄████▄█▄█▄▄█▄███████▄██▄█▄▄▄▄▄████▄█▄██▄▄█▄███

Scan this QR code:
▄▄▄▄▄▄▄▄▄▄▄▄▄▄▄▄▄▄▄▄▄▄▄▄▄▄▄▄▄▄▄▄▄▄▄▄▄▄▄▄▄▄▄▄▄▄▄▄▄▄▄▄▄▄▄▄▄▄▄
█ ▄▄▄▄▄ █▀ █▀ ▀▀▀█▄ ▄▀▀█ ▄▄█▄▄▄▄ ▀███▄ █▀▀▄ █▀▄▄ ██ ▄▄▄▄▄ █
█ █   █ █▀  ▀▄ █▄▄▀ ▄█▄▄  ▀█▄█ ▄▀▄█ ▀ █▀██▄ ▄▄ ▄ ██ █   █ █
█ █▄▄▄█ █▀██▀██▀▄█▄█▄ ▄█▀ █ ▄▄▄  ▀▀█  ▄▀▄█▄▄▄▀▀▀▄██ █▄▄▄█ █
█▄▄▄▄▄▄▄█▄█▄█ ▀ ▀▄▀ ▀ ▀ █ █ █▄█ ▀▄█ ▀▄█ █ █▄▀ ▀ ▀▄█▄▄▄▄▄▄▄█
█  ▄  ▀▄  ▄    ▀ ▄▀▄ █▀▀▄▀▄     ▀█▀█▀  █▀█   █▄▄▀▀ █▄▀▄▀▄▀█
█  ▀██ ▄▄▄▀▄▄▄▄ ▄ ▀ ▀▀▀ █ ▀█▄  █▀▀▄▀█▀▀▄▀▀▄█▀▀ ▀ ██▄▀▄▀▀ ██
█▀▀▄▀▄▀▄█ ▄▀  ▄▄▄█▀ ▄▄▀▄   ▀▀█▀██▀▄█  ▀▄▀█  █▀██▄▀▀▄▀▀█▄███
█ ▀▀▄▄▄▄ ▄ ▄▄▀▀█ ▄▄ ▀█▄█▄ ▀█▀██ ████ █▄ ▄▄▄▄▀▀▄ ██▀█ ██▀ ██
█ █▄▀  ▄   ▄█▄▄█▄█   ▄█▀  █▀▀  ▀▄▀▀█ ▄▀███▀▀▀█▀█ ▀███▀ ▀▀▄█
██▄▄ ▄▄▄██▀▀▀▄▀█▀█ ▄▄ ▄▀▄█ ▄▀ ▀██▄▀      █▄▄▀▀█ ▀  ▄▄▀▀▀ ██
█▀█ ▀▄▄▄ ▀▀█  ▀█▄▀▄▄▄█▀█▀▄▀ ▀▀▀  ▀▄█▄ ▀███▀ █▀▄█▄▀ █▄▀█ ▀▀█
██▄██  ▄█▄█▀▀▄ ▄▄ ▄ ▄█  ▀█▀ █▀█▄█▄▄ █▀█ ▄██▀█▄▄▀▄▀   ▀▀▀▀██
██ ▄ ▄ ▄▀▄▄█████▄█  █▄██  █▀▀▀█▀▄ ▄ ▄▄▀▄▀██▀▄█▄██▀▀▄ ██ ▄▄█
██ ▀▀ ▄▄▄ ▄█▀▄  █▄▄█ ▀▄█  ▀ ▄▄▄    ▀▄▀█▄▀▀▄▀▄█▄▄█ ▄▄▄ ▀  ▀█
█▀▄▄▀ █▄█ █▀▄▄██▀▄▄▀ █▄█▀ ▀ █▄█ ▄█▄▄   ▄██▀  ▀██▄ █▄█ █▄▄ █
█ ▄ █  ▄▄ ▄█  █▀▀▄▀▀█▄▄▄ ▀▄▄▄▄▄▄█▄▄ ▀███▄▄▀▀█▀▄█▀▄ ▄▄    ▀█
██ ▀███▄ ▀▄▀█▄ ███  █▄█▀▀▀▄▀▀▄▀  █▀█▄▄ ▄███  █ █▀ ▀ ▀▄▀▀▀ █
█ █▄▀█▄▄▀▀ ▄▄ ▄  ▄▀ ▄ ██ ▀▄▄ ▀▀ █▀▄▄▀█▀▀▀  ████▄ ▄ █ ▀  ▀▀█
██  █▀▄▄  ▄▄█▀▄ ▀█▄▄▀▀▀█▄ █▄▀█▀  ███▀  ▄█▀▀  ██▄▀█ ███▀▄▄▀█
██▀█▀█▀▄▄▀▄ █▄█▄▀█▀▄▀  ▀▄ █ ▀█ ▄▀█ █▄ ▄█▄ █▀ ▄▄▄▀▄▄▀ ▀▀▀▄▄█
█▄▄▄▄▄ ▄█ ▄▄▄▀█ ▀▄  ▄▄▀▀▀▀█▀█▄ ▄▀█▀█▄ ▀▄▄█▀ ▄█ ██▄█▀▄▄ ▄█▀█
█ ▀▄█▀▀▄█▀▀█▄▄▀▄██▀ ▄ ▀ ▀ ▀▀ ▀  ███▀▀▀▄ ▄█▄▀ ▀▄ ██▄█▄█▀ ▀██
█ ▄██▀█▄▀▄ ▄▄   ██▀ ▄▄▀▄  █▄██ █ █▄▄▄▄▀▄██▀▀▀██▄█▄▀█▄██▀█▀█
█ ▀ ▀▀▄▄█▄▀█ ▄█▀ ▀▀▄█▄▄▄██▄  ▀▀▄▀ ▄▀ ▄█  ▄▀▀█  ▄▀▄▀▀▄█▄▀ ▀█
███████▄▄▀▀ ▀▀ ▀█▄▄ █▄▀█  ▄ ▄▄▄  ▀▄█▄▄ ███▀▀▄▀ ██ ▄▄▄ ▄██▄█
█ ▄▄▄▄▄ █▄▄ ▄██ ▄▀ ▀▄▄███▀█ █▄█ █▀▀▄  █ ▀▀█▀██▀▄▀ █▄█ ▀▀ ██
█ █   █ █ █▀▄ █ ▄▀▀▄▄██▀▀▄  ▄  ▄▄▀█▄▄▄▄█▀▀  ▄▀██▄  ▄▄ █ ▄██
█ █▄▄▄█ █ ▄▀▄ █▀▄ ▀▄▄█ ▄▀██  █▀█▄██▀▀▀ ▄█ ▄▀▀▀  ▄  ▄▄▀  ███
█▄▄▄▄▄▄▄█▄████▄▄██▄▄█▄██▄▄▄████▄▄▄▄▄▄▄█▄▄██▄███▄▄▄▄█▄█▄█▄██

Scan this QR code:
▄▄▄▄▄▄▄▄▄▄▄▄▄▄▄▄▄▄▄▄▄▄▄▄▄▄▄▄▄▄▄▄▄▄▄▄▄▄▄▄▄▄▄▄▄▄▄▄▄▄▄▄▄▄▄▄▄▄▄
█ ▄▄▄▄▄ █▄▀▄ ▄█▄▀▀ █▄▀ █▄▄ ▀▀▀▄ ▄▄█▀  ▀█▄▄▄ ▄█ ▄ ██ ▄▄▄▄▄ █
█ █   █ █ █▀█▀ ████ ████ ▀ █ █▄▀▀▄▄▀▀ ▄▀█▄▀█▄▄▀▄ ██ █   █ █
█ █▄▄▄█ █▄▀█ ▀▄█▀▀▄  ▀▄  █▀ ▄▄▄ ▄▀▀█▀█  ▀█ ▀ █▄▀▄██ █▄▄▄█ █
█▄▄▄▄▄▄▄█▄█▄█▄█ █▄█▄▀▄▀ ▀▄█ █▄█ ▀ ▀ █ █ ▀ █▄▀▄▀▄█ █▄▄▄▄▄▄▄█
█ ▄  ▀▀▄▀▄▄  ▄▀█████▀█ ▄  ▀▄▄▄   █ ▄▀▀▀█ ▄▄ ▄███ ▀ ██▄▄ ▀ █
█ █ ▄▄▄▄▀ ▀ █▄ ▀▀  ██ ▄▄ ▄▄█▄▀  █ █▀▄▀▀ █ █ █▀█ ▀█ ▄▀█ ▄  █
██▄▀ ▀▀▄▀▀ ▄▄▀▄ ▀▄█▄▀▀█▄▄▄▄▀█▀█▀██▀▄█   █▀ █▀█▀▄▄█ ▀▄▀▀ ▀██
██  ▄  ▄█▄▄▀  ▄████  ▄▄ ▄█ █ ▄██▄▀▄█ ▀▀▄█▄▄▄▀█▀▄ ▀█▀█▀▀ ▄██
█▄██▀▀ ▄▀ ▄ ▀█  ▀ ▀█ █▄█ ▄█▄▄▄ █▀▄▄ ██▄█▄█ ▄▄▄   ▄█▄▄▀▀█▀ █
█▀▀▀▄ █▄ ██▀▀▀▀▀▀██▀▄█▄█▄█▄ █ ▄██ █▄ █▀▀█▀▀▄ █▀▀▄▄█▀▄ ██▄▀█
█  ▄▄█▄▄▀▀ █▀  ██ ▄▀██ ▄▀█▀ ▄ █ █▀▀█▄█▀█  ▀ ▀▀▀▄▄  █ ▄██ ▀█
█▄█▀▀ █▄▀▄▀▀▄ ▄ ▀▄   ▄    █▀▀▄▀▄ █ ▄▀█▄█ ▄ █▀▄▄▄▀▄ ▀▀▄ ▄█▄█
█ ▀▀███▄▀▀▄▀█ ▀▀ ▄ ▄█ ███▄█▀█▀▄█▄▄  ▄ ▀▀▀▀▄█ ▀▀▄▄▄▀▀▄█▀█▄▄█
█ █▄▀ ▄▄▄ █▀▀█▀█  ▄▄▀▀█▄█▀▀ ▄▄▄ ▀ █▄▄▄▄  ▀▄ ▀ ██  ▄▄▄ ▀▀▀██
█ ▄▄▄ █▄█ █  ▀█▀  █▄█▄▀▀ ▄█ █▄█    ▀▀▀█▄▄▀▀▄▀▄    █▄█ ▀▄▄▄█
█▀ ▄▄▄ ▄ ▄▀▀▄██ ▄ ▀ ██ ▀  ▀▄▄ ▄▄▀ ▀ ▀ ▀▄█▀█▀█▄ ▄  ▄▄▄ ▀▄▄▀█
█ ▄    ▄▄█▀ ▄█ █▄█ ▀█▄▄▄▀ █▄█▄▀▀▀█ ▄▄▀▀█▄▄▀▀▀██▄▀█ █▄█ ▄▀██
██ ██▄▄▄ ▀█▄ ▀ ▄▄  ███▄▄█▀██   █▀ █ ██  █▄▄ █▀   ▄▄▄██ ▄▄▄█
█▀▄▄█▀ ▄ █▄█ █ ▀███ ▀███ ▄████▀▀▄▀ █▄ █▀▀███ ▀█▄██ ██▄ ▀███
█▄█▄▀▀ ▄ ▀▀██▄   ▄ ▀   █▄▀█  ▄▄▀▀█▀██ ▄▄▀ ▀ ▄▄▄▀ ▄▀█ ▄█ █▄█
█▀█▄▄█▀▄▄█▄▄▀▄█▀▀  ▀ █ ▀█▄▀ ▀  ▄█▄▄▀▀█▄█▄▀▀▄▄▄  ▄▀ ▄▀ ▀▄█▄█
█▀█ ▄▀▀▄█▀▀▄█ █  ██▄ ██ █████▀▄ ▀▀█▀▀▄ ▄█▄▄ █▄ █▀ ███▄██▄██
█  ▀  ▀▄█▄▄█▄▀█▀▄█▀▀▀▄ █▀▀▄▄▄▄ ▀▀█▀▄▄█▀█  █ ▀▀▄▄█▀▀▀ █▄▄▄ █
█ ▀ ▀▀▄▄▄   ▄▀█ ▄▀▀▀ ▀▀ ▄▄█▀▄██▀  ▀▄▄ ▀▀█▀▀▄▀█▀   ▄▄██▀█ ▄█
███████▄▄ ▀ █▀ █▀██ ▀ █▀██▀ ▄▄▄  █ █▄  ▀▀▀█▄▄▀ ▄█ ▄▄▄ ██▀██
█ ▄▄▄▄▄ ███▄▀▀█▄  ████ ▀███ █▄█ ▀▀ █▄█▀▀█▀██▀ ██  █▄█  ▀▄▀█
█ █   █ █▀▄ ▀██ ▀█▀█ ▄██ ▀█  ▄  █  ▀█▀▄███▄▄   ▀█ ▄▄ ▄▄▄ ▄█
█ █▄▄▄█ █ ▄█▀▀▀▄  ▀ ▄▀███▀█▀█▀█▀▄   ▄▀▀▀▄█ █▄█ ▄▀▄▀ ▄█▄▄█▀█
█▄▄▄▄▄▄▄█▄▄▄▄█████▄█▄█▄▄█▄██▄▄███▄██▄█▄▄▄▄▄████▄█▄██▄▄█▄███

Scan this QR code:
▄▄▄▄▄▄▄▄▄▄▄▄▄▄▄▄▄▄▄▄▄▄▄▄▄▄▄▄▄▄▄▄▄▄▄▄▄▄▄▄▄▄▄▄▄▄▄▄▄▄▄▄▄▄▄▄▄▄▄
█ ▄▄▄▄▄ █▀ █▀   ███▀▄▀ ▄▄ ▄█▄▄▄▄ ▀▀█▄█▄█▀▄▄ ▀▄▄▄ ██ ▄▄▄▄▄ █
█ █   █ █▀  ▀  ███▀ ██▄▄▀▀▀█▄█ ▄▀██   █▀██▄ ▀█ ▄ ██ █   █ █
█ █▄▄▄█ █▀▀▀▀▄█▀▄█▄█▄ ▄█▀ █ ▄▄▄ ▄▀▀█ ▀▄▀▀▄▄▄█ ▀▀▄██ █▄▄▄█ █
█▄▄▄▄▄▄▄█▄█ ▀ ▀ ▀▄▀ ▀ ▀ █ █ █▄█ ▀▄█ ▀▄█ █ █▄▀ ▀ ▀▄█▄▄▄▄▄▄▄█
█  ▄ ▄▀▄  ██▄  ▀ ▄▀▄ █▀▀▄▀▄     ▀█▀█▀  █▀█   █▄▄▀▀ █ ▀▄▀▄▀█
█  ▀██ ▄█  ▀ █▄ ▄ ▀ ▀▀▀ █ ██   █▀▀ ▀█▀█▄▀▀▄▀▀▀▄▀ ██▄█▀▀▀ ██
█▀▀█▄▄▀▄▄  ▀  ▄▄▄█▀ ▄▄▀▄    ██▀██▀ ▄   ▄▀█  █▀██▀ ▀▄▀██ ███
█▄█▀█▄▄▄▀█ ▄▄▀▀█ ▄██▀█  ▄ ▀█ ▄▀▄███▄▄▀▄▄▄ ▄▀▀▀▀█ ▄▀█ █ ▀ ██
█ ▀ █  ▄   ▄█▄▄█▄▄▄  ▄▄▀ ▀█▀▀   ▄▀▀█▄▄▀▄▄█▀▀▀█▄▄ ▀███▀▀▀█ █
█▀ ▄▀▄ ▄██▀▀▀▄▀█▀▄ ▄██▄▀▀▀ ▄▀  ▄█ ▀ ▀▄▀▀▄▄██ ▀▄ ▀  ▄▄▀▀▀▄▀█
█▀▀ ▀▀▄▄ ▀▀█ █▀█▄▀▄▄▄█▀█▀▄▀ ▀▀▀ ▄▀▄██ ▀█▀█▀ ▄█▄█▄▀ █▄▀█ ▀▀█
██▄██▄▄▄█ ▄ ▀███▄ ▄ ▄█  ▀█▀ █▀█▄██▄ █▀█ ███▀█▄▄▀▄▀█▄▄▀▀▀▀██
██ ▄  ▀▄▄█ ▄█   ▄█  █▄██  ██▀▀█▀▄ ▄ ▄▄▀▄▀██▀▄█▄██▀▄▄▄██ ▄▄█
██ ▀▀ ▄▄▄ █▄   ██▄▄█ ▀▄█  █ ▄▄▄   ▄█▄▀█▄▀▀▄▀▄█ ▄▄ ▄▄▄ ▀  ▀█
█▀▄▀▀ █▄█ ██▄▄█▄▀▄▄▀ █▄█▀ ▀ █▄█ ▄█▄▄   ███▄  ▀▄▄▄ █▄█ █ ▄ █
█▄▀    ▄▄ ▄█  █▀▀▄▄▀█▄▄█ ▀█▄▄▄▄▄█▄█ ███▀▄▄▄█████▀▄▄    ▀ ▀█
█▀▀▀▄██▄█▄▄▀█▄ █▄█▄  █▀█ ▀▄▀█▄▀  █▀█▄▄▀▄█▀  ▄▀███▀▀ ▀▄ ▀█ █
██▀▀ █▄▄▄  ▄▄ ▄ ▀▀▀  ▄███▄▄▄  ▀ ██▄▄▀█▀▀▀▄ ▄▄ █▄ ▄ █▀▄  ▄▀█
█   █▀▄▄  ▄▄▀ ▄ ▀█▄▄▀▀▀█▄ █▄▀██▀▄███▀▄ ▄██▀  ██▄▀█ ███▀▄█▀█
██▀█▀█▀▄▄▀ ▄▄▀█▄▀█▀▄▀  ▀▄ █ ▀█▄ ▀█ █▄ ▄██▀█▀ █▄▄▀▄▄▀ ▀▀▀▄▄█
█▄▄▄▄▀█▄█ ██▄▀▀▀▀▄  ▄▄▀▀▀▀█▀█▄ ▄▀█▀█▄ ▀▄▄█▀ ▄█ ██▄█▀▄▄  █▀█
█ ▀▄██▀▄█▀▀▀▀  ███▀ ▄ ▀ ▀ ▀▀ ▀  ████▀▀ ▄▄█▄█ ▀  ▀▀▀▀▄█▀▀▀██
█ ▄ ██▄▄  ▀█▄ ▀███▀ ▄▄▀▄  ▄███ █ ███▄▄▀███▀ ▀█ ███▀ ▀▄▀ █▀█
█ ▀ ▀▀▄▄█▀▀█ ▄█▀ ▀▄▀█▄▄ ██▄▄ ▀▀▄▀ █  ▄    █▄█▄▀▄██ █▄    ▀█
███████▄▄ ▀ ▀▀ ▀▄█  ▄▄▀█▀ ▄ ▄▄▄  ▀▄█ ▄ ▄▄▀   ████ ▄▄▄ ███ █
█ ▄▄▄▄▄ █▄▄ ▄██  █ ▀▀▄██ ▀█ █▄█ ▀▀▀▄█▄▄▀▄ █ ▀▄▀██ █▄█ ▀▀ ██
█ █   █ █ █▀▄▀█ ▄▀▀▄▄██▀▀▄     ▄▀▀█▄▄▄▄██▀  ▄▀███  ▄▄ █ ███
█ █▄▄▄█ █ ▄▄▄█ █▄ ▀▄▄█ ▄▀██ ██▀█▄██▀▀▀ ▄█▀▄▀ ▀  ▄  ▄ █  ███
█▄▄▄▄▄▄▄█▄██▄█▄███▄▄█▄██▄▄▄████▄▄▄▄▄▄▄█▄▄██▄███▄▄▄▄███▄█▄██

Scan this QR code:
▄▄▄▄▄▄▄▄▄▄▄▄▄▄▄▄▄▄▄▄▄▄▄▄▄▄▄▄▄▄▄▄▄▄▄▄▄▄▄▄▄▄▄▄▄▄▄▄▄▄▄▄▄▄▄▄▄▄▄
█ ▄▄▄▄▄ █▄▀▄ ▄▄█▀▀ ▄▄█▀▄ ▄ ▀▀▀▄ ▄▄▀█▀▄ ████ ▄  ▄ ██ ▄▄▄▄▄ █
█ █   █ █ █▀██ █▄▄█ ████ ▀ █ █▄▀▀█▄▀  ▄▀██▀█▀█▀▄ ██ █   █ █
█ █▄▄▄█ █▄██▄ ▄█▀▀▄  ▀▄  █▀ ▄▄▄ ██▀██▄     ▀ ▄▄▀▄██ █▄▄▄█ █
█▄▄▄▄▄▄▄█▄▀ ▀ █ █▄█▄▀▄▀ ▀▄█ █▄█ ▀ ▀ █ █ ▀ █▄▀▄▀▄█ █▄▄▄▄▄▄▄█
█ ▄  ▀█▄█▄▄ ██▀█████▀█ ▄  ▀▄▄▄   █ ▄▀▀▀█ ▄▄ ▄███ ▀ ██▄▄ ▀ █
█ █ ▄▄▄▄ █ ▄▀█ ▀▀  ██ ▄▄ ▄▄█▄▀  █ ▀▀▄▀█▄█ ▀▄█▀▀ ▀▀ █ ▄ ▄  █
██▄▄▀▀▀▄▄█  ▄▀▄ ▀▄█▄▀▀█▄▄▄█▀▀▀█▀██ ██   █▀██▀█▄█▄█ ▀▄▀▀▄▀██
█▀▀▄▀  ▄█▄▄▀  ▄███ █ ▄ ▄▄█ █▀▄▀▀▄▀▄▄ ▀█▀█▄▀▀█▀ ▀ ▀█▀▄  ▀▄██
███ ▄▀ ▄▀ ▄ ▀█  ▀▀█▀ █▄█ ██▄▄▄ ▄▀▄▄▀█▀▄▄ █▄█  ▀▀ ▄█▄▄▀ █▀ █
██ ▀▀▄▀▄ ██▀▀▀▀▀▄▄█▀▄▀▄█ ▄▄ █ ▄▄▀▄█▄ ▄▀ ▄█▀█▀▄▀ ▄▄▀▀▄ ██ ██
█▀ ▄▄█▀▄▀▀ █▀▀ ██ ▄▀██ ▄▀█▀ ▄ █ ▀█▀█▄█▀█▄ ▀ █▀▀▄▄  ▄ ▄██▀ █
█▄█▀▀█▄▄▀▄▄ ▀▀█▄▀▄   ▄    █▀▀▄▀▄ █ ▄▀█▄█ ▄ █ ▄▄▄▀▄▀██  ▄█▄█
█ ▀▀█▀▄▄▄▀██  ▄█ ▄ ▄█ ███▄███▀▄█▄▄  ▄ ▀▀▀▀▄█ ▀▀▄██  ▀█▀█▄▄█
█ █▄▀ ▄▄▄ ▄▀███▀  ▄▄▀▀█▄█▀▀ ▄▄▄ ▀ █▄▄▄▄  ▀ ▄▀ ██▀ ▄▄▄ █▀▀██
█ ▄▀█ █▄█  ▀ ▀▄█  █▄█▄▀▀ ▄█ █▄█     ▀▀▄▄▄▀▀█▀▄  ▄ █▄█ █▄▄▄█
█ ▄▀█ ▄▄▄▄▀▀▄██ ▄ ▄▀██▀▄    ▄ ▄▄▀ ▀ ▀▄█ █▀▀▀█▄▄ ▄ ▄   ▀█▄▀█
██▀▀█  ▄▄ ▀ ▄█ ███▄██▄█   █▄█▄▀▀▀█ ▄ █ ▄▄▄  ▀█▄▄▀▀ ███ ▄█▀█
█▄ █▄▄▄▄ ██▄ ▀ ▄█  █▄█▄▄▄▀███▀ █▀▄█ ▄█▀ ▄▀█ █▀▀▀▀▄▄▄▄▀ ▄█ █
█ █▄█▀ ▄ █▄███ ▀███ ▀███ ▄█████ ▄▀ █▄ █▀▀██████▄██ ██▄ ▀▄██
█▄█▄▀▀ ▄ ▀▀ ▄▄   ▄ ▀   █▄▀█  ▄ █▀█▀█▄▀▄▄▀ ▀ ▄█▄▀ ▄▀█ ▄█ █▄█
█▀█▄▄▄▄▄▄█▄▀ ▄▄█▀  ▀ █ ▀█▄▀ ▀  ▄█▄▄▀▀█▄█▄▀▀▄▄▄  ▄▀ ▀▀ █ █▄█
█▀█ ▄█▄▄█▀█▀ █▄█ ██▄ ██ ██▀██▀▄ ▀▀▀█▀▄ ▄█▄  █▄ ██▀▄██▄█▄▄██
█  █▀█ ▄▄▀▄▄▄▀▄▀▄█▀▀▀▄ █▀▀█▀▄▄ ▀▀█ ▄▄█▀█   ▀▀▀▄▄▀ ▀ ████▄ █
█ ▀ ▀▀▄▄▄▀  ▄▀█ ▄▀▄  ▀▄▀▄▄▄█▄██▀   ▄▄▄ ▄▀▀ ▄▀▀▀▀  ▄▄█▀▄█ ▄█
███████▄█ ▀ █▀ ██▄▄▄▀▀█▀▄▄▀ ▄▄▄  █ █▄▄  ███▄ █ ▄█ ▄▄▄ ▄█▀▀█
█ ▄▄▄▄▄ ███▄▀▀█▄▄▄██▄  ▀ ▄█ █▄█ ▀█ █▄▀▀▀▄ ▄█▀ █▄█ █▄█  ▀█▀█
█ █   █ █▀▄ ███ ▀█▀█ ▄██ ▀█  ▄     ▀██▄███▄▄ ▄ ▀█ ▄▄ ▄▄▄ ▄█
█ █▄▄▄█ █ ▀████▀  ▀ ▄▀███▀█▀▄▀█▀█▀  █▀▀▀██ █▄█ ▄▀▄▀  ▀▄▄█▀█
█▄▄▄▄▄▄▄█▄▄█▄▄▄███▄█▄█▄▄█▄███████▄██▄█▄▄▄▄▄████▄█▄█████▄███

Scan this QR code:
▄▄▄▄▄▄▄▄▄▄▄▄▄▄▄▄▄▄▄▄▄▄▄▄▄▄▄▄▄▄▄▄▄▄▄▄▄▄▄▄▄▄▄▄▄▄▄▄▄▄▄▄▄▄▄▄▄▄▄
█ ▄▄▄▄▄ █ ██▀ ██▀█▄▀▀ ██▄ ▀ ▀▄▄▄█▄▄█▄▀▀▄▄█▄▄▄█▀▄ ██ ▄▄▄▄▄ █
█ █   █ █  █▄▀ ██ ▄██▄▄▀█▄▀█▄ █▀▄▄█████▀▀▀▀█ █ ▄ ██ █   █ █
█ █▄▄▄█ █▀ █ ▄ ▄▀█▄█▀█▀█▀   ▄▄▄ ▀█▄██▄▀▄█ ▄▄▄▄▄▀▄██ █▄▄▄█ █
█▄▄▄▄▄▄▄█▄▀▄█▄▀ ▀ █▄▀ ▀▄▀▄█ █▄█ ▀▄█▄█ █ █▄▀ ▀ ▀▄█ █▄▄▄▄▄▄▄█
█ ▄▀█▄▄▄▀▀▀▀▄ █▄█▄▀▄█ ▄▀▄▀▀ ▄   ▄ ▄█▀ █ ▄█  █ ▀▄▄▀█▀▄█▄  ▄█
██ ▀█ █▄█ ██ ▀▄ ▄█▄█▀▀▀█ █ █▄▀█ ▀▀ ▄ ▄▀▄▀▄█▄▀▀▄ ▄▀███▄▄▄ ██
█▀▄▄ ▄▀▄ ▄▀▄  ▀▀▀█▀ ▀▀▄▄  █▄ █▀█ ▄ █  █▀▄█   ▄█▄▄▀▄▀▄██   █
██ ▄▄▀▀▄▀▄ ▀▀▄▀█ ▀▄█▀█▀ ▀█▀█   ▀██▄ ▀▄▀▀ ▀█████▀▄▄▀█▀▀▄▄ ██
█▀▄ █  ▄███▄█▄▀  █▀▄▄▀▄█▀▀ ▄▄ ▀ ▀▄▄█▄ ▄  █▀ ▀  █ ▀   ▀▀ ▄██
█▀██ ▀█▄██▀▄▄▀▀█▀ █▀▄▀▄▄▀█ ▄▀██▀█ ▀█    ▀▄▀▀█▄▄█▄█▄▄▄▄▄▄███
█  █▄ █▄█▄▄█▄ ▄ ▀▀▄▄▀ ▄█▀▄▄█▄▀▀ ▄▄▀█  ▄  █▀ █▄▀█▄▀▄ ▀▀█ ▄▄█
█ ▄██ ▀▄█▄█ ▄   ▄█▀█▄█ █▄ ▀ █▄ ▀██▄█▀▄█ ▄▀ ▄██▄▄▀▄▄ ▄ ▄▄▀██
███▀█▄▄▄▀▀ ▀ █▀▀▀█   ▀ █  ▄ ▄▀█▀▀█▀ ▄▄▄▀▄██▀▀ ▀█▀ ▄ ▄▀█ ▀▀█
█  ▀▀ ▄▄▄ ▀▄▄▀▀██▀▀  ▀▄ ██▀ ▄▄▄   ▄ ▀▄▀ ▀▄▀ ▄█▄▀▄ ▄▄▄ ▄█ ▀█
█▀▀ █ █▄█ ▄█▄▄▄▄▄▄▄▀█ ▀█▀ ▄ █▄█ ▀ ▀▄  █▀ █▀▀█▄█▄█ █▄█ █▀▀██
█   ▄▄ ▄▄ ▄ ███▀▀▀█▀█▄█ █▄▄ ▄   █▄▄▄▄ █▀ ▀█▄███▀█ ▄   ▀▄ ▀█
█▄ ▀▀██▄▄▄▀▀█▄█  ▄ ▄█ ▄▀▀▀▀▄ ▄▀ █ ▄█ ▄█ ▄█▀▀▀▄▄▄▀ ▄█▀█ ▀▄██
█▄▀▀█ ▀▄▄▄ ▀▀█▄   ▄█▄▀█   ▄▄▀▀▄█▀▀▄▀ █▀ ▄▄█▀▀▄█▀▄▀ ██▀█████
█▄▀█ ▀▄▄██▀▄▄█▀█▄█▄▄▄▄▄█▄  ▀▄██▄ ▄ █  █▀▄█▀ █  ▄▀██  █▀▄ ██
█ ▀█▀ ▄▄▄▀ █  ██▀ ▄▀▀  ▄▀██ ▀ █▀▀█   ▄▄██▄ ▄ █▄▀▄▀▄▀ ▄▄▄▄▄█
█▄▀▀▀█▀▄ █▀██▀▄ ▄▄  ▀▀▄▀▀▀ ▄ ▄ ▄▄ ▄█▄ ▄▀▀█▀ ▀ ███▄█▄▀▄   ▄█
██▀▄██ ▄█▀█ ▀▄▀ █ ▄█▄ ▀█▄██▀ ▄████▀ ▄▄ ▄▄ ▀▄ ▀ ▀▄ ▄▀▄ ██▀██
█ ▀ █  ▄ ▀ ▀▄ ▀▀ █▀ ▀▀▄▄  ▀  █ ██ ▄█▄▄█▀ █▀▀▄ ▀▄█▄█ ▄▄▀  ▄█
█ ▀ ▀▀▄▄▀ ▀ █▀█▀ ▄▀██▄█   ▄▀ ▄▄▀▀ ██▀▀ █▄▀ █▀▄▀▀█ ▄▀ ▀ ▄ ▀█
███████▄▄▀▄ ▀▀█▄ █  █  █  ▀ ▄▄▄ █▄▀█▄ ▀▀▄█▄▀█▄█▄▀ ▄▄▄ ▄█▄▀█
█ ▄▄▄▄▄ █▀▄█▀ █ ▀▀█▄ ▄█ ▀▀█ █▄█ █▀▀▀▄▀▄ ▄█▀▄█▄ ▀█ █▄█ ▄▄▄██
█ █   █ █▄ ▀▄▀ █▀▀▀▄▀  ▀▀▄█▄ ▄ ▄▀▄ ▄▄▄▀ ▀▀  ▀  ██ ▄ ▄ █  ▀█
█ █▄▄▄█ █▀██▀ ▀█▄█▄▀▄█ ▀▄ █ ▀▄▄ ███▄██ ▄█▄▀▄ ▀ █▀█ ▄█ █████
█▄▄▄▄▄▄▄█▄██▄▄██▄█▄▄▄█▄█▄▄█▄▄██▄███▄▄▄▄████▄▄▄▄▄▄▄█▄▄▄▄██▄█

Scan this QR code:
▄▄▄▄▄▄▄▄▄▄▄▄▄▄▄▄▄▄▄▄▄▄▄▄▄▄▄▄▄▄▄▄▄▄▄▄▄▄▄▄▄▄▄▄▄▄▄▄▄▄▄▄▄▄▄▄▄▄▄
█ ▄▄▄▄▄ █▄▀▄ ▄▄▄██▀█▄▀ ▄   ▀▀▀▄ ▄▄▀▀▀▀▄▀▄▀▄    ▄ ██ ▄▄▄▄▄ █
█ █   █ █ █▀██ █▄▄█ ████ ▀ █ █▄▀█▄▄▀▀▀▄▀█▄▀█▀█▀▄ ██ █   █ █
█ █▄▄▄█ █▄██▀ ▄█▀▀▄  ▀▄  █▀ ▄▄▄   ▀███  ▀▄ ▀▄▄▄▀▄██ █▄▄▄█ █
█▄▄▄▄▄▄▄█▄█▄█▄█ █▄█▄▀▄▀ ▀▄█ █▄█ ▀ ▀ █ █ ▀ █▄▀▄▀▄█ █▄▄▄▄▄▄▄█
█ ▄  ▀█▄█ ▄▀  ▀█████▀█ ▄  ▀▄▄▄   █ ▄▀▀▀█ ▄▄ ▄███▀▀ ██ ▄ ▀ █
█ █ ▄▄▄▄▀▀ ▀▀▀ ▀▀  ██ ▄▄ ▄██ █  █ ▀█▄▀▀▄█ █▄█▀▀ ██▀█▄▀ ▄  █
██▄  ▀▀▄ ▄██▄▀▄ ▀▄█▄▀▀█▄▄▄█▀█▀█▀██ ██ ▀ █▀▄█▀█▀▄█▄ ▀███ ▀██
█  █   ▄▄█▄▀  ▄███▀▀ ▄ █▄█ █▀█▀▀▄▀█▄ █ ▄█ ▄ █▀█▄█▀█▀█▀▄▀▄██
██▄ █▀ ▄▀ ▄ ▀█  ▀▀█▀▄▄▀█▀██▄▄▄▀▄▀▄▄ ▀▀▄▄▀▀▀▄   ▀ ▄█▄▄▀▀▄▀▄█
██▄█ ▄█▄ ██▀▀▀▀▀█▄█▀▄█▄█▄█▄ █ ██▀▄█▄  ▀ ██▀█▀ ▀ ▄▄██▄ ██▄▀█
█▄▀▄▄█▀▄▀▀ █▄  ██ ▄▀██ ▄▀█▀ ▄ █ ▄▀▀█ ▀▀█▄ ▀ ▀█▀▄▄  █ ▄██▀▀█
█▄█▀▀█▀▄▀▄▀▄▀█▀ ▀▄   ▄    █▀▀▄▀▄ ▄ ▄▀█▄█▀▄ █ ▄▄▄▀▄██▀▄ ▄█▄█
█ ▀▀█▀ ▄▀▄▄▀█ ██ ▄ ▄█ ███▄███▀▄█▄▄  ▄ ▀▀▀▀▄█ ▀▀▄▄█▀ ▄█▀█▄▄█
█ █▄▀ ▄▄▄ ▀▀█▄██  ▄▄▀▀█▄█▀  ▄▄▄ ▀ █▄▄▄▄  ▀▄ ▀ █▀  ▄▄▄ ▀▀▀██
█ ▄   █▄█ ▄▀ ▀▀▄  █▄█▄▀▀ ▄█ █▄█     ▀▀▄▄▄▀ █▀▄█▀█ █▄█  ▄▄▄█
█▄███  ▄▄ ▀▀▄██ ▄ ▀▀██ ▄  ▀▄▄ ▄▄▀   ▀ ██▀▀▀█▀ ▄ ▄ ▄ ▄▄█▄▄▀█
█▄▀▄█  ▄▀█▀ ▄█ █▄▄▄█ ▄█ ▀▀█▄▄█▀▀▀█ ▄▄▀ ▄▄ ▄▀▀█▄▄█  █▄▄ ▄▀▀█
█▀▄▀▄▄▄▄█ █▄ ▀ ▄▄▄ ██ ▄▄▄▀██ █ █▀▄█ ▄   ▄██ ██ ▀ ▄▄▄▀▀ ▄█ █
█ ▄▄█▀ ▄ █▄█ ▄ ▀███ ▀███ ▄████▀█ ▀ █▄▄█▀█▀██▄▀█▄██ ██▄ ▀█▄█
█▄█▄▀▀ ▄ ▀█ ▀ ▀  ▄ ▀   █▄▀█  ▄▄▀ █▀█▄▀▄▄▀▀▀ ██▄▀ ▄▀█ ▄█ █▄█
█▀█▄▄██▄▄██▄█▀▄ ▀  ▀ █ ▀█▄▀ ▀  ▄█▄▄▀▀█▄█▄▀▀▄▄▄  ▄▀ ▀▀ █▄█▄█
█▀█ ▄▀▄▄█▀    █▀ ██▄ ██ █████▀▄ ▀▀▀█▀▄▄ █▄▄ █▄ ▀▀▀▄██▄▄█▄██
█  ▄▀▄█▄▄█▀█▄▀ ▄▄█▀▀▀▄ █▀▀▄▄▄▄ ▀▀█▀█▄█▀▄  ▀ ▀▀▄██ █▄▄▄██▄ █
█ ▀ ▀▀▄▄▄   ▄▀█ ▄▀██ ▀█ ▄▄▄▀▄██▀   ▄ ▄ ▄▀█ ▄█▀▀▀   ▄   ▄ ▄█
███████▄█ ▀ █▀ █▄▄  ▀ ▀███▀ ▄▄▄  █ █▄ █▀ ██▄ █▀▄█ ▄▄▄ ▄██▀█
█ ▄▄▄▄▄ ███▄▀▀█▄ ███ █ ▀▄ █ █▄█ ▀█ █▀▄   ▀██▄ █▄▀ █▄█  ▀▀▀█
█ █   █ █▀▄ ▀██ ▀█▀█ ▄██ ▀█ ▄▄  ▄▄ ▀ █▄█▄█▄▄▄▄ ▀█ ▄▄▄▄▄▄▀▄█
█ █▄▄▄█ █ ▄ ▀▀██  ▀ ▄▀███▀█▀▀▀█▀█   █▀▀▀█▄ ██▄ ▄▀▄▀ █▀▄▄█▀█
█▄▄▄▄▄▄▄█▄▄█▄█████▄█▄█▄▄█▄███▄███▄██▄█▄▄▄▄▄████▄█▄█████▄███

❌ Bot disconnected (408), reconnecting in 5s...
❌ Bot disconnected (408), reconnecting in 5s...
Scan this QR code:
▄▄▄▄▄▄▄▄▄▄▄▄▄▄▄▄▄▄▄▄▄▄▄▄▄▄▄▄▄▄▄▄▄▄▄▄▄▄▄▄▄▄▄▄▄▄▄▄▄▄▄▄▄▄▄▄▄▄▄
█ ▄▄▄▄▄ █▀ █▀ ▀▀█▀▄▀ █▀▄▀▄▄█▄▄▄▄ ▀█▀▄ ▄▀  ▄▄▄█▄▄ ██ ▄▄▄▄▄ █
█ █   █ █▀  █▄ ███▀ █▄▄▄  ▀█▄█ ▄▀▄█   █▀▄█▄ ▀▄ ▄ ██ █   █ █
█ █▄▄▄█ █▀▀▀▄██▀▄█▄█▄ ▄█▀ █ ▄▄▄ █▀▀█▄▄▄▀▀█▄▄▄█▀▀▄██ █▄▄▄█ █
█▄▄▄▄▄▄▄█▄█ █ ▀ ▀▄▀ ▀ ▀ █ █ █▄█ ▀▄█ ▀▄█ █ █▄▀ ▀ ▀▄█▄▄▄▄▄▄▄█
█  ▄ ▄█▄   ▄   ▀ ▄▀▄ █▀▀▄▀▄▄    ▀█▀█▀  █▀█   █▄▄ ▀ █ █▄▀▄▀█
█  ▀█▄ ▄   █▄█▄ ▄ ▀ ▀▀▀ █ █▄▄  █▀▀▄██▀▀ ▀▀▄▀▀▀▄█▄▄█▄▀▄▀▀ ██
█▀▀▀▀▄▀▄█▄ ▀  ▄▄▄█▀ ▄▄▀▄    ▄█▀██▀█▄   █▀██▀█▀█▄▀▀▀▄██▀ ███
█ ▀█ ▄▄▄ ▄ ▄▄▀▀█ ▄ ▄▀█▄▄▄ ▀█▀██ ███▄ ▀▀█  █▀▀▀█▄▄▄▀█▀█▀  ██
█▄▀█▀  ▄   ▄█▄▄█▀▄▀▄ ▄▄▀▀▀█▀▀ █▀▄▀▀▄ ▄ ██▀  ▄█▄█ ▀███▀ ▀█▄█
█▄█  ▄▄▄██▀▀▀▄▀█▀▄ ▄█▀▄▀█▄ ▄▀  ██▄▀  █▀  ▀█▄ ▀▄ ▀  ▄▄▀▀▀ ▀█
█▀█ ▀▀█▄ ▀▀█ █▀█▄▀▄▄▄█▀█▀▄▀ ▀▀▀  █▄█▄▄▀██▀▀  ▀▄█▄▀▀▄▄▀█ ▀ █
██▄██▄▄▄▀▄▀ ▀██ ▄ ▄ ▄█  ▀█▀ █▀█▄█▄▄ █ █ ███▀▄▄▄▀▄▀▀▀ █▀▀▀██
██ ▄  █▄█ █▀▀   ▄█  █▄██  ██▀▀█▀▄ ▄ ▄▄▀▄▀██▀▄█▄█▀▀ ██▀█ ▄▄█
██ ▀▀ ▄▄▄ ▄▄█▀ ▄█▄▄█ ▀▄█  ▄ ▄▄▄   ▄█▄▀█▄▀▀▄█▄█ ▄▄ ▄▄▄ ▀  ▀█
█▀▄▀▄ █▄█ █▀▄▄█ ▀▄▄▀ █▄█▀ ▀ █▄█ ▄█▀█   ▄██ ▀ ▀█▄▄ █▄█ ▀▀▄ █
█▀▀▀▀▄▄▄ ▄▄█  █▀▀▄▀ █▄ ▀ ▀▄ ▄▄▄▄█▄█ █▀▄▀  ▀▀█▀ ▄▄▄ ▄▄▄   ▀█
██▀████▄ ▄▄▀█▄ █▄█▄ ▀█▀█ ▀▄▀▄▄▀  █▀█  ▀▄██▄  ██▄▀▄▀ ▄▄ ▀█ █
█    █▄▄ █ ▄▄ ▄  ▄▀   ████▄▄▄▄▀ ▀▀▄▄▀▀ ▀█  ██ █▄▀▄ █▄█  ▀██
█▄▀ █▀▄▄  ▄▄█ ▄ ▀█▄▄▀▀▀█▄ █▄▀██ ▄▀██ ▄ ▄ ▀▀ ▀▀█▄▀█ ███▀▄█▀█
██▀█▀█▀▄▄▀ ▀█▀ ▄▀█▀▄▀  ▀▄ █ ▀█  ▀█ █▄▀▄█▄▀█▀▀█▄▄▀▄▄▀ ▀▀▀▄▄█
█▄▄▄▄█ ▄█ ▄▄  ▄▀▀▄  ▄▄▀▀▀▀█▀█▄ ▄▀█▀█▄ ▀▄▄█▀ ▄█ ██▄█▄▄▄  █▀█
█ ▀▄██▄▄█▀▄█▄ ▀▄██▀ ▄ ▀ ▀ ▀▀ ▀  ██▀▀▀▀ ▄▄█ █ ▀ ▄█▄ █▄█  ▀██
█ ▄▄▄ ▄▄  ▄█▄  ▄██▀ ▄▄▀▄  ████ █ ███▄▄ ▄██ ▀▀█▄▄█▄█▄▄▄ ▀█▀█
█ ▀ ▀▀▄▄█▀▀█ ▄█▀ ▀ ██▄ ▄██▄▄ ▀▀▄▀ █▀▄ ██ ▄█▀▀  █▀▀ ▀ ▄▄  ▀█
███████▄▄▀▀ ▀▀ ▀█▄ ▄▀▄▀▀▀ ▄ ▄▄▄  ▀▄█▄▄▀▄██ ▀▀▀█▄▀ ▄▄▄ ▄█▀ █
█ ▄▄▄▄▄ █▄▄ ▄██  █ ▀▄▄██▄ █ █▄█ █▀▀▄██▄▀█ █▀ █ ▄▀ █▄█ ▀▀▀██
█ █   █ █ █▀▄▀█ ▄▀▀▄▄██▀▀▄  ▄▄ ▄▄▀█▄ ▄▄█▀▀   ▀███  ▄ ▄█ ▄▄█
█ █▄▄▄█ █  ▄  █ ▄ ▀▄▄█ ▄▀██ ▀█▀████▀▀  ▄▄ ▄▀▀▀  ▄  ▄▀▀  ███
█▄▄▄▄▄▄▄█▄█▄██████▄▄█▄██▄▄▄████▄▄▄▄▄▄▄█▄▄██▄███▄▄▄▄█▄▄▄█▄██

Scan this QR code:
▄▄▄▄▄▄▄▄▄▄▄▄▄▄▄▄▄▄▄▄▄▄▄▄▄▄▄▄▄▄▄▄▄▄▄▄▄▄▄▄▄▄▄▄▄▄▄▄▄▄▄▄▄▄▄▄▄▄▄
█ ▄▄▄▄▄ █  ▄▄  █ ██▀█▄ █ ▄█  ▀ ▄▀█▄▀▀ ▀ ▄█▄▄ ▀▀▄ ██ ▄▄▄▄▄ █
█ █   █ █ ▄█▄█▀██  ▄▄█▄▀▄█▀█▀▀▀█ ▄██▄██▀█ ▄▀ ▄ ▄ ██ █   █ █
█ █▄▄▄█ █▀▀█ ██▀▀███▀█▄▄▀   ▄▄▄ ▄ ▀▀▄█▀▄▄▀▀▄▀▀▄▀▄██ █▄▄▄█ █
█▄▄▄▄▄▄▄█▄█ █▄█▄▀ █▄▀ █▄▀▄█ █▄█ ▀▄█▄█ █▄█▄█▄▀ █ █ █▄▄▄▄▄▄▄█
█  ██▄ ▄███▀▄▄█ ▀▄█▄█ ▄█ ▀█  ▄  ▄ ▄█▀ █ ▄█▄▀  ▀▄▀▀█▀▄█▄ ▄▄█
█ ▀▀▀█ ▄ ▀▄▀▀ ▄ ▄▀▄█▀▀▀█▄▄▄█▀▄▄ ▀▀▄▄ ▀██ ▀█▄▀ ▄█▀▀▄██ ▄▄▄▀█
█▀▀▄▀▀█▄██▀▀ █▀▀ ▄▀ ▄ ▄▄  ▀▀▄▀▀█ ▄▀█▀▄▄▀▄▀▀ ▄▄ █▀▀█  ▀▀ ▄▄█
█ ▀▀▄▄█▄▄▄███▄██▄▀▀▄▀▄█▄▀▀▀█▀  ▀█▀█ █▀▀▄ ▄▀ ▄▀ ██▄▄▀███▄███
███  █▀▄ ▄▄▄  ▀▄ █▄▄▄  ▀▄▀▄ ▄ ▄   ▄▄▄▄█▀▄█  ▀  █▀▀▄ ▄█▀▀ ▄█
██▀▀▄▀ ▄ ▀▀▄  ▀█▀▄▄ ▄▄  █▄▄▄▀██▄▀ ▀▀▀ ▀▄▄█ █▄▀█▄████ █▄▄ ██
█ ▀▀  ▀▄█▄▄▄ █▄ ▀▀▄ ▀ ▄█▀▄██ ▀█▀▄ █▄▀ █ ▄▀▀▀▀▄██▄▀▄ ▄██▄▄▄█
█▄▀ ▄▀ ▄▀█ █▀█  ▄█▄ ▄██▀▄ ▀ ▄██▄█▄██▄▄ ▄█▄▄██▄▀██▄█ ▄▀▄▄▀██
█▄▄ ▄▀▄▄▀▄▄█▀   ▀▄▄  ▀▄█▀   ▄▀ ▀▀█▀  ▄▄  ▀ ▀█  ▄▀▀▄▀▄▀█▀▀██
█▄▄▄  ▄▄▄ █████ ▀▄▀  ▀▄  ██ ▄▄▄     ▀ ▀▄▀█▀   ▄█  ▄▄▄  █ ██
███▀▄ █▄█ █▀▀▄▀▄ ▄▄▀▄ ▀█▀▀▄ █▄█ ▀▄▀▄ ▄▄▀▄█▀    █▀ █▄█  ▀█ █
█▀▄▄▀▄▄▄▄ █▄█▄█▄ ██▀█▀▄▀▀▀▀▄ ▄▄▄▀▄██ ▀▄▀▀▄▀ ▀ ▄ ▀  ▄▄▄▀▄▄██
█▄██ ▀ ▄  █▀▄▄▄ ▀█▀▄█▀ ▀▄▀▀▀ ▄▀ █ ▄█ ▄▄  █  █▄ ██▀▄ █▄ ██▄█
█▄█▀▄█ ▄▀▄ █▄▀▄██ ▄█▄█▀█▄▄▀▄▄ ▄█▀▀ ▀█▀█▀▀  ▀▀▀▄ ▄▄ █  ▄▄ ▀█
████▄▀▄▄█▄██ ▄█ ▄█▀▄▄▄▄█▄  ▄▄██▀▀▄▀██    █▀▀█ ▄▄▀▀█▄▄▄▄█ ██
█ ▄▄ ██▄▀▀▀▄▀█▀█▀ ██▀ ▀▀▀█▄ ▀ ▀▀▀▄ ▀▀██▄ ▄▄▄█████  █▀  ▄▄▄█
█▄▄ ▄▀ ▄█▀▄▄▀▄█▄▀▄▀▄▀▀ █▄▀ ▄▀▄▀▀▄ ▄█  █▀▄█ ▀█  ▄█▄▀▀▀▄▄█▄ █
█ █▄ ▄ ▄███▀▀▄▀█▄ ▄█ ▀▀█▄▄▀▀▀▄█▀▀█▀▄ █▄ ▀▀▀▀█     █▀▀▀██▄▀█
█▀▄ ▄▀▀▄▄██ ▄ ▄▀ ▄▀ █▀▄▄▀    █  █ ▀▄▄▄█ ▄▀█▀█▄ ▄█▀█▄▀▄▄  ██
█ ▀ ▀▀▄▄▀ █▀ ▀▀▀▀  ▄▄ ▄▀ ▄▀▄▀▄▀▀▄▀██▄ ▄█▄ ▀ █▄ ▄▄▄ █  ▄█▄██
███████▄▄▀  ▀██▄ █▀▄▄  █  ▄ ▄▄▄ █▄▀█▀▄ ▀ ▀ ▀▀ ▀█▀ ▄▄▄  ▀ ▄█
█ ▄▄▄▄▄ █▀▄ ▄█▄▄ ▀ ▀█ ▀█▄ ▄ █▄█ ▄█▀▀█▀  ██  ▀▀█ █ █▄█ ██▀▀█
█ █   █ █▄▄▄█ ▄▄▀▀  ▀ █▀▀▄▄▄ ▄ ▄▀  █ ▄█▀█▀█▀█  █▄▄▄   █▀▀▀█
█ █▄▄▄█ █▀█ ▀█ █▄█ ▀▄█▀ ▄ ███ ▄ █▄▄█▄▀▀█  ▀▄█ ▄▀ █▀▄▄▄█████
█▄▄▄▄▄▄▄█▄█▄█████▄▄▄▄▄▄████▄███▄███▄▄▄▄█▄█▄▄█▄█████▄▄████▄█

Scan this QR code:
▄▄▄▄▄▄▄▄▄▄▄▄▄▄▄▄▄▄▄▄▄▄▄▄▄▄▄▄▄▄▄▄▄▄▄▄▄▄▄▄▄▄▄▄▄▄▄▄▄▄▄▄▄▄▄▄▄▄▄
█ ▄▄▄▄▄ █▀ █▀ ▀▀███▀▄▀▀█▄ ▄█▄▄▄▄ ▀▀█▄ ▄▀ ▀▀▄▀ ▄▄ ██ ▄▄▄▄▄ █
█ █   █ █▀  █  █▄█▀ ▄█▄▄  ▀█▄█ ▄ ██ ▄▀█▀██▄ ▀█ ▄ ██ █   █ █
█ █▄▄▄█ █▀██▄▀█▀▄█▄█▄ ▄█▀ █ ▄▄▄ ▄█▀█▀ ▄▀ █▄▄ ▄▀▀▄██ █▄▄▄█ █
█▄▄▄▄▄▄▄█▄▀ ▀ ▀ ▀▄▀ ▀ ▀ █ █ █▄█ ▀▄█ ▀▄█ █ █▄▀ ▀ ▀▄█▄▄▄▄▄▄▄█
█  ▄ ▄▀▄  █ ▄█ ▀ ▄▀▄ █▀▀▄▀ ▄    ▀█▀█▀  █▀█   █▄▄ ▀ █ ▀▄▀▄▀█
█  ▀██ ▄▄ ▄▀▀▄▄ ▄ ▀ ▀▀▀ █ ▀▄▄▄ █▀▀ ▀█▀█▄▀▀ ▀▀▀▄▀ ▄█▄ ▄▀▀ ██
█▀▀ ▀▄▀▄▀ ██  ▄▄▄█▀ ▄▄▀▄  ▀▀█▀▀██▀▄█   █▀█▀ █▀█▄▀ ▀▄█▀▀ ███
█▄▀ █▄▄▄ █ ▄▄▀▀█ ▄██▀███▄ ▀█▀▄█ ███▄ ███ ▄▄ ██ ▀▄ ▀█▀█▄  ██
█ ▄ ▀  ▄   ▄█▄▄█▄▄▄ ▄▄▀▀ ▀█▀▀  ▀▄▀▀█▄ ▀▄▀█▄  ▀▄▄ ▀███▀ ▀▀ █
██ ▄█▄▄▄██▀▀▀▄▀█ ▀ ▄ ▄▄▀▀  ▄▀ ▀█▀ ▀ ▀▄▀ ▄ ▄█▄██▀▀  ▄▄▀▀▀▀██
█ █ ▀█▀▄ ▀▀█▀▀▀█▄▀▄▄▄█▀█▀▄▀ ▀▀▀ █▀▄██▄▀███▀  ▀▄█▄▀▄▄▄▀█ ▀ █
██▄███▄▄█ ▄  █▄█▄ ▄ ▄█  ▀█▀ █▀█▄▄▄▄ █▀█ █▄█▀▄█▄▀▄▀▄ ▄▀▀▀▀██
██ ▄ █▄▄ ▄ ▄▄▀▄▄▄█  █▄██  ▀▀▀▀█▀▄ ▄ ▄▄▀▄▀██▀▄█▄█▀ ▀▄▀██ ▄▄█
██ ▀▀ ▄▄▄ ▄ ▄▀ ▄█▄▄█ ▀▄█    ▄▄▄   ▄█▄▀▀ ▀▀ ▀▄█▄ ▄ ▄▄▄ ▀  ▀█
█▀▄█▀ █▄█ █ ▄▄▀▄▀▄▄▀ █▄█▀ ▀ █▄█ ▄███  █▄██▀  ▀▄█▄ █▄█ ▄ ▄ █
█▀▄▄ ▄▄▄▄▄▄█  █▀▀▄▀██▄ ▄ ▀▄▄▄▄▄▄█▄▄ ▀█▄▄  ▄▀▀█▀▀ ▄ ▄▄▄   ▀█
█▀▄████▄ ▀▄▀█▄ █▄█▄  ▄█▀▄▀▄▀ ▄▀  █▀█▀▄▄▄█▀▄▀ █▄█▀█▀ ▄▄ ▀█ █
█ ████▄▄ █ ▄▄ ▄ █▄▀  ▄██  ▄▄ ▀▀ ██▄▄▄▄  ▀▄▀██▄█▄ ▄ █ ▀   ▀█
██▀ █▀▄▄  ▄▄▄█▄ ▀█▄▄▀▀▀█▄ █▄▀██▄ ▀██   ▄██▀ ▄▀█▄▀█ ███▀▄█▀█
██▀█▀█▀▄▄▀   ▀  ▀█▀▄▀  ▀▄ █ ▀█▄ ▀▄ █▄ ▄█▄ █▀ ▄▄▄▀▄▄▀ ▀▀▀▄▄█
█▄▄▄▄ ▀▄█ █▄  ▄▀▀▄  ▄▄▀▀▀▀█▀█▄ ▄▀█▀█▄ ▀▄▄█▀ ▄█ ██▄▀▀▄▄▄▄█▀█
█ ▀▄█▀▄▄█▀ ▄▄  ▄██▀ ▄ ▀ ▀ █▀ ▀  ██▀█▀▀ ▄▄█▄█ ▀ ▄▀▄▄▀▄█▀ ▀██
█ ▄ ██▀▄█ ▀█▄ ▄ ██▀ ▄▄▀▄  ▄▄██ █ ███▄▄▄███▀▀▀█▄██ █ ▄█▀ █▀█
█ ▀ ▀▀▄▄ ▀▀█ ▄█▀ ▀ ▄█▄▀████  ▀▀▄▀ █  ▄ ▄  ██▀ █▄   ▀█▄   ▀█
███████▄▄ ▀ ▀▀ ▀█▄ ▄ ▄▄▀ ▀▄ ▄▄▄  ▀▄█▀▄ ▄▄▀ ▀▀█ ██ ▄▄▄ ███▄█
█ ▄▄▄▄▄ █▄▄ ▄██ ▀▄ ▀▀███▄▀█ █▄█ █▀▀▄▀██  ▀▄ █ ▀▄▀ █▄█ ▀▀▄██
█ █   █ █ █▀ ▄█ ▄▀▀▄▄██▀▀▄  ▄▄ ▄█▀█▄▀▄▄███  ▄▀███  ▄▄▄█ █▄█
█ █▄▄▄█ █ ▀ ▀▀▀█▄ ▀▄▄█ ▄▀██ ▀▀▀████▀   ▄█▀▄▀▀   ▄  ▄██  ███
█▄▄▄▄▄▄▄█▄██▄██▄██▄▄█▄██▄▄▄██▄█▄▄▄▄▄▄▄█▄▄██▄███▄▄▄▄███▄█▄██

Scan this QR code:
▄▄▄▄▄▄▄▄▄▄▄▄▄▄▄▄▄▄▄▄▄▄▄▄▄▄▄▄▄▄▄▄▄▄▄▄▄▄▄▄▄▄▄▄▄▄▄▄▄▄▄▄▄▄▄▄▄▄▄
█ ▄▄▄▄▄ █▄▀▄ ▄████ █▀█▀█▄▄ ▀▀▀▄ ▄▄▀▀▀█▀█▄▀ ▄█▄ ▄ ██ ▄▄▄▄▄ █
█ █   █ █ █▀██ ██▄█ █▄██▀  █ █▄▀▀▄▄▀  ▄▀▄█▀█▀█▀▄ ██ █   █ █
█ █▄▄▄█ █▄▀██▀▄█▀▀▄  ▀▄  █▀ ▄▄▄  ▄▀██▀  █  ▀▄▀▄▀▄██ █▄▄▄█ █
█▄▄▄▄▄▄▄█▄█▄█▄█ █▄█▄▀▄▀ ▀▄█ █▄█ ▀ ▀ █ █ ▀ █▄▀▄▀▄█ █▄▄▄▄▄▄▄█
█ ▄  ▀█▄▀ ▀▄ ▄▀█████▀█ ▄  █ ▄▄   █ ▄▀▀▀█ ▄▄ ▄███▄  ██▄▄ ▀ █
█ █ ▄▄█▄█ ▀ ▄▀ ▀▀  ██ ▄▄ ▄█▄▄█  █ ▀▀▄▀▀▄█ ▀▄█▀█▄▀ ▀▄ █ ▄  █
██▄▄ ▀▀▄▄█▄▄▄▀▄ ▀▄█▄▀▀█▄▄▄▄ ███▀██ ██ █ █▀▄▄▀█▀██▄ ▀▀█▀ ▀██
██▄▀   ▄▄▄▄▀  ▄████▀ ▄▀▀▄█ █ ▄██▄▀██▄▀█▄█ █▀█▀▀▄ ▀█▀▄ ▀ ▄██
█ ▄  ▀ ▄▀ ▄ ▀█  ▄ █▀▀█▄█ ██▄▄▄▀█▀▄▄ ▀█▄███▀▄▄ ▀▀ ▄█▄▄▀▀█▀ █
█ ▄▀▀▄█▄ ██▀▀▀▀▀▄██▀█ ▄█▀▄▄ █ ▄██▄█▄▄▀   ▀▀█▄█ ▀▄▄▀▀▄ ██ ██
██▀▄▄▄▀▄▀▀ █▄  ██ ▄▀██ ▄▀█▀ ▄ █ █▀▀█▀█▀█  ▀  ▀▀▄▄ ▀▄ ▄██  █
█▄█▀▀▄█▄▀▄▄▀   █▀▄   ▄    █▀▀▄▀▄▀▄ ▄ █▄█ █ █▀▄▄▄▀▄▄█▀  ▄█▄█
█ ▀▀█▄ ▄███▀█▄   ▄ ▄█ ███▄█▀█▀▄█▄▄  ▄ ▀▀▀▀▄█ ▀▀▄█▄  ██▀█▄▄█
█ █▄▀ ▄▄▄ █  ▄▄▀  ▄▄▀▀█▄█▀▀ ▄▄▄ ▀ ▀ ▄▄ ▄ ▀▄▄▀ ██▀ ▄▄▄ ▀▀▀██
█ ▄▄▄ █▄█ ▄  ▀██  █▄█▄▀▀ ▄█ █▄█   ▀▀▀▀██▄▀▀█▀▄  ▀ █▄█  ▄▄▄█
█▀█▀▄ ▄▄ ▄▀▀▄██ ▄ ▀▀███   ▀ ▄ ▄▄▀ ▀ ▀ ▄▀▀▀█▄▀▄█▀▄▄ ▄ ▄ ▄▄▀█
██  █  ▄▀▀▀ ▄█ █ █▄▀█▄ ▄ ▀█▄▄█▀▀▀█ ▄ █▀▄█▄  ██ █▀  ███ ▄█▀█
██▀  ▄▄▄█▀█▄ ▀ ▄█▀ █▀▄▄▄ ▄██▄  ██ █ █ ▀▀ ▀▄   ▀  ▄▄▄██ ▄█ █
█▀ ▄█▀ ▄ █▄█▀▀ ▀███ ▀███ ▄████▀▀ ▀ █  █▀████▄▀█▄██ ██▄ ▀█▄█
█▄█▄▀▀ ▄ ▀▄█▀▀▄▀ ▄ ▀   █▄▀█  ▄▄█ ▄▀█▄ ▄▄▀ ▀ ▄▄▄▀ ▄▀█ ▄█ █▄█
█▀█▄▄▄▀▄▄█▄▄ ▀ ▀▀  ▀ █ ▀█▄▀ ▀  ▄█▄▄▀▀█▄█▄▀▀▄▄▄  ▄▀▀ ▀ ▀▄█▄█
█▀█ ▄ ▀▄█▀▀█▄▄█▀ ██▄ ██ ██▀██▀▄ ▀▀▀█▀▄  █▄▄ █▄ ██ ▄██▄▄▄▄██
█  █ ▄▄▄ ▀▄ ▄▀█▀▄█▀▀▀▄ █▀▀█▀▄▄ ▀▀█ █▄█▀▄    ▀▀▀▄█▀▀▀▄▄  ▄ █
█ ▀ ▀▀▄▄▀█  ▄▀█ ▄▀█▀ ▀▄▄▄▄▄█▄██▀   ▄▄ █ █▀▄▀██ ▄  ▄    ▄ ▄█
███████▄█▀▀ █▀ █▀▄     ▀▄█▀ ▄▄▄  █ █  ▄▀▀█▀▄▄█▀▄▀ ▄▄▄ ███▀█
█ ▄▄▄▄▄ ███▄▀▀█▄▄▄██▄█ ▀  █ █▄█ █▀ ██▀▀ █ ▄▄ ▀▄█  █▄█  ▀█▀█
█ █   █ █▀▄ ▄██ ▀█▀█ ▄██ ▀█     ▄▄ ▀▀█▄█▀▀▄▄█  ▀█ ▄▄  ▄▄ ▄█
█ █▄▄▄█ █ █▀▄▄▄▀  ▀ ▄▀███▀█▀▀▀█▀▄▀  ▄ ▀▀▄█ █▄█ ▄▀▄▀ █▀▄▄█▀█
█▄▄▄▄▄▄▄█▄▄██▄▄███▄█▄█▄▄█▄██▄████▄██▄█▄▄▄▄▄████▄█▄███▄█▄███

Scan this QR code:
▄▄▄▄▄▄▄▄▄▄▄▄▄▄▄▄▄▄▄▄▄▄▄▄▄▄▄▄▄▄▄▄▄▄▄▄▄▄▄▄▄▄▄▄▄▄▄▄▄▄▄▄▄▄▄▄▄▄▄
█ ▄▄▄▄▄ █▀ █▀ ▀▀███▀▄█ ▄  ▄█▄▄▄▄ ▀▄▀ ▀ █▄█▀▄▀█▄▄ ██ ▄▄▄▄▄ █
█ █   █ █▀  █▄ █▄▄▀ █▄▄▄  ▀█▄█ ▄▀▄█ ▀▀█▀▀▄▄  █ ▄ ██ █   █ █
█ █▄▄▄█ █▀██▄ █▀▄█▄█▄ ▄█▀ █ ▄▄▄ ▄▀▀█ ▀▄▀█▀▄▄█▀▀▀▄██ █▄▄▄█ █
█▄▄▄▄▄▄▄█▄█ █ ▀ ▀▄▀ ▀ ▀ █ █ █▄█ ▀▄█ ▀▄█ █ █▄▀ ▀ ▀▄█▄▄▄▄▄▄▄█
█  ▄ ▄█▄▄▄ ▀▄  ▀ ▄▀▄ █▀▀▄▀▄     ▀█▀█▀  █▀█   █▄▄▀  █▄█▄▀▄▀█
█  ▀██ ▄  ▀ ▀▀▄ ▄ ▀ ▀▀▀ █ ▄▄   █▀▀▄██▀█ ▀▀▄▀▀▀ ██▀█▄▄█▀▀ ██
█▀▀█▀▄▀▄▀▄█   ▄▄▄█▀ ▄▄▀▄    ▀▀▀██▀▄▄  ▄█▀█ ▀█▀ ▄ ▀▀▄█▀▀ ███
█▀ ▀█▄▄▄▀▄ ▄▄▀▀█ ▄█▄▀█▀ ▄ ▀█▀██ ██▀  █ ▄  ▄▀▀▀▀ █▄▀█▀█   ██
██▄▀█  ▄   ▄█▄▄██▄▄▄▄▄▄▀ ▀█▀▀   ▄▀ █▄  ▄▀▀█▀ ███ ▀███▀▀▀█▄█
███▀  ▄▄██▀▀▀▄▀█▀█ ▄▀█▄▀█▄ ▄▀  ▄▀ ▀ ▄▀   ▄▄█▄▀█ ▀ ▄ ▄▀▀▀▄▀█
███ ▀█▄▄ ▀▀█▄▄▀█▄▀▄▄▄█▀█▀▄▀ ▀▀▀ █▀▄█  ▀██▀▀  █▄█▄▀▀█▄▀█  ▀█
██▄██ █▄█▄ █▄▄▄▄▄ ▄ ▄█  ▀█▀ █▀█▄█▄▄ ▄▀█ ███▀██▄▀▄▀▄▄▄▀▀▀▀██
██ ▄  █▄█▄ ▄▀▄▀▄▄█  █▄██  ██▀▀█▀▄ ▄ ▄▄▀▄▀██▀▄█▄█▄▀ █ ██ ▄▄█
██ ▀▀ ▄▄▄ ██ █▀██▄▄█ ▀▄█  ▄ ▄▄▄   ▄█▄▀█ ▀▀▄█▄█▄▄█ ▄▄▄ █  ▀█
█▀▄▄█ █▄█ █ ▄▄█▀▀▄▄▀ █▄█▀ █ █▄█ ▄███   ███   ▀▄█▀ █▄█  ▀▄ █
██▄▀▄▄▄▄  ▄█  █▀▀▄█▀█▄▄▄ ▀▄ ▄▄▄▄█▄▄▀██ █▄ ▄▀█▀ █ ▄▄▄     ▀█
██ ▀▀██▄▄▀▄▀█▄ ██▄  ▀█▄▀▀▀▄▀▄▄▀  █▀█ ▄▄▄▀█▀  █▄██▄▀ ██  ▀▄█
██ █ █▄▄▀  ▄▄ ▄  █▀ ▀▀███▀▄▄▀▀▀ ▀█▄▄▄█  █▀▀█▀ ██▀▄ ██▄   ▀█
█ ▄ █▀▄▄  ▄▄▀█▄ ▀█▄▄▀▀▀█▄ █▄▀█▄ ▄███   ▄█▀▀ ▄██▄▀█ ███▀▄▄ █
██▀█▀█▀▄▄▀▄█▀▀██▀█▀▄▀  ▀▄ █ ▀█▄▄▀▄ █▄ ▄█▄ █▀▀█▄▄▀▄▄▀ ▀▀▀▄▄█
█▄▄▄▄ ▀▄█ ▄▀ █▀▀▀▄  ▄▄▀▀▀▀█▀█▄ ▄▀█▀█▄ ▀▄▄█▀ ▄█ ██▄▄█▄▄▄ █▀█
█ ▀▄█  ▄█▀██▀█▀▀██▀ ▄ ▀ ▀ █▀ ▀  ███▀▀▀ ▄▄█▄▀ ▀▄ █▄▀▀▄██ ▀██
█ ▄▀ ▀▀▄ ▀█▄▄ █▀██▀ ▄▄▀▄  ▄ ██ █ ██▄▄▄▀███▀▀▀█▄▄▀  ▄█▄▄██▀█
█ ▀ ▀▀▄▄▄▄▀█ ▄█▀ ▀ ▄█▄████▄▄ ▀▀▄▀ █ ▄▄ ▄▄ ▀ ▀   ██ █▄█   ▀█
███████▄█ ▀ ▀▀ ▀██  ▀█▀▀▀ ▄ ▄▄▄  ▀▄█ ▄ ▄ ▀▀ ▀▀▀██ ▄▄▄ █▄█▄█
█ ▄▄▄▄▄ █▄▄ ▄██ ▀▀ ▀ ▀██▀▄█ █▄█ ██▀▄▄▄▄  ▀█ ▀▀▀▄▀ █▄█ ▀▀▄▀█
█ █   █ █ █▀▄▄█ ▄▀▀▄▄██▀▀▄  ▄▄ ▄▄▀█▄▄▄▄█ ▀   ▀███  ▄▄ █ █▄█
█ █▄▄▄█ █  ▄█▀▀▄▄ ▀▄▄█ ▄▀██ ▀█▀█▄██▀▀  ▄█ ▄▀ ▀  ▄  ▄▄▀  ███
█▄▄▄▄▄▄▄█▄█▄██████▄▄█▄██▄▄▄█▄▄█▄▄▄▄▄▄▄█▄▄██▄███▄▄▄▄███▄█▄██

Scan this QR code:
▄▄▄▄▄▄▄▄▄▄▄▄▄▄▄▄▄▄▄▄▄▄▄▄▄▄▄▄▄▄▄▄▄▄▄▄▄▄▄▄▄▄▄▄▄▄▄▄▄▄▄▄▄▄▄▄▄▄▄
█ ▄▄▄▄▄ █▀█▄▄ █ █▀█▀ ▀▄▄▄  ██▀ ▄▄ ▀▀ █▄▀▀█▀▄  ▄▄ ██ ▄▄▄▄▄ █
█ █   █ █▀▄ ▀▄▀█▄██▀█▄▄▄▀ ▀█▀▄▄  ▄█ ▀ █▀▀▄▀▄ ▄ ▄ ██ █   █ █
█ █▄▄▄█ █▀▄▀ ▀ ▄▄███▄ ▀▄▀ █ ▄▄▄  █▄▀█ ▄▀▀ ▀▄██▀▀▄██ █▄▄▄█ █
█▄▄▄▄▄▄▄█▄█ ▀▄█▄▀▄▀ ▀ █ █ █ █▄█ ▀▄█ ▀▄█▄█ ▀ ▀ █▄▀▄█▄▄▄▄▄▄▄█
█ ▄  ▄█▄  ▀▄█  █▄▄█▄ █▀█ ▀ ▄▄▄  ▀█▀█▀  █▀█▄▀██▄▄▀▀ █▄█▄▀ ▀█
██▀▀▀ █▄ █▀▀██▄ ▄▄▀ ▀▀▀ ▀▀ ▄█▀▀█▀▀▄██▄▀█ ▄ ▀▀   ▀ ▄▄▀ ▀▀▄▀█
█▀▄█▀▀█▄▄█▄▄ █▄▄█▄▀ ▀█▀▄  █▄██▀██▀██▀▄▀▄▀▀▄▀▀▀▄█▄▀ █▀██▄▀▀█
█▀▀██▀ ▄▄▄█  ▀██▄▄▄▀▀▄▀█▄▄▀█ ▄▀ █▀█▄▄ ▄▀▄█▄█▄▀█▀▀ ▄▀█  ▀███
██  ▀█▀▄█▀▀▄  ▄▀▄▄  █▄██  ▀█▀ ▄▀██▀▄  ▀▄▀▀█  █▀▄▀▀▀█▀█▀▀█▀█
█▀▀▄ ▄▀▄ ▀▀▀██▀█ ▀▀█ ▄ █▀ ▄▄▀ ▀▀▀ ▀▄▀▄▀█▀█▄▀  █   ██  ▀▀▀██
█▀█▄█▀▄▄ ▀▀▄ ▀▀█▄▀▄ ▄█▀█▀▄  █▀█▀ █ ▄█▄ █▀▀▀▀▄█ █▄▀▀▄▀██▄▀▀█
█▀▀ ▄ █▄▀▀█ ▄▀ █▄ ▀█▄██▄▀█▀ ▄  ▀█▄█ ▀▀ ▄▄▀▀ █▄▀  ▀▄▀  ▀▀▀██
█▄▀█▀▀▀▄█▀▀ █▄█▀▄▄▄ █▄▀█▀ █▀▀▀ ▀▄ ▄  ▄▀██▀ ▀ ██▄  ▀██▀█▀▄ █
█▀▄▄  ▄▄▄  ▄ ▀ ▄▀▀▄█ ▀▄██   ▄▄▄    ▀▄█▀▄▀  ▀  ▄▄▄ ▄▄▄ ▀  ██
██ ▄▄ █▄█ █ ▀▄▀▀█▄▄▀▀█▄█▀▀▀ █▄█ ▄▀▄▄ ▄██▀██ ██▄█▄ █▄█ ▀█ ██
██ █ ▄ ▄▄ █▀ ▀█▄  █▄█▀  ▄▄ ▄    ▀▄█ ▀▄  ██ ▀█▄ ▀ ▄▄ ▄ █▀▄██
█▄█▀█▀ ▄▄▀ ▀▄▄▀█▄▄ ▄▀▄▀▀▀▀▄▄██▀  █▀█▀ ▄█▀▀   ▀▀█▀▀▀█▄█ █▄██
█▀▀▀█ █▄▄▀  ▀▄▄█ ▀▀ ▄▄▀ ▀ ▀▄▀█▀ ▀▀ ▄▀▄▄ ▀▄▄█ ██▄▀▀ ███▀▀▄██
█ ▀ ▀▀▄▄ ▀ █▄█ █▀█▀▄▀▀▀█▄ █▀▀█ █▄█▄█▄▄████▀▀ ▀▀▄▀▀ ▀▀▄▄█▄▀█
██▄▄   ▄▀▀▀▀▄▀██▀█  ▀ ▀▄▄ ▄ ▀█▀▄▀█ ▄█ █▄▀▀▀▀▄▄█  █ █▀██▀▄▄█
█▄▀█▀ ▄▄ ▄▀▀▀  ▀▄▄▀▄▄▄██▄▀█▀▄▄▀▀▀█▀█   ▄▀█ ▀ ██▄█▄▀▀▄▄▄▀▀██
███▄ ▀▄▄██ ▀ ▀██▄█▀  ▀▀ ▀▀█▀▀▀ ▄▀████  ▄▀▄▄▄█  ▀▀▀ ▀▀▄ ▀▄▀█
█▀▀█ ▀▄▄ ▄  ▄ ▄██▄▀  ▄▀▄▀ ▄███   █▄▄▄▄▀▄▀▀   ▀█▄▀▄   ▄█ █ █
█ ▀ ▀▀▄▄█▄█▄█▄▀▀▀██▀▄ ▀▀█▀ ▄▀▀▄▄▄▀▄ ▀█ ▄ ███▀ ██▀█▄▀▀  ▀▄██
███████▄█ █ ▀█ ▀█▄▄▄ ▄█▀▀ ▀ ▄▄▄  ▀▄█▀  ▄██   █ ██ ▄▄▄ ▀▀███
█ ▄▄▄▄▄ █▄▄█▀ ▄▄▀▄█▄█ ▀ █▄▄ █▄█  ▀▀▄ █▀ ▄ ▄█▄▀█▄▄ █▄█    ▀█
█ █   █ █ ▀▄█▄▀▀▄▀  ▄█ ▀▀▄▀ ▄▄ ▄ ▀██▀  ▄ ▀█▀█▀██▄▄ ▄▄▄█▀▄██
█ █▄▄▄█ █  ▄▀▄▀█▄ █▄▄█▀█▀████▀▀███▄  ▄▀█ █▄▀█ ▄▄█ ▀▄▀▀  ███
█▄▄▄▄▄▄▄█▄█▄▄▄▄▄▄▄▄▄██████▄████▄▄▄▄▄▄▄█▄██▄▄▄█▄███▄█▄███▄██

Scan this QR code:
▄▄▄▄▄▄▄▄▄▄▄▄▄▄▄▄▄▄▄▄▄▄▄▄▄▄▄▄▄▄▄▄▄▄▄▄▄▄▄▄▄▄▄▄▄▄▄▄▄▄▄▄▄▄▄▄▄▄▄
█ ▄▄▄▄▄ █▀ █▀  ▀▀██ ▄▀▀▄ ▄▄█▄▄▄▄ ▀▄▀▄▄ ██▄▄ ▄█▄▄ ██ ▄▄▄▄▄ █
█ █   █ █▀  ▀▄ █▄▄▀ ▄█▄▄  ▀█▄█ ▄▀██ ▀▀█▀▄█▄  ▄ ▄ ██ █   █ █
█ █▄▄▄█ █▀▀██ █▀▄█▄█▄ ▄█▀ █ ▄▄▄ ▄▄▀█▄ ▄▀ █▄▄██▀▀▄██ █▄▄▄█ █
█▄▄▄▄▄▄▄█▄█▄█▄▀ ▀▄▀ ▀ ▀ █ █ █▄█ ▀▄█ ▀▄█ █ █▄▀ ▀ ▀▄█▄▄▄▄▄▄▄█
█  ▄  ▀▄  ▄█▄▀ ▀ ▄▀▄ █▀▀▄▀ ▄    ▀█▀█▀  █▀█   █▄▄▄▀ █ ▀▄▀▄▀█
█  ▀█▄ ▄█▄▄▄▄█▄ ▄ ▀ ▀▀▀ █ ▀█▄▄ █▀▀ ██▀▀ ▀▀▄█▀▀ ████▄▀█▀▀ ██
█▀▀█▀▄▀▄▀▄▄█  ▄▄▄█▀ ▄▄▀▄  ▀ ▀▀▀██▀██   █▀█▀▀█▀▄▄▄▀▀▄█▀█▄███
███▀█▄▄▄ ▄ ▄▄▀▀█ ▄██▀█▄▄▄ ▀█▀▄█▄██  ▄▀▄▀▄ ██▀▀███▄▀█ █▀  ██
█▀▀▀   ▄   ▄█▄▄█▀▄▄▄ █▀▀ ▀█▀▀ ▀▀▄▀ █ ▄▀▄ █ ▀▄███ ▀███▀ ▀█ █
██ ▄ ▄▄▄██▀▀▀▄▀█ █ ▄█▀▄▀▀  ▄▀ ▀██▄▀ ▄▄▀ █▀▄█ ██ ▀ ▄▄▄▀▀▀▄▀█
██  ▀ ▄▄ ▀▀█▀▄▀█▄▀▄▄▄█▀█▀▄▀ ▀▀▀  ▀▄█▄▄▀█▀█▀ ▄▀▄█▄▀▀▄▄▀█  ▀█
██▄██▀▄▄▀▄▀█▄▄▄▀▄ ▄ ▄█  ▀█▀ █▀█▄▄█▄ █▀█ █▄█▀▄▄▄▀▄▀█▀▄█▀▀▀██
██ ▄ █ ▄  ▀  ▄  ▄█  █▄██  ██▀▀█▀▄ ▄ ▄▄▀▄▀██▀▄█▄█ ▀ ▄███ ▄▄█
██ ▀▀ ▄▄▄ ██ ▀▀▀█▄▄█ ▀▄█  ▀ ▄▄▄   ▄▀▄▀▀▄▀▀ ▀▄█▄▄  ▄▄▄ ▀  ▀█
█▀▄█▄ █▄█  ▀▄▄█▀▀▄▄▀ █▄█▀ ▀ █▄█ ▄███  ████▄  ▀█▄█ █▄█ ██▄ █
█▄ ▀█▄▄▄ ▄▄█  █▀▀▄  █▄▀█ ▀█▄▄▄▄▄█▄▄▀█▀ ▄  ▄▀▀███▀▄ ▄▄    ▀█
██   ██▄ █▄▀█▄ █▀▄▄ ▄▄▀▀▀ ▄▀▄▄▀  █▀█  ▀▄██   █▄▄█▀▀ ▀▄ ▀▀▄█
█ █▀▄█▄▄ ▀ ▄▄ ▄  ▄▀ ▄▄███▀▄▄▄▀▀ █▀▄▄ ▄   ▀ ▄█▀▄▄▀▄ █▀    ▀█
█ ▄ █▀▄▄  ▄▄ ▀▄ ▀█▄▄▀▀▀█▄ █▄▀█▀ ▄▀██▄  ▄██▀ ▄██▄▀█ ███▀▄▄▀█
██▀█▀█▀▄▄▀▀██ ▄▀▀█▀▄▀  ▀▄ █ ▀█▀▄▀█ ██ ▄█▄▀█▀ ▄▄▄▀▄▄▀ ▀▀▀▄▄█
█▄▄▄▄█▄▄█  ███▄▀▀▄  ▄▄▀▀▀▀█▀█▄ ▄▀█▀█▄ ▀▄▄█▀ ▄█ ██▄ ▀▄▄▄ █▀█
█ ▀▄██▄▄█▀▀▄█ ▄▀██▀ ▄ ▀ ▀ ▀▀ ▀  ████▀▀ ▄▄█▄█ ▀  █▄▄▀▄█ ▀▀██
█ ▄█▄██▄▀█ ▄▄ █ ██▀ ▄▄▀▄  ▄▄██ █ █▄█▄▄ ▄██▄ ▀█▄█▀▄▄▀▄█  █▀█
█ ▀ ▀▀▄▄ █▀█ ▄█▀ ▀▀ █▄▀ ██▄▄ ▀▀▄▀ █ ▄ ▄▀▄  ▀▀ ▄▄█▄▄▀▀▄▄▀ ▀█
███████▄█▀▀ ▀▀ ▀██▀▄▀█▀█  ▄ ▄▄▄  ▀▄█▄ ▀▄██▀ ▀█▄▄█ ▄▄▄ ▄█▀▄█
█ ▄▄▄▄▄ █▄▄ ▄██ ██ ▀█▀██  █ █▄█ ▀█▀▄  ▄▀ ▄▄▀█▄ ▄█ █▄█ ▀▀▄▀█
█ █   █ █ █▀ ▀█ ▄▀▀▄▄██▀▀▄   ▄ ▄▄▀█▄▄ ▄██▀  ▄███▄  ▄ ▄█ █▄█
█ █▄▄▄█ █  █▄▄ ▀▄ ▀▄▄█ ▄▀██ ██▀██▄█▀▀  ▄▄▀▄▀▀   ▄  ▄▀█  ███
█▄▄▄▄▄▄▄█▄▄█▄▄████▄▄█▄██▄▄▄█▄▄█▄▄▄▄▄▄▄█▄▄██▄███▄▄▄▄█▄█▄█▄██

Scan this QR code:
▄▄▄▄▄▄▄▄▄▄▄▄▄▄▄▄▄▄▄▄▄▄▄▄▄▄▄▄▄▄▄▄▄▄▄▄▄▄▄▄▄▄▄▄▄▄▄▄▄▄▄▄▄▄▄▄▄▄▄
█ ▄▄▄▄▄ █▄▀▄ ▄█▄█▀ █ ▀▀▄█▄ ▀▀▀▄ ▄▄ ▀ █▄█▄▀   ▀ ▄ ██ ▄▄▄▄▄ █
█ █   █ █ █▀██ █▄▄█ ▄▄██▀▀ █ █▄▀ ▄▄▀▀▀▄▀▄▄▀██▄▀▄ ██ █   █ █
█ █▄▄▄█ █▄▀██ ▄█▀▀▄  ▀▄  █▀ ▄▄▄ ▀ ▀█ █  █▄ ▀▄▀▄▀▄██ █▄▄▄█ █
█▄▄▄▄▄▄▄█▄▀ █ █ █▄█▄▀▄▀ ▀▄█ █▄█ ▀ ▀ █ █ ▀ █▄▀▄▀▄█ █▄▄▄▄▄▄▄█
█ ▄  █▀▄█▄█▀▄ ▀█████▀█ ▄  █ ▄▄   █ ▄▀▀▀█ ▄▄ ▄███▀  █▀ ▄ ▀ █
█ █ ▄▄█▄█▄▄█ █ ▀▀  ██ ▄▄ ▄█▄ █  █ ██▄▀█▄█ █▄█▀█▄ █ █▀  ▄  █
██▄ ▄▀▀▄▀██▄▄▀▄ ▀▄█▄▀▀█▄▄▄█  ██▀██▀██   █▀▄█▀█▄██▄ ▀█▀█▄▀██
█ ▄█▀  ▄█▄▄▀  ▄███▀  ▄▀█▄█ █▀▄██▄▀▀  █▄██  ▀▀▀▄▀███▀▄▀  ▄██
█▀█ ▀▀ ▄▀ ▄ ▀█  ▄ ██▄█▄█ ▄█▄▄▄█▄▀▄█▀▄▀██▄█ █▀    ▄█▄▄▀ ▄▀▄█
█ ▄ █ █▄ ██▀▀▀▀▀ ▄█▀▄▀▄█▀█▄ █ ▄██▄█▄█▀▀ ▄▄ ▄▄ ▀▀▄▄█▀▄ ██ ▀█
███▄▄ █▄▀▀ █▄▀ ██ ▄▀██ ▄▀█▀ ▄ █ ▀█▀█▀█▀█  ▀ ▀▀▀▄▄ ▄▄ ▄██▀▀█
█▄█▀▀▀▀▄▀▄▀ ▀ ▀▄▀▄   ▄    █▀▀▄▀▄▀█ ▄▀█▄█▀█ █▀▄▄▄▀▄▀▀█  ▄█▄█
█ ▀▀█ ▄▄█▀██▄▄▄  ▄ ▄█ ███▄███▀▄█▄▄  ▄ ▀▀▀▀▄█ ▀▀▄██ ▀█▀▀█▄▄█
█ █▄▀ ▄▄▄ █▄▀ ▀   ▄▄▀▀█▄█▀█ ▄▄▄ ▀ ▀ ▄▄▄▄ ▀  ▀ ██  ▄▄▄ ▀▀▀██
█ ▄█▀ █▄█ ▄  ▀█▀  █▄█▄▀▀ ▄█ █▄█   ▄▀▀▀██▄▀▀█▀▄▀▀  █▄█  ▄▄▄█
█▄█▀█ ▄▄▄▄▀▀▄██ ▄ ▄▄███▀  ▀ ▄ ▄▄▀ ▀ ▀▄▀██████ █ ▄▄▄▄▄ ▄▄▄▀█
█  ▀▀  ▄▄▄▀ ▄█ █ █ ▀ █ ▄ ▀█▄██▀▀▀█ ▄ █ ▄ ▄▀▀█▀██▀▄ ██▄▀▄▀██
█  █▄▄▄▄▄▄█▄ ▀ ▄█  █▄█▄▄████▄█ █▀ █ ▄▀  ▄ ▄ █ ▀ ▀▄▄▄▄▀ ▄  █
█ ▀▄█▀ ▄ █▄██▄ ▀███ ▀███ ▄████▄ ▄█ █ ▄█▀█▀██ ▀█▄██ ██▄ ▀▄██
█▄█▄▀▀ ▄ ▀▄▄   ▀ ▄ ▀   █▄▀█  ▄ █ █▀██▀▄▄ ▀▀ ▄█▄▀ ▄▀█ ▄█ █▄█
█▀█▄▄▄ ▄▄█ ▄█▀▀ ▀  ▀ █ ▀█▄▀ ▀  ▄█▄▄▀▀█▄█▄▀▀▄▄▄  ▄▀█▀▀ ▀▄█▄█
█▀█ ▄  ▄█▀█▀▄▀▄▀ ██▄ ██ ██▀██▀▄ ▀▀█▀▀▄▄ █▄▄▄█▄ █▀ ▀██▄▄█▄██
█   ▀ █▄ █▄ ▄▀▄▀▄█▀▀▀▄ █▀▀▄ ▄▄ ▀▀█▄▄▄█ ▄   ▀▀▀▄▄▀ ▀ ▄██ ▄ █
█ ▀ ▀▀▄▄▀█  ▄▀█ ▄▀ ▄ ▀▄▄▄▄█▀▄██▀  ▀█▄▄ ▄██▀▀▀█▄▄ ▀▄  ▀ ▄ ▄█
███████▄▄ ▀ █▀ █▀█▀ ▄ ▀██▄▀ ▄▄▄  █ █  ▀▀▀▀█▄▄▀ ██ ▄▄▄ █▄███
█ ▄▄▄▄▄ ███▄▀▀█▄ ▀███▀ ▀▄██ █▄█ █▀ █▀▀ ▀▀▀███▀██  █▄█  ▀█▀█
█ █   █ █▀▄ ▄██ ▀█▀█ ▄██ ▀█  ▄     ▀▀█▄█▄█▄▄▄▄ ▀▄ ▄▄▄▄▄▄▀██
█ █▄▄▄█ █  ▀▄▀▀▄  ▀ ▄▀███▀█▀▄▀█▀▄   █▀▀▀▄█ █▄█ ▄▀▄▀ ▀█▄▄█▀█
█▄▄▄▄▄▄▄█▄███▄▄███▄█▄█▄▄█▄███▄███▄██▄█▄▄▄▄▄████▄█▄██▄██▄███

Scan this QR code:
▄▄▄▄▄▄▄▄▄▄▄▄▄▄▄▄▄▄▄▄▄▄▄▄▄▄▄▄▄▄▄▄▄▄▄▄▄▄▄▄▄▄▄▄▄▄▄▄▄▄▄▄▄▄▄▄▄▄▄
█ ▄▄▄▄▄ █▀ █▀  ▀▀▀█▀██ ▄  ▄█▄▄▄▄ ▀▀█▀  ▀ ▀  ▀▄▄▄ ██ ▄▄▄▄▄ █
█ █   █ █▀  █  █▄▄▀ █▄▄▄▀ ▀█▄█ ▄▄▄█  ▀█▀██▄ ▀▄ ▄ ██ █   █ █
█ █▄▄▄█ █▀█▀█ █▀▄█▄█▄ ▄█▀ █ ▄▄▄ ▄█▀█▄▄▄▀▄▀▄▄▄▄▀▀▄██ █▄▄▄█ █
█▄▄▄▄▄▄▄█▄█▄█ ▀ ▀▄▀ ▀ ▀ █ █ █▄█ ▀▄█ ▀▄█ █ █▄▀ ▀ ▀▄█▄▄▄▄▄▄▄█
█  ▄ ▄█▄  █▄ ▄ ▀ ▄▀▄ █▀▀▄▀▄▄    ▀█▀█▀  █▀█   █▄▄ ▀ █▄▀▄▀▄▀█
█  ▀██ ▄ ▀▀▀▄▀▄ ▄ ▀ ▀▀▀ █ ▀▄▄  █▀▀▄██▀█ ▀▀ █▀▀▄█▄▀▄▄▄▀▀▀ ██
█▀▀ ▀▄▀▄▀▄▄█  ▄▄▄█▀ ▄▄▀▄  ▀▀ ▀▀██▀▄█  ██▀█▀▀█▀▄▄  ▀▄██▀ ███
█▀▀ █▄▄▄ █ ▄▄▀▀█ ▄▀█▀███▄ ▀█▀██ ██▄▄▄▀▄▄  █▀▀█ ▀█ ▀█▀█▀▀ ██
█▄▄██  ▄   ▄█▄▄█▄█ ▄▀▄██  █▀▀ ▀▀▄▀▀█ ▄▄█▀▀▀  ▀▄▄ ▀███▀ ▀█▄█
██▀▄ ▄ ▄██▀▀▀▄▀█ ▄ ▄▀▄▄▀█▄ ▄▀ ▀▄▀▄▀  ▀  ▀▀█▄▄██ ▀ ▄▄▄▀▀▀ ▀█
█▄  ▀▄█▄ ▀▀█ ▀▀█▄▀▄▄▄█▀█▀▄▀ ▀▀▀  █▄█ ▄▀███▀  █▄█▄▀ ▄▄▀█ ▀ █
██▄██▀█▄▀▄▀▄▀█▄█▄ ▄ ▄█  ▀█▀ █▀█▄▄█▄ █▀█ █▄█▀█▄▄▀▄▀▀▄▄▀▀▀▀██
██ ▄ ▄▀▄ ▄▀     ▄█  █▄██  █▀▀▀█▀▄ ▄ ▄▄▀▄▀██▀▄█▄█   ▄███ ▄▄█
██ ▀▀ ▄▄▄ ▄▄▀▄█ █▄▄█ ▀▄█    ▄▄▄    █▄▀▀▄▀▀ ▀▄█▄▄█ ▄▄▄ ▀  ▀█
█▀▄ ▄ █▄█ ▄ ▄▄▀▄▀▄▄▀ █▄█▀ █ █▄█ ▄███   ▄██▀▀ ▀██▀ █▄█ █▀▄ █
█▀█▀ ▄▄▄  ▄█  █▀▀▄▀▄█▄▄▄ ▀▄ ▄▄▄▄█▄▄ █▀█  ▄▄ █▀ ▀       ▀ ▀█
█ ▄ ███▄▄ ▄▀█▄ █▀▄▄▄ ▄▀█▀ ▄▀▄▄▀  █▀█▄▄███▀ ▀ █ ██▄▀ █▄▀ █ █
██▀▀▀█▄▄▀▀ ▄▄ ▄ ██▀ ▄ ██▀▀▄▄██▀ ▀▀▄▄█    ▀▀▄▀▀█▄▀▄ █▄█  █▀█
█   █▀▄▄  ▄▄██▄ ▀█▄▄▀▀▀█▄ █▄▀█▄▀ ███   ▄██▀ ▄██▄▀█ ███▀▄█▀█
██▀█▀█▀▄▄▀▄▄ ▄ █▀█▀▄▀  ▀▄ █ ▀█ ▄ ▄ ██ ▄█▄ █▀ ▄▄▄▀▄▄▀ ▀▀▀▄▄█
█▄▄▄▄▄▄▄█ ▀▄    ▀▄  ▄▄▀▀▀▀█▀█▄ ▄▀█▀█▄ ▀▄▄█▀ ▄█ ██▄▄▀▄▄ ▄█▀█
█ ▀▄█▄▀▄█▀▄▄▄ █ ██▀ ▄ ▀ ▀ ▀▀ ▀  ████▀▀  ▄█▄▀ ▀ ▄██ █▄██ ▀██
█ ▄▀▀ █▄█▄▀█▄   ██▀ ▄▄▀▄  ████ █ █▄▄▄▄ ▄██▀▀▀█▀▄█▄▀▀▄█ ██▀█
█ ▀ ▀▀▄▄█ ▀█ ▄█▀ ▀ ▀█▄ ▀███  ▀▀▄▀ █▀ ▄▄█▄ ▄▀▀ █▄ ▀▄███   ▀█
███████▄▄ ▀ ▀▀ ▀▀▄  ▀█▀▀▄▀▄ ▄▄▄  ▀▄██▄██▄▀▀▀█████ ▄▄▄ █▄▀▄█
█ ▄▄▄▄▄ █▄▄ ▄██ ▀▀ ▀▀████▄█ █▄█ ██▀▄ ▄▄ ▄ █▀█▀▀▄  █▄█ ▀▀▄▀█
█ █   █ █ █▀▀██ ▄▀▀▄▄██▀▀▄     ▄ ▀█▄█ ▄█▀█  ▄████  ▄  █ ███
█ █▄▄▄█ █ █ ▀ ▄▄▄ ▀▄▄█ ▄▀██ ██▀█▄██▀▀▀ ▄▄ ▄▀ ▀  ▄  ▄▀▀  ███
█▄▄▄▄▄▄▄█▄█▄▄█████▄▄█▄██▄▄▄█▄██▄▄▄▄▄▄▄█▄▄██▄███▄▄▄▄███▄█▄██

Scan this QR code:
▄▄▄▄▄▄▄▄▄▄▄▄▄▄▄▄▄▄▄▄▄▄▄▄▄▄▄▄▄▄▄▄▄▄▄▄▄▄▄▄▄▄▄▄▄▄▄▄▄▄▄▄▄▄▄▄▄▄▄
█ ▄▄▄▄▄ █▄▀▄ ▄█▄ ▀▀▄ ▀▀▄▀  ▀▀▀▄ ▄▄█▀██ ███▄▄██ ▄ ██ ▄▄▄▄▄ █
█ █   █ █ █▀█▀ █▄▄█ ▄███▀  █ █▄▀▀█▄▀▀ ▄▀█▄▀█ ▄▀▄ ██ █   █ █
█ █▄▄▄█ █▄▀▀▄ ▄█▀▀▄  ▀▄  █▀ ▄▄▄ ▀█▀█ █  ▄▄ ▀ ▄▄▀▄██ █▄▄▄█ █
█▄▄▄▄▄▄▄█▄█ █ █ █▄█▄▀▄▀ ▀▄█ █▄█ ▀ ▀ █ █ ▀ █▄▀▄▀▄█ █▄▄▄▄▄▄▄█
█ ▄  ▀▀▄█▄▀▄▄▀▀█████▀█ ▄  █▄▄▄   █ ▄▀▀▀█ ▄▄ ▄███▄  █▀▄▄ ▀ █
█ █ ▄█▄▄▀ ▄███ ▀▀  ██ ▄▄ ▄██ █  █ █▀▄▀▀ █ ▀ █▀▀ ██▀█▀▀ ▄  █
██▄▀▄▀▀▄▀▄ ▄▄▀▄ ▀▄█▄▀▀█▄▄▄█ ▄▀█▀██▀██ ▄ █▀▄█▀█ ▄▄█ ▀█▀█▄▀██
█▄ ▀   ▄▄█▄▀  ▄███ ▀ ▄▄ ▄█ █ ▄██▄▀▄▀▄█▀▄▀  ▀▀▀ █  █▀█▀▀ ▄██
█▀ ▄█▀ ▄▀ ▄ ▀█    ▀█▄▄▄█▀██▄▄▄ ▄▀▄▄ █▀▄▄ █ ▄▀▄   ▄█▄▄▀ ██ █
█▄██▄▄█▄ ██▀▀▀▀▀▄▀█▀█ ▄██ ▄ █ ██▀▄█▄█ ▀▀▄ ▀▄▀█▀ ▄▄▀▀▄ ███▀█
█ ▀▄▄█▄▄▀▀ █▀  ██ ▄▀██ ▄▀█▀ ▄ █ ▄█▀█▀▀▀█▀ ▀ █▀▀▄▄ ▀▄ ▄██ ▀█
█▄█▀▀▀ ▄█▄█▄  ▄▀▀▄   ▄    █▀▀▄▀▄ ▄ ▄▀█▄█▀█ █▀█▄▄▀▄██▀▄ ▄█▄█
█ ▀▀█▄▀▄ █▀▄▀ ▀▄ ▄ ▄█ ███▄███▀▄█▄▄  ▄ ▀▀▀▀▄█ ▀▀▄ █▄ ▄▀▀█▄▄█
█ █▄▀ ▄▄▄ ▄ ▄█ ▄  ▄▄▀▀█▄█▀█ ▄▄▄ ▀ ▀ ▄▄ ▄ ▀  ▀ ██  ▄▄▄ ▀▀▀██
█ ▄▄█ █▄█    ▀▄█  █▄█▄▀▀ ▄█ █▄█    ▀▀▀▄█▄▀▄█▀▄▀▀▄ █▄█  █▄▄█
██ ██▄▄▄  ▀▀▄██ ▄ ▀ ██▄▄   ▄▄ ▄▄▀  ▀▀▄█▀█▀▄█▀▄▄█   ▄  ▀▄▄▀█
█▄▀▀▀  ▄█ ▀ ▄█ ██▄ █ ▄  ▀ █▄██▀▀▀█ ▄▄▀▀█▄▄ ▀▄▀█▄█▄ ███ ▄▀▀█
█▀▀█▄▄▄▄█ █▄ ▀ ▄██ █ ▀▄▄█▄███  ██ █  ▄  ▄▀▄▀ ▄▀ ▀▄▄▄▀  ▄▀▄█
█ ▀▄█▀ ▄ █▄██▄ ▀███ ▀███ ▄████ ▀█▀ █ ▄█▀▀███▄██▄██ ██▄ ▀▄██
█▄█▄▀▀ ▄ ▀▀▀▄█ ▄ ▄ ▀   █▄▀█  ▄ █▀█▀█▄▀▄▄▀▀▀ ▄█▄▀ ▄▀█ ▄█ █▄█
█▀█▄▄▄▄▄▄█▀▄ ▄▀▄▀  ▀ █ ▀█▄▀ ▀  ▄█▄▄▀▀█▄█▄▀▀▄▄▄  ▄▀ █▀ ▀ █▄█
█▀█ ▄▄▄▄█▀██▄  ▄ ██▄ ██ █████▀▄ ▀▀▀█▀▄  █▄ ▄█▄ ▀█▀ ██▄█▄▄██
█  ██ ▄▄█▀▀▀▄▀▀▀▄█▀▀▀▄ █▀▀▄▄▄▄ ▀▀█▀▄▄█ ▄  ▀▀▀▀ ██ ▄▀█▄  ▄ █
█ ▀ ▀▀▄▄ █  ▄▀█ ▄▀▄▄ ▀▀ ▄▄▄▀▄██▀   ▄▄ █▄▀▀▀ ██▄▄ ▀█ ▀  █ ▄█
███████▄█▀▀ █▀ █▀▄▄▄▀ ▀█▄▄▀ ▄▄▄  █ █▄▄  ███▄ █ █▀ ▄▄▄ ▄█▀▀█
█ ▄▄▄▄▄ ███▄▀▀█▄█▄████ ▀█▄█ █▄█ ▀▀ █▄█▀▀▄▄▄██▀▄▄▀ █▄█  ▀▀▀█
█ █   █ █▀▄  ▀█ ▀█▀█ ▄██ ▀█      ▄ ▀▀▀▄█▄█▄▄   ▀▄ ▄▄▄ ▄▄▀██
█ █▄▄▄█ █ ▀▀▄ █   ▀ ▄▀███▀█▀▀██▀█   █ ▀▀██ █▄█ ▄▀▄▀ ▀▀▄▄█▀█
█▄▄▄▄▄▄▄█▄█▄█▄▄███▄█▄█▄▄█▄███████▄██▄█▄▄▄▄▄████▄█▄██▄▄█▄███

Scan this QR code:
▄▄▄▄▄▄▄▄▄▄▄▄▄▄▄▄▄▄▄▄▄▄▄▄▄▄▄▄▄▄▄▄▄▄▄▄▄▄▄▄▄▄▄▄▄▄▄▄▄▄▄▄▄▄▄▄▄▄▄
█ ▄▄▄▄▄ █▀ █▀    █▄▀ █▀▄▀ ▄█▄▄▄▄ ▀▀█ █▀▀█▄  ▀█▄▄ ██ ▄▄▄▄▄ █
█ █   █ █▀  ▀  █▄▄▀ █▄▄▄  ▀█▄█ ▄ ██  ▀█▀██▄ ▀█ ▄ ██ █   █ █
█ █▄▄▄█ █▀███▄█▀▄█▄█▄ ▄█▀ █ ▄▄▄   ▀█▄▄▄▀▄▄▄▄▀▄▀▀▄██ █▄▄▄█ █
█▄▄▄▄▄▄▄█▄▀▄█ ▀ ▀▄▀ ▀ ▀ █ █ █▄█ ▀▄█ ▀▄█ █ █▄▀ ▀ ▀▄█▄▄▄▄▄▄▄█
█  ▄  ▀▄▄▄▄▄▀█ ▀ ▄▀▄ █▀▀▄▀ ▄    ▀█▀█▀  █▀█   █▄▄▀▀ █ ▀▄▀▄▀█
█  ▀██ ▄▄████▄▄ ▄ ▀ ▀▀▀ █  ▄   █▀▀ ██▀█ ▀▀▄█▀▀ ▀▀ ███ ▀▀ ██
█▀▀ █▄▀▄██ ▀  ▄▄▄█▀ ▄▄▀▄  ▀▀▀█▀██▀██  ▀█▀█ ▀█▀▄█▀▀▀▄██▀ ███
█▀█ ▀▄▄▄▀█ ▄▄▀▀█ ▄▀▄▀█▀▀▄ ▀█ ▄█▄███▄▄█▄▀ ▄ ▀█▀▄▀█▀▀█▀█▀▀ ██
█▀ ▄▄  ▄   ▄█▄▄█▄▄▄ ▀█▄▀▀ █▀▀ █ ▄▀▀██▄▀███▀ ▄▀█▄ ▀███▀▀ ▀▄█
██ ▄▀  ▄██▀▀▀▄▀█▀▄ ▄▄▄▄▀▄▄ ▄▀ ▀██▄▀ ▀█ ▀█▀▄██▄▄ ▀ ▄ ▄▀▀▀▄▀█
███ ▀▄█▄ ▀▀█▀▄▀█▄▀▄▄▄█▀█▀▄▀ ▀▀▀ ▄▀▄█▀▄▀███▀  █▄█▄▀▀█▄▀█  ▀█
██▄██ ▀▄█ ▀▄▄▀▀ ▄ ▄ ▄█  ▀█▀ █▀█▄▄▄▄ ▄ █ ▄▄█▀██▄▀▄▀██ █▀▀▀██
██ ▄ ▀ ▄▀██▄█▄  ▄█  █▄██  ▀▀▀▀█▀▄ ▄ ▄▄▀▄▀██▀▄█▄█▀  ▄█▀█ ▄▄█
██ ▀▀ ▄▄▄ ▀ ▄▄███▄▄█ ▀▄█  ▀ ▄▄▄    ▀▄▀█ ▀▀ ▀▄█ ▄▀ ▄▄▄ ▀  ▀█
█▀▄█  █▄█  ▄▄▄█ ▀▄▄▀ █▄█▀ ▀ █▄█ ▄█▄█  ▄███▀  ▀█▄█ █▄█ █▀▄ █
█ ▄▄ ▄ ▄ ▄▄█  █▀▀▄▄ █▄▄▀ ▀▄ ▄▄▄▄█▄█ ▀█▄▄▄   ███▄█▄ ▄   ▀ ▀█
█ ▀ ▀██▄▄█▄▀█▄ █▄▄▄  ███▀▀▄▀▄▄▀  █▀█▄▄ ▄ █▀▀ ▀▄▄█▀▀ ▄█▀ █▄█
█ ▄▀▀█▄▄▀▄ ▄▄ ▄  █▀ ████▀▀▄▄▄▀▀ ██▄▄ ▄▀ █▀▀▄█▀▄▄ ▄ █▀█   ██
██▄ █▀▄▄  ▄▄▄ ▄ ▀█▄▄▀▀▀█▄ █▄▀█ █▄████▄ ▄ ▀▀  ██▄▀█ ███▀▄▄▀█
██▀█▀█▀▄▄▀▄██▀ ▄▀█▀▄▀  ▀▄ █ ▀█ ▄ █ ██ ▄█▄▀█▀ ▄▄▄▀▄▄▀ ▀▀▀▄▄█
█▄▄▄▄█▄▄█ █▀█▀▀█▀▄  ▄▄▀▀▀▀█▀█▄ ▄▀█▀█▄ ▀▄▄█▀ ▄█ ██▄█▄▄▄▄▄█▀█
█ ▀▄█▄▄▄█▀▀▄▄▄▀▀██▀ ▄ ▀ ▀ █▀ ▀  ██▀▀▀▀ ▄▄█▄█ ▀ ▄▀▄▀▀▄█▀ ▀██
█ ▄▀▀▄ ▄ ▄ ▄▄  ███▀ ▄▄▀▄  █ ██ █ ███▄▄▄███▀ ▀█▄█████▄▄▀▄█▀█
█ ▀ ▀▀▄▄▄▀▀█ ▄█▀ ▀ ▀█▄▄▄███▄ ▀▀▄▀ ▄   ▄ ▄ ▀█▀▄▄▄█▄▀▀▄██▀ ▀█
███████▄▄ ▀ ▀▀ ▀▀▄ ▄ █▀█▄▀▄ ▄▄▄  ▀▄█ ▄ ▄▀██▀ ▀▄█▀ ▄▄▄ ▄█▀ █
█ ▄▄▄▄▄ █▄▄ ▄██ ▀▀ ▀▄███▄██ █▄█ ▀█▀▄▀▄█▀ ▄▄▀▄█ ▄  █▄█ ▀▀▀▀█
█ █   █ █ █▀▄ █ ▄▀▀▄▄██▀▀▄     ▄ ▀█▄█ ▄█▀█   ████  ▄ ▄█ ▄██
█ █▄▄▄█ █ ▀▄▀▀▄█▄ ▀▄▄█ ▄▀██ ▀▀▀██▄█▀▀  ▄▄ ▄▀    ▄  ▄▀▀  ███
█▄▄▄▄▄▄▄█▄▄██▄█▄██▄▄█▄██▄▄▄████▄▄▄▄▄▄▄█▄▄██▄███▄▄▄▄█▄█▄█▄██

Scan this QR code:
▄▄▄▄▄▄▄▄▄▄▄▄▄▄▄▄▄▄▄▄▄▄▄▄▄▄▄▄▄▄▄▄▄▄▄▄▄▄▄▄▄▄▄▄▄▄▄▄▄▄▄▄▄▄▄▄▄▄▄
█ ▄▄▄▄▄ █▄▀▄ ▄████▀▄▄▀▀▄ ▄ ▀▀▀▄ ▄▄▀█▄█ ▀▀▄▄▄█▄ ▄ ██ ▄▄▄▄▄ █
█ █   █ █ █▀██ █▄██ ████▀▀ █ █▄▀█▄▄▀▄ ▄▀ █▀█▀█▀▄ ██ █   █ █
█ █▄▄▄█ █▄▀█ ▀▄█▀▀▄  ▀▄  █▀ ▄▄▄ ▀█▀██▄  ▀▀ ▀▄█▄▀▄██ █▄▄▄█ █
█▄▄▄▄▄▄▄█▄█▄▀▄█ █▄█▄▀▄▀ ▀▄█ █▄█ ▀ ▀ █ █ ▀ █▄▀▄▀▄█ █▄▄▄▄▄▄▄█
█ ▄  ██▄▀ ▀▄▄▄▀█████▀█ ▄  █▄▄▄   █ ▄▀▀▀█ ▄▄ ▄███▄  █▀▄▄ ▀ █
█ █ ▄▄▄▄▀▀▄▀█▀ ▀▀  ██ ▄▄ ▄██▄█  █ █▀▄▀█▄█ █ █▀▀▄▀▄ █ █ ▄  █
██▄ ▀▀▀▄▄▄▄█▄▀▄ ▀▄█▄▀▀█▄▄▄▄▀▀▀█▀██ ██   █▀██▀█ ███ ▀▄▀█▄▀██
█▀██▄  ▄█▄▄▀  ▄███ █ ▄  ▄█ █▀▄██▄▀▀█▄██ █▄▄ ██  ▄██▀█   ▄██
█ ▀ █▀ ▄▀ ▄ ▀█  ▀ █▀▄█▄█▀▄█▄▄▄▀█▀▄▄▀█▀▄▄▄███▄  ▀ ▄█▄▄▀ ▄█▄█
█▀▀▀▄▄█▄ ██▀▀▀▀▀  █▀█▄▄█ ▄▄ █ █▄█ █▄█ ▀  █ █▄█ ▀▄▄█▀▄ ██▄▀█
█▀█▄▄█ ▄▀▀ █ ▄ ██ ▄▀██ ▄▀█▀ ▄ █ █▀▀███▀█▄ ▀ ██▀▄▄ ▀█ ▄██▀▀█
█▄█▀▀█▀▄▀▄ ▄███ ▀▄   ▄    █▀▀▄▀▄▀█ ▄▀█▄█ █ █ ▄▄▄▀▄ ██  ▄█▄█
█ ▀▀█▀█▄▀ ███▀▄  ▄ ▄█ ███▄█▀█▀▄█▄▄  ▄ ▀▀▀▀▄█ ▀▀▄ █ ▀▀▀▀█▄▄█
█ █▄▀ ▄▄▄ █ ▄ ▀▀  ▄▄▀▀█▄█▀▄ ▄▄▄ ▀ ▀▄▄▄▄  ▀▄ ▀ ▀▀▄ ▄▄▄ ▀▀▀██
█ ▄ █ █▄█    ▀ █  █▄█▄▀▀ ▄█ █▄█   ▀ ▀▀██▄▀▀█▀▄ ▀▄ █▄█ ▀ ▄▄█
█▄▀▀▀  ▄ ▄▀▀▄██ ▄  ▄██▀   ▀▄▄ ▄▄▀ ▀ █ █ █▀▄▄█▄ ▄▄  ▄▄ █▄▄▀█
█▄ ▄█  ▄█ ▀ ▄█ █████ ▄▄▄▄ █▄█▄▀▀▀█ ▄▄█▀█ ▄ ▀█▀▄▄█▄ ██▄▀█▀▀█
█▀██ ▄▄▄▀██▄ ▀ ▄▀▀ █▄▄▄▄▄ ██▄▄ ██▄█ ▀ ▀  ▄▄▀█ ▀  ▄▄▄▄▄ ▄▄▄█
█▄ ▄█▀ ▄ █▄█ ▄ ▀███ ▀███ ▄█████▄▄█ █ ▄█▀████ ▀█▄██ ██▄ ▀███
█▄█▄▀▀ ▄ ▀▄▀ ▄▄▄ ▄ ▀   █▄▀█  ▄▄█▀▄▀██ ▄▄  ▀ ██▄▀ ▄▀█ ▄█ █▄█
█▀█▄▄▀ ▄▄██   █ ▀  ▀ █ ▀█▄▀ ▀  ▄█▄▄▀▀█▄█▄▀▀▄▄▄  ▄▀█ ▀ ▀▄█▄█
█▀█ ▄█ ▄█▀▄█▀▄▄  ██▄ ██ █████▀▄ ▀▀▀█▀▄▄▄█▄ ▄█▄▄▀▀▀ ▀█▄▄▄▄██
█  ▄█ █▄█ ▀█▄▀▀█▄█▀▀▀▄ █▀▀██▄▄ ▀▀█▄█▄█ ▄    ▀▀██▀▀▀█▀█ ▄▄ █
█ ▀ ▀▀▄▄▀▄  ▄▀█ ▄▀▀  ▀▀█▄▄██▄██▀  ▀▄▄▄  ██  █▀▀ ▄ ▄▄▀▀▄▄ ▄█
███████▄▄▀▀ █▀ █ ▄    ▀█▄▄▀ ▄▄▄  █ █    █▀▄▄▄▀▀█▀ ▄▄▄ ▄█▀▀█
█ ▄▄▄▄▄ ███▄▀▀█▄█ ████ ▀▀ █ █▄█ ██ ██▀▀ ▄▀█▄▀▀▄▄█ █▄█  ▀███
█ █   █ █▀▄ █ █ ▀█▀█ ▄██ ▀█ ▄    ▄ ▀█▀▄█▀█▄▄▀▄ ▀▄ ▄▄▄▄▄▄ ▄█
█ █▄▄▄█ █ ▄▄▀▄██  ▀ ▄▀███▀█▀▀██▀█   ▄ ▀▀██ █▄█ ▄▀▄▀ ▄▀▄▄█▀█
█▄▄▄▄▄▄▄█▄██▄▄▄███▄█▄█▄▄█▄██▄▄███▄██▄█▄▄▄▄▄████▄█▄██▄▄█▄███

❌ Bot disconnected (408), reconnecting in 5s...
❌ Bot disconnected (408), reconnecting in 5s...
Scan this QR code:
▄▄▄▄▄▄▄▄▄▄▄▄▄▄▄▄▄▄▄▄▄▄▄▄▄▄▄▄▄▄▄▄▄▄▄▄▄▄▄▄▄▄▄▄▄▄▄▄▄▄▄▄▄▄▄▄▄▄▄
█ ▄▄▄▄▄ █▀ █▀  ▀▀██▀ █ ▄▄▄▄█▄▄▄▄ ▀▀██▄ ▀▄ ▄▄▄▀▄▄ ██ ▄▄▄▄▄ █
█ █   █ █▀  █  █▄█▀ █▄▄▄▀ ▀█▄█ ▄▀▄█ ▄▀█▀▄█▄ ▀█ ▄ ██ █   █ █
█ █▄▄▄█ █▀▀█▀▄█▀▄█▄█▄ ▄█▀ █ ▄▄▄ ▄▄▀█▀ ▄▀  ▄▄▄▀▀▀▄██ █▄▄▄█ █
█▄▄▄▄▄▄▄█▄█▄▀ ▀ ▀▄▀ ▀ ▀ █ █ █▄█ ▀▄█ ▀▄█ █ █▄▀ ▀ ▀▄█▄▄▄▄▄▄▄█
█  ▄  █▄ ▄ ▄▄  ▀ ▄▀▄ █▀▀▄▀▄▄    ▀█▀█▀  █▀█   █▄▄   █ ▀▄▀▄▀█
█  ▀█▄ ▄▄ ▄███▄ ▄ ▀ ▀▀▀ █ █▄ ▄ █▀▀▄██▀█ ▀▀ █▀▀ █▄██▄▀█▀▀ ██
█▀▀██▄▀▄  ▄▄  ▄▄▄█▀ ▄▄▀▄    ██▀██▀█▄   ▄▀█▀▀█▀ ▄ ▀▀▄███▄███
█ ▄█ ▄▄▄ █ ▄▄▀▀█ ▄▀█▀█▀▀▄ ▀█ █▀▄██▄█▄▀█▀   █▀▀█▄▀ ▀█ ▄   ██
█▄▀ ▀  ▄   ▄█▄▄██▄▀▄▄▄ ▀ ▀█▀▀ █ ▄▀▀█▄ ▀██▀  ▀▀▀█ ▀███▀▀▀▀ █
█ ▀▀█ ▄▄██▀▀▀▄▀███ ▄▄█▄▀▄▀ ▄▀ ▀██▄▀ ▀▀    ▄▄▀▀█ ▀ ▄ ▄▀▀▀ ▀█
█▄▀ ▀▄▄▄ ▀▀█▄ ▀█▄▀▄▄▄█▀█▀▄▀ ▀▀▀  ▀▄█ ▄▀███▀  █▄█▄▀▀▄▄▀█ ▀▀█
██▄██▀ ▄▀▄ ██▀ ▀▄ ▄ ▄█  ▀█▀ █▀█▄▄█▄ █▀█ ▄▄█▀▄█▄▀▄▀▀▀▄█▀▀▀██
██ ▄ ▄█▄███▀  ██▄█  █▄██  ██▀▀█▀▄ ▄ ▄▄▀▄▀██▀▄█▄██▀▀█▀██ ▄▄█
██ ▀▀ ▄▄▄ █ █▄▄▀█▄▄█ ▀▄█    ▄▄▄    █▄▀▀▄▀▀▄▀▄█ ▄▀ ▄▄▄ ▀  ▀█
█▀▄▄▄ █▄█ █▀▄▄▀▀▀▄▄▀ █▄█▀ ▀ █▄█ ▄██▄  ▀▄██   ▀▀██ █▄█ █▀▄ █
██▄ █ ▄▄▄▄▄█  █▀▀▄▀▀█▄▄  ▀▄ ▄▄▄▄█▄▄▀██▄   ▀▀▀▀█▄█▄▄ ▄▄▄▀ ▀█
██▀████▄▀ ▄▀█▄ █▄▄  ▄▄▀█ ▀▄▀▀▄▀  █▀█▄ ▀█▀▀▀▀ █▄█▀█▀ ▄█ ▀▀▄█
█▄▀█ █▄▄▄▀ ▄▄ ▄   ▀ ▄▄██ █▄▄▀▄▀ ▀▀▄▄██▀    ██▀██▀▄ ██▄   ▀█
██▄ █▀▄▄  ▄▄ ▀▄ ▀█▄▄▀▀▀█▄ █▄▀█ █ ███ ▄ ▄▀█▀  ▀█▄▀█ ███▀▄█ █
██▀█▀█▀▄▄▀ ▀█▀█▀▀█▀▄▀  ▀▄ █ ▀█▄▄ █ █▄ ▄█▄▀█▀ ▄▄▄▀▄▄▀ ▀▀▀▄▄█
█▄▄▄▄  ▄█ █▄  ▄ ▀▄  ▄▄▀▀▀▀█▀█▄ ▄▀█▀█▄ ▀▄▄█▀ ▄█ ██▄ ▀▄▄▄ █▀█
█ ▀▄██▄▄█▀█ █▀█▄██▀ ▄ ▀ ▀ ▀▀ ▀  ███▀▀▀▄▄▄█▄▀ ▀ ▄▀▄▀▀▄█▄▀▀██
█ ▄  ▀▀▄▄▄▀▀▄   ██▀ ▄▄▀▄  █▀██ █ █▀█▄▄▀███ ▀▀██▄▀ ▄▀██ ▀█▀█
█ ▀ ▀▀▄▄ █▀█ ▄█▀ ▀▀▄█▄█▀██▄▀ ▀▀▄▀ ▄ ▄ ▀▄ ▄ ▀█ ██▀█ ▀██   ▀█
███████▄█▀▀ ▀▀ ▀▄█▄  █▀█▀ ▄ ▄▄▄  ▀▄█ ▄ ▄▀█▄▀ ████ ▄▄▄ ▄██▄█
█ ▄▄▄▄▄ █▄▄ ▄██ █  ▀▄▀██▄ █ █▄█ ██▀▄ ▀█ ▄ ▄▀▄  ██ █▄█ ▀▀▄▀█
█ █   █ █ █▀█▄█ ▄▀▀▄▄██▀▀▄  ▄  ▄ ▀█▄▄▄▄█▀▀  █████  ▄▄▄█ ▄██
█ █▄▄▄█ █  ▄ ▄▄▄▄ ▀▄▄█ ▄▀██ ▄▀▀█▄▄█▀ ▀ ▄▄▀▄▀ ▀  ▄  ▄██  ███
█▄▄▄▄▄▄▄█▄████████▄▄█▄██▄▄▄████▄▄▄▄▄▄▄█▄▄██▄███▄▄▄▄█▄▄▄█▄██

Scan this QR code:
▄▄▄▄▄▄▄▄▄▄▄▄▄▄▄▄▄▄▄▄▄▄▄▄▄▄▄▄▄▄▄▄▄▄▄▄▄▄▄▄▄▄▄▄▄▄▄▄▄▄▄▄▄▄▄▄▄▄▄
█ ▄▄▄▄▄ █▄▀▄ ▄▄▄ ▀ ▄▄▀▀▄▄▄ ▀▀▀▄ ▄▄ ▀▀▀▄▀█▄ ▄▄  ▄ ██ ▄▄▄▄▄ █
█ █   █ █ █▀▀▀ █▄▄█ ▄▄██▀  █ █▄▀▀▄▄▀ ▀▄▀▀█▀█ █▀▄ ██ █   █ █
█ █▄▄▄█ █▄█▀ █▄█▀▀▄  ▀▄  █▀ ▄▄▄ ▄▄▀█▀▄  ██ ▀▄█▄▀▄██ █▄▄▄█ █
█▄▄▄▄▄▄▄█▄█▄█▄█ █▄█▄▀▄▀ ▀▄█ █▄█ ▀ ▀ █ █ ▀ █▄▀▄▀▄█ █▄▄▄▄▄▄▄█
█ ▄  ██▄█     ▀█████▀█ ▄  ▀▄▄▄   █ ▄▀▀▀█ ▄▄ ▄███   ██ ▄ ▀ █
█ █ ▄██▄█▀▄ █▀ ▀▀  ██ ▄▄ ▄ ▄ █  █ █▀▄▀▀ █ █▄█▀▀▄█ ▀▄ ▀ ▄  █
██▄▄▀▀▀▄█▀▀▄▄▀▄ ▀▄█▄▀▀█▄▄▄█ ▀██▀██ ██   █▀▄▄▀█ ▄█▄ ▀▀█▀▄▀██
█▀ █   ▄██▄▀  ▄███ █ ▄█▄▄█ █▀▄█▀▄▀▀ ▄▀▀▀▀ █▀██ ▀███▀▄  ▀▄██
█  ▄▄▀ ▄▀ ▄ ▀█     ▀██▀█▀██▄▄▄█▄▀▄█▀█▀▄▄ █▄▄  ▀  ▄█▄▄▀ ██▄█
█ ▀█  ▀▄ ██▀▀▀▀▀▄ █▀ ▄▄█ █▄ █ ▄██▄█▄▄▀▀▀▀▄ █▄▀  ▄▄██▄ ██ ██
█ ▀▄▄▄ ▄▀▀ ██  ██ ▄▀██ ▄▀█▀ ▄ █ █▀▀█▀█▀█▄ ▀ ██▀▄▄ ▀█ ▄██▀▀█
█▄█▀▀▀█▄█▄▄▄ █ ▄▀▄   ▄    █▀▀▄▀▄▀▄ ▄ █▄█▀█ █ █▄▄▀▄ ██  ▄█▄█
█ ▀▀█ █▄▀▄   ▀█  ▄ ▄█ ███▄▀██▀▄█▄▄  ▄ ▀▀▀▀▄█ ▀▀▄█▄█ ██▀█▄▄█
█ █▄▀ ▄▄▄  ▄  ▀   ▄▄▀▀█▄█▀▀ ▄▄▄ ▀ █▄▄▄▄▄ ▀ ▄▀ ██▄ ▄▄▄ █▀▀██
█ ▄ █ █▄█ ▄█ ▀▀▄  █▄█▄▀▀ ▄█ █▄█   ▀ ▀▀▄█▄▀ ▄▀▄▀▀▀ █▄█ █▄▄▄█
█▄█▄█ ▄▄ ▄▀▀▄██ ▄   ██▄▄    ▄ ▄▄▀ ▀▀▀ █▄█▀▀▀▀ ▀▄▄  ▄▄ ▄█▄▀█
█▄▀█▀  ▄█▄▀ ▄█ ██▄ ▀▄▄█ ▀▀█▄ █▀▀▀█ ▄▄█ █▀ ▀▀▀█▄▄██ █▄█ █▀██
█▄ ▄▀▄▄▄  █▄ ▀ ▄▀  ███▄▄████▄█ ██ █ ██  ██▄ ▀▄▀▀ ▄▄▄▀▀ ▄▄ █
█ ▄▄█▀ ▄ █▄█▄  ▀███ ▀███ ▄█████ ██ █  █▀▀███▄██▄██ ██▄ ▀▄██
█▄█▄▀▀ ▄ ▀ ██▄▄  ▄ ▀   █▄▀█  ▄ █ ▄▀█▄ ▄▄ ▀▀ █▄▄▀ ▄▀█ ▄█ █▄█
█▀█▄▄▄▄▄▄██▄ ▄  ▀  ▀ █ ▀█▄▀ ▀  ▄█▄▄▀▀█▄█▄▀▀▄▄▄  ▄▀ ▄▀ █ █▄█
█▀█ ▄▄▀▄█▀▀ █▀█▄ ██▄ ██ ██▀██▀▄ ▀▀▀█▀▄▄ █▄▄▄█▄▄██  ▀█▄█▄▄██
█  ▀  ▄▄███▄▄▀▄▄▄█▀▀▀▄ █▀▀▄█▄▄ ▀▀███▄█▀▄  ▀ ▀▀▄██  █▄█▀ ▄ █
█ ▀ ▀▀▄▄▀▄  ▄▀█ ▄▀ ▄ ▀▀▀▄▄▄▀▄██▀  ▀█ ▄▀█▀▀ ███▄▀█ ▄▄▄▄▀█ ▄█
███████▄█ ▀ █▀ ██▄ ▄ ▀█▀█▄▀ ▄▄▄  █ █ ▄▀▀█▀█▄ ██▄▀ ▄▄▄ █▄▀██
█ ▄▄▄▄▄ ███▄▀▀█▄ ▄██   ▀ ▀█ █▄█ ██ ██   ▀▄█▄▄ ██▀ █▄█  ▀ ██
█ █   █ █▀▄ ▀▄█ ▀█▀█ ▄██ ▀█     ▄▄ ▀██▄█▄▀▄▄   ▀▄ ▄▄▄ ▄▄▀▄█
█ █▄▄▄█ █  ▄▀▄▀▄  ▀ ▄▀███▀█▀███▀▄▀  ▄ ▀▀▄▄ ███ ▄▀▄▀ ██▄▄█▀█
█▄▄▄▄▄▄▄█▄▄▄█▄████▄█▄█▄▄█▄███▄███▄██▄█▄▄▄▄▄████▄█▄██▄▄█▄███

Scan this QR code:
▄▄▄▄▄▄▄▄▄▄▄▄▄▄▄▄▄▄▄▄▄▄▄▄▄▄▄▄▄▄▄▄▄▄▄▄▄▄▄▄▄▄▄▄▄▄▄▄▄▄▄▄▄▄▄▄▄▄▄
█ ▄▄▄▄▄ █▀ █▀  ▀███▀▄▀▀▄█ ▄█▄▄▄▄ ▀▄▀█▄▄█▀▄  ▀█▄▄ ██ ▄▄▄▄▄ █
█ █   █ █▀  ▀  ██▄▀ ██▄▄▀▀▀█▄█ ▄▀▄█ █▀█▀▀▄▄  █ ▄ ██ █   █ █
█ █▄▄▄█ █▀▀██▄█▀▄█▄█▄ ▄█▀ █ ▄▄▄ ▄█▀█▀█▄▀▀▄▄▄▀▄▀▀▄██ █▄▄▄█ █
█▄▄▄▄▄▄▄█▄▀▄█ ▀ ▀▄▀ ▀ ▀ █ █ █▄█ ▀▄█ ▀▄█ █ █▄▀ ▀ ▀▄█▄▄▄▄▄▄▄█
█  ▄ ▄▀▄▄▄█ ▄▀ ▀ ▄▀▄ █▀▀▄▀ ▄    ▀█▀█▀  █▀█   █▄▄▀▀▄█▄▀▄▀▄▀█
█  ▀██▀▄█    ▀▄ ▄ ▀ ▀▀▀ █ ▀█▄▄ █▀▀▄▀█▀▀▄▀▀ ▀▀▀▄█▀▀▄▄▄▀▀▀ ██
█▀▀██▄▀▄█ ▄▄  ▄▄▄█▀ ▄▄▀▄  ▀ ▀█▀██▀█▄  ▀█▀█▄ █▀██▄▀▀▄ ▀█ ███
██▀ █▄▄▄▀█ ▄▄▀▀█ ▄ ▀▀█▄█▄ ▀█▀▄▀ ██▀█ █  ▄ ▄███▄▄ ▀▀█▀█   ██
█▀▀▀   ▄   ▄█▄▄█▄█▀▄▄▄▀▀ ▀█▀▀ █ ▄▀ █   ████▀▄▀▄█ ▀███▀ ▀█ █
█▀▀▄ ▄ ▄██▀▀▀▄▀█ ▀ ▄ █▄▀█▄ ▄▀  █▀▄▀ ██▀ ▄█▄█ █▄ ▀ ▄▄▄▀▀▀ ██
█▄▀ ▀██▄ ▀▀███▀█▄▀▄▄▄█▀█▀▄▀ ▀▀▀ ▄█▄█ ▄▀█▀█▀  ▀▄█▄▀ █▄▀█   █
██▄██▄▀▄█▄█▄█ ▀▄▄ ▄ ▄█  ▀█▀ █▀█▄▄█▄ █ █ ▄▄█▀▄█▄▀▄▀██ █▀▀▀██
██ ▄ █▄▄▄█▄▀▄█ ▄▄█  █▄██  █▀▀▀█▀▄ ▄ ▄▄▀▄▀██▀▄█▄█▀  ████ ▄▄█
██ ▀▀ ▄▄▄ █ █ ▄▄█▄▄█ ▀▄█  ▀ ▄▄▄    █▄▀█▄▀▀▄█▄█ ▄  ▄▄▄ █  ▀█
█▀▄   █▄█  ▀▄▄▀▀▀▄▄▀ █▄█▀ ▀ █▄█ ▄█▀█  ▀▄██▀  ▀█▄  █▄█ ▄▀▄ █
███ █▄ ▄  ▄█  █▀▀▄ ▄█▄▀▄ ▀▄▄▄▄▄▄█▄█ ██▀▄  ██▀▀█ ▄▄    ▀▀ ▀█
██▄▄▀██▄██▄▀█▄ █▄█   █▀▀▀ ▄▀▄▄▀  █▀█▄▄▀▄██▀  ▀▄█▀ ▀ ▄█ ▀█ █
█▀█▄ █▄▄ █ ▄▄ ▄   ▀ ▀█████▄▄█▀▀ ▀▀▄▄█  ▀▄▀▀█  ▄█▀▄ █▀   ▄▀█
█▀▀ █▀▄▄  ▄▄  ▄ ▀█▄▄▀▀▀█▄ █▄▀█ ▄████   ▄▀▀▀ ▀▀█▄▀█ ███▀▄▄▀█
██▀█▀█▀▄▄▀ ▀█  ▄▀█▀▄▀  ▀▄ █ ▀█▄  █ ██ ▄██▀█▀ █▄▄▀▄▄▀ ▀▀▀▄▄█
█▄▄▄▄▄▄▄█ ██ ▄▄█▀▄  ▄▄▀▀▀▀█▀█▄ ▄▀█▀█▄ ▀▄▄█▀ ▄█ ██▄█▀▄▄▄▄█▀█
█ ▀▄██▄▄█▀▄▄▀  ███▀ ▄ ▀ ▀ ▀▀ ▀  ██▀█▀▀▄ ▄█ █ ▀▄▄▀ ▄▀▄█  ▀██
█ ▄█▀▄▄▄▄▄▄▀▄ █▄██▀ ▄▄▀▄  ▄▀██ █ ███▄▄ ▄██▀ ▀█▄▄▀█▀▄██▀ █▀█
█ ▀ ▀▀▄▄ █▀█ ▄█▀ ▀  █▄▀███▄  ▀▀▄▀ ▄▀ ▄▀█  ▄▀█▄▄██▄▄█▄▄▀  ▀█
███████▄█▀▀ ▀▀ ▀█▄▀▄ ██▀▀ ▄ ▄▄▄  ▀▄█▄▄ ▄▀▀▀▀ █ █▀ ▄▄▄ ▄█▀ █
█ ▄▄▄▄▄ █▄▄ ▄██ ▀▀ ▀▄███▀ █ █▄█ ▀█▀▄  █▀▄██ ▀█▀▄▄ █▄█ ▀▀ ▀█
█ █   █ █ █▀ ██ ▄▀▀▄▄██▀▀▄   ▄ ▄ ██▄▄ ▄█▀█   ███▄  ▄  █ ▄██
█ █▄▄▄█ █ ▄  ▄  ▄ ▀▄▄█ ▄▀██ █▀▀████▀▀▀ ▄█▀▄▀    ▄  ▄▄█  ███
█▄▄▄▄▄▄▄█▄██▄▄████▄▄█▄██▄▄▄████▄▄▄▄▄▄▄█▄▄██▄███▄▄▄▄███▄█▄██

Scan this QR code:
▄▄▄▄▄▄▄▄▄▄▄▄▄▄▄▄▄▄▄▄▄▄▄▄▄▄▄▄▄▄▄▄▄▄▄▄▄▄▄▄▄▄▄▄▄▄▄▄▄▄▄▄▄▄▄▄▄▄▄
█ ▄▄▄▄▄ █▄▀▄ ▄▄▄█▀▀█ ▀ ▄ ▄ ▀▀▀▄ ▄▄▀▀ █▄▀▄   █▄ ▄ ██ ▄▄▄▄▄ █
█ █   █ █ █▀██ ████ ▄▄██▀▀ █ █▄▀ ▄▄▀ ▀▄▀█▄▀█ █▀▄ ██ █   █ █
█ █▄▄▄█ █▄██ ▀▄█▀▀▄  ▀▄  █▀ ▄▄▄   ▀█ ▄  ▀▄ ▀▄▀▄▀▄██ █▄▄▄█ █
█▄▄▄▄▄▄▄█▄▀▄▀▄█ █▄█▄▀▄▀ ▀▄█ █▄█ ▀ ▀ █ █ ▀ █▄▀▄▀▄█ █▄▄▄▄▄▄▄█
█ ▄  ██▄▀  ▀  ▀█████▀█ ▄  █▄▄▄   █ ▄▀▀▀█ ▄▄ ▄███▀  ██ ▄ ▀ █
█ █ ▄▄█▄▄▀▀▀▀  ▀▀  ██ ▄▄ ▄▄█▄█  █ █▀▄▀█▄█ ▀▄█▀█▄ ▀▀█▀▄ ▄  █
██▄▀▄▀▀▄▀ ▄█▄▀▄ ▀▄█▄▀▀█▄▄▄█ ▀▀█▀██ ██ ▀▀█▀██▀█▀███ ▀▀▀▀▄▀██
█▄██   ▄▄█▄▀  ▄███▄▄ ▄ ▀▄█ █▀█▀█▄▀▀▄ █▄ ▀▄ ▄▀▀▄▀█▄█▀█  ▀▄██
█▀▄▄ ▀ ▄▀ ▄ ▀█    █▀██ █▀▄█▄▄▄█▄▀▄▄ █▀ ▄▄▀██▄▄▀▀ ▄█▄▄▀ ██ █
██▀▄█ █▄ ██▀▀▀▀▀███▀▄▀▄█ ▄▄ █ ▄█▀▄█▄▀▀  ▄█ █▄█  ▄▄▀▀▄ ██▄██
█ █▄▄▀█▄▀▀ ██  ██ ▄▀██ ▄▀█▀ ▄ █ ██▀█ ▀▀█▄▄▀ ██▀▄▄ ▀▄ ▄██ ▀█
█▄█▀▀  ▄█▄▀   █▀▀▄   ▄    █▀▀▄▀▄▀█ ▄▀█▄█▀▄ █ ▄▄▄▀▄███▄ ▄█▄█
█ ▀▀█▀ ▄▄▄  ▄█ █ ▄ ▄█ ███▄▀▀█▀▄█▄▄  ▄ ▀▀▀▀▄█ ▀▀▄█▄   █▀█▄▄█
█ █▄▀ ▄▄▄ █  ▄▄▄  ▄▄▀▀█▄█▀█ ▄▄▄ ▀ █ ▄▄   ▀▄▄▀ ▀█▀ ▄▄▄ █▀▀██
█ ▄█▄ █▄█ █▄ ▀▄█  █▄█▄▀▀ ▄█ █▄█     ▀▀▄█▄▀▄█▀▄ ▀█ █▄█ ▀▄▄▄█
█▄▄▀ ▄▄▄ ▄▀▀▄██ ▄ █▄██ ▄   ▄▄ ▄▄▀   █▄  ▀▀ █▀▄▄█  ▄▄ ▄▄▄▄▀█
█▀▀▀█  ▄█▄▀ ▄█ █▄█▄█▀█  ▀ █▄█▄▀▀▀█ ▄▄▀ ▄   ▀ █▄█▀▀ █▄█ ████
███▀▄▄▄▄█▀█▄ ▀ ▄▀  ██ ▄▄▀███▄▀ ██ █ █▀ ▀███▀▀▄▀▀ ▄▄▄   ▄ ▄█
██ ▄█▀ ▄ █▄██▀ ▀███ ▀███ ▄████   █ █▄▄█▀████▄▀█▄██ ██▄ ▀▄▄█
█▄█▄▀▀ ▄ ▀▄▄ ██▀ ▄ ▀   █▄▀█  ▄▀█▀█▀█▄▀▄▄  ▀ ██▄▀ ▄▀█ ▄█ █▄█
█▀█▄▄ ▄▄▄█▄  █▀ ▀  ▀ █ ▀█▄▀ ▀  ▄█▄▄▀▀█▄█▄▀▀▄▄▄  ▄▀▄█▀ █ █▄█
█▀█ ▄▄▄▄█▀  █▄▀▀ ██▄ ██ █████▀▄ ▀▀▀█▀▄  █▄▄▄█▄ ██ ▀██▄ ▄▄██
█   ▄▀▄▄▀▀ ▀▄▀▄▀▄█▀▀▀▄ █▀▀██▄▄ ▀▀██▄▄█▀▄   ▀▀▀█▄█▄▀ ██  ▄ █
█ ▀ ▀▀▄▄█   ▄▀█ ▄▀██ ▀▄ ▄▄▄█▄██▀   █   ██▀▄ ██ ▄▄▀▄ ▄▀▄█ ▄█
███████▄█ ▀ █▀ █▀██ ▀ ▀▀▄▄▀ ▄▄▄  █ █  ▀▀████▄▀ █▀ ▄▄▄ ▄████
█ ▄▄▄▄▄ ███▄▀▀█▄▀▄██▀▄ ▀█▄█ █▄█ ▀▀ ██▄  █ ▄▄▄█▄▄█ █▄█  ▀▀██
█ █   █ █▀▄ ▀ █ ▀█▀█ ▄██ ▀█  ▄  ▀  ▀█▀▄█▄▀▄▄ ▄ ▀█ ▄▄  ▄▄▀▄█
█ █▄▄▄█ █ ▀ ▄ █▀  ▀ ▄▀███▀█▀ ██▀█   █ ▀▀█▄ ███ ▄▀▄▀ ▀█▄▄█▀█
█▄▄▄▄▄▄▄█▄▄██▄█▄██▄█▄█▄▄█▄███▄███▄██▄█▄▄▄▄▄████▄█▄███▄█▄███

Scan this QR code:
▄▄▄▄▄▄▄▄▄▄▄▄▄▄▄▄▄▄▄▄▄▄▄▄▄▄▄▄▄▄▄▄▄▄▄▄▄▄▄▄▄▄▄▄▄▄▄▄▄▄▄▄▄▄▄▄▄▄▄
█ ▄▄▄▄▄ █▀ █▀   ███▀▄▀▀▄█ ▄█▄▄▄▄ ▀██▀  ▀█ ▀▄ ▄▄▄ ██ ▄▄▄▄▄ █
█ █   █ █▀  ▀▄ █▄▄▀ ██▄▄ ▀▀█▄█ ▄▀▄█   █▀██▄ ▀█ ▄ ██ █   █ █
█ █▄▄▄█ █▀██▄▀█▀▄█▄█▄ ▄█▀ █ ▄▄▄  ▄▀██▄▄▀█ ▄▄▄█▀▀▄██ █▄▄▄█ █
█▄▄▄▄▄▄▄█▄█ ▀▄▀ ▀▄▀ ▀ ▀ █ █ █▄█ ▀▄█ ▀▄█ █ █▄▀ ▀ ▀▄█▄▄▄▄▄▄▄█
█  ▄ ▄█▄  ▄  ▀ ▀ ▄▀▄ █▀▀▄▀ ▄    ▀█▀█▀  █▀█   █▄▄▄▀ █ █▄▀▄▀█
█  ▀█▄▀▄▄ ▀▄█▀▄ ▄ ▀ ▀▀▀ █ ▀█▄▄ █▀▀ ▀█▀█ ▀▀ ▀▀▀ ▀ ▀▄█▄ ▀▀ ██
█▀▀▀█▄▀▄█▄▀▀  ▄▄▄█▀ ▄▄▀▄   ▀▀▀▀██▀██  ▀█▀█▀ █▀██▀ ▀▄ ██▄███
██▀ ▀▄▄▄ █ ▄▄▀▀█ ▄ ▄▀█▄█▄ ▀█ ██▄██▀▄ ███ ▄▄▀█▀▀█▀▀▀█ ▄▀  ██
█▄█ ▄  ▄   ▄█▄▄█▀▄▄▄ █▀█▀▀█▀▀   ▄▀▀██ ▄█▀▀▀  ▀▄█ ▀███▀ ▀▀ █
█  ▄▀▄▄▄██▀▀▀▄▀███ ▄▄▀▄▀▀  ▄▀  ▄▀ ▀ ▄▄    ▄▄ ▀▄▀▀  ▄▄▀▀▀▀▀█
█▀▀ ▀██▄ ▀▀█▄█▀█▄▀▄▄▄█▀█▀▄▀ ▀▀▀ ▄█▄█▄ ▀███▀ ▀█▄█▄▀▄█▄▀█   █
██▄██▀▀▄█▄▄  █  ▄ ▄ ▄█  ▀█▀ █▀█▄▄▄▄ ▄ █ █▄█▀▄█▄▀▄▀▄  █▀▀▀██
██ ▄ █▄▄▀    ███▄█  █▄██  ██▀▀█▀▄ ▄ ▄▄▀▄▀██▀▄█▄█  ▀██▀█ ▄▄█
██ ▀▀ ▄▄▄ ▄▀▀ ▀ █▄▄█ ▀▄█    ▄▄▄    ▀▄▀▀ ▀▀▄▀▄█    ▄▄▄ ▀  ▀█
█▀▄▄  █▄█ ▀▀▄▄  ▀▄▄▀ █▄█▀ ▀ █▄█ ▄█ █  ▄███▀  ▀██▄ █▄█ ▀▀▄ █
█▀▄▀▄▄▄▄ ▄▄█  █▀▀▄  █▄   ▀█ ▄▄▄▄█▄█ ██▀▄▄ ▄ ▀█▄▄  ▄▄▄▄▄▀ ▀█
█ ▀  ██▄█▀▄▀█▄ █▄▄   ███▀ ▄▀▀▄▀  █▀█▄▄ █▀▀   ▀██▀█▀ ▀▄ ▀█▄█
█▀▄  █▄▄█  ▄▄ ▄ ▄▄▀  ███▄▄▄▄ ▀▀ ██▄▄▀▄   █▀▄ ▀█▄ ▄ ██▀  ▄██
█▀▄ █▀▄▄  ▄▄▄█▄ ▀█▄▄▀▀▀█▄ █▄▀██▄ ███▀  ▄██▀ ███▄▀█ ███▀▄▄ █
██▀█▀█▀▄▄▀ █▀▄█ ▀█▀▄▀  ▀▄ █ ▀█▄▄▀█ ██▀▄██▀█▀▀▄▄▄▀▄▄▀ ▀▀▀▄▄█
█▄▄▄▄▀▄▄█ ▀ █▀▀▀▀▄  ▄▄▀▀▀▀█▀█▄ ▄▀█▀█▄ ▀▄▄█▀ ▄█ ██▄█▀▄▄  █▀█
█ ▀▄███▄█▀▀▄██▀▄██▀ ▄ ▀ ▀ █▀ ▀  ████▀▀▄ ▄█ ▀ ▀▄▄██▄█▄█▀▀▀██
█ ▄█  ▄▄█▀▄█▄ █▄██▀ ▄▄▀▄  █▀██ █ █▀▄▄▄ ▄███▀▀██▄▀█▄ ███▀█▀█
█ ▀ ▀▀▄▄  ▀█ ▄█▀ ▀███▄█▀██▄▄ ▀▀▄▀ █ ▄ ▄█   ██▄▀▄█▄ █ █▄  ▀█
███████▄█▀▀ ▀▀ ▀██▄  ▄▄▀▀ ▄ ▄▄▄  ▀▄█ ▄▄▄█▀▀  █▄██ ▄▄▄ ▄██▄█
█ ▄▄▄▄▄ █▄▄ ▄██ ▄▀ ▀▀███▄▄█ █▄█ ▀▀▀▄▄▀█ ██▄ ▀█ █  █▄█ ▀▀ ▀█
█ █   █ █ █▀ ▄█ ▄▀▀▄▄██▀▀▄  ▄▄ ▄▀▀█▄▄ ▄█▀█  ▄████  ▄ ▄█ ▄██
█ █▄▄▄█ █ ▄██ ▄▄▄ ▀▄▄█ ▄▀██ █▀▀████▀▀▀ ▄█▀▄▀ ▀  ▄  ▄▀█  ███
█▄▄▄▄▄▄▄█▄█▄███▄██▄▄█▄██▄▄▄██▄█▄▄▄▄▄▄▄█▄▄██▄███▄▄▄▄█▄▄▄█▄██

Scan this QR code:
▄▄▄▄▄▄▄▄▄▄▄▄▄▄▄▄▄▄▄▄▄▄▄▄▄▄▄▄▄▄▄▄▄▄▄▄▄▄▄▄▄▄▄▄▄▄▄▄▄▄▄▄▄▄▄▄▄▄▄
█ ▄▄▄▄▄ █▄▀▄ ▄█▄▀▀ █▀▀▀▄█▄ ▀▀▀▄ ▄▄▀█▄▀▄▀▄▄ ▄▄▄ ▄ ██ ▄▄▄▄▄ █
█ █   █ █ █▀██ █▄██ ▄███▀  █ █▄▀ █▄▀▀ ▄▀▄▄▀█ ▄▀▄ ██ █   █ █
█ █▄▄▄█ █▄█▀▄ ▄█▀▀▄  ▀▄  █▀ ▄▄▄ ▀ ▀█▀▀  ██ ▀▀█▄▀▄██ █▄▄▄█ █
█▄▄▄▄▄▄▄█▄█ █▄█ █▄█▄▀▄▀ ▀▄█ █▄█ ▀ ▀ █ █ ▀ █▄▀▄▀▄█ █▄▄▄▄▄▄▄█
█ ▄  ██▄▀▄▀  ▀▀█████▀█ ▄  ▀ ▄▄   █ ▄▀▀▀█ ▄▄ ▄███   ██ ▄ ▀ █
█ █ ▄▄▄▄ ▄▀█ ▄ ▀▀  ██ ▄▄ ▄█▄▄▀  █ █▀▄▀█▄█ ▀▄█▀█ ▄  ▄▄▀ ▄  █
██▄▀▄▀▀▄▄█▀▄▄▀▄ ▀▄█▄▀▀█▄▄▄▄▀███▀██▀██   █▀█▄▀█ ▄ █ ▀█▀▀ ▀██
█▀     ▄█▄▄▀  ▄███▄▀ ▄  ▄█ █▀█▀█▄▀▄█▄█▄ █ ▀▄██▀▄ ▄█▀▄▀ ▀▄██
█ ▀█ ▀ ▄▀ ▄ ▀█  ▀▀ ▀▄▄ █ ██▄▄▄██▀▄▄▀█████▀▀█  █▀ ▄█▄▄▀▀▄█ █
██▄▀▄▄▀▄ ██▀▀▀▀▀███▀█▄▄█▄▄▄ █ ▄█▀ █▄    ██▀█▀▀▀ ▄▄▀▀▄ ██ ██
██▀▄▄▄▄▄▀▀ █ ▄ ██ ▄▀██ ▄▀█▀ ▄ █ █▀▀█▄█▀█▄▄▀ ▀▀▀▄▄ ▄█ ▄██  █
█▄█▀▀▄ ▄▀ █▄▀▀ █▀▄   ▄    █▀▀▄▀▄▀█ ▄▀█▄█ █ █▀▄▄▄▀▄ █▀▄ ▄█▄█
█ ▀▀█▄ ▄▄▄▄█ ▀ █ ▄ ▄█ ███▄▀▀█▀▄█▄▄  ▄ ▀▀▀▀▄█ ▀▀▄▄█   ▀▀█▄▄█
█ █▄▀ ▄▄▄  ▀▀▀▄▀  ▄▄▀▀█▄█▀▄ ▄▄▄ ▀ ▀ ▄▄▄  ▀▄ ▀ ▀▀  ▄▄▄ ▀▀▀██
█ ▄▄█ █▄█ ▄  ▀█▀  █▄█▄▀▀ ▄█ █▄█    ▀▀▀▄▄▄▀█▄▀▄█▀▀ █▄█  ▄▄▄█
█▀▄▀▄▄▄▄ ▄▀▀▄██ ▄ ▄▄██▄▀    ▄ ▄▄▀ ▀▀█▄▄██▀▄█▀ █▄▀  ▄ ▄ ▄▄▀█
█▀▄▀▄  ▄█▀▀ ▄█ ███▄▀ ▄█   █▄ █▀▀▀█ ▄ █▀█    █▀▄█▀  ██▄ ▄███
█▄ ▄ ▄▄▄ ▀█▄ ▀ ▄█▄ █  ▄▄█ ██▄  █▀▄█ ▀▀▀ █ ▄ █ ▀▀▀▄▄▄▀  ▄▄▄█
█ ▄▄█▀ ▄ █▄██▀ ▀███ ▀███ ▄████▀█▄█ █▄▄█▀▀███▀▀█▄██ ██▄ ▀▄██
█▄█▄▀▀ ▄ ▀▄▀▀█ █ ▄ ▀   █▄▀█  ▄▀█▀█▀██▀▄▄▀ ▀ █▄▄▀ ▄▀█ ▄█ █▄█
█▀█▄▄ ▄▄▄██▄ █▄ ▀  ▀ █ ▀█▄▀ ▀  ▄█▄▄▀▀█▄█▄▀▀▄▄▄  ▄▀▀█▀ █▄█▄█
█▀█ ▄▀▄▄█▀ ▀▄▄ ▀ ██▄ ██ █████▀▄ ▀▀█▀▀▄▄ █▄ ▄█▄▄██  ██▄██▄██
█  ▀▀█▀▄▄▀██▄▀ ▀▄█▀▀▀▄ █▀▀█ ▄▄ ▀▀██▄▄█▀▄  ▀ ▀▀▄██ ▀█▄█▀▀▄ █
█ ▀ ▀▀▄▄▀█  ▄▀█ ▄▀▄▄ ▀██▄▄▄█▄██▀   ▄  ▄▀▀▀▄ ██▄  ▀ ▄██ █ ▄█
███████▄█ ▀ █▀ █▀▄▄  ▀ ▀██▀ ▄▄▄  █ ██▄█ ▀▀▀█▄█▀▄▀ ▄▄▄ ▄▄▀▀█
█ ▄▄▄▄▄ ███▄▀▀█▄▀████▄ ▀ ▀█ █▄█ █▀ ███▀ █ ▄▄▄ ██  █▄█  ▀█▀█
█ █   █ █▀▄ █ █ ▀█▀█ ▄██ ▀█ ▄   ▄▄ ▀█▀▄█▄▀▄▄   ▀▄ ▄▄▄ ▄▄▀██
█ █▄▄▄█ █ ▄█▀█▀▀  ▀ ▄▀███▀█▀▀▀█▀█   █▀▀▀██ █▄█ ▄▀▄▀ ▀▀▄▄█▀█
█▄▄▄▄▄▄▄█▄█▄██▄▄██▄█▄█▄▄█▄██▄▄███▄██▄█▄▄▄▄▄████▄█▄██▄▄█▄███

Scan this QR code:
▄▄▄▄▄▄▄▄▄▄▄▄▄▄▄▄▄▄▄▄▄▄▄▄▄▄▄▄▄▄▄▄▄▄▄▄▄▄▄▄▄▄▄▄▄▄▄▄▄▄▄▄▄▄▄▄▄▄▄
█ ▄▄▄▄▄ █▄▄██▄ ███▀█▄▀█▄▄▄▄▀ ▄   █▀▀▄ ▀█▀█▄▄▄▀ ▄ ██ ▄▄▄▄▄ █
█ █   █ █ ▀▀▀▀▀██▄▀▀████   ██▄ █▄▄▄▀  ▄▀▄▄▄▀█▄▀▄ ██ █   █ █
█ █▄▄▄█ █▄▄█▄▀▀ ▀▀█  ▀▀▀ █▀ ▄▄▄ ▄█▄▀▄    ██▀█▄▄▀▄██ █▄▄▄█ █
█▄▄▄▄▄▄▄█▄█▄▀ ▀▄█▄█▄▀▄█ ▀▄█ █▄█ ▀ ▀ █ █▄▀ ▀ ▀▄█ █ █▄▄▄▄▄▄▄█
█  ▄ ▀█▄█ █ ██▀▀▀█▀█▀█  ▄ ▀      █ ▄▀▀▀█ ▄ ▀▀███▀▀ ██▄▄ █ █
██▄    ▄▀█▀ ▄▄ ▀▀▄ ██ ▄▄▄█▀██▄▀ █ █▀▄▄██▄██▄█ ██ █▀▄█  ▄▄▄█
██▀▀█▄█▄▀█  ▄▄▄  ██▄▄ █▄▄▄ ▄▀██▀██▀█▄▄ ▀██▄███ █ █▀ ▀██▄█▀█
█▀▄█▀█▄▄▀▄▀█▄  █▀█ ▄ █▀▄▄▀ █▀▄▀█▄█▄█▄▄ ▄▀▀█▄▄█▄▄▀▀ █ ▄  ▀██
█▀ ▄█▄▀▄▄▀█ ▄▀ ▄▄ ▀██▄▄▀ █▀ ▄▄▀▄  ▄ ██ █ █ █    ▀▄▀▄ █▀▄█▀█
█▄ ▀ ▄ ▄█▀█▀█ ▀▀▀▄▄ █▀ ▀▄   █ ▄▀█ █ █▀ ▄▄▀ ▀▀   █▄   ▀██▄██
█▄█  ▀█▄▀▀ ▄█  ██ ▄███ ▄▀█    ▀▀▀██▄ ▀ █  ▀▀█▀█▄▄ ▄▄█ █▀ ▀█
█  ▄  ▀▄▀█   ▀▀▄▀▄██ ▄█▄  █▀ █▄▀▀█▀▄▄▄▀▀ ▀▄▄▀█▀██▄▄▀▀█ ▄█▄█
█▀  ▄▀ ▄▀█▀ █ ██ █▄▄█ ▀█▄▄█▀█▀▀█▄▄    ▀ ██▀█▄▀ █▄██  █▀▄▄ █
█▄▀▀  ▄▄▄ ▀▀  █ ▄█▄▄▀▀█▄ ▀▀ ▄▄▄ ▀ █▄▄  ▄  ▄▄██▀▀▀ ▄▄▄ ▀▀▀▀█
█▄ ▀▀ █▄█ ▀▀█▀▄ ▄ █▄▄▄▀▀ ██ █▄█  ▄▀▀▀███ ▀▀▄▄ ▀ ▀ █▄█ ▄█ ▀█
██▄ █ ▄▄ ▄ █▄▄███▄▀██ ▄ ▄█▄▄ ▄  █ ▀▀██▄▀▄ █▄▀█▄▀▀  ▄▄▄▀▄ ██
█ ▄▀ ▄█▄ ▀█ ██▀█ █ ██▄█ ▀▀█▀█▄▀▀▀█ ▄ █ █▄▄  █▀▄█▀▀  ▄█    █
█▀   ▀█▄█▄█ ██ ▀█  █   ▀▀█ █▄▀ ██ ▀ ▄██▀ ▀ ▀▀▄ ▀▀▀▄▄█▄▀█▄ █
█ ▀▄▀▀ ▄ ▄ ▄█▀▄▄██  ▀███ ▄█ ██▄ ▄▀▀█▄▄  ███▄▄█▀▄█▀ ▀▀██ ▄██
█▄ █ ▄▀▄█▀ ▀▄▀█  ▄▀█  ▀ ▄▀▄  ▄ ▀▀▄▀▄█ ██▄ █  ███▀██▀▀ ▀ █▄█
█▀ █▀ █▄▀▀██ ██ ▄ ▀█ █▄█ ▄▀   ▀▀█▄▄▀████▀▀ █ ▄█▀▄▀▀█▀ █▀▀ █
█▄▀ ▀▄█▄██▀▀▀  █▀██▄▄▄█ █▄▀█▄▀▄▄█▀▀███   █ ▀ █  ▀ ▀█ ███▀▀█
█▀█ ▄▀█▄█▄▄▀▄▀ ▄▄▄▀▀█▄ █ ▀▄█▄▄ ▄▀█▄█▄█▀▄▄▄   █▄██▀▀▀█▄█▀▄▀█
█ ▀ ▀▀▄▄▄▀▄▀▀▀▀ ██▀▀▀█▀█▄ ▀███ ▀█▀ █▀█▄▄▀▄  ▀▀ ▀ ▀▄ ▀ ▀█▄ █
███████▄▄ █ ██ █▀██ ▄ ██▄█▄ ▄▄▄  █ █▄▄▀▀████ ▀▀██ ▄▄▄ ▀ ▀▄█
█ ▄▄▄▄▄ ███▀▄▄▄  ▄  ▀ ▄▄▀ ▄ █▄█ ▄▀ █▀▄█ ▄██   ▀▄  █▄█ ▀  ██
█ █   █ █▀ █▄ ▀▀▀█ ▀ ▄ █ ▀▄ ▄▄   ▄  ▀▀ ▄ █▀█▀▄ ▀▄▄▄▄ ▄▄█ ▄█
█ █▄▄▄█ █ ▀██▀ ▀  █ ▄▀▄▄█▀█▄███▀▄▀▀▀█▄  ▀▀ █▀▄▄  ▄  ▀▀▄▄█▀█
█▄▄▄▄▄▄▄█▄██▄▄█▄▄▄▄█▄▄▄▄▄████████▄██▄█▄▄█▄██▄█▄█▄███▄█▄▄███

Scan this QR code:
▄▄▄▄▄▄▄▄▄▄▄▄▄▄▄▄▄▄▄▄▄▄▄▄▄▄▄▄▄▄▄▄▄▄▄▄▄▄▄▄▄▄▄▄▄▄▄▄▄▄▄▄▄▄▄▄▄▄▄
█ ▄▄▄▄▄ █  ▄▄ ▀█▀██ █▄▀█▄▄█  ▀ ▄▀█▀▀▄▀█▄ ▄▄▄▄ ▀▄ ██ ▄▄▄▄▄ █
█ █   █ █ ▄█ █▀██  ▄██▄▀██▀█▀▀▀█▄▄██▄▄█▀▄▀▄▀▀█ ▄ ██ █   █ █
█ █▄▄▄█ █▀▀▀▄ █▀▀███▀█▄▄▀   ▄▄▄  ▀▀▀██▀▄▀▄▀▄▀▀▄▀▄██ █▄▄▄█ █
█▄▄▄▄▄▄▄█▄█▄█ █▄▀ █▄▀ █▄▀▄█ █▄█ ▀▄█▄█ █▄█▄█▄▀ █ █ █▄▄▄▄▄▄▄█
█  ██ ▄▄█▀ ▄█▀█ ▀▄█▄█ ▄█ ▀█  ▄  ▄ ▄█▀ █ ▄█▄▀  ▀▄▀ █▀▄█▄ ▄▄█
█ ▀▀▀█▀▄▀ ▀▀█▄▄ ▄▀▄█▀▀▀█▄▄▄██▄▄ ▀▀   ▀▀▀ ▀▀ ▀  ███▄█▀▄▄▄▄▀█
█▀▀▄▄▀█▄█▄▀▀ █▀▀ ▄▀ ▄ ▄▄  ▀▀▄█▀█ ▄▀▄▀▄█▀▄▀█▀▄▄▀█▀▀█  █▀ ▄▄█
█▄ █▄▄█▄█▄███▄██▄▀▀▀▀▄ ▀▀▀▀█▀  ██▀█ █▀▀▄  █▄▄▀█▄▄▄▄▀▄█▀████
█ ▄▄▀█▀▄ ▄▄▄  ▀▄▄▄▄▄▀▀ █ ▀▄ ▄ ▀▀  ███ █▀ █ ▀▀ ▀▄▀▀▄ ▄█ ▀  █
█ ███▀ ▄ ▀▀▄  ▀█▀▄▄ █▀  ▄█▄▄▀██▄▀ ▀▀▄▄ █ ▄ ▄█▄█▄██▀█ █▄▄ ▀█
███▀ █ ▄█▄▄▄▀ ▄ ▀▀▄ ▀ ▄█▀▄██ ▀█▀▄ █▄ ▄█  █▀▀█▄██▄▀█ ▄██▄███
█▄▀ ▄ ▄▄█▀▄▀▄▄▄▀▄█▄ ▄██▀▄ ▀ ▄██▄█▄██▄█ ▄█▄▄█▄█▀██▄▄▄▄▀▄▄▀██
█▄▄ ▄▄█▄█  █▄▄  ▀▄▄  ▀▄█▀   ▄▀ ▀▀█▀  ▄▄  ▀ ▀█  ▄▄▀▄ ▄██▀▀██
█▄▄▄  ▄▄▄ █  ▀ ▄▀▄▀  ▀▄  █▀ ▄▄▄   ▄ ▀ ▀ ▀█▀    ▀█ ▄▄▄ ▄█ ██
████  █▄█  ▀▀▄█▀ ▄▄▀▄ ▀█▀▀  █▄█ ▀▄ █ ▄▀▀▄█     ▄  █▄█ ███ █
██  █▄ ▄ ▄█▄█▄█▄ █▄██▀▀ ▀▀   ▄▄▄▀▄▄▄ █▀▄█▄███▄ █▀ ▄ ▄▄▀█▄██
██  ▀▀ ▄ ▀█▀▄▄▄ ▀█▄ █▀ ▀ ▀▀▀ ▄▀ █ ▄█  ▄▀▄▀▀▀▀▄▀██▄▄ ▀▄ █▀▄█
██▀ ▄█ ▄▀█ █▄▀▄█  ▄█ █▀█▀▄▀▄ █▄█▀▀ ▀█▀█▀▄▄ ▀██▄▀▄▄ ██▀▄▄███
██ █▄▀▄▄█▄█████ ▄█▀▄▄▄▄█▄  ▄▄█ ▄▀ ▀██    █▀▀█▄▄▄▀▀█▄▄▄▄█▀██
█ ▄▄ ██▄▀▀  ▄▀▄▄▀ ██▀ ▀▀▀█▄ ▀ ▀█▀▄ ▀▀▄█▄ ▄▄▄▄████  █▀  ▄▄▄█
█▄▄ ▄ ▄▄█▀▀▀▀█▀█▀▄▀▄▀▀ █▄▀ ▄▀▄▀▀▄ ▄█  █▀▄█ ▀█  ▄█▄  ▀▄▄█▄ █
█ █▄  ▀▄██▄█▀▀▀█▄ ▄█ ▀▀█▄▄█▀▀▄█▀▀██▄ █  ▀▀███ ▄▄▄▀ █▀▀██▄▀█
█▀▄▀▄▄ ▄ █ ▄▄ ▄▄ ▄▀ █▀▄▄▀ ▀▀ █  █  █▄▄█▀▄▀  █▄███ █▄▀▄█▀ ██
█ ▀ ▀▀▄▄▀▀█▀ ▀▀▀▀   ▄ ▀▄ ▄▀ ▀▄▀▀▄▀██  ▀█▄▄ ▀▀▄██▄ ▀▀▄▀██▄██
███████▄▄▀  ▀██▄▄▄  ▄▀▄█▀ ▄ ▄▄▄ █▄▀█  ▄▀▀█ ▀█▄▄██ ▄▄▄    ▄█
█ ▄▄▄▄▄ █▀▄ ▄█▄▄█▀ ▀▀ ▀█▄▄▄ █▄█ ▄▀▀▀▀▄▀▀█▄ ▀ ▀█▀  █▄█ ██ ██
█ █   █ █▄▄▄▀ ▄▄▀▀  ▀ █▀▀▄▄▄▄▄ ▄█▄ █  █▀▀██▀█  ██▄▄ ▄▄█▀ ▀█
█ █▄▄▄█ █▀▄▄▄█▄ ▄█ ▀▄█▀ ▄ ███▄▄ ██▄█▄ ▀█▀▀▀▄█ ▄▀ █▀▄█▄█████
█▄▄▄▄▄▄▄█▄▄▄▄██▄█▄▄▄▄▄▄████▄███▄███▄▄▄▄█▄█▄▄█▄█████▄█████▄█

Scan this QR code:
▄▄▄▄▄▄▄▄▄▄▄▄▄▄▄▄▄▄▄▄▄▄▄▄▄▄▄▄▄▄▄▄▄▄▄▄▄▄▄▄▄▄▄▄▄▄▄▄▄▄▄▄▄▄▄▄▄▄▄
█ ▄▄▄▄▄ █▄▄██▄ ▄ ▀▀█▄▀▄▄▄▄▄▀ ▄   █▀██▄▄█▀▀▄ ██ ▄ ██ ▄▄▄▄▄ █
█ █   █ █ ▀▀▀█▀█▄▄▀▀▄▄██▀  ██▄ █▀█▄▀▀▀▄▀██▄▀▀▄▀▄ ██ █   █ █
█ █▄▄▄█ █▄ ██▀▀ ▀▀█  ▀▀▀ █▀ ▄▄▄ ▀ ▄▀█   ▄▄█▀▄▄▄▀▄██ █▄▄▄█ █
█▄▄▄▄▄▄▄█▄▀▄█ ▀▄█▄█▄▀▄█ ▀▄█ █▄█ ▀ ▀ █ █▄▀ ▀ ▀▄█ █ █▄▄▄▄▄▄▄█
█  ▄ ██▄█ █▀▄▄▀▀▀█▀█▀█  ▄ ▀▄     █ ▄▀▀▀█ ▄ ▀▀███▀▀ █▀ ▄ █ █
██▄    ▄ ▀██ ▀ ▀▀▄ ██ ▄▄▄██▄█▄▀ █ ▀▀▄▄▀▀▄██▄█ ▀▀▀▄▀▄█▀ ▄▄▄█
██▀▀█▄█▄▄█▀█▄▄▄  ██▄▄ █▄▄▄▀▄▀▀█▀██ █▄▄  ██▀▄██ ███▀ █▀█▄█▀█
█ ▄ ██▄▄ ▄▀█▄  █▀██▄ █ ▄▄▀ █ ▄█▀▄█▄▄▄ █▀▀▀▄  ▀▀ ▀  █▀▄▀▀▀██
█▄█▄▀▄▀▄▄▀█ ▄▀ ▄▀ ██▄█▀█ ▄▀ ▄▄▀▄  ▄▀▀▀▀▄▄▀▀██ ▀▀▀▄▀▄ █ ▄▀▀█
█ ▄▄  ▄▄█▀█▀█ ▀▀▄▄▄ ▀▀ ▀▀   █ ▄ ▀▄█ ▀▄ ▄▄▄▀ ▀▀ ▀█▄ ▄ ▀██ ██
█▀█   ▄▄▀▀ ▄▄▄ ██ ▄███ ▄▀█    ▀▀█▀█▄▄█ █  ▀▀█▀█▄▄  ▄█ █▀ ▀█
█  ▄ █ ▄▀▀█▀ ▀█▀▀▄██ ▄█▄  █▀ █▄▀ ▄▀▄▄▄▀▀▀▀▄▄ ▄▀██▄███▀ ▄█▄█
█▀  ▄ █▄▀ ▀ ▀▀ ▀ █▄▄█ ▀█▄▄███▀▀█▄▄    ▀ ██▀█▄▀ ███▀ ▀█▀▄▄ █
█▄▀▀  ▄▄▄  ▄▀▀▄ ▄█▄▄▀▀█▄ ▀▄ ▄▄▄ ▀ ▀ ▄ ▄   ▄ ███▀▄ ▄▄▄ ▀▀▀▀█
█▄ ▄▄ █▄█ █ █▀ █▄ █▄▄▄▀▀ ██ █▄█  ▄▀ ▀█▄▄ ▀▀▄▄  ▀█ █▄█  █ ▀█
█▄█  ▄▄▄▄  █▄▄███▄█▀█ ██▄█▄  ▄  █  ▀██▄▀  ▀█▀▀ ▀▄▄▄ ▄ █▄ ██
██▀▀ ▄█▄▄██ ██▀███ █ ██  ▀█▀ █▀▀▀█ ▄▄█ █▀▄ ▀█▀█▄█▀  ▄▄ ▀  █
█ ██▄▀█▄▄██ ██ ▀▀  █ █ ▀▀▄ █▄█ █▀▄▀  ██▀▀▄ ▀▄▄▀▀▀▀▄▄▄█▀█▀▄█
██▄▄▀▀ ▄ ▄ ▄▀ ▄▄██  ▀███ ▄█ ████▄█▀█▄▄   ▀█▄▄█▀▄█▀ ▀▀██ █▄█
█▄ █ ▄▀▄█▀▄██▄▄█ ▄▀█  ▀ ▄▀▄  ▄▀█ █▀▄▄▀██▄▀█  ▄██▀██▀▀ ▀ █▄█
█▀ █▀  ▄▀▀     ▄▄ ▀█ █▄█ ▄▀   ▀▀█▄▄▀████▀▀ █ ▄█▀▄▀██▀ ▀█▀ █
█▄▀ ▀ ▄▄███▀▄ ▄█▀██▄▄▄█ █▄██▄▀▄▄█▀▀▀██▄▄ █▄█ █ ▄█▀▀█ ███▀▀█
█▀█ ▀▀▀▄█▄▀▄▄▀▀▄▄▄▀▀█▄ █ ▀▄▀▄▄ ▄▀█▄▄▄█▀█▄▄▀▀ ████ █▄███ ▄▀█
█ ▀ ▀▀▄▄  ▄▀▀▀▀ ███▀▀█ ▀▄   ██ ▀█▀▀█▀▀▀▀█  ▄██▀▀▄▀▄▄█▄ █▄ █
███████▄█ █ ██ █▀█▄  ▀██▄▄▄ ▄▄▄  █ █▄▄█▀█▀▀█ █▄█▀ ▄▄▄  ▀▀▄█
█ ▄▄▄▄▄ ███▀▄▄▄      ▀▄▄  ▄ █▄█  ▀ █▀ █ ▀ ▄ ▄▀ █▄ █▄█ ▀ ▀▀█
█ █   █ █▀ █▄▀▀▀▀█ ▀ ▄ █ ▀▄     █▄  ██ ▄▄█▀█   ▀▄▄▄▄  ▄█ ▄█
█ █▄▄▄█ █ ▄ █▀▄▄  █ ▄▀▄▄█▀█▄█▀█▀█▀▀▀██  ▀  █ █▄  ▄  ▀▀▄▄█▀█
█▄▄▄▄▄▄▄█▄▄███▄▄▄▄▄█▄▄▄▄▄███▄▄███▄██▄█▄▄█▄██▄█▄█▄█████▄▄███

Scan this QR code:
▄▄▄▄▄▄▄▄▄▄▄▄▄▄▄▄▄▄▄▄▄▄▄▄▄▄▄▄▄▄▄▄▄▄▄▄▄▄▄▄▄▄▄▄▄▄▄▄▄▄▄▄▄▄▄▄▄▄▄
█ ▄▄▄▄▄ █▄▀▄ ▄▄▄▄█▀▄▄█▀▄█▄ ▀▀▀▄ ▄▄▀█▄▄▄▀██▀ ▀  ▄ ██ ▄▄▄▄▄ █
█ █   █ █ █▀▀█ █▄▄█ █▄██▀▀ █ █▄▀▀█▄▀▀▀▄▀ █▀█▀▄▀▄ ██ █   █ █
█ █▄▄▄█ █▄▀█▄ ▄█▀▀▄  ▀▄  █▀ ▄▄▄   ▀█▀▄  ▀█ ▀▀█▄▀▄██ █▄▄▄█ █
█▄▄▄▄▄▄▄█▄█▄█ █ █▄█▄▀▄▀ ▀▄█ █▄█ ▀ ▀ █ █ ▀ █▄▀▄▀▄█ █▄▄▄▄▄▄▄█
█ ▄  █▀▄▀ ▄  ▀▀█████▀█ ▄  ▀▄▄▄   █ ▄▀▀▀█ ▄▄ ▄███▀  █▀ ▄ ▀ █
█ █ ▄██▄  █▄██ ▀▀  ██ ▄▄ ▄▄▄ █  █ ██▄▀▀▄█ █▄█▀▀ ▄█▀▄█▄ ▄  █
██▄█ ▀▀▄▀ ▀ ▄▀▄ ▀▄█▄▀▀█▄▄▄█ █▀█▀██ ▄█ ▀▀█▀██▀█ ▄▄█ ▀▀█▀ ▀██
█▄▄█▄  ▄█▄▄▀  ▄████  ▄▀█▄█ █ █▀▀▄▀█▄ ▀▀▀▀▄ ▄███▀▀▀█▀█▀  ▄██
█ ▀█ ▀ ▄▀ ▄ ▀█    █▀█▄▄▀ ▄█▄▄▄▀▄▀▄▄▀█▀▄▄ █▀▄▄  ▀ ▄█▄▄▀▀▄▀ █
██▀ ▄▄▀▄ ██▀▀▀▀▀▄ █▀▀▀▄█▀█▄ █ ▄▄▀▄█▄█ ▀▀▄▄ ▄ ▀  ▄▄▀█▄ █████
█▀▀▄▄ ▄▄▀▀ █ █ ██ ▄▀██ ▄▀█▀ ▄ █ ▀▀▀█ █▀█▄▄▀ █▀▀▄▄  ▄ ▄██▀▀█
█▄█▀▀▀▄▄█    ██ ▀▄   ▄    █▀▀▄▀▄▀█ ▄▀▄▄█▀█ █ ▄▄▄▀▄▀▄▀  ▄█▄█
█ ▀▀█▀█▄  ▀▄▄███ ▄ ▄█ ███▄▀▀█▀▄█▄▄  ▄ ▀▀▀▀▄█ ▀▀▄▄█  ▀▀▀█▄▄█
█ █▄▀ ▄▄▄ █▄▀█▀▀  ▄▄▀▀█▄█▀▄ ▄▄▄ ▀ █ ▄▄▄▄ ▀▄▄▀ ▀▀  ▄▄▄ ▀▀▀██
█ ▄▀▄ █▄█ ▀▀ ▀ ▀  █▄█▄▀▀ ▄▀ █▄█    ▀▀▀██▄▀▀█▀▄  ▀ █▄█ ▀█▄▄█
█ ▄▄ ▄▄▄▄ ▀▀▄██ ▄ █ ██▄    ▄▄ ▄▄▀ ▀ █  ▄█▀▀█▀▄▀▄▄   ▄ ▄█▄▀█
███▄▄  ▄██▀ ▄█ █▄█▄▀ █▄  ▀█▄█▄▀▀▀█ ▄▄▀ █▄ ▀ ▄█▄▄▀▀ █▄█▀▄█▀█
██▀▀▄▄▄▄▀ █▄ ▀ ▄██ █▀ ▄▄▀█████ █▀ █ █▀▀▀▄█▄▀█ ▀▀ ▄▄▄▄▀ ▄ ▄█
█ ▀▄█▀ ▄ █▄█▀▄ ▀███ ▀███ ▄████▄▄▀▀ █  █▀▀▀██▀▀█▄██ ██▄ ▀█▄█
█▄█▄▀▀ ▄ ▀▀▄▄█▄  ▄ ▀   █▄▀█  ▄ ▀▀▄▀█▄ ▄▄  ▀ ██▄▀ ▄▀█ ▄█ █▄█
█▀█▄▄█▀▄▄█ ▄ █▀▄▀  ▀ █ ▀█▄▀ ▀  ▄█▄▄▀▀█▄█▄▀▀▄▄▄  ▄▀█▀▀ █▄█▄█
█▀█ ▄█ ▄█▀▀▄ ▄██ ██▄ ██ █████▀▄ ▀▀▀█▀▄▄ █▄ ▄█▄▄▀▀ ▄██▄█▄▄██
█  █▀▄▀▄  ██▄▀█▄▄█▀▀▀▄ █▀▀▄ ▄▄ ▀▀█▀█▄█ ▄  ▄ ▀▀█▄█▀▄▄██ █▄ █
█ ▀ ▀▀▄▄▄   ▄▀█ ▄▀▀▀ ▀ ▀▄▄█▀▄██▀   ▄▄▄ ▀█▀▀▄█▀ ▄ ▀▄▄ ▀▀█ ▄█
███████▄█ ▀ █▀ █ ██  ▀ ▀██▀ ▄▄▄  █ █▄▄█▀▀█▄▄▄█▀▄█ ▄▄▄ ▄██▀█
█ ▄▄▄▄▄ ███▄▀▀█▄▀████▀ ▀▄▀█ █▄█ ██ █▄▀▀ ▀▄██ ▀▄▄▀ █▄█  ▀▀██
█ █   █ █▀▄ █▄█ ▀█▀█ ▄██ ▀█     ▄▄ ▀▀▀▄█▄▀▄▄▄▄ ▀█ ▄▄  ▄▄ ▄█
█ █▄▄▄█ █ ▄ █▀▄   ▀ ▄▀███▀█▀█▀█▀█   ▄ ▀▀██ ██▄ ▄▀▄▀ ▀█▄▄█▀█
█▄▄▄▄▄▄▄█▄▄▄▄█████▄█▄█▄▄█▄███▄███▄██▄█▄▄▄▄▄████▄█▄██▄▄█▄███

Scan this QR code:
▄▄▄▄▄▄▄▄▄▄▄▄▄▄▄▄▄▄▄▄▄▄▄▄▄▄▄▄▄▄▄▄▄▄▄▄▄▄▄▄▄▄▄▄▄▄▄▄▄▄▄▄▄▄▄▄▄▄▄
█ ▄▄▄▄▄ █▀ █▀  ▀███  █▀▄ ▄▄█▄▄▄▄ ▀▀▀▀██▀█▄ ▄█▄▄▄ ██ ▄▄▄▄▄ █
█ █   █ █▀  █▄ █▄▄▀ ██▄▄  ▀█▄█ ▄ ██   █▀▀▄▄ ▄▄ ▄ ██ █   █ █
█ █▄▄▄█ █▀▀█▄██▀▄█▄█▄ ▄█▀ █ ▄▄▄   ▀█▀▀▄▀█▀▄▄ ▄▀▀▄██ █▄▄▄█ █
█▄▄▄▄▄▄▄█▄█▄▀▄▀ ▀▄▀ ▀ ▀ █ █ █▄█ ▀▄█ ▀▄█ █ █▄▀ ▀ ▀▄█▄▄▄▄▄▄▄█
█  ▄  █▄▄▄▄█   ▀ ▄▀▄ █▀▀▄▀▄▄    ▀█▀█▀  █▀█   █▄▄▀▀▄█▄█▄▀▄▀█
█  ▀█▄▀▄▄██ ▀ ▄ ▄ ▀ ▀▀▀ █ █▄ ▄ █▀▀ ▀█▀█▄▀▀ ▀▀▀▄█ ▀▄▄ ▄▀▀ ██
█▀▀▀█▄▀▄▀██   ▄▄▄█▀ ▄▄▀▄    ▀▀▀██▀▄▄  ▄█▀█▀▀█▀▄█▀▀▀▄███ ███
█▄█▀ ▄▄▄▀▄ ▄▄▀▀█ ▄▀▄▀███▄ ▀█▀▄▀ ██  ▄▀  ▄ ▀ ██▀▄█▀▀█▀█   ██
█▄ ▀█  ▄   ▄█▄▄███▄▄▀▄██ ▀█▀▀ ▀ ▄▀▀▄   ▄▄█ ▀ ▀██ ▀███▀▀▀▀ █
█▀▄ ▄▄ ▄██▀▀▀▄▀█▀▀ ▄█▀▄▀▀▄ ▄▀  ██ ▀ ▄█▀▀▀██▄▄▄▄▀▀   ▄▀▀▀▄▀█
███ ▀▄█▄ ▀▀█▀ ▀█▄▀▄▄▄█▀█▀▄▀ ▀▀▀ ▄█▄█▄▄▀█▀█▀  █▄█▄▀██▄▀█ ▀▀█
██▄███▄▄▀▄▄█   ▄▄ ▄ ▄█  ▀█▀ █▀█▄▄▄▄ ▄ █ ███▀█▄▄▀▄▀▄ ▄▀▀▀▀██
██ ▄ █▄▄▀▄ ▀█▀▄▄▄█  █▄██  ██▀▀█▀▄ ▄ ▄▄▀▄▀██▀▄█▄█▀ ▄█ ▀█ ▄▄█
██ ▀▀ ▄▄▄ ▄ ▄   █▄▄█ ▀▄█  █ ▄▄▄   ▄▀▄▀█ ▀▀▄█▄█  ▀ ▄▄▄ █  ▀█
█▀▄▄▄ █▄█  ▀▄▄█▄▀▄▄▀ █▄█▀ ▀ █▄█ ▄██▄  ▀███▀  ▀██▀ █▄█  █▄ █
█ ▀█▄ ▄▄▄▄▄█  █▀▀▄███▄▀█ ▀▄▄▄▄▄▄█▄█ ███ ▄ ███▀▀ ▄▄   ▄ ▀ ▀█
█▀ █▄██▄▀▀▄▀█▄ ██▄▀▄▀▄▄▀▀▀▄▀▄█▀  █▀█▄  ▄██▀ ▀▀█▄██▀ ██ ▀▀ █
███▄▄█▄▄██ ▄▄ ▄ █ ▀  ████▄▄▄▄ ▀ ██▄▄▀  ▀▀▀▀▄▀▀▄█▀▄ █ █  ▄██
█▄  █▀▄▄  ▄▄██▄ ▀█▄▄▀▀▀█▄ █▄▀█▄▄ ▀██ ▄ ▄██▀ ███▄▀█ ███▀▄█ █
██▀█▀█▀▄▄▀█   █▀▀█▀▄▀  ▀▄ █ ▀█▄▄▀▄ ██ ▄█▄▀█▀▀█▄▄▀▄▄▀ ▀▀▀▄▄█
█▄▄▄▄▀▀▄█  ▄██  ▀▄  ▄▄▀▀▀▀█▀█▄ ▄▀█▀█▄ ▀▄▄█▀ ▄█ ██▄▄▀▄▄  █▀█
█ ▀▄█ ▄▄█▀█▀▀█▀███▀ ▄ ▀ ▀ ▀▀ ▀  ██▀▀▀▀▄ ▄█▄▀ ▀▄▄▀▄ █▄█  ▀██
█ ▄▀███▄ ▄▀ ▄ ▄▀██▀ ▄▄▀▄  ▄▄██ █ █▄▄▄▄▄▄██ ▀▀█▄█▀█▄▀▄█ ▀█▀█
█ ▀ ▀▀▄▄  ▀█ ▄█▀ ▀▀▄█▄ ▀██▄▀ ▀▀▄▀ ▄  ▄ ▄▄▄▀▀█▄▄ █▄ ██▀▀▀ ▀█
███████▄▄ ▀ ▀▀ ▀ ▄█▄▀█▀▀▄▀▄ ▄▄▄  ▀▄██▄▀█▀▀  ▄██▄▀ ▄▄▄ █▄▀ █
█ ▄▄▄▄▄ █▄▄ ▄██ █  ▀█▀██▀ █ █▄█ █▀▀▄ ▄█▀█ █▀ ▀▀█▀ █▄█ ▀▀█▀█
█ █   █ █ █▀█▀█ ▄▀▀▄▄██▀▀▄   ▄ ▄ ▀█▄  ▄█▄█  ▀████  ▄▄ █ ▄██
█ █▄▄▄█ █ ▀▀ ▄▀▄▄ ▀▄▄█ ▄▀██ ▀▀▀█▄▄█▀▀  ▄▄ ▄▀▀▀  ▄  ▄▄▀  ███
█▄▄▄▄▄▄▄█▄█▄██▄███▄▄█▄██▄▄▄█▄██▄▄▄▄▄▄▄█▄▄██▄███▄▄▄▄███▄█▄██

Scan this QR code:
▄▄▄▄▄▄▄▄▄▄▄▄▄▄▄▄▄▄▄▄▄▄▄▄▄▄▄▄▄▄▄▄▄▄▄▄▄▄▄▄▄▄▄▄▄▄▄▄▄▄▄▄▄▄▄▄▄▄▄
█ ▄▄▄▄▄ █▄▀▄ ▄▄██▀ ███▀█ ▄ ▀▀▀▄ ▄▄▀█▀ ▄█▄▀ ▄▄█ ▄ ██ ▄▄▄▄▄ █
█ █   █ █ █▀██ ████ ▄▄██ ▀ █ █▄▀█▄▄▀█ ▄▀ █▀█ ▄▀▄ ██ █   █ █
█ █▄▄▄█ █▄▀▀▄ ▄█▀▀▄  ▀▄  █▀ ▄▄▄  █▀█▄▀  ██ ▀▀▀▄▀▄██ █▄▄▄█ █
█▄▄▄▄▄▄▄█▄▀ █ █ █▄█▄▀▄▀ ▀▄█ █▄█ ▀ ▀ █ █ ▀ █▄▀▄▀▄█ █▄▄▄▄▄▄▄█
█ ▄  ▀▀▄█  ▀▀ ▀█████▀█ ▄  █ ▄▄   █ ▄▀▀▀█ ▄▄ ▄███▀▀ █▀▄▄ ▀ █
█ █ ▄█▄▄██▀▀ ▄ ▀▀  ██ ▄▄ ▄▄▄ █  █ ▀█▄▀▀▄█ ▀ █▀▀  ▀▀███ ▄  █
██▄█▀▀▀▄▀▄ █▄▀▄ ▀▄█▄▀▀█▄▄▄█ ▄▀█▀██▀▄█   █▀▄█▀█ █▄█ ▀█▀█▄▀██
█▄ █▄  ▄▄█▄▀  ▄████▀ ▄█▄▄█ █▀▄▀▀▄▀██▄▀▄ █▄ ▄█████▄█▀▄ ▄ ▄██
█  ▄▀▀ ▄▀ ▄ ▀█  ▀ ██▄█▄█ ▄█▄▄▄▄▄▀▄▄▀▀█▄█▄█▄█ ▄ ▀ ▄█▄▄▀▀▄█ █
█ ███▄█▄ ██▀▀▀▀▀▄ █▀  ▄█▀ ▄ █ ▄█▀▄█▄█▀   █ █ █▀ ▄▄██▄ ██ ▀█
█  ▄▄  ▄▀▀ █▄▄ ██ ▄▀██ ▄▀█▀ ▄ █ ▄█▀█▀▀▀█ ▄▀ █▀▀▄▄  █ ▄██▀▀█
█▄█▀▀ █▄▀▄█▄▄█▄█▀▄   ▄    █▀▀▄▀▄▀█ ▄▀█▄█▀▄ █ █▄▄▀▄ █▀  ▄█▄█
█ ▀▀█ █▄ ▄ █  ▄█ ▄ ▄█ ███▄▀▀█▀▄█▄▄  ▄ ▀▀▀▀▄█ ▀▀▄█▄  ▀▀▀█▄▄█
█ █▄▀ ▄▄▄ ▀▄ █▄▀  ▄▄▀▀█▄█▀▀ ▄▄▄ ▀ ▀▄▄▄▄  ▀  ▀ ██▄ ▄▄▄ ▀▀▀██
█ ▄██ █▄█  ▀ ▀ ▀  █▄█▄▀▀ ▄█ █▄█    ▀▀▀▄▄▄▀▀▄▀▄▄   █▄█ █▄▄▄█
█ █▄▀ ▄▄  ▀▀▄██ ▄ █▄██▄▀  ▀ ▄ ▄▄▀ ▀▀▀▄▄▀▀█ ▄▀▄▀▄▀  ▄ ▄▄█▄▀█
█ █▄▀  ▄▄▀▀ ▄█ █▄█ █ █    █▄█▄▀▀▀█ ▄ █▀▄   ▀▄▀▀██  █▄▄ ▄███
█  ██▄▄▄█▄█▄ ▀ ▄▄▀ █▄▀▄▄▄▀██▄█ ██▄█   ▀ ▀ ▄  ▀   ▄▄▄▀▀ ▄  █
█▀█▄█▀ ▄ █▄█▀█ ▀███ ▀███ ▄█████  ▀ █▀ █▀█▀██▄▀█▄██ ██▄ ▀▄██
█▄█▄▀▀ ▄ ▀█▄▀ ▀  ▄ ▀   █▄▀█  ▄▄█▀█▀██▀▄▄▀ ▀ ▄█▄▀ ▄▀█ ▄█ █▄█
█▀█▄▄▀ ▄▄█▀▄█▄██▀  ▀ █ ▀█▄▀ ▀  ▄█▄▄▀▀█▄█▄▀▀▄▄▄  ▄▀██▀ ▀▄█▄█
█▀█ ▄▄▄▄█▀ ▀▄    ██▄ ██ ██▀██▀▄ ▀▀▀█▀▄▄ █▄  █▄▄█▀  ▀█▄▀█▄██
█  ▀  █▄▄▄▀ ▄▀█▄▄█▀▀▀▄ █▀▀▄▀▄▄ ▀▀█▄█▄█ █   ▀▀▀▄██▄▀█▄█▄ ▄ █
█ ▀ ▀▀▄▄▄▄  ▄▀█ ▄▀▄▄ ▀▀ ▄▄▄█▄██▀  ▀▄▄▄▀█▀█ ▄▀██ █  ▄█ ▀▄ ▄█
███████▄█▀▀ █▀ █ ▄  ▀ ▀▀██▀ ▄▄▄  █ █▄▄ ▀▀▀▄█▄█▀█▀ ▄▄▄ ██▀▀█
█ ▄▄▄▄▄ ███▄▀▀█▄ ▄██▄█ ▀█ █ █▄█ ▀▀ █ ▀  ███▄  ▄█▄ █▄█  ▀███
█ █   █ █▀▄  ▄█ ▀█▀█ ▄██ ▀█  ▄  █▄ ▀██▄█ ▀▄▄   ▀█ ▄▄ ▄▄▄▀▄█
█ █▄▄▄█ █ ▀▀█▄ █  ▀ ▄▀███▀█▀▄██▀▄   █▀▀▀██ █▄▄ ▄▀▄▀ ▄█▄▄█▀█
█▄▄▄▄▄▄▄█▄██▄▄█▄██▄█▄█▄▄█▄██▄████▄██▄█▄▄▄▄▄████▄█▄███▄█▄███

❌ Bot disconnected (408), reconnecting in 5s...
❌ Bot disconnected (408), reconnecting in 5s...
Scan this QR code:
▄▄▄▄▄▄▄▄▄▄▄▄▄▄▄▄▄▄▄▄▄▄▄▄▄▄▄▄▄▄▄▄▄▄▄▄▄▄▄▄▄▄▄▄▄▄▄▄▄▄▄▄▄▄▄▄▄▄▄
█ ▄▄▄▄▄ █▀ █▀   ██▄▀▀█ █▄ ▄█▄▄▄▄ ▀█▀▄ ▄███▄ ▄█▄▄ ██ ▄▄▄▄▄ █
█ █   █ █▀  █  █▄▄▀ ▄█▄▄▀▀▀█▄█ ▄ ██ ▀▀█▀▄▄▄ ▀█ ▄ ██ █   █ █
█ █▄▄▄█ █▀█▀ ██▀▄█▄█▄ ▄█▀ █ ▄▄▄  ▀▀█▄▄▄▀▀▄▄▄▀█▀▀▄██ █▄▄▄█ █
█▄▄▄▄▄▄▄█▄█ █ ▀ ▀▄▀ ▀ ▀ █ █ █▄█ ▀▄█ ▀▄█ █ █▄▀ ▀ ▀▄█▄▄▄▄▄▄▄█
█  ▄ ▄▀▄▄▄▄▄▄▀ ▀ ▄▀▄ █▀▀▄▀ ▄    ▀█▀█▀  █▀█   █▄▄▀ ▄█▄▀▄▀▄▀█
█  ▀█▄▀▄▄██ ▄▄▄ ▄ ▀ ▀▀▀ █  ▄ ▄ █▀▀ ██▀█▄▀▀▄▀▀▀ ▀▀▀▄▄██▀▀ ██
█▀▀█ ▄▀▄▄  ▄  ▄▄▄█▀ ▄▄▀▄  ▀ ▀█▀██▀██  ▀▄▀█ ▀█▀█▄▀ ▀▄█▀▀ ███
██▄██▄▄▄ █ ▄▄▀▀█ ▄▄▄▀█  ▄ ▀█ ▄▀ ███▄ ███  ▀█▀▀▀█▀▄▀█ █▀▀ ██
█▀█▀▀  ▄   ▄█▄▄██▄  ▀▄ ▀▀▀█▀▀   ▄▀▀▄█ ▀▄██ ▀▄█▀▄ ▀███▀  █ █
█ ▀▄▀ ▄▄██▀▀▀▄▀█ ▀ ▄ ▄▄▀▄  ▄▀ ▀██ ▀ █▀  ▄ █▄ ▀▄ ▀ ▄▄▄▀▀▀ ██
█▀█ ▀▄▄▄ ▀▀█▀█▀█▄▀▄▄▄█▀█▀▄▀ ▀▀▀  ▀▄█ ▄▀█▀▀▀ ▀▀▄█▄▀▀█▄▀█ ▀ █
██▄██▄ ▄▀  █ █  ▄ ▄ ▄█  ▀█▀ █▀█▄██▄ █▀█ █▄█▀▄▄▄▀▄▀██▄▀▀▀▀██
██ ▄ ▄▄▄▄███ ▀▄█▄█  █▄██  ▀█▀▀█▀▄ ▄ ▄▄▀▄▀██▀▄█▄█ ▀▀▄█▀█ ▄▄█
██ ▀▀ ▄▄▄ ▀▄▀▄█ █▄▄█ ▀▄█  █ ▄▄▄    █▄▀▀▄▀▀ █▄█  ▄ ▄▄▄ ▀  ▀█
█▀▄▀▀ █▄█ ██▄▄█ ▀▄▄▀ █▄█▀ ▀ █▄█ ▄███   ███▀▀ ▀▄█▄ █▄█ █▄▄ █
█▄▀▄▀ ▄▄  ▄█  █▀▀▄▄▄█▄█  ▀█ ▄▄▄▄█▄█▀██▄█ ▄▀▄▀▀  ▀▄ ▄  ▀▀ ▀█
█▀█▄███▄▀▀▄▀█▄ ██▄▀▄ ▄█▀▀ ▄▀▀▄▀  █▀█▄ ▀██▀▀ ▀▀█▄██▀ ██  ▀ █
█▀▀█ █▄▄▀█ ▄▄ ▄ ▀▀▀  ▄███▄▄▄▀▀▀ ▀█▄▄█▄▀  ▀▀███▄█ ▄ █▀   ▀▀█
█▄▄ █▀▄▄  ▄▄█▄▄ ▀█▄▄▀▀▀█▄ █▄▀█▄█ ████▄ ▄▀█▀  ▀█▄▀█ ███▀▄█▀█
██▀█▀█▀▄▄▀ ▀▄██▄▀█▀▄▀  ▀▄ █ ▀█▄▄▀█ ██ ▄█▄ █▀▀█▄▄▀▄▄▀ ▀▀▀▄▄█
█▄▄▄▄ ▀▄█ █▀███▄▀▄  ▄▄▀▀▀▀█▀█▄ ▄▀█▀█▄ ▀▄▄█▀ ▄█ ██▄▀ ▄▄  █▀█
█ ▀▄█▄█▄█▀▀▀  █▀██▀ ▄ ▀ ▀ █▀ ▀  ████▀▀▄▄▄█ █ ▀ ▄██ █▄█▀▀▀██
█ ▄ ▄▀▀▄█▄█ ▄   ██▀ ▄▄▀▄  ▄▀██ █ █▄█▄▄ ▄██▀ ▀██▄█▄█ ▄█▀ █▀█
█ ▀ ▀▀▄▄▀█▀█ ▄█▀ ▀ ▄█▄ ████  ▀▀▄▀ ▄  ▄▀ ▄ ▄▀▀  ▀█▄▀▀ █▄▀ ▀█
███████▄█▀▀ ▀▀ ▀▄▄  ▀█▀▀▄▀▄ ▄▄▄  ▀▄█ ▄▀▄ ▀ ▀▄▀███ ▄▄▄ ▄█▀ █
█ ▄▄▄▄▄ █▄▄ ▄██ ▄▄ ▀█▄██▄▄█ █▄█ ▀▀▀▄ ▀█ ▀▀█ ▀▀ ▄█ █▄█ ▀▀ ██
█ █   █ █ █▀▀ █ ▄▀▀▄▄██▀▀▄  ▄▄ ▄▀▀█▄  ▄█▀▀   ▀██▄  ▄ ▄█ █▄█
█ █▄▄▄█ █  █ █▄▀▄ ▀▄▄█ ▄▀██ ▀█▀█▄██▀▀  ▄█▀▄▀▀   ▄  ▄██  ███
█▄▄▄▄▄▄▄█▄▄▄▄█████▄▄█▄██▄▄▄█▄▄█▄▄▄▄▄▄▄█▄▄██▄███▄▄▄▄██▄▄█▄██

Scan this QR code:
▄▄▄▄▄▄▄▄▄▄▄▄▄▄▄▄▄▄▄▄▄▄▄▄▄▄▄▄▄▄▄▄▄▄▄▄▄▄▄▄▄▄▄▄▄▄▄▄▄▄▄▄▄▄▄▄▄▄▄
█ ▄▄▄▄▄ █▄▀▄ ▄▄▄▄█▀█▄▀▀▄▀  ▀▀▀▄ ▄▄▀▀  ▀██   ▀  ▄ ██ ▄▄▄▄▄ █
█ █   █ █ █▀▀█ ████ ████ ▀ █ █▄▀▀█▄▀▀ ▄▀ █▀█▀█▀▄ ██ █   █ █
█ █▄▄▄█ █▄██▀ ▄█▀▀▄  ▀▄  █▀ ▄▄▄ ▄▀▀██▀  ▀  ▀▄▀▄▀▄██ █▄▄▄█ █
█▄▄▄▄▄▄▄█▄▀▄▀▄█ █▄█▄▀▄▀ ▀▄█ █▄█ ▀ ▀ █ █ ▀ █▄▀▄▀▄█ █▄▄▄▄▄▄▄█
█ ▄  ▀█▄▀▄█▀▄▄▀█████▀█ ▄  █ ▄▄   █ ▄▀▀▀█ ▄▄ ▄███▀▀▄█▀▄▄ ▀ █
█ █ ▄▄▄▄▀▄▀▀█▄ ▀▀  ██ ▄▄ ▄█▄ █  █ ▀▀▄▀█▄█ ▀▄█▀▀ ▄▀▀███ ▄  █
██▄▀ ▀▀▄▄▄▄▄▄▀▄ ▀▄█▄▀▀█▄▄▄▄▀ ▀█▀██ ██ ▀▀█▀▄▄▀█▀██▄ ▀██▀▄▀██
██▀▄▀  ▄██▄▀  ▄███▄█ ▄▀▄▄█ █ ▄█▀▄▀█▄▄█▀█▀ ▀▄█▀ █ ▄█▀█▀▄▀▄██
█ ██▀▀ ▄▀ ▄ ▀█    █▀█▄ █▀▄█▄▄▄ ▄▀▄▄ ▀█▄▄▄▀▀█▄  ▀ ▄█▄▄▀▀▄▀▄█
█ █▀  █▄ ██▀▀▀▀▀█▀█▀▄▀▄███▄ █ ▄██▄█▄██▀ ▄▄▀██▄▀▀▄▄▀█▄ ██▄▀█
█▀▀▄▄▄ ▄▀▀ █   ██ ▄▀██ ▄▀█▀ ▄ █  █▀█ ▀▀█▄ ▀ █▀▀▄▄  █ ▄██ ▀█
█▄█▀▀█ ▄▀▄▀▀████▀▄   ▄    █▀▀▄▀▄▀▄ ▄ █▄█▀█ █▀▄▄▄▀▄▀ ▀  ▄█▄█
█ ▀▀█▀▄▄ ▀▀█  ▀  ▄ ▄█ ███▄▀▀█▀▄█▄▄  ▄ ▀▀▀▀▄█ ▀▀▄▄▄▄ ▀▀▀█▄▄█
█ █▄▀ ▄▄▄ ▀   █   ▄▄▀▀█▄█▀█ ▄▄▄ ▀ ▀ ▄▄ ▄ ▀ ▄▀ ▀█▀ ▄▄▄ ▀▀▀██
█ ▄▄▀ █▄█  █ ▀▄▄  █▄█▄▀▀ ▄█ █▄█     ▀▀█▄▄▀▄▄▀▄▀▀█ █▄█ ▄█▄▄█
█ ▄▄▄▄ ▄  ▀▀▄██ ▄ ▄▄██ █  ▀ ▄ ▄▄▀  ▀▀ ▀▀█▀███ █▄█▄ ▄▄ █▄▄▀█
█ ▄▄▄  ▄▄█▀ ▄█ ███▄██▄▄ ▄ █▄█▄▀▀▀█ ▄▄█ ▄ ▄█▀█████▀ ███▀█▀▀█
█▄▀█▄▄▄▄▀▄█▄ ▀ ▄ ▀ ███▄▄  ██▄  █▀▄█ ▄  ▀█ █  ▄▀ ▀▄▄▄▀█ ▄ ▄█
█▄ ▄█▀ ▄ █▄█   ▀███ ▀███ ▄████▄▄▄█ █▄ █▀█▀██▄██▄██ ██▄ ▀█▄█
█▄█▄▀▀ ▄ ▀█▄▄ ██ ▄ ▀   █▄▀█  ▄ █ █▀██▀▄▄ ▀▀ ██▄▀ ▄▀█ ▄█ █▄█
█▀█▄▄█▀▄▄█▄▄ ▀▀▀▀  ▀ █ ▀█▄▀ ▀  ▄█▄▄▀▀█▄█▄▀▀▄▄▄  ▄▀█▄▀ ▀▄█▄█
█▀█ ▄█▀▄█▀▀▀ █▀  ██▄ ██ █████▀▄ ▀▀▀▀▀▄ ▄█▄  █▄▄▀▀  ▀█▄▄█▄██
█  ▄ ▄ ▄▄█▄▄▄▀ ▀▄█▀▀▀▄ █▀▀▄▀▄▄ ▀▀█▀█▄█▀█    ▀▀▀▄▀▄▀▀███ ▄ █
█ ▀ ▀▀▄▄▀█  ▄▀█ ▄▀▀█ ▀▀ ▄▄█▀▄██▀   ▄▄▄▄▄▀▀ ▄███▄▄  ▄█ ▀▄ ▄█
███████▄▄ ▀ █▀ █▀█  ▀ ▀▀█▄▀ ▄▄▄  █ █▄   ▀▀▄█ █ ▄█ ▄▄▄ ▄▄▀▀█
█ ▄▄▄▄▄ ███▄▀▀█▄▄▄███▀ ▀▄▀█ █▄█ ▀█ █▀   ▀ ▄▄█▀█▄█ █▄█  ▀█▀█
█ █   █ █▀▄ ███ ▀█▀█ ▄██ ▀█     ▄  ▀█▀▄█ ▀▄▄▄  ▀█ ▄▄▄▄▄▄ ▄█
█ █▄▄▄█ █ ▄██▄▄▄  ▀ ▄▀███▀█▀▀██▀█▀  ▄ ▀▀▄█ █▄▄ ▄▀▄▀ █▀▄▄█▀█
█▄▄▄▄▄▄▄█▄██▄██▄██▄█▄█▄▄█▄███████▄██▄█▄▄▄▄▄████▄█▄██▄██▄███

Scan this QR code:
▄▄▄▄▄▄▄▄▄▄▄▄▄▄▄▄▄▄▄▄▄▄▄▄▄▄▄▄▄▄▄▄▄▄▄▄▄▄▄▄▄▄▄▄▄▄▄▄▄▄▄▄▄▄▄▄▄▄▄
█ ▄▄▄▄▄ █▀ █▀   ▀█▄ ▄▀▀█ ▄▄█▄▄▄▄ ▀▀▀█▄▄█▄ ▄▄█▄▄▄ ██ ▄▄▄▄▄ █
█ █   █ █▀  ▀▄ █▄▄▀ ▄▄▄▄▀ ▀█▄█ ▄ ██ ▄▀█▀██▄  ▄ ▄ ██ █   █ █
█ █▄▄▄█ █▀▀██ █▀▄█▄█▄ ▄█▀ █ ▄▄▄ ▄ ▀█  ▄▀▀▀▄▄▀ ▀▀▄██ █▄▄▄█ █
█▄▄▄▄▄▄▄█▄█▄▀▄▀ ▀▄▀ ▀ ▀ █ █ █▄█ ▀▄█ ▀▄█ █ █▄▀ ▀ ▀▄█▄▄▄▄▄▄▄█
█  ▄  ▀▄▄▄▀ ▀█ ▀ ▄▀▄ █▀▀▄▀▄▄    ▀█▀█▀  █▀█   █▄▄▀  █▄█▄▀▄▀█
█  ▀█▄ ▄▀█▀▀▀▀▄ ▄ ▀ ▀▀▀ █  █   █▀▀▄██▀▀▄▀▀▄█▀▀▄█████▄▀▀▀ ██
█▀▀▀▄▄▀▄▀▀    ▄▄▄█▀ ▄▄▀▄  ▀▀██▀██▀▄▄  ██▀█  █▀██  ▀▄▄▀█ ███
█ ▀▄█▄▄▄ █ ▄▄▀▀█ ▄█▀▀█▄█▄ ▀█▀▄▀ ██  ▄█ ▄   █▀▀  ▀▄▀█▀▄   ██
█ ▀▀█  ▄   ▄█▄▄██▄  ▀█▀▀ ▀█▀▀   ▄▀▀▄▄▄▀█▀▀  █▀▄▄ ▀███▀▀ █ █
███ ▄ ▄▄██▀▀▀▄▀█▄▄ ▄▄▄▄▀▀▀ ▄▀ ▀██ ▀ ▀▀▀▀▄▀█▄█ █ ▀  ▄▄▀▀▀▄██
█▀█ ▀▀ ▄ ▀▀█▄▀▀█▄▀▄▄▄█▀█▀▄▀ ▀▀▀ ▄▀▄█ ▄▀█ ▀▀  █▄█▄▀▀▄▄▀█  ▀█
██▄███ ▄▀▄  ▀ ▄█▄ ▄ ▄█  ▀█▀ █▀█▄▄█▄ █ █ ▄██▀▄█▄▀▄▀ █▄▀▀▀▀██
██ ▄  █▄▄██▀▀ ▄█▄█  █▄██  █▀▀▀█▀▄ ▄ ▄▄▀▄▀██▀▄█▄█▀▀ ▄ ▀█ ▄▄█
██ ▀▀ ▄▄▄ ▀█▄▄▄▀█▄▄█ ▀▄█    ▄▄▄   ▄▀▄▀▀▄▀▀ ▀▄█▄ █ ▄▄▄ ▀  ▀█
█▀▄█  █▄█ ▀▀▄▄██▀▄▄▀ █▄█▀ █ █▄█ ▄███   ███   ▀█▄▄ █▄█ ▀▄▄ █
█▀ ▀▄ ▄▄ ▄▄█  █▀▀▄  █▄█  ▀▄ ▄▄▄▄█▄▄▀▀█ ▀▄ ▄██▀ ▄█▄▄   █  ▀█
█  ▀ ██▄▄ ▄▀█▄ █▀▄   █▀▀▀▀▄▀▄▄▀  █▀█ ▄▀█ ▀ ▀▄▀▄█▀█▀ ▄▄ ▀▀ █
█▄▄█▄█▄▄█▄ ▄▄ ▄  ▀▀  ▄████▄▄  ▀ ▀▀▄▄▄ ▀ ▄▄▀██▄█▄▀▄ █ ▄   ██
█ ▄ █▀▄▄  ▄▄▀▀▄ ▀█▄▄▀▀▀█▄ █▄▀█▀▄ ▀██▄▄ ▄█▀▀ ▄██▄▀█ ███▀▄▄▀█
██▀█▀█▀▄▄▀██ ▀▀█▀█▀▄▀  ▀▄ █ ▀█▄▄ ▄ ██▀▄██ █▀▀▄▄▄▀▄▄▀ ▀▀▀▄▄█
█▄▄▄▄█ ▄█  ▄▄▄ ▀▀▄  ▄▄▀▀▀▀█▀█▄ ▄▀█▀█▄ ▀▄▄█▀ ▄█ ██▄ █▄▄  █▀█
█ ▀▄██ ▄█▀▀▀ █▀ ██▀ ▄ ▀ ▀ ▀▀ ▀  ████▀▀▄▄▄█ ▀ ▀ ▄▀▄ █▄█▀ ▀██
█ ▄▀  ▀▄█▄▀█▄ ▄███▀ ▄▄▀▄  ████ █ ██▄▄▄▀▄██▀ ▀██▄█▄▀ ▄█▀▀█▀█
█ ▀ ▀▀▄▄█ ▀█ ▄█▀ ▀▀▀█▄▄▀██▄▄ ▀▀▄▀ ▄▀ ▄▀█▄▄ ▀▀▄▄██▄▀▀▀▀   ▀█
███████▄▄▀▀ ▀▀ ▀▀▄▀▄▀█▀▀▀▀▄ ▄▄▄  ▀▄█▄ ▄█▀█▄ ▄█▄█▀ ▄▄▄ ███▄█
█ ▄▄▄▄▄ █▄▄ ▄██  ▄ ▀  ██ ██ █▄█ █▀▀▄  ▄  ▄▄▀▀  ▄█ █▄█ ▀▀ ▀█
█ █   █ █ █▀▀ █ ▄▀▀▄▄██▀▀▄  ▄▄ ▄█▀█▄  ▄█▀▀  ▀████  ▄  █ ▄██
█ █▄▄▄█ █    █▄ ▄ ▀▄▄█ ▄▀██ ▀█▀█▄██▀   ▄▄ ▄▀▀   ▄  ▄▀█  ███
█▄▄▄▄▄▄▄█▄▄▄▄▄▄▄██▄▄█▄██▄▄▄██▄█▄▄▄▄▄▄▄█▄▄██▄███▄▄▄▄███▄█▄██

Scan this QR code:
▄▄▄▄▄▄▄▄▄▄▄▄▄▄▄▄▄▄▄▄▄▄▄▄▄▄▄▄▄▄▄▄▄▄▄▄▄▄▄▄▄▄▄▄▄▄▄▄▄▄▄▄▄▄▄▄▄▄▄
█ ▄▄▄▄▄ █  ▄▄ ▀███▄ █▄ █  █  ▀ ▄▀█▀▀▀▄▀▄▀▀ ▄█▀▀▄ ██ ▄▄▄▄▄ █
█ █   █ █ ▄█ █▀██  ▄▄▄▄▀██▀█▀▀▀█▀███▄██▀█▀▄▀▀█ ▄ ██ █   █ █
█ █▄▄▄█ █▀▀█▀▀█▀▀███▀█▄▄▀   ▄▄▄ ▄ ▀▀▄ ▀▄▀▄▀▄▀▄▄▀▄██ █▄▄▄█ █
█▄▄▄▄▄▄▄█▄█▄█ █▄▀ █▄▀ █▄▀▄█ █▄█ ▀▄█▄█ █▄█▄█▄▀ █ █ █▄▄▄▄▄▄▄█
█  ██ ▄▄█▀▀██ █ ▀▄█▄█ ▄█ ▀▀▄ ▄  ▄ ▄█▀ █ ▄█▄▀  ▀▄▀ █▀ █▄ ▄▄█
█ ▀▀▀█ ▄▀ █▄▀▄▄ ▄▀▄█▀▀▀█▄▄▄██ ▄ ▀▀▄  ▀██ ▀▀ ▀  █ ▄█▄ ▄▄▄▄▀█
█▀▀▀█▀█▄▀ ▀▀ █▀▀ ▄▀ ▄ ▄▄  ▀▀ ▀▀█ ▄ ▄▀▄█ ▄▀ ▀▄▄▀█▄▀█  ██ ▄▄█
█▄▄ █▄█▄█████▄██▄▀ ▀▀▄ ▀▀▀▀█▀ ▄▀█▀ ▀▀█ ▄   █▄█ ▀▄█▄▀▄▄▀████
█▀▀█ █▀▄ ▄▄▄  ▀▄▀▄▀▄▄▀ █ ▀▄ ▄ ▀▀  ██▄ ▄ ▄▀ ▀▀ ▀▄▀▀▄ ▄█ ▀  █
█ ▄█ █ ▄ ▀▀▄  ▀█ ▄▄  █  ██▄▄▀█▄█▀ ▀▀▄▀ ██▄ ▄▀▀▄▄████ █▄▄▄▀█
█▄ ▀ █▀▄█▄▄▄▀ ▄ ▀▀▄ ▀ ▄█▀▄██ ▀█▀▄ █▄▄▄█ ██▀▀  ██▄▀█▀▄██▄█▄█
█▄▀ ▄▀█▄███ █▀ ▀▄█▄ ▄██▀▄ ▀ ▄██▄█▄██▄█ ▄▄█▄█▄▄▀██▄▀▄▄▀▄▄▀██
█▄▄ ▄ ▄▄█  ▄█ ▀▀▀▄▄  ▀▄█▀ ▄ ▄▀ ▀▀█▀  ▄▄  ▀ ▀█  ▄▀▀▄  ██▀▀██
█▄▄▄  ▄▄▄ ▀ █  █▀▄▀  ▀▄  ██ ▄▄▄   ▄▄▀ █ ▀█▀▄  ▄▀▄ ▄▄▄  █ ██
████  █▄█  ▄▀▄█▀ ▄▄▀▄ ▀█▀▀  █▄█ ▀▄▀█ ▄▄ ▄█▄   ▀▄█ █▄█ ▄▀█ █
██▀▄ ▄ ▄▄▄█▄█▄█▄ █▀▀█▀▄ ▀▀   ▄▄▄▀▄██▄▀▀▄█▄▀▄▀  ▀█▄▄▄▄ █▄▄██
█▀▄▄▄▀ ▄█ █▀▄▄▄ ▀▄  ▀▀▄█▀ ▀▀▀█▀ █ ▄█▄ █ ▄█▀▀  ▀▄█▄▄ ▀█ ▄▀ █
█  ▄▄█ ▄██ █▄▀▄█▀ ▄█▄█▀█▄▀▀▄██▄█▀▀ ▀▄ ▄▀█ ▀ ▄▀█ █▄ ██▄▄▄ ▀█
█ ██▄▀▄▄█▄██  █ ▄█▀▄▄▄▄█▄  ▄▄█▄ █ ▀██    ▀▀▀█▄▄▄▀▀█▄▄▄▄█▀▄█
█ ▄▄ ██▄▀▀█▄▀█▀█▀ ██▀ ▀▀▀█▄ ▀ ██ █ ▀▀██▄▀█▄▄▄████  █▀  ▄▄▄█
█▄▄ ▄ ▀▄█▀██▀█ ▄▀▄▀▄▀▀ █▄▀ ▄▀▄▀▀▄ ▄█  █▀▄█ ▀█  ▄█▄▀█▀▄▄█▄ █
█ █▄ ██▄███     ▄ ▄█ ▀▀█▄▄█▀▀▄█▀▀█▀▄ █▄ ▀▀▀██ ▄ ▄  █▀▀▄█▄▀█
█▀▄█▀▀ ▄█▄▄█▄ ▀▀ ▄▀ █▀▄▄▀  ▀ █  █ ▀▄▄▄▄▀▄▀▀ █▄▀█▀▄▄ ▀█ ▀ ██
█ ▀ ▀▀▄▄▄▄█▀ ▀▀▀▀ ▄█▄ ▄  ▄▀ ▀▄▀▀▄▀▄▄  ▀▄ ▄▀▀▀ █  ▀▄█▀▀██▄██
███████▄▄▀  ▀██▄▀█▄ █▀ ▀▀ ▄ ▄▄▄ █▄▀█  ▀▀▄▀▀▀▀ ███ ▄▄▄ ▀ ▄▄█
█ ▄▄▄▄▄ █▀▄ ▄█▄▄██ ▀█▄▀█▄█▄ █▄█ ▄▀▀▀▀▀   █  ▀ █▀▀ █▄█ ██ ▀█
█ █   █ █▄▄▄▄▀▄▄▀▀  ▀ █▀▀▄▄▄▄  ▄▀  █ ▄█▀███▀▄  ██▄▄ ▄▄█▀▀ █
█ █▄▄▄█ █▀█▄▄  █▄█ ▀▄█▀ ▄ ███▄▄ ▄▄▄█▄ ▀█▀ ▀▄█▀▄▀ █▀▄█ █████
█▄▄▄▄▄▄▄█▄▄▄██▄██▄▄▄▄▄▄████▄▄██▄███▄▄▄▄█▄█▄▄█▄█████▄▄████▄█

Scan this QR code:
Scan this QR code:
▄▄▄▄▄▄▄▄▄▄▄▄▄▄▄▄▄▄▄▄▄▄▄▄▄▄▄▄▄▄▄▄▄▄▄▄▄▄▄▄▄▄▄▄▄▄▄▄▄▄▄▄▄▄▄▄▄▄▄
█ ▄▄▄▄▄ █▄▀▄ ▄▄█▀█ █▄▀ █   ▀▀▀▄ ▄▄█▀▄█ █▀▄▄ ▄█ ▄ ██ ▄▄▄▄▄ █
█ █   █ █ █▀██ █▄██ ▄▄██▀  █ █▄▀█▄▄▀ ▀▄▀██▀█ █▀▄ ██ █   █ █
█ █▄▄▄█ █▄▀▀█▀▄█▀▀▄  ▀▄  █▀ ▄▄▄ ▄▄▀█    ██ ▀ █▄▀▄██ █▄▄▄█ █
█▄▄▄▄▄▄▄█▄█▄█ █ █▄█▄▀▄▀ ▀▄█ █▄█ ▀ ▀ █ █ ▀ █▄▀▄▀▄█ █▄▄▄▄▄▄▄█
█ ▄  █▀▄▀ ▀█▄█▀█████▀█ ▄  █▄▄▄   █ ▄▀▀▀█ ▄▄ ▄███▀ ▄██▄▄ ▀ █
█ █ ▄▄█▄█▀▀  █ ▀▀  ██ ▄▄ ▄▄█ ▀  █ ▀▀▄▀▀ █ ▀ █▀█▄█▀ █ ▄ ▄  █
██▄ ▀▀▀▄ ▀▄█▄▀▄ ▀▄█▄▀▀█▄▄▄▄▀█▀█▀██▀▄█ █ █▀██▀█▄▄▄▄ ▀▀▀▀▄▀██
█▄ ▄▄  ▄█▄▄▀  ▄███▄█ ▄▄█▄█ █ ▄▀▀▄▀ █ ▀█ ▀▄█ ▀█▄█ ██▀█   ▄██
█  ▄▀▀ ▄▀ ▄ ▀█  ▀ ███▄▄▀ ▄█▄▄▄ ▄▀▄▄ ███▄▄▀▀▄  ▀  ▄█▄▄▀ █▀▄█
█ ██ ▄▀▄ ██▀▀▀▀▀█▀█▀ ▀▄█▄█▄ █ █▄▀ █▄▀▄▀▀▀▀ ▄ ▄ ▀▄▄▀▀▄ ██▄██
█ ▀▄▄▄ ▄▀▀ █▀█ ██ ▄▀██ ▄▀█▀ ▄ █ █▀▀█▄█▀█▄▄▀  █▀▄▄  ▄ ▄██▀▀█
█▄█▀▀█ ▄▀     █▄▀▄   ▄    █▀▀▄▀▄▀█ ▄ ▄▄█▀▄ █▀▄▄▄▀▄█▄█▄ ▄█▄█
█ ▀▀█  ▄▀ ▀▀  ▄▄ ▄ ▄█ ███▄▀▀█▀▄█▄▄  ▄ ▀▀▀▀▄█ ▀▀▄▄▄  ▀█▀█▄▄█
█ █▄▀ ▄▄▄ ▄██  █  ▄▄▀▀█▄█▀▀ ▄▄▄ ▀ █▄▄▄▄▄ ▀  ▀ ▀▀  ▄▄▄ ▀▀▀██
█ ▄█▀ █▄█  ▀ ▀▀   █▄█▄▀▀ ▄█ █▄█     ▀▀▄▄▄▀▀▄▀▄▀▀▀ █▄█ ▀▄▄▄█
██ ▄  ▄▄▄ ▀▀▄██ ▄ ▄▀██▀█  ▀ ▄ ▄▄▀ ▀ █  ▀█▀▄▄█ ▀▀▀  ▄ ▄ █▄▀█
█▀▀█▀  ▄██▀ ▄█ █▄█▀█▀█▄ ▄ █▄█▄▀▀▀█ ▄█▀ ▄  ▄ █▀▄█▀▄ █ █ ▄▀▀█
██▀▀ ▄▄▄▀▄█▄ ▀ ▄   █  ▄▄█▄██ ▄ █▀ █ ▀▀▀ █ █   ▀▀ ▄▄▄██ ▄▄ █
█▄ ▄█▀ ▄ █▄█▀  ▀███ ▀███ ▄████▄ ▄▀ █  █▀████ ██▄██ ██▄ ▀▄▄█
█▄█▄▀▀ ▄ ▀▄█▀█▄▄ ▄ ▀   █▄▀█  ▄ ▀▀█▀█▄▀▄▄  ▀ ██▄▀ ▄▀█ ▄█ █▄█
█▀█▄▄▄▄▄▄█  █ ▄ ▀  ▀ █ ▀█▄▀ ▀  ▄█▄▄▀▀█▄█▄▀▀▄▄▄  ▄▀▄▀▀ █▄█▄█
█▀█ ▄▀█▄█▀▀▄▄▄▄█ ██▄ ██ ██▀██▀▄ ▀▀▀█▀▄  █▄ ▄█▄▄▀▀  ▀█▄█▄▄██
█   ▄▄█▄ █ ▄▄▀██▄█▀▀▀▄ █▀▀██▄▄ ▀▀█▄▄▄██▄  ▀ ▀▀█▄▀█▄ ▄█▄▀▄ █
█ ▀ ▀▀▄▄█▀  ▄▀█ ▄▀▄▄ ▀ █▄▄▄▀▄██▀  ▀█  ▄▀██▄██▀▀▀ ▀█  ▄▀▄ ▄█
███████▄█ ▀ █▀ ██▄█ ▀ █▀██▀ ▄▄▄  █ █    █▀▄▄ ███▀ ▄▄▄ █▄███
█ ▄▄▄▄▄ ███▄▀▀█▄▄███ ▀ ▀ ▀█ █▄█ ▀█ █    ▄▄▄█▄ ██▄ █▄█  ▀▄██
█ █   █ █▀▄  ▀█ ▀█▀█ ▄██ ▀█ ▄   ▄▄ ▀██▄█ █▄▄▄▄ ▀█ ▄▄▄▄▄▄▀██
█ █▄▄▄█ █ ██▄██▄  ▀ ▄▀███▀█▀█▀█▀█   ▄ ▀▀▄█ █▄█ ▄▀▄▀ █▀▄▄█▀█
█▄▄▄▄▄▄▄█▄▄▄▄██▄██▄█▄█▄▄█▄███████▄██▄█▄▄▄▄▄████▄█▄██▄▄█▄███

▄▄▄▄▄▄▄▄▄▄▄▄▄▄▄▄▄▄▄▄▄▄▄▄▄▄▄▄▄▄▄▄▄▄▄▄▄▄▄▄▄▄▄▄▄▄▄▄▄▄▄▄▄▄▄▄▄▄▄
█ ▄▄▄▄▄ █▀ █▀  ▀▀▀▄  █▀▄▀▄▄█▄▄▄▄ ▀▀▀▄  █▀█ ▄ ▄▄▄ ██ ▄▄▄▄▄ █
█ █   █ █▀  ▀  █▄▄▀ ██▄▄▀ ▀█▄█ ▄▄▄█ ▀▀█▀██▄ ▄▄ ▄ ██ █   █ █
█ █▄▄▄█ █▀▀▀███▀▄█▄█▄ ▄█▀ █ ▄▄▄   ▀██ ▄▀██▄▄▄█▀▀▄██ █▄▄▄█ █
█▄▄▄▄▄▄▄█▄█ ▀ ▀ ▀▄▀ ▀ ▀ █ █ █▄█ ▀▄█ ▀▄█ █ █▄▀ ▀ ▀▄█▄▄▄▄▄▄▄█
█  ▄ ▄█▄  ▄▄█▀ ▀ ▄▀▄ █▀▀▄▀ ▄    ▀█▀█▀  █▀█   █▄▄▀  █▄█▄▀▄▀█
█  ▀█▄▀▄█ ▄█ █▄ ▄ ▀ ▀▀▀ █  ▄▄  █▀▀▄██▀█▄▀▀ ▀▀▀▄▀▀▀▄▄▄▀▀▀ ██
█▀▀▄▀▄▀▄▀██▀  ▄▄▄█▀ ▄▄▀▄  ▀  ▀▀██▀ █   ▄▀█  █▀█▄█▀▀▄▄██▄███
█▄▀ ▄▄▄▄▀▄ ▄▄▀▀█ ▄  ▀█▀▀▄ ▀█ ██▄███  ██▀▄   ▀▀▄▄  ▀█▀█▀▀ ██
█  ▀   ▄   ▄█▄▄███▀▄ ▄▄▀▀ █▀▀   ▄▀▀▄▄▄ ████ ▄██▄ ▀███▀  ▀▄█
█   ▀▄▄▄██▀▀▀▄▀█▀█ ▄▄▀▄▀▀▀ ▄▀ ▀▄█ ▀  ▄ ▀ ▀██ █▄ ▀  ▄▄▀▀▀ ██
█ ▄ ▀█▀▄ ▀▀█▄▀▀█▄▀▄▄▄█▀█▀▄▀ ▀▀▀  ▀▄█ ▄▀███▀ ▄█▄█▄▀▀▄▄▀█  ▀█
██▄██▀█▄▀▄ ▀██  ▄ ▄ ▄█  ▀█▀ █▀█▄▄█▄ ▄ █ ███▀██▄▀▄▀▀█▄▀▀▀▀██
██ ▄ ▄▄▄▄▀▄ ▀ ▄▄▄█  █▄██  ██▀▀█▀▄ ▄ ▄▄▀▄▀██▀▄█▄█ ▀▄▄███ ▄▄█
██ ▀▀ ▄▄▄ ▄▄ █▀▀█▄▄█ ▀▄█    ▄▄▄    ▀▄▀▀▄▀▀ ▀▄█ ▄  ▄▄▄ ▀  ▀█
█▀▄▄█ █▄█ ▄▄▄▄▀█▀▄▄▀ █▄█▀ █ █▄█ ▄███   ▄██▀  ▀▀▄█ █▄█ █▀▄ █
█▀▀█▀▄ ▄▄▄▄█  █▀▀▄ ▄█▄█▀ ▀▄ ▄▄▄▄█▄▄▀█▀▄▀▄  ▄▀▀▀   ▄   ▀▀ ▀█
█▀█ ▄██▄██▄▀█▄ █▄▄▄▄ █▀▀ ▀▄▀▄▄▀  █▀█▄▄ █▀█ ▀▀▀███ ▀ ▄▄▀ ▀ █
█ ▀ ▄█▄▄▀  ▄▄ ▄ █▀▀ █ ██▄▄▄▄▄▄▀ ██▄▄▀█  ▄  █▀ ██ ▄ █ ▀  ███
█▄  █▀▄▄  ▄▄▀ ▄ ▀█▄▄▀▀▀█▄ █▄▀█▄▀ ███   ▄██▀ ▀▀█▄▀█ ███▀▄█ █
██▀█▀█▀▄▄▀ ▀ ▄ █▀█▀▄▀  ▀▄ █ ▀█ ▄ █ ██▀▄██▀█▀ █▄▄▀▄▄▀ ▀▀▀▄▄█
█▄▄▄▄ █▄█ ▀ █▄▀▀▀▄  ▄▄▀▀▀▀█▀█▄ ▄▀█▀█▄ ▀▄▄█▀ ▄█ ██▄█ ▄▄ ▄█▀█
█ ▀▄██▀▄█▀ ▀█▀▄▄██▀ ▄ ▀ ▀ █▀ ▀  ██▀▀▀▀ ▄▄█▄▀ ▀▄▄██▄▀▄█▀ ▀██
█ ▄▀ ▀ ▄ ▀ ▀▄ ▀▄██▀ ▄▄▀▄  █▀██ █ █▄█▄▄▀███▄▀▀█ ▄██  █▄▄██▀█
█ ▀ ▀▀▄▄▄ ▀█ ▄█▀ ▀▄▀█▄ ▄██▄▄ ▀▀▄▀ ▄▀▄▄▀█ ▄███ ▀▄██▄▀██▀  ▀█
███████▄▄▀▀ ▀▀ ▀▄▄▀▄ █▀▀▄▀▄ ▄▄▄  ▀▄█▄  ███  ▀█▄▄█ ▄▄▄ ███ █
█ ▄▄▄▄▄ █▄▄ ▄██  █ ▀█▄██▀ █ █▄█ ██▀▄▄ ▄ ▀ █ ▀ ▀█▀ █▄█ ▀▀▄▀█
█ █   █ █ █▀█▄█ ▄▀▀▄▄██▀▀▄  ▄  ▄▄▀█▄ ▄▄██▀  █▀███  ▄▄ █ ███
█ █▄▄▄█ █   █▄▀█▄ ▀▄▄█ ▄▀██  ▀▀██▄█▀ ▀ ▄▄ ▄▀ ▀  ▄  ▄▀█  ███
█▄▄▄▄▄▄▄█▄█▄█▄████▄▄█▄██▄▄▄█▄██▄▄▄▄▄▄▄█▄▄██▄███▄▄▄▄█▄█▄█▄██

❌ Bot disconnected (428), reconnecting in 5s...
❌ Bot disconnected (428), reconnecting in 5s...
Scan this QR code:
▄▄▄▄▄▄▄▄▄▄▄▄▄▄▄▄▄▄▄▄▄▄▄▄▄▄▄▄▄▄▄▄▄▄▄▄▄▄▄▄▄▄▄▄▄▄▄▄▄▄▄▄▄▄▄▄▄▄▄
█ ▄▄▄▄▄ █▀ █▀    ██  ▀▀▄▀ ▄█▄▄▄▄ ▀██ ▀▄█▀  ▄▄█▄▄ ██ ▄▄▄▄▄ █
█ █   █ █▀  █  █▄▄▀ ██▄▄▀ ▀█▄█ ▄ ██ ▄▀█▀██▄ ▄▄ ▄ ██ █   █ █
█ █▄▄▄█ █▀▀▀█▀█▀▄█▄█▄ ▄█▀ █ ▄▄▄ █▀▀█  ▄▀▀█▄▄█ ▀▀▄██ █▄▄▄█ █
█▄▄▄▄▄▄▄█▄█▄▀▄▀ ▀▄▀ ▀ ▀ █ █ █▄█ ▀▄█ ▀▄█ █ █▄▀ ▀ ▀▄█▄▄▄▄▄▄▄█
█  ▄  ▀▄▄ ▀ ▄▀ ▀ ▄▀▄ █▀▀▄▀▄▄    ▀█▀█▀  █▀█   █▄▄▀  █▄▀▄▀▄▀█
█  ▀██▀▄ ▀▄██ ▄ ▄ ▀ ▀▀▀ █  ▄▄  █▀▀ ██▀▀▄▀▀▄█▀▀ █▄ ██▄█▀▀ ██
█▀▀▄ ▄▀▄█ ██  ▄▄▄█▀ ▄▄▀▄  ▀▀██▀██▀█▄   ▄▀█▄ █▀█▄▀▀▀▄▀▀▀▄███
█▄█▄▄▄▄▄ ▄ ▄▄▀▀█ ▄▄█▀█▄▄▄ ▀█▀▄█▄██▀▀▄███  ▄██▀▄▀  ▀█▀▄▀  ██
█▄▄▄█  ▄   ▄█▄▄███▄ ▄▄██▄▀█▀▀ ▄ ▄▀▀█   ▄▀█▀  █▀█ ▀███▀  █ █
█▀  ▀▄ ▄██▀▀▀▄▀█▄▄ ▄ ▀▄▀   ▄▀  █▀ ▀  ▀▀▀▄▄██▀▄█ ▀ ▄ ▄▀▀▀▄██
█▄▄ ▀ ▄▄ ▀▀█▄ ▀█▄▀▄▄▄█▀█▀▄▀ ▀▀▀  ▀▄█ ▄▀█▀█▀  █▄█▄▀▀█▄▀█  ▀█
██▄██▀█▄█▄███▄▀▀▄ ▄ ▄█  ▀█▀ █▀█▄██▄ ▄ █ ▄▄█▀██▄▀▄▀▀█ ▀▀▀▀██
██ ▄ ▄▄▄████▄█▄█▄█  █▄██  ▀▀▀▀█▀▄ ▄ ▄▄▀▄▀██▀▄█▄█▄▀█▄█▀█ ▄▄█
██ ▀▀ ▄▄▄ ██ ▀▀ █▄▄█ ▀▄█  ▀ ▄▄▄    █▄▀▀ ▀▀ ▀▄█  ▀ ▄▄▄ █  ▀█
█▀▄ █ █▄█ ▀█▄▄▄▄▀▄▄▀ █▄█▀ ▀ █▄█ ▄█▄█  ▀███▀  ▀ ▄█ █▄█  ▀▄ █
█▄▀  ▄ ▄ ▄▄█  █▀▀▄███▄▄▀ ▀▄ ▄▄▄▄█▄█▀██▀▄▄ ▀█▀▀█▄ ▄   ▄▀▀ ▀█
█▀▄▀▀██▄ ▄▄▀█▄ █▀▄▄ ▀█▄▀▄▀▄▀▄▄▀  █▀█▄ ▀▄▄▀ ▀▀▀█▄█▄▀ ▄█  ▀ █
█▀▄█▀█▄▄ ▀ ▄▄ ▄ ██▀  ███ █▄▄█▄▀ ██▄▄▄▄  █ ▀█ ▀██ ▄ █ ▀   ██
█▄█ █▀▄▄  ▄▄█ ▄ ▀█▄▄▀▀▀█▄ █▄▀█  ▄▀██ ▄ ▄▀█▀ ▄██▄▀█ ███▀▄▄ █
██▀█▀█▀▄▄▀▄█▄██▀▀█▀▄▀  ▀▄ █ ▀█ ▄▀▄ █▄▀▄██ █▀▀█▄▄▀▄▄▀ ▀▀▀▄▄█
█▄▄▄▄▀ ▄█ ▄▄▄▄█▀▀▄  ▄▄▀▀▀▀█▀█▄ ▄▀█▀█▄ ▀▄▄█▀ ▄█ ██▄▄▄▄▄▄ █▀█
█ ▀▄█ ▀▄█▀  █  ▀██▀ ▄ ▀ ▀ █▀ ▀  ██▀█▀▀▄ ▄█ █ ▀▄▄▀▀▄▀▄█▄ ▀██
█ ▄▄█ ▄▄▄█▄▄▄ ▄███▀ ▄▄▀▄  ▄ ██ █ ███▄▄ ▄██ ▀▀██▄██▄▀▀▄ ▀█▀█
█ ▀ ▀▀▄▄  ▀█ ▄█▀ ▀▀▄█▄ ▀███▄ ▀▀▄▀ █▀ ▄▀█ ▄▀ ▀ ▀▄▀▄▄█▀▀   ▀█
███████▄▄▀▀ ▀▀ ▀█▄▀▄▀▄▀▀▀ ▄ ▄▄▄  ▀▄██ ▄▄██ ▀▄▀ ▄█ ▄▄▄ ▄▄█▄█
█ ▄▄▄▄▄ █▄▄ ▄██ ▀▄ ▀█▄███▀█ █▄█ █▀▀▄█▀▄ ▀█▄▀▀▀▀▄▄ █▄█ ▀▀ ██
█ █   █ █ █▀█▄█ ▄▀▀▄▄██▀▀▄  ▄▄ ▄ ▀█▄  ▄█▀▀  ▄▀███  ▄▄ █ █▄█
█ █▄▄▄█ █ ▄█▄▀ ▄▄ ▀▄▄█ ▄▀██ █▀▀█▄██▀▀▀ ▄█ ▄▀▀▀  ▄  ▄▄█  ███
█▄▄▄▄▄▄▄█▄████▄▄██▄▄█▄██▄▄▄█▄██▄▄▄▄▄▄▄█▄▄██▄███▄▄▄▄███▄█▄██

Scan this QR code:
▄▄▄▄▄▄▄▄▄▄▄▄▄▄▄▄▄▄▄▄▄▄▄▄▄▄▄▄▄▄▄▄▄▄▄▄▄▄▄▄▄▄▄▄▄▄▄▄▄▄▄▄▄▄▄▄▄▄▄
█ ▄▄▄▄▄ █▄▀▄ ▄▄▄▀▀▀▄▄█▀▄▄▄ ▀▀▀▄ ▄▄██  ▄█▀ ▀  █ ▄ ██ ▄▄▄▄▄ █
█ █   █ █ █▀▀█ ████ █▄██ ▀ █ █▄▀ ▄▄▀ ▀▄▀█▄▀█▀█▀▄ ██ █   █ █
█ █▄▄▄█ █▄▀▀▀ ▄█▀▀▄  ▀▄  █▀ ▄▄▄  ▄▀█▄▀  ▄▄ ▀▀▀▄▀▄██ █▄▄▄█ █
█▄▄▄▄▄▄▄█▄▀ ▀ █ █▄█▄▀▄▀ ▀▄█ █▄█ ▀ ▀ █ █ ▀ █▄▀▄▀▄█ █▄▄▄▄▄▄▄█
█ ▄  ▀▀▄▀▄█▄▄▄▀█████▀█ ▄  ▀▄▄▄   █ ▄▀▀▀█ ▄▄ ▄███▀  ██ ▄ ▀ █
█ █ ▄▄█▄▀▀▀ ▄▀ ▀▀  ██ ▄▄ ▄▄▄ ▀  █ █▀▄▀█ █ █ █▀▀  ▄▀█ █ ▄  █
██▄██▀▀▄█ ▀▀▄▀▄ ▀▄█▄▀▀█▄▄▄█ █▀█▀██▀██ ▀ █▀▀█▀█ ▄██ ▀ █▀▄▀██
██▄    ▄█▄▄▀  ▄████▄ ▄▀ ▄█ █▀▄▀▀▄▀▄ ▄▀█▀▀  ▄█▀▄▀ ██▀█▀ ▀▄██
█ █ ▄▀ ▄▀ ▄ ▀█  █ ███▄▄█ ▄█▄▄▄▄▄▀▄▄▀▀███ █▀▄▄ ▀▀ ▄█▄▄▀ ▄█ █
█  ▄▀▄▀▄ ██▀▀▀▀▀▀██▀▄ ▄███▄ █ ▄█▀▄█▄▀ ▀▀▄▀ ▄▀▀ ▀▄▄▀▀▄ ██▄██
██▄▄▄▄█▄▀▀ ██▀ ██ ▄▀██ ▄▀█▀ ▄ █ ▀█▀█▄█▀██ ▀ ██▀▄▄  ▄ ▄██ ▀█
█▄█▀▀ ▀▄█ ██▄▄▀█▀▄   ▄    █▀▀▄▀▄▀▄ ▄ █▄█ █ █▀█▄▄▀▄▀▄█  ▄█▄█
█ ▀▀█▄▀▄▀▄▀  ▄▄█ ▄ ▄█ ███▄███▀▄█▄▄  ▄ ▀▀▀▀▄█ ▀▀▄▄██ ▀█▀█▄▄█
█ █▄▀ ▄▄▄ █▄▀▀    ▄▄▀▀█▄█▀█ ▄▄▄ ▀ ▀ ▄▄▄  ▀▄ ▀ ▀█▀ ▄▄▄ ▀▀▀██
█ ▄▀▀ █▄█  █ ▀ ▄  █▄█▄▀▀ ▄█ █▄█   █▀▀▀█▄▄▀ ▄▀▄▀▀█ █▄█ ▄▀▄▄█
█  ▄▀▄ ▄▄ ▀▀▄██ ▄  ▄███▄   ▄▄ ▄▄▀ ▀ █▄█▀█▀▀██ ▄ █  ▄  ▄█▄▀█
█ ▀▄   ▄▄█▀ ▄█ █ █ ▀▀█    █▄▄█▀▀▀█ ▄ █ ▄ ▄▀ ▀██▄██ █▄█ █▀▀█
██  ▄▄▄▄▀██▄ ▀ ▄█▄ █ ▄▄▄ ▄███  ██ █  ▄▀ ▀▄▄   ▀▀ ▄▄▄▄▀ ▄ ▄█
█  ▄█▀ ▄ █▄█ █ ▀███ ▀███ ▄████▄▄ █ █ ▄█▀▀▀██ ██▄██ ██▄ ▀█▄█
█▄█▄▀▀ ▄ ▀▄█▄▀▀▄ ▄ ▀   █▄▀█  ▄ ▀ ▄▀█▄▀▄▄  ▀ ▄█▄▀ ▄▀█ ▄█ █▄█
█▀█▄▄▀ ▄▄█████▀█▀  ▀ █ ▀█▄▀ ▀  ▄█▄▄▀▀█▄█▄▀▀▄▄▄  ▄▀▄▀▀ █ █▄█
█▀█ ▄█ ▄█▀▄▄█▄   ██▄ ██ █████▀▄ ▀▀██▀▄▄▄█▄  █▄▄█▀▀▄▀█▄██▄██
█  █ ▀ ▄ ██▀▄▀▀▄▄█▀▀▀▄ █▀▀▄▄▄▄ ▀▀██▄▄█ █  ▀▀▀▀██▀▀▄▄██ ▀▄ █
█ ▀ ▀▀▄▄ █  ▄▀█ ▄▀▄  ▀▀█▄▄▄▀▄██▀   █▄▄█▀▀▀▄ █▀▄▀▀▀▄ ▄▀▄█ ▄█
███████▄█ ▀ █▀ █▀▄   ▀▀▀▄▄▀ ▄▄▄  █ █▄   █▀▄█▀█▀██ ▄▄▄ ▄█▀██
█ ▄▄▄▄▄ ███▄▀▀█▄▄▀██▄█ ▀█ █ █▄█ █▀ █▀▄    ██ ▀█▄▀ █▄█  ▀ ▀█
█ █   █ █▀▄ ▀▀█ ▀█▀█ ▄██ ▀█  ▄  █▄ ▀▀█▄█ █▄▄   ▀█ ▄▄ ▄▄▄▀▄█
█ █▄▄▄█ █ ▀▄ ▀█   ▀ ▄▀███▀█▀▄██▀▄▀  ▄▀▀▀█▄ █▄█ ▄▀▄▀  ▀▄▄█▀█
█▄▄▄▄▄▄▄█▄▄███▄███▄█▄█▄▄█▄██▄▄███▄██▄█▄▄▄▄▄████▄█▄███▄█▄███

❌ Bot disconnected (428), reconnecting in 5s...
❌ Bot disconnected (428), reconnecting in 5s...
Scan this QR code:
▄▄▄▄▄▄▄▄▄▄▄▄▄▄▄▄▄▄▄▄▄▄▄▄▄▄▄▄▄▄▄▄▄▄▄▄▄▄▄▄▄▄▄▄▄▄▄▄▄▄▄▄▄▄▄▄▄▄▄
█ ▄▄▄▄▄ █  ▄▄ ▀█ █▄▀   ▄█▄█  ▀ ▄▀█▄█▄█ ▄▄▀▄  █▀▄ ██ ▄▄▄▄▄ █
█ █   █ █ ▄█ ▀▀█▄  ▄▄▄▄▀██▀█▀▀▀█ ███▄██▀▀▀▄▀ ▄ ▄ ██ █   █ █
█ █▄▄▄█ █▀█▀█ █▀▀███▀█▄▄▀   ▄▄▄  ▀▀▀ ▀▀▄ ▄▀▄▄█▄▀▄██ █▄▄▄█ █
█▄▄▄▄▄▄▄█▄█▄█▄█▄▀ █▄▀ █▄▀▄█ █▄█ ▀▄█▄█ █▄█▄█▄▀ █ █ █▄▄▄▄▄▄▄█
█  ██▄▄▄▀▀ ▄ ██ ▀▄█▄█ ▄█ ▀█  ▄  ▄ ▄█▀ █ ▄█▄▀  ▀▄ ▀█▀ █▄ ▄▄█
█ ▀▀▀█ ▄▄▀ █ ▄▄ ▄▀▄█▀▀▀█▄▄▀▄▀ ▄ ▀▀▄▄ ▀██ ▀█▄▀  ▀▀▄█▄▄▄▄▄▄▀█
█▀▀▀▀▀█▄█ ▀▄ █▀▀ ▄▀ ▄ ▄▄     █▀█ ▄ █▀▄█ ▄▀▀ ▄▄█▄▀▀█  ▀█ ▄▄█
█▄▀█▀▄█▄▄▄███▄██▄▀▄█▀▄  ▀▀▀█ ▀▄██▀▄ ▀█   ▄▄▀ ▀ ██ ▄▀█▄▄████
█ ▄▄▄█▀▄ ▄▄▄  ▀▄▀▄  ▄ ▄▀  ▄ ▄     ▄█ ▄█▀ █  █ ▀▄▀▀▄ ▄█▀▀▄ █
█▀▄ ▀▀ ▄ ▀▀▄  ▀█ ▄▄ ▀   ▄█▄▄▀████▄▀▀█▀ █▀ ▀███▄▄██▀█ █▄▄ ▀█
█  ▀ █▀▄█▄▄▄▄▄▄ ▀▀▄ ▀ ▄█▀▄██ ▀█▀▀▄█▄▀▄█ ▄█▀▀█▄██▄▀▄ ▄██▄▄██
█▄▀ ▄▄▄▄▀█▄▄▄ ▀▀▄█▄ ▄██▀▄ ▀ ▄██▄▄███▄█ ▄▄▄▄███▀██▄ █ ▀▄▄▀██
█▄▄ ▄▀▀▄▀ ▀▀ ▄▄ ▀▄▄  ▀▄█▀ ▄▄▄▀ ▀▀█▀  ▄▄  ▀ ▀█  ▄▀▀█▀▄▀█▀▀██
█▄▄▄  ▄▄▄   ▄▄▀ ▀▄▀  ▀▄  █▀ ▄▄▄   ▄ ▀ ▀▄▀█▀▄   ██ ▄▄▄ ▄█ ██
███▀█ █▄█ ▄▄▀▄▄▄ ▄▄▀▄ ▀█▀▀▄ █▄█ ▀▄██ ▄█ ▄█    ▄▄  █▄█  ██ █
██ █ ▄▄▄▄ █▄█▄█▄ ██▀█▀▄▀▀▀   ▄▄▄▀▄██▄▀▄ █▄ ▀▀ ▀▀  ▄ ▄ ██▄██
█ ▄▄█▀ ▄███▀▄▄▄ ▀▄▄ ▄▀▄▀▀▀▀▀▀█▀ █ ▄█▄ ▄▀▄█▀▀▄  ██▀▄ ▀█▀▄▀▄█
█▄▀█▄█ ▄ ▄ █▄▀▄███▄█ ▄▀█▀█▀▄█▄▄███ ▀▄▀▄▀▄█  █▄▄▀█▄ ██ ▄▄ ██
█▀▄█▄▀▄▄█▄██ ██ ▄█▀▄▄▄▄█▄  ▄▄██ █▄▀█ ▄   ▀▀▀█ ▄▄▀▀█▄▄▄▄█▀▄█
█ ▄▄ ██▄▀▀ █▀  ▄▀ ██▀ ▀▀▀█▄ ▀ ▀▀ █ ▀ ██▄▀█▄▄▄▄███  █▀  ▄▄▄█
█▄▄ ▄▄▀▄█▀███▄▄█▀▄▀▄▀▀ █▄▀ ▄▀▄▀▀▄ ▄█  █▀▄█ ▀█  ▄█▄▀ ▀▄ ▀▄ █
█ █▄ ▄ ▄███  ▄█▄▄ ▄█ ▀▀█▄▄█▀▀▄█▀▀█▀▄ █▄ ▀▀███ ▄ ▄█▄█▀▀▄█▄▀█
█▀▄▀▄██▄▀▄  ▄ ▀▄ ▄▀ █▀▄▄▀ ▀█ █  █ ▀█▄▄▄▀▄▀ ▀█▄▀██▄ ▀ ▄█▀ ██
█ ▀ ▀▀▄▄▄ █▀ ▀▀▀▀ █▄▄ ▀  ▄▀▄▀▄▀▀▄▀▄▄▄▄█▄▄   ▀▄▄   ▄█▄██▄▄██
███████▄▄▀  ▀██▄▀▄ ▄▄▀▄█  ▄ ▄▄▄ █▄▀█  █  ▀ ▀▀ ▄▄▀ ▄▄▄ ▀▀▄ █
█ ▄▄▄▄▄ █▀▄ ▄█▄▄█▀ ▀█ ▀██▄▄ █▄█  ▀▀▀  ▀  ▀ ▀█ █▀█ █▄█ ██ ██
█ █   █ █▄▄▄█ ▄▄▀▀  ▀ █▀▀▄▄▄▄  ▄█  █ ▄█▀▄██▀█▄ ██▄▄ ▄ █▀▀ █
█ █▄▄▄█ █▀█ █▄▀ ▄█ ▀▄█▀ ▄ ██▀▄▄ ▄█▄██▀▀█▀ ▀▄█ ▄▀ █▀▄█ █████
█▄▄▄▄▄▄▄█▄▄▄▄▄███▄▄▄▄▄▄████▄▄██▄███▄▄▄▄█▄█▄▄█▄█████▄█████▄█

Scan this QR code:
▄▄▄▄▄▄▄▄▄▄▄▄▄▄▄▄▄▄▄▄▄▄▄▄▄▄▄▄▄▄▄▄▄▄▄▄▄▄▄▄▄▄▄▄▄▄▄▄▄▄▄▄▄▄▄
█ ▄▄▄▄▄ █▀ ▄▀▄▄▀▄█ ▀▄▀▀▄▀▄█▄█▄  █▄▀▀█▀ ▀ ▀▀ ▀██ ▄▄▄▄▄ █
█ █   █ █▀▀▄  ▀█▄▀ ▀▀██▄▀█ ██▄   ███▀▀▀▄██▀▀▄▀█ █   █ █
█ █▄▄▄█ █▀▄  ▄ ▀▄█▀ ▄▀█▄▄ ▄▄▄ ▀▄▄▄██▀ ▄█▀▄▄ ███ █▄▄▄█ █
█▄▄▄▄▄▄▄█▄▀ █ █ █ █▄█ ▀▄█ █▄█ ▀ █▄▀▄█▄█▄█ ▀ █ █▄▄▄▄▄▄▄█
█▄  ▄ ▀▄   ██▀▄▄▄▀  ▀▄██▀▄ ▄▄ ▀ ▄▀██▄▄ ▄▄██▀▄▄ █▄█ █▄▀█
███  █ ▄ ▀█▀█▀▀▀▄ ▀ █ ▄██▀▀███▀▀▀█ █▀▀▄▀▀█▄██▄▀▄██▀█▄██
███   ▄▄▀▄█ █▄▀▀▄▄   ▄▀█▀ ▄▄ █ ▀ ▀ █▄▄▀███▀  ███ ▄█▄ ██
█ ▄  ▄▄▄ ▄███ ▀█▀██▀▀█▀██▀ ▄▀██▄█▀▀ ██▄▄█▀▀▀▄▀ ▄▄ ▄█▀▀█
██▄█▄█▀▄█▄▄ ▀▄▀█▀█▄ ▀▄▀█ ▄██▄█  ▄█▄█▄ ▀█▀▀█▀▄▄▄█ ▄▄▄ ▄█
██▀▀ █ ▄ ▄▄ ▄ █▀▀██▄▄▀  ▀▀ █▀▀ ▄▀▄▄▄  ██ ▀▄▀ ▄ ▀█ ▄▄███
█▀█ ▄▀▄▄▀▀ ▄█▀▄█▄▄▄ ▀▄▀█▀▄▀██ █▀▄█▄▄▄ █▄▀█▀▀ ▄▀█▄ ▄▄ ▄█
██▄  ▀█▄▀▀█▀▄▀▄ █▄▄█▄▄▄█▄▀██ █▀▀ █   ▄▄ ▄ █▀▄█▀  ▀ ▄███
█ ▄   ▄▄▄ ▄▄▄▄▄▄▄▀▄  ▄█▀▄ ▄▄▄ ▀▀ ▀█▄█ █▄▄▀  ▀ ▄▄▄ ▄▄█▀█
█▀ ▀▀ █▄█    ▀ ▄▄ ▀▄▀██▄  █▄█ ██ ▀▀ ▄▄ ▄▀▄ ▄▄ █▄█ ▀▄ ██
█▄▄▀▄▄▄▄▄ █▄██▄██▄▄ ▀█▀▀█▄  ▄▄ ▀▀█▄▄ ▄ ▄█▀▀ ▄ ▄   ▀█ ██
███▀▄█ ▄▀ ▀ ▀ ▀█ █▀▀▀▀▄▄▀   ▄█ ▀▀ ▀▀██▄ ▀▄█▀▀▀███▀▀█▀▀█
███ ▀▄▀▄█ ▄█▄█▀█▀█▀▄ ██▀ ▀▄█ ▄▀ ▀▀██▄ ▀███▀▀█▀▄▀█▀▄▀▀██
█▀▀  █▀▄▀  ▄ ▀▀ ▀█  ▀█▀▄▀█ █▄▄█ ▀█▀▄█▀█  ▄▀█ ▄▀█ ▄ ▄▀▀█
█▄▄▄▄▀ ▄▀▄▀   ▄▀▀▄▄ ▀█▀█▀█▄▀██  ▄█▄▄▄▄█▄██ ▀█▄█▀   █ ██
███ ▀██▄█ ██▀▄▄ ▄█ ▀█  ▀█▄▀ ▄▄▀▄ ▄ ▄  ▀▄█▄▄  ▀▀▀▀▀▀████
█ ▄▀█▀▄▄▄▄█▀▀▄▄▄▄▀█ ▄▄▄▀▀▄▄█▀█ ▀▄█ ▄▄▄█▄▀▀█▀██ ▀▄▀ █▄ █
█▄ ▀▄▄▄▄▄█ ▄  ▀ ▄   ▄██▀▀▄▄█▄▄█▀▄▀▀ █▄   █▄█▄ ▄▀▄▀ ▄▄██
████▄██▄█ ▀ █▀▀▄██ ▄ ▄██▄ ▄▄▄ ▄ ▀█▄█▄▄▄▄██▄ █ ▄▄▄ ▄▀  █
█ ▄▄▄▄▄ █▄▀ ▄ █▀ ▄▄█▀▄ █  █▄█ ██ ▄ ▄▄▄ ▄  ▄▀  █▄█ ███▀█
█ █   █ █ █▀▄ ▀▄▀█▄▀▄▄█▀▀▄ ▄▄▄ ▀ ▀█▄  ██▀█  █  ▄ ▄ ▄▄▄█
█ █▄▄▄█ █ ▀▀▀▀█ ▀██▄██ ▄▄ █▀▀▄▀█ ▀  ▀█▄ ▄▄  ▄███  ▀█▀▄█
█▄▄▄▄▄▄▄█▄▄█▄█▄▄█▄█▄▄███▄▄▄▄██▄████▄▄▄██████▄█▄▄▄▄█▄███

❌ Bot disconnected (408), reconnecting in 5s...
❌ Bot disconnected (408), reconnecting in 5s...
Scan this QR code:
▄▄▄▄▄▄▄▄▄▄▄▄▄▄▄▄▄▄▄▄▄▄▄▄▄▄▄▄▄▄▄▄▄▄▄▄▄▄▄▄▄▄▄▄▄▄▄▄▄▄▄▄▄▄▄▄▄▄▄
█ ▄▄▄▄▄ █▄▀▄ ▄██▀▀▀█▄▀ ▄▀  ▀▀▀▄ ▄▄███▄▄▀ ▀ ▄   ▄ ██ ▄▄▄▄▄ █
█ █   █ █ █▀▀█ ██▄█ ████ ▀ █ █▄▀ █▄▀ ▀▄▀█▄▀██▄▀▄ ██ █   █ █
█ █▄▄▄█ █▄█▀ ▄▄█▀▀▄  ▀▄  █▀ ▄▄▄  ▄▀█▄▄  ▄▀ ▀ ▀▄▀▄██ █▄▄▄█ █
█▄▄▄▄▄▄▄█▄█ ▀ █ █▄█▄▀▄▀ ▀▄█ █▄█ ▀ ▀ █ █ ▀ █▄▀▄▀▄█ █▄▄▄▄▄▄▄█
█ ▄  ██▄█▄█ █▀▀█████▀█ ▄  █▄▄▄   █ ▄▀▀▀█ ▄▄ ▄███ ▀ █▀ ▄ ▀ █
█ █ ▄██▄█ █▄▄  ▀▀  ██ ▄▄ ▄▄█▄▀  █ █▀▄▀▀ █ ▀▄█▀█ ██▀█▀  ▄  █
██▄▄█▀▀▄▀▀▀▄▄▀▄ ▀▄█▄▀▀█▄▄▄█▀▀██▀███▄█   █▀▀▄▀█ █ █ ▀█▀▀ ▀██
█▀▀ ▀  ▄▄█▄▀  ▄███▀▀ ▄▄▀▄█ █▀███▄▀▀▀ ▀▄ ▀ ▄ ▀███▄██▀█  ▀▄██
█▀▄▀▀▀ ▄▀ ▄ ▀█  ▄ ▀█▄█▄█▀▄█▄▄▄ █▀▄▄▀▀█▄█▄█▀█ ▄▄▀ ▄█▄▄▀▀▄▀▄█
███▀▄▄▀▄ ██▀▀▀▀▀▄ █▀  ▄██▄▄ █ █▄▀ █▄▀▀ ▀▀▀ ▄█▄  ▄▄█▀▄ ██ ██
█▄▀▄▄ ▄▄▀▀ █▀▀ ██ ▄▀██ ▄▀█▀ ▄ █ █▀▀█ ▀▀█▄ ▀ ██▀▄▄ █▄ ▄██▀▀█
█▄█▀▀▀▀▄▀▄▀▀ █▄▀▀▄   ▄    █▀▀▄▀▄ ▄ ▄▀█▄█ █ █ ▄▄▄▀▄██▀▄ ▄█▄█
█ ▀▀██▀▄█▀▀ ▄▄█  ▄ ▄█ ███▄▀██▀▄█▄▄  ▄ ▀▀▀▀▄█ ▀▀▄██▀ ▀█▀█▄▄█
█ █▄▀ ▄▄▄  ▄▀▄▀▀  ▄▄▀▀█▄█▀▄ ▄▄▄ ▀ █ ▄▄   ▀▄ ▀ ▀▀  ▄▄▄ ▀▀▀██
█ ▄ ▀ █▄█ ██ ▀ █  █▄█▄▀▀ ▄█ █▄█     ▀▀▄█▄▀ ▄▀▄▄▀█ █▄█ ▄█▄▄█
█▀▄█▄▄ ▄ ▄▀▀▄██ ▄ █▄██▀█    ▄ ▄▄▀   █ ██▀█  ▀▄█ ▀ ▄  ▄▀█▄▀█
██ ▄   ▄▀█▀ ▄█ █▄█▄▀ █▄▄▄ █▄ █▀▀▀█ ▄ █ ▄ ▄▀  █▄█▀▀ █ █ ▄███
██  █▄▄▄ ██▄ ▀ ▄▀█ ███▄▄ ▀███  ██▄█ ▀  ▀█▄▄ ▀   ▀▄▄▄ ▄ ▄ ▄█
█ ▄▄█▀ ▄ █▄█▄▀ ▀███ ▀███ ▄██████▄█ █  █▀▀███ ▀█▄██ ██▄ ▀███
█▄█▄▀▀ ▄ ▀  █▄▀▀ ▄ ▀   █▄▀█  ▄▀█ █▀█▄▀▄▄ ▀▀ ██▄▀ ▄▀█ ▄█ █▄█
█▀█▄▄▄▀▄▄███ ▄▀▀▀  ▀ █ ▀█▄▀ ▀  ▄█▄▄▀▀█▄█▄▀▀▄▄▄  ▄▀▄▀▀ █ █▄█
█▀█ ▄▄▄▄█▀▄▄ █▀▄ ██▄ ██ ██▀██▀▄ ▀▀▀█▀▄ ▄█▄▄▄█▄▄▀▀ ▄▀█▄█▄▄██
█  ▄▄█▄▄  ▀ ▄▀▀ ▄█▀▀▀▄ █▀▀██▄▄ ▀▀█▀█▄█▀▄  ▀ ▀▀█▄▀█▀ ▄█▄ ▄ █
█ ▀ ▀▀▄▄▄▀  ▄▀█ ▄▀▄▄ ▀▄█▄▄▄ ▄██▀   ▄▄ ▀▀▀▀▀▀████   ▄▀▀ █ ▄█
███████▄█▀▀ █▀ █ █▄ ▄  ▀██▀ ▄▄▄  █ █▀▄▀▀▀█▀▄▄█ █▀ ▄▄▄ ▄█▀██
█ ▄▄▄▄▄ ███▄▀▀█▄ ▄██▀█ ▀█ █ █▄█ ▀▀ █ █  ▀ ▄▄ ████ █▄█  ▀ ██
█ █   █ █▀▄ ▄██ ▀█▀█ ▄██ ▀█  ▄  █  ▀▀▀▄█ ▀▄▄▄  ▀█ ▄▄▄▄▄▄▀██
█ █▄▄▄█ █ ▀██▀▀▄  ▀ ▄▀███▀█▀███▀█▀  ▄ ▀▀██ ███ ▄▀▄▀  █▄▄█▀█
█▄▄▄▄▄▄▄█▄▄█▄█▄███▄█▄█▄▄█▄███▄███▄██▄█▄▄▄▄▄████▄█▄██▄▄█▄███

Scan this QR code:
▄▄▄▄▄▄▄▄▄▄▄▄▄▄▄▄▄▄▄▄▄▄▄▄▄▄▄▄▄▄▄▄▄▄▄▄▄▄▄▄▄▄▄▄▄▄▄▄▄▄▄▄▄▄▄▄▄▄▄
█ ▄▄▄▄▄ █▀ █▀  ▀█▀▄▀▀█ █▄▄▄█▄▄▄▄ ▀██  ▄▀▀▀▄▄▀▄▄▄ ██ ▄▄▄▄▄ █
█ █   █ █▀  █▄ █▄▄▀ ██▄▄▀ ▀█▄█ ▄▀▄█ ▀▀█▀██▄  █ ▄ ██ █   █ █
█ █▄▄▄█ █▀█▀█▄█▀▄█▄█▄ ▄█▀ █ ▄▄▄  ▄▀█▀█▄▀▄▀▄▄█▀▀▀▄██ █▄▄▄█ █
█▄▄▄▄▄▄▄█▄▀▄█▄▀ ▀▄▀ ▀ ▀ █ █ █▄█ ▀▄█ ▀▄█ █ █▄▀ ▀ ▀▄█▄▄▄▄▄▄▄█
█  ▄  █▄▄▄▄▀██ ▀ ▄▀▄ █▀▀▄▀▄     ▀█▀█▀  █▀█   █▄▄ ▀ █ █▄▀▄▀█
█  ▀█▄▀▄  █▄▀▀▄ ▄ ▀ ▀▀▀ █ ▀█ ▄ █▀▀▄▀█▀█ ▀▀▄▀▀▀▄█ ▀▄▄▀▄▀▀ ██
█▀▀ █▄▀▄▄▄ ▀  ▄▄▄█▀ ▄▄▀▄  ▀ ▀█▀██▀██   █▀█ ▀█▀ ▄▄▀▀▄█▀▀ ███
█▄ ▀▀▄▄▄ ▄ ▄▄▀▀█ ▄█▄▀██ ▄ ▀█▀█▀▄██  ▄▀ ▄▄ ▀▄▀██▄▄ ▀█▀▄▀  ██
█▀ ▄   ▄   ▄█▄▄█▄▄▄  ███ ▀█▀▀   ▄▀▀█▄▄▀█▄█▄▀▄█▀█ ▀███▀▀ █ █
█▀▀ ▄  ▄██▀▀▀▄▀█▄█ ▄▄ ▄▀▄▀ ▄▀ ▀█▀ ▀ █▀    ▄██ █ ▀ ▄ ▄▀▀▀▄██
███ ▀▀▀▄ ▀▀█  ▀█▄▀▄▄▄█▀█▀▄▀ ▀▀▀ ▀▀▄█▄ ▀██▀▀ ▄▀▄█▄▀ █▄▀█ ▀▀█
██▄██ ▀▄▀ ▄▄▄ █ ▄ ▄ ▄█  ▀█▀ █▀█▄▄▄▄ █▀█ ▄██▀██▄▀▄▀██ █▀▀▀██
██ ▄ █ ▄▀  ▄▀▄  ▄█  █▄██  ██▀▀█▀▄ ▄ ▄▄▀▄▀██▀▄█▄█▄▀ ▄███ ▄▄█
██ ▀▀ ▄▄▄ ██ █▄ █▄▄█ ▀▄█  ▀ ▄▄▄    █▄▀▀▄▀▀▄█▄█▄▄▄ ▄▄▄ █  ▀█
█▀▄▀█ █▄█ ▄█▄▄ ▀▀▄▄▀ █▄█▀ ▀ █▄█ ▄███  ████   ▀▄▄█ █▄█  █▄ █
███▀▀ ▄▄  ▄█  █▀▀▄▀ █▄ ▄ ▀▄▄▄▄▄▄█▄█ ▀▀▄▄▄ ▀ ██▀█ ▄▄ ▄▄▀▀ ▀█
█▀ ▀▄██▄▀▀▄▀█▄ ███  ▀▄▀█▀▀▄▀▄█▀  █▀█▄  █▄██ ▄▀▄██▀▀  ▄ ▀▀ █
█▀█ ▄█▄▄█▀ ▄▄ ▄ ▄▄▀ ▀███ ▀▄▄▀█▀ █▀▄▄▀▀▀▀██ █▀▄▄▄▀▄ █▄█  ▀▀█
███ █▀▄▄  ▄▄ █▄ ▀█▄▄▀▀▀█▄ █▄▀█ ▀▀▀██ ▄ ▄▀▀▀  ██▄▀█ ███▀▄▄ █
██▀█▀█▀▄▄▀█▄ ▀█ ▀█▀▄▀  ▀▄ █ ▀█▄▄ █ █▄▀▄█▄▀█▀▀█▄▄▀▄▄▀ ▀▀▀▄▄█
█▄▄▄▄▄█▄█ ▀██▀▄▄▀▄  ▄▄▀▀▀▀█▀█▄ ▄▀█▀█▄ ▀▄▄█▀ ▄█ ██▄  ▄▄▄ █▀█
█ ▀▄█ ▀▄█▀▄▄ ██▀██▀ ▄ ▀ ▀ ▀▀ ▀  ████▀▀▄ ▄█▄▀ ▀▄▄▀▀ ▀▄█▄ ▀██
█ ▄▀▄▀ ▄▄█  ▄ ▄ ██▀ ▄▄▀▄  █ ██ █ █▀▄▄▄▄███  ▀██▄▀▄▀▄█▄▄██▀█
█ ▀ ▀▀▄▄▄█▀█ ▄█▀ ▀█ █▄▄███▄  ▀▀▄▀ █  ▄▄▄▄   ▀ █▄▀█▄█▀▀▄  ▀█
███████▄█▀▀ ▀▀ ▀▄▄▄ ▄▄██▀▀▄ ▄▄▄  ▀▄█▄▄ ▄ █  ▄█▄██ ▄▄▄ ▄██▄█
█ ▄▄▄▄▄ █▄▄ ▄██ █  ▀█▄██▄▀█ █▄█ ▀▀▀▄█▄▄ █▀▄  ▄ ▄▄ █▄█ ▀▀▄▀█
█ █   █ █ █▀█▀█ ▄▀▀▄▄██▀▀▄  ▄  ▄ ██▄▄ ▄█▀█   ▀██▄  ▄▄▄█ ███
█ █▄▄▄█ █  ▄██▀▀▄ ▀▄▄█ ▄▀██ ██▀█▄██▀▀  ▄▄ ▄▀▀▀  ▄  ▄██  ███
█▄▄▄▄▄▄▄█▄██▄▄████▄▄█▄██▄▄▄██▄█▄▄▄▄▄▄▄█▄▄██▄███▄▄▄▄█▄█▄█▄██

❌ Bot disconnected (428), reconnecting in 5s...
❌ Bot disconnected (428), reconnecting in 5s...
Scan this QR code:
▄▄▄▄▄▄▄▄▄▄▄▄▄▄▄▄▄▄▄▄▄▄▄▄▄▄▄▄▄▄▄▄▄▄▄▄▄▄▄▄▄▄▄▄▄▄▄▄▄▄▄▄▄▄▄▄▄▄▄
█ ▄▄▄▄▄ █▀█▄▄ ▄▀█▀█  ▀▄█▄  ██▀ ▄▄ ▄▀█▀▄█ ▀  █ ▄▄ ██ ▄▄▄▄▄ █
█ █   █ █▀▄ ▀ ▀████▀▄▄▄▄▀ ▀█▀▄▄ ▀██   █▀█▄▀▄ ▄ ▄ ██ █   █ █
█ █▄▄▄█ █▀▄█▀▀ ▄▄███▄ ▀▄▀ █ ▄▄▄ ██▄▀ █▄▀▄█▀▄█▀▀▀▄██ █▄▄▄█ █
█▄▄▄▄▄▄▄█▄▀ ▀▄█▄▀▄▀ ▀ █ █ █ █▄█ ▀▄█ ▀▄█▄█ ▀ ▀ █▄▀▄█▄▄▄▄▄▄▄█
█ ▄  ▄█▄ ▄ ▀▄▄ █▄▄█▄ █▀█ ▀▄▄▄▄  ▀█▀█▀  █▀█▄▀██▄▄▀▀ █ ▀▄▀ ▀█
██▀▀▀▀▄▄▄███ ▄▄ ▄▄▀ ▀▀▀ ▀▀▄▄▀█▀█▀▀ ██▄▀█ ▄ ▀▀ ▄▄▄▄▄█▀▄▀▀▄▀█
█▀▄ █▀█▄▄▀██ █▄▄█▄▀ ▀█▀▄  █▄██▀██▀██▀▄▀▄▀▀  ▀▀▄█   ████ ▀▀█
█ ▄▀ ▀ ▄█▄█  ▀██▄▄▄▀▀▄▀▀▄▄▀█ ▄█▄█▀  ▄ ▀█ ▀█  ▀▀█ █▄▀█▀  ███
█▄ ▄▀█▀▄█▀▀▄  ▄▀▀▄▄ ▀▄█▀▄▀▀█▀ ▀▀██ █ ▄▀▄██▀▀ ▀██▀▀▀█▀█▀▀▀▀█
█ █▀ ▄█▄ ▀▀▀██▀█▄█▀█▄▄ █▀▀▄▄▀ ▀ ▀ ▀▄██ ▄ ▀▄▀ ▀█▀  ▀█  ▀▀███
█▄▄▄█▀▄▄ ▀▀▄ ▀▀█▄▀▄ ▄█▀█▀▄  █▀█▀▄█ ▄█  █▀█▀▀▄▀ █▄▀ █▀██▄▀ █
█▀▀ ▄▄▄▄▀▀▀▀▀▄█▄▄ ▀█▄██▄▀█▀ ▄  ▀▄▄█ ▀▀ ▄█▀▀ ▄█▀  ▀▄  ▄▀▀▀██
█▄▀█▀ █▄▀  ▄▀▀▄▄▄▄▄ █▄▀█▀ █▀▀▀ ▀▄ ▄  ▄▀██▀ ▀ ██▄  ▀▄▀██▀▄ █
█▀▄▄  ▄▄▄ ▄▀▀▄ █▀▀▄█ ▀▄██   ▄▄▄   ▄▀▄█▀▄▀ ▄▀   ▄▄ ▄▄▄ ▀  ██
██ ▀▀ █▄█  █▀▄▄██▄▄▀▀█▄█▀▀▀ █▄█ ▄▀▀▄ ▄▀▄▀█▀▀███▄▀ █▄█ █▀ ██
███ █ ▄▄  █▀ ▀█▄  ▀▀█▀▄█▄▄▀     ▀▄█ █▄██▀█▄ ▀ ▄█▀▄▄ ▄▄▀▀▄██
█▀ █▄▀ ▄▀  ▀▄▄▀█▄▄  ▀█▀█▀ ▄▄██▀  █▀█▄▄▀▄██▀  █▀▄██▀█▀▄▀█▄██
█ ▀ ▀ █▄▄   ▀▄▄███▀ ▀█▀ ██▀▄▄▄▀ █▀ ▄█▀█ ▄▀▄▄▀▄█▄▀▀ ██▄▀▀ ▀█
██▄ ▀▀▄▄ ▀ █▀█ █▀█▀▄▀▀▀█▄ █▀▀██▀ █▄█  ██ ▀▀▀▄█▀▄▀▀ ▀▀▄▄██▀█
██▄▄   ▄▀▀█▄▀ █ ▀█  ▀ ▀▄▄ ▄ ▀█▀▄ ▄ ▄▄▀█▄ ▀▀▀█▄█  █ █▀██▀▄▄█
█▄▀█▀▀▄▄ ▄▀ ▄▀▀ ▄▄▀▄▄▄██▄▀█▀▄▄▀▀▀█▀█   ▄▀█ ▀ ██▄█▄▄▀▄▄▄█▀██
███▄ █ ▄███▄▄▀██▄█▀  ▀▀ ▀▀█▀▀▀ ▄▀█▀██ ▄▄▀▄  █  ▀▀▄ ▀▀▄▄▀▄▀█
█▀▀▄▄▄▀▄ ▀▄█▄ ▀██▄▀  ▄▀▄▀ ████   ███▄▄▀▄▀▀▀▀ ▀██▀▄▄███▄██ █
█ ▀ ▀▀▄▄▄▄█▄█▄▀▀▀██ ▄ ▄██▀▀▄▀▀▄▄▄▀█▀▀██▀ ██ █ ▄▄█▄▀▀█▀ ▀▄██
███████▄▄▀█ ▀█ ▀▄▄▄▄ ▄▄▀  ▀ ▄▄▄  ▀▄█▄  ███▀ ▄█ ██ ▄▄▄ ▀▀▀▀█
█ ▄▄▄▄▄ █▄▄█▀ ▄▄▄ █▄█▀▀ ▀█▄ █▄█ ▄▀▀▄█   ▄ ██▀▀█▄█ █▄█   ▄██
█ █   █ █ ▀▄  ▀▀▄▀  ▄█ ▀▀▄▀ ▄  ▄▄▀██ ▄ ▄█▀█▀ ▀██▄▄ ▄  █▀█▄█
█ █▄▄▄█ █ █▀ ▄ ▄▄ █▄▄█▀█▀███ █▀███▄ ▀▄▀█ ▄▄▀█▀▄▄█ ▀▄▀█  ███
█▄▄▄▄▄▄▄█▄█▄█▄▄█▄▄▄▄██████▄█▄██▄▄▄▄▄▄▄█▄██▄▄▄█▄███▄█▄▄██▄██

Scan this QR code:
▄▄▄▄▄▄▄▄▄▄▄▄▄▄▄▄▄▄▄▄▄▄▄▄▄▄▄▄▄▄▄▄▄▄▄▄▄▄▄▄▄▄▄▄▄▄▄▄▄▄▄▄▄▄▄▄▄▄▄
█ ▄▄▄▄▄ █▀ █▀ ▀▀▀██  ▀ █ ▄▄█▄▄▄▄ ▀██▀▀▄▀▀ █▄▄▀▄▄ ██ ▄▄▄▄▄ █
█ █   █ █▀  ▀  ███▀ ▄█▄▄ ▀▀█▄█ ▄▄▄█  ▀█▀█▄▄ ▀█ ▄ ██ █   █ █
█ █▄▄▄█ █▀███▄█▀▄█▄█▄ ▄█▀ █ ▄▄▄ ▀▀▀█  ▄▀▄█▄▄ █▀▀▄██ █▄▄▄█ █
█▄▄▄▄▄▄▄█▄█ ▀▄▀ ▀▄▀ ▀ ▀ █ █ █▄█ ▀▄█ ▀▄█ █ █▄▀ ▀ ▀▄█▄▄▄▄▄▄▄█
█  ▄ ▄▀▄▄ █▀▄█ ▀ ▄▀▄ █▀▀▄▀▄▄    ▀█▀█▀  █▀█   █▄▄▀  █▄█▄▀▄▀█
█  ▀█▄ ▄  ▄ █▀▄ ▄ ▀ ▀▀▀ █ ██▄▄ █▀▀▄██▀█ ▀▀▄█▀▀ ▀█████ ▀▀ ██
█▀▀▀▀▄▀▄█▀    ▄▄▄█▀ ▄▄▀▄  ▀ ▀▀▀██▀█▄   █▀█  █▀▄▄  ▀▄▄▀█▄███
█▄ ▀▄▄▄▄ █ ▄▄▀▀█ ▄▀▀▀█▄█▄ ▀█ ▄█▄██ ▄▄█▀▀  ▀▄▀▀  █▀▀█▀█▀  ██
█ █ █  ▄   ▄█▄▄█▄█▀▄▀████▀█▀▀   ▄▀▀█▄ █▄▄▀ ▀ █▀▄ ▀███▀▀ ▀▄█
█ ▀▀   ▄██▀▀▀▄▀██  ▄▄▄▄▀▄  ▄▀ ▀▄█ ▀ ▄   █▀▄▄█▄▄ ▀  ▄▄▀▀▀ ██
██  ▀██▄ ▀▀█▄ ▀█▄▀▄▄▄█▀█▀▄▀ ▀▀▀ ▄▀▄█▄▄▀█ ▀▀ ▄▀▄█▄▀ ▄▄▀█  ▀█
██▄██ █▄▀ ██▄██▀▄ ▄ ▄█  ▀█▀ █▀█▄▄█▄ █▀█ ███▀▄▄▄▀▄▀   █▀▀▀██
██ ▄  ▀▄▄ █ ▀▄ ▄▄█  █▄██  ▀▀▀▀█▀▄ ▄ ▄▄▀▄▀██▀▄█▄█ ▀▄████ ▄▄█
██ ▀▀ ▄▄▄ ▄▀ █▄▀█▄▄█ ▀▄█    ▄▄▄   ▄█▄▀▀ ▀▀▄▀▄█▄▄▄ ▄▄▄ ▀  ▀█
█▀▄ █ █▄█ █▄▄▄▀ ▀▄▄▀ █▄█▀ ▀ █▄█ ▄███   ███▀▀ ▀▄██ █▄█ ▀▄▄ █
█ ▀  ▄▄▄ ▄▄█  █▀▀▄█ █▄ ▀ ▀█ ▄▄▄▄█▄▄▀▀█▄▀▄▄█ ██▀ ▀▄   ▄   ▀█
█ ▀▀███▄▀ ▄▀█▄ █▄█▄  █▀▀  ▄▀█▄▀  █▀█▀▄ ██▀ ▀ ▀█▄▀█▀ ██ ▀█ █
██▄▀▄█▄▄▀  ▄▄ ▄ ▄▀▀ █ ██▀▀▄▄▄▄▀ ▀▀▄▄   ▀▄▀▀▄█▄█▄▀▄ █▀▀  ▄██
█▀  █▀▄▄  ▄▄▀ ▄ ▀█▄▄▀▀▀█▄ █▄▀█▀█ ▀██▄  ▄▄▀▀  ▀█▄▀█ ███▀▄▄ █
██▀█▀█▀▄▄▀█▄ ▄▄▄▀█▀▄▀  ▀▄ █ ▀█▄▄▀█ █▄ ▄█▄ █▀ █▄▄▀▄▄▀ ▀▀▀▄▄█
█▄▄▄▄▀█▄█ ▀▀▀▄█ ▀▄  ▄▄▀▀▀▀█▀█▄ ▄▀█▀█▄ ▀▄▄█▀ ▄█ ██▄▀█▄▄  █▀█
█ ▀▄█▄█▄█▀▀▀█▀▄ ██▀ ▄ ▀ ▀ █▀ ▀  ████▀▀ ▄▄█ █ ▀▄▄█▄▀▀▄█  ▀██
█ ▄▄█▄█▄█  ▀▄ ▀▄██▀ ▄▄▀▄  ▄▄██ █ █▄█▄▄ ▄██▀ ▀██▄▀▄▀▄▄▄▄▄█▀█
█ ▀ ▀▀▄▄██▀█ ▄█▀ ▀▄██▄█ ██▄█ ▀▀▄▀ ▄▀ ▄▀█ ▄▀██ ▄▄ ▄▄▀▀▄▀  ▀█
███████▄█ ▀ ▀▀ ▀▄▄ ▄ ▄▀▀▀ ▄ ▄▄▄  ▀▄█▄  ▄▀▀▀ ▄█▄█▀ ▄▄▄ █▄█ █
█ ▄▄▄▄▄ █▄▄ ▄██ ▀▄ ▀▀███▄██ █▄█ ▀▀▀▄▀▄▄ ▀▀█ █▀▀█  █▄█ ▀▀ ▀█
█ █   █ █ █▀█ █ ▄▀▀▄▄██▀▀▄  ▄▄ ▄███▄  ▄███  ▄████  ▄▄ █ ███
█ █▄▄▄█ █ ▀ ▀▄▄ ▄ ▀▄▄█ ▄▀██ ▀█▀█▄▄█▀   ▄█▀▄▀ ▀  ▄  ▄▄▀  ███
█▄▄▄▄▄▄▄█▄█▄█▄█▄██▄▄█▄██▄▄▄██▄█▄▄▄▄▄▄▄█▄▄██▄███▄▄▄▄███▄█▄██

Scan this QR code:
▄▄▄▄▄▄▄▄▄▄▄▄▄▄▄▄▄▄▄▄▄▄▄▄▄▄▄▄▄▄▄▄▄▄▄▄▄▄▄▄▄▄▄▄▄▄▄▄▄▄▄▄▄▄▄▄▄▄▄
█ ▄▄▄▄▄ █  ▄▄ ▀█▀▀█ ▀▄▀█ ▄█  ▀ ▄▀█▀▀▄ █ ▄ ▄▄▀█▀▄ ██ ▄▄▄▄▄ █
█ █   █ █ ▄█▄▀▀██  ▄█▄▄▀▄█▀█▀▀▀█▀▄██▄▄█▀▀▀▄▀▀▄ ▄ ██ █   █ █
█ █▄▄▄█ █▀▀█▀ █▀▀███▀█▄▄▀   ▄▄▄ ▄ ▀▀▀▀▀▄  ▀▄ ▀▄▀▄██ █▄▄▄█ █
█▄▄▄▄▄▄▄█▄▀▄▀▄█▄▀ █▄▀ █▄▀▄█ █▄█ ▀▄█▄█ █▄█▄█▄▀ █ █ █▄▄▄▄▄▄▄█
█  ██ ▄▄█▀ ▄█ █ ▀▄█▄█ ▄█ ▀▀▄ ▄  ▄ ▄█▀ █ ▄█▄▀  ▀▄▀▀█▀ █▄ ▄▄█
█ ▀▀▀▄▀▄ ▀  ▀▄▄ ▄▀▄█▀▀▀█▄▄ ██▄▄ ▀▀▄  ▀▀█ ▀█ ▀  ███▄▄ █▄▄▄▀█
█▀▀█ ▀█▄ ▀▀  █▀▀ ▄▀ ▄ ▄▄  ▀▀██▀█ ▄ ▄▀▄▄ ▄▀▄ ▄▄▀▄▀ █ ▄▀▀ ▄▄█
█▄█▀▀▄█▄▄████▄██▄▀█▀▀▄ ▄▀▀▀█ ▀▄▀█▀  ▀█ █ ▄█▄▄▀▄▀▄█▄▀▄▄█▄███
█▀▀███▀▄ ▄▄▄  ▀▄ ██▄▄ ▀▀  ▄ ▄  ▀  ██ ▄▄ █▀ ▀▄▄ █▀▀▄ ▄█ ▀ ▄█
█▀ █▀▀▄▄ ▀▀▄  ▀█▀ ▄ █     ▄▄▀█▄▄▀ ▀▀▄▀▀█▀▄▀▄▀ ▄▄███▀ █▄▄▄██
██▀▀ ██▄█▄▄▄▀▄▄ ▀▀▄ ▀ ▄█▀▄██ ▀█▀ ▄█▄█▄█ ██▀▀▀▄██▄▀▄ ▄██▄▄▄█
█▄▀ ▄▄ ▄▀▀▀ ▄▄ ▄▄█▄ ▄██▀▄ ▀ ▄██▄▄███▄▄ ▄██▄███▀██▄▀█ ▀▄▄▀██
█▄▄ ▄▄█▄ ▀  ▄ ▄█▀▄▄  ▀▄█▀ ▄ ▄▀ ▀▀█▀  ▄▄  ▀ ▀█  ▄▄▀▄▀ ▀█▀▀██
█▄▄▄  ▄▄▄ ▀█ ██▄▀▄▀  ▀▄  ██ ▄▄▄    ▄▀ ▀▄▀██▄  ▄▀▀ ▄▄▄ ▄█ ██
███▀  █▄█ ▄▀▀▄█  ▄▄▀▄ ▀█▀▀▄ █▄█ ▀▄▄▄ ▄▄ ▄█▀▀   █  █▄█ ▀▀█ █
█▀▀▀▀  ▄  █▄█▄█▄ ██ █▀▀ ▀▀▀  ▄▄▄▀▄██ ▀ ▀▀ ▄██▄▄█  ▄   ██▄██
█▀▄▀█▀ ▄▀ █▀▄▄▄ ▀▄  ▄▀ █ ▀▀▀▄▄▀ █ ▄█▄▄▀▀▄▀▀ ▀  ▄█▀▄ ▀█▀▄█▄█
█ █▄██ ▄▀█ █▄▀▄██ ▄██▀▀█▄▄▀▄ ▄▄█▀▀ ▀▄█▄ ▀▄▀ ▀▀▄ ▄▄ █▄▀▄▄█▀█
█ ██▄▀▄▄█▄██▀▀█ ▄█▀▄▄▄▄█▄  ▄▄█  ▀ ▀█ ▄   ▀▀▀█▄▄▄▀▀█▄▄▄▄█ ▄█
█ ▄▄ ██▄▀▀ ▄ ▄▀█▀ ██▀ ▀▀▀█▄ ▀ █▀ █ ▀ ██▄▀█▄▄▄████  █▀  ▄▄▄█
█▄▄ ▄ █▄█▀▄▄█▀ ▄▀▄▀▄▀▀ █▄▀ ▄▀▄▀▀▄ ▄█  █▀▄█ ▀█  ▄█▄ ▄▀▄▄▀▄ █
█ █▄ █▀▄██▄ ▄▀ █▄ ▄█ ▀▀█▄▄█▀▀▄█▀▀█▀▄ █ ▄▀▀▀██ ▄▄▄▀▄█▀▀██▄▀█
█▀▄█ █▄▄▄▀ █▄  █ ▄▀ █▀▄▄▀  ▄ █  █ ▄█▄▄▄ ▄▀ ▀█▄█▄▀  ▄ ██  ██
█ ▀ ▀▀▄▄███▀ ▀▀▀▀ ██▄ ▀  ▄▀▄▀▄▀▀▄▀██ ▄█▄▄ ▀ ▀ ██  ▄▀▄ ██▄██
███████▄▄   ▀██▄▀▄▄ ▄▀▀▀  ▄ ▄▄▄ █▄▀█ ▄▄▀▄█  ▀  ██ ▄▄▄   ▄▄█
█ ▄▄▄▄▄ █▀▄ ▄█▄▄▀▀ ▀█▄▀██ ▄ █▄█ ▄█▀▀▄▀ ▀▀ ▀▀█▀█▀█ █▄█ ██▄▀█
█ █   █ █▄▄▄ █▄▄▀▀  ▀ █▀▀▄▄▄ ▄ ▄█  █  █▀▄██▀▀▄ ██▄▄   █▀  █
█ █▄▄▄█ █▀▄▄ ██ ▄█ ▀▄█▀ ▄ ███ ▄ ▄█▄█▄ ▀█  ▀▄█▀▄▀ █▀▄  █████
█▄▄▄▄▄▄▄█▄▄▄█▄███▄▄▄▄▄▄████▄███▄███▄▄▄▄█▄█▄▄█▄█████▄█▄███▄█

Scan this QR code:
▄▄▄▄▄▄▄▄▄▄▄▄▄▄▄▄▄▄▄▄▄▄▄▄▄▄▄▄▄▄▄▄▄▄▄▄▄▄▄▄▄▄▄▄▄▄▄▄▄▄▄▄▄▄▄▄▄▄▄
█ ▄▄▄▄▄ █▀ █▀ ▀ ▀██▀ █ █  ▄█▄▄▄▄ ▀█▀█▀▄█ ▄▄▄▀▄▄▄ ██ ▄▄▄▄▄ █
█ █   █ █▀  █▄ ███▀ ▄█▄▄▀▀▀█▄█ ▄▄▄█ ▀▀█▀▄▄▄ █▄ ▄ ██ █   █ █
█ █▄▄▄█ █▀▀█▄ █▀▄█▄█▄ ▄█▀ █ ▄▄▄  ▄▀██▀▄▀█▄▄▄▀█▀▀▄██ █▄▄▄█ █
█▄▄▄▄▄▄▄█▄█ █▄▀ ▀▄▀ ▀ ▀ █ █ █▄█ ▀▄█ ▀▄█ █ █▄▀ ▀ ▀▄█▄▄▄▄▄▄▄█
█  ▄ ▄█▄ ▄  ▄  ▀ ▄▀▄ █▀▀▄▀▄     ▀█▀█▀  █▀█   █▄▄▄▀ █▄▀▄▀▄▀█
█  ▀█▄▀▄▄▀▀█ █▄ ▄ ▀ ▀▀▀ █ █▄▄  █▀▀ ▀█▀▀ ▀▀ █▀▀▄▀  █▄▀ ▀▀ ██
█▀▀ █▄▀▄▀▄▄█  ▄▄▄█▀ ▄▄▀▄    █▀▀██▀██  ▄▄▀█ ▀█▀█▄▀ ▀▄█▀█ ███
█▄ ▀ ▄▄▄ ▄ ▄▄▀▀█ ▄▀█▀█▀▀▄ ▀█ ▄▀ ██▀█▄▀▄▄ ▄  █▀▀█ ▄▀█ █▄▀ ██
█▀▄█   ▄   ▄█▄▄█▄█ ▄ ▄█▀▀ █▀▀ ▀▀▄▀▀▄   ▄██ ▀ █▀▄ ▀███▀ ▀▀▄█
█▀ ██ ▄▄██▀▀▀▄▀█▄▀ ▄██▄▀▀  ▄▀  █▀ ▀ █▄  ▀▄██▀██ ▀  ▄▄▀▀▀ ██
█ █ ▀▄█▄ ▀▀██▀▀█▄▀▄▄▄█▀█▀▄▀ ▀▀▀  █▄█  ▀█▀█▀ ▄▀▄█▄▀ ▄▄▀█  ▀█
██▄██▄ ▄█  ▄█▀ █▄ ▄ ▄█  ▀█▀ █▀█▄██▄ █▀█ ▄██▀██▄▀▄▀▀█ ▀▀▀▀██
██ ▄ █▄▄█ █▄▄▀█ ▄█  █▄██  ▀█▀▀█▀▄ ▄ ▄▄▀▄▀██▀▄█▄█   █ ▀█ ▄▄█
██ ▀▀ ▄▄▄ █ ▄  ██▄▄█ ▀▄█  █ ▄▄▄    ▀▄▀█▄▀▀▄█▄█  █ ▄▄▄ ▀  ▀█
█▀▄   █▄█ ▄█▄▄▄▄▀▄▄▀ █▄█▀ ▀ █▄█ ▄█▄█  ▀████▀ ▀██▄ █▄█  ▀▄ █
█ █  ▄ ▄  ▄█  █▀▀▄▀▀█▄██ ▀█▄▄▄▄▄█▄█▀▀███  ▄▀██ ▄▀▄ ▄ ▄▀  ▀█
█ ▄█▀██▄  ▄▀█▄ █▄█▄▄ ▄█▀▀ ▄▀ ▄▀  █▀█▄▄▀█▀▀  ▄▀█▄▀ ▀ ▄█▀ █ █
█▀█▄ █▄▄ ▀ ▄▄ ▄ ██▀ █▄███ ▄▄▄▄▀ ▀▀▄▄▄▄ ▀██▀▄█▀▄▄▀▄ █▀▀  ▄██
██▄ █▀▄▄  ▄▄▀▀▄ ▀█▄▄▀▀▀█▄ █▄▀█▀▄ ███ ▄ ▄██▀ ▄██▄▀█ ███▀▄█ █
██▀█▀█▀▄▄▀██▀  █▀█▀▄▀  ▀▄ █ ▀██▄ ▄ ██ ▄██ █▀▀▄▄▄▀▄▄▀ ▀▀▀▄▄█
█▄▄▄▄  ▄█ ▀▀▀██▀▀▄  ▄▄▀▀▀▀█▀█▄ ▄▀█▀█▄ ▀▄▄█▀ ▄█ ██▄█▄▄▄  █▀█
█ ▀▄█  ▄█▀ ██ █▀██▀ ▄ ▀ ▀ ▀▀ ▀  ████▀▀ ▄▄█▄▀ ▀  ██ █▄█  ▀██
█ ▄ ███▄█▄ ▀▄ ▄▀██▀ ▄▄▀▄  ▄ ██ █ █▄█▄▄▄▄███▀▀██▄█▀▀██▄ ▀█▀█
█ ▀ ▀▀▄▄▄█▀█ ▄█▀ ▀▀▄█▄█▀███▄ ▀▀▄▀ ▄▀   ▄▄ ▀▀▀▄▄▄▄█▄▀ ▀▀  ▀█
███████▄▄▀▀ ▀▀ ▀▄█▀▄▀▄██▄▀▄ ▄▄▄  ▀▄█ ▄ █▀█ ▀ ▀███ ▄▄▄ ██▀ █
█ ▄▄▄▄▄ █▄▄ ▄██ ▀▄ ▀█ ██▄██ █▄█ █▀▀▄█▄▄▀ ▄▄▀█▀▀█▄ █▄█ ▀▀▀██
█ █   █ █ █▀ ▄█ ▄▀▀▄▄██▀▀▄  ▄▄ ▄ ██▄  ▄██▀  ▄████  ▄▄▄█ ███
█ █▄▄▄█ █   ▄▄▄▀▄ ▀▄▄█ ▄▀██ █▀▀██▄█▀▀  ▄█ ▄▀ ▀  ▄  ▄██  ███
█▄▄▄▄▄▄▄█▄▄█▄█▄███▄▄█▄██▄▄▄██▄█▄▄▄▄▄▄▄█▄▄██▄███▄▄▄▄███▄█▄██

Scan this QR code:
Scan this QR code:
▄▄▄▄▄▄▄▄▄▄▄▄▄▄▄▄▄▄▄▄▄▄▄▄▄▄▄▄▄▄▄▄▄▄▄▄▄▄▄▄▄▄▄▄▄▄▄▄▄▄▄▄▄▄▄▄▄▄▄
█ ▄▄▄▄▄ █▄▀▄ ▄▄▄▄▀ █ █▀█▄▄ ▀▀▀▄ ▄▄▀█ █▀███ ▄█▀ ▄ ██ ▄▄▄▄▄ █
█ █   █ █ █▀██ ██▄█ ████ ▀ █ █▄▀█▄▄▀▄ ▄▀██▀█ █▀▄ ██ █   █ █
█ █▄▄▄█ █▄▀▀▀ ▄█▀▀▄  ▀▄  █▀ ▄▄▄ ▀ ▀█ ▄  ▄█ ▀ ▄▄▀▄██ █▄▄▄█ █
█▄▄▄▄▄▄▄█▄█ █ █ █▄█▄▀▄▀ ▀▄█ █▄█ ▀ ▀ █ █ ▀ █▄▀▄▀▄█ █▄▄▄▄▄▄▄█
█ ▄  ██▄▀▄██ █▀█████▀█ ▄  ▀▄▄▄   █ ▄▀▀▀█ ▄▄ ▄███   █▀ ▄ ▀ █
█ █ ▄▄▄▄▀▀ ▄ ▀ ▀▀  ██ ▄▄ ▄▀▄▄▀  █ █▀▄▀█▄█ █ █▀▀▄▄▀▀▄█  ▄  █
██▄▀ ▀▀▄ ▄█▄▄▀▄ ▀▄█▄▀▀█▄▄▄▄ ▀██▀██▀██ ▄ █▀▄▄▀█▄██▄ ▀▀▀▀ ▀██
██▄█   ▄██▄▀  ▄████▀ ▄  ▄█ █▀▄▀▀▄▀█▄ ▀ ▄█ █▀▀▀ ████▀▄  ▀▄██
█▄ █▀▀ ▄▀ ▄ ▀█  ▀▀▀█▄█ ▀ ██▄▄▄▀█▀▄▄▀▀▀▄▄▄▀ ▄ ▄ ▀ ▄█▄▄▀ ██ █
█▄ ▀ ▄█▄ ██▀▀▀▀▀▄▀█▀█▄▄██▄▄ █ ▄▄▀ █▄▀  ▀ ▄▀█ █  ▄▄▀▀▄ ██ ██
█▀▀▄▄  ▄▀▀ █▀▄ ██ ▄▀██ ▄▀█▀ ▄ █ ▀█▀█ █▀█▄▄▀ ▄▀▀▄▄  ▄ ▄██ ▀█
█▄█▀▀ █▄█ ▀██▄▀▄▀▄   ▄    █▀▀▄▀▄▀▄ ▄ █▄█▀▄ █▀▄▄▄▀▄▀ █▄ ▄█▄█
█ ▀▀█▄▄▄▀  ▀▀▀▀  ▄ ▄█ ███▄▀▀█▀▄█▄▄  ▄ ▀▀▀▀▄█ ▀▀▄▄█  █▀▀█▄▄█
█ █▄▀ ▄▄▄  ▄▄▄█   ▄▄▀▀█▄█▀▄ ▄▄▄ ▀ ▀ ▄▄▄  ▀▄▄▀ ▀██ ▄▄▄ ▀▀▀██
█ ▄██ █▄█ ▀▀ ▀▀█  █▄█▄▀▀ ▄█ █▄█     ▀▀▄█▄▀ █▀▄▀▀█ █▄█  ▀▄▄█
█  ▄█  ▄▄ ▀▀▄██ ▄ ▄▄██▀█    ▄ ▄▄▀ ▀ █ █▀▀██▀▀▄█▀█ ▄▄▄▄▄█▄▀█
█  ▀   ▄▀ ▀ ▄█ █ █ █▀██ ▀ █▄▄█▀▀▀█ ▄██ ▄▄▄▀▀ ▀ █▀▄ ███ █▀▀█
█▀▀▄ ▄▄▄ ▄█▄ ▀ ▄▀▀ █ ▄▄▄▄▀██▀  ██ █ █▀ ▀▀▄█▀▀▀▀ ▀▄▄▄ ▄ ▄ ▄█
██ ▄█▀ ▄ █▄█▀▀ ▀███ ▀███ ▄███████▀ █▄▄█▀▄███ ██▄██ ██▄ ▀▄██
█▄█▄▀▀ ▄ ▀▄█ █▀▀ ▄ ▀   █▄▀█  ▄▄█▀█▀██ ▄▄▀▀▀ ██▄▀ ▄▀█ ▄█ █▄█
█▀█▄▄█ ▄▄█▀  █▀▀▀  ▀ █ ▀█▄▀ ▀  ▄█▄▄▀▀█▄█▄▀▀▄▄▄  ▄▀▀▀▀ █ █▄█
█▀█ ▄▀▀▄█▀▀▀▄▀ ▄ ██▄ ██ █████▀▄ ▀▀▀█▀▄▄▄█▄  █▄▄█▀ ▀██▄▄█▄██
█   █ ▄▄ ███▄▀▀█▄█▀▀▀▄ █▀▀██▄▄ ▀▀█ ▄▄█▄█  ▀▀▀▀▄█▀ ▀▀██▄▀▄ █
█ ▀ ▀▀▄▄▄▄  ▄▀█ ▄▀▄  ▀ █▄▄▄█▄██▀   ▄▄▄ ▀██▀▄▀▀▀█▄▀ ▄▀ █▄ ▄█
███████▄▄ ▀ █▀ █▀█ ▄▀▀▀▀▄▄▀ ▄▄▄  █ █▄  ▀▀█▄▄▄█▀▄█ ▄▄▄ ▄█▀██
█ ▄▄▄▄▄ ███▄▀▀█▄█ ████ ▀ ██ █▄█ ▀▀ █ █ ▀█▀██▄▀▄▄█ █▄█  ▀▀▀█
█ █   █ █▀▄  ▄█ ▀█▀█ ▄██ ▀█     ▀▄ ▀█▀▄██▀▄▄▄▄ ▀▄ ▄▄▄▄▄▄ ▄█
█ █▄▄▄█ █ █▀ ▀▄█  ▀ ▄▀███▀█▀█▀█▀█   █ ▀▀██ █▄█ ▄▀▄▀ ▄▀▄▄█▀█
█▄▄▄▄▄▄▄█▄█████▄██▄█▄█▄▄█▄███████▄██▄█▄▄▄▄▄████▄█▄█████▄███

▄▄▄▄▄▄▄▄▄▄▄▄▄▄▄▄▄▄▄▄▄▄▄▄▄▄▄▄▄▄▄▄▄▄▄▄▄▄▄▄▄▄▄▄▄▄▄▄▄▄▄▄▄▄▄▄▄▄▄
█ ▄▄▄▄▄ █ ██▀ ▄▄ █▄▀█ ██  ▀ ▀▄▄▄█▄▄▀▄▀█▄ ▄▀▄ ▄▀▄ ██ ▄▄▄▄▄ █
█ █   █ █  █ ▀ █▄ ▄███▄▀██▀█▄ █▀ ▄█████▀▀▀▀█ ▄ ▄ ██ █   █ █
█ █▄▄▄█ █▀ █▀█ ▄▀█▄█▀█▀█▀   ▄▄▄  ▄▄█▄▄▀▄▄▄▄▄▄ ▄▀▄██ █▄▄▄█ █
█▄▄▄▄▄▄▄█▄▀ ▀▄▀ ▀ █▄▀ ▀▄▀▄█ █▄█ ▀▄█▄█ █ █▄▀ ▀ ▀▄█ █▄▄▄▄▄▄▄█
█ ▄▀█ ▄▄▀▀██ ▄█▄█▄▀▄█ ▄▀▄▀▀▄▄   ▄ ▄█▀ █ ▄█  █ ▀▄▀▀█▀▄▀▄  ▄█
██ ▀█ █▄ █▀█▀ ▄ ▄█▄█▀▀▀█ ███ ▀█ ▀▀ ▄ ▄▀▄▀▄▀ ▀▀ ▄█ █▄ ▀▄▄ ██
█▀▄█▀▄▀▄█▀▄▄  ▀▀▀█▀ ▀▀▄▄  ██▄▀▀█ ▄▀▄    ▄██▀ ▄▀█▀▀▄▀ ▀█▄  █
██▀█▄▀▀▄▀▄ ▀▀▄▀█ ▀▀█▀█▄▀▀█▀█   ████▀▀  ▄ ▀  █▀ ██▀▀█▀ ▄▄ ██
█  ▀█  ▄███▄█▄▀ ▄▄▄ █ ▄█▀▀ ▄▄   ▀▄▄▄▄▄█▀ ██ ▀▄▀▄ ▀   ▀ ▀ ██
█ ▀ ▀█▀▄██▀▄▄▀▀█ ██▀▀▀▄▄▄▄ ▄▀██▀█▄▀█▄   ▄█▀ ▀▄█▄▄█▄▄▄▄▄▄▄██
█▄▄█▄  ▄█▄▄█▀▄▄ ▀▀▄▄▀ ▄█▀▄▄█▄▀▀ █▄▀█ ▄▄ █▀▀ ▀▄▀█▄▀█ ▀▀█ ███
█ ▄██ █▄█▄▀ █ ▀ ▄█▀█▄█ █▄ ▀ █▄ ▀██▄█▀██ ▄  ▄█▄▄▄▀▄█ ▄▄▄▄▀██
███▀█▀ ▄█▄▄▄▄▀██▀█   ▀ █   ▄▄▀█▀▀█▀ ▄▄▄▀▄██▀▀ ▀█▀▀█▀▄██ ▀▀█
█  ▀▀ ▄▄▄ ▄█▀ ▄▄█▀▀  ▀▄ ██▀ ▄▄▄   ▄ ▀▄█▄▀▄▀ ▄█ █▀ ▄▄▄ ▄█ ▀█
█▀▀▄▀ █▄█ ▄▄▄▄▀▀▄▄▄▀█ ▀█▀ ▄ █▄█ ▀  ▄  ▄  █ ▀█▄▀▄▀ █▄█ ▀ ▀██
█ ▀██ ▄▄▄▄▄ ███▀▀▀▄▄█▄▀▄█▄▄▄▄   █▄▄▄  ▄█▄█▀█▀█▄▀▄ ▄▄▄ ██ ▀█
█▄▄█▄██▄▄▀▀▀█▄█ ▀█▄▄▄▀▄█  ▀▄ ▄▀ █ ▄█  ▄ ▀█ ▀█  █▀▄▄█▀▄ ▀ ██
██▄▄▀ ▀▄█▄ ▀▀█▄ ▀▀▄█  █ ▄▄▄▄▄▀▄█▀▀▄▀ ▀ ▀ ██▀ ██ ▄▀ █▄███▄▀█
█▄▄█ ▀▄▄██▀▄▀▀▀█▄█▄▄▄▄▄█▄  ▀▄█▀▄▀▄ █ ▄█▀ ▀▀ ▀  ▄▀██  █▀▄▀██
█ ▀█▀ ▄▄▄▀▄█  ▄ ▀ ▄▀▀  ▄▀██ ▀ ██ █  ▀▄▄█▄█ ▄▀▄▄▀▄▀▄▀ ▄▄▄▄▄█
█▄▀▀▀██▄ ██▀▄██ ▄▄  ▀▀▄▀▀▀ ▄ ▄ ▄▄ ▄█▄ ▄▀▀█▀ ▀ ███▄▀█▀▄▄  ▄█
██▀▄█▄▀▄█▀▄▀▄█▀██ ▄█▄ ▀█▄█▀▀ ▄█████▄▄▄▄▄▄ ▀  ▀▄█ ▀▄█▄ ▀▄▀██
█ ▀█▄█ ▄▄▄▄█▄ ▄▄ █▀ ▀▀▄▄   ▀ █ ██ ▀█▄▄▄  ██▀▄ ▀▄█▀█ ▄▄▀▀ ▄█
█ ▀ ▀▀▄▄▀▄▀ █▀█▀ ▄ ▀█▄██  █▄ ▄▄▀▀ ▄▄██ █▄█▀ █ ▀█▀ ▀▀▀▄▄█ ▀█
███████▄▄▀▄ ▀▀█▄ ▄ ▄▄▀▄▀▀▀▀ ▄▄▄ █▄▀█ ▄█▀▀█▀▀█▄▀▄▀ ▄▄▄ █▄ ██
█ ▄▄▄▄▄ █▀▄█▀ █ █ █▄▄██ ▀▄█ █▄█ ██▀▀ ▀▄ ▀▀ ▄█   ▄ █▄█ ▄▄▄▀█
█ █   █ █▄ ▀▀▄ █▀▀▀▄▀  ▀▀▄█▄ ▄ ▄█▄ ▄▄ ▀ ▄█  █  █▄ ▄ ▄▄█ ▀▀█
█ █▄▄▄█ █▀▄  ▄  ▄█▄▀▄█ ▀▄ █ ▀▄▄ ▄▄█▄▄█ ▄█▄▀▄▀  █▀█ ▄█▄█████
█▄▄▄▄▄▄▄█▄██▄▄▄▄▄█▄▄▄█▄█▄▄█▄███▄███▄▄▄▄████▄▄▄▄▄▄▄█▄▄▄▄██▄█

❌ Bot disconnected (408), reconnecting in 5s...
❌ Bot disconnected (408), reconnecting in 5s...
Scan this QR code:
▄▄▄▄▄▄▄▄▄▄▄▄▄▄▄▄▄▄▄▄▄▄▄▄▄▄▄▄▄▄▄▄▄▄▄▄▄▄▄▄▄▄▄▄▄▄▄▄▄▄▄▄▄▄▄▄▄▄▄
█ ▄▄▄▄▄ █▄▀▄ ▄▄█▀█▀▄ █▀▄▀  ▀▀▀▄ ▄▄███ ▄█▄▀ ▄█▀ ▄ ██ ▄▄▄▄▄ █
█ █   █ █ █▀██ █▄▄█ ████▀▀ █ █▄▀ █▄▀▀▀▄▀▄█▀██▄▀▄ ██ █   █ █
█ █▄▄▄█ █▄██▀█▄█▀▀▄  ▀▄  █▀ ▄▄▄ ▀▀▀█ █  ▀▀ ▀ █▄▀▄██ █▄▄▄█ █
█▄▄▄▄▄▄▄█▄▀▄█▄█ █▄█▄▀▄▀ ▀▄█ █▄█ ▀ ▀ █ █ ▀ █▄▀▄▀▄█ █▄▄▄▄▄▄▄█
█ ▄  ▀▀▄█▄▀ ██▀█████▀█ ▄  █ ▄▄   █ ▄▀▀▀█ ▄▄ ▄███▀ ▄██ ▄ ▀ █
█ █ ▄▄█▄█   ▀▄ ▀▀  ██ ▄▄ ▄▄▄▄█  █ █▀▄▀█▄█ ▀▄█▀█ ▀▄ █▀█ ▄  █
██▄▄█▀▀▄▄▀ ▄▄▀▄ ▀▄█▄▀▀█▄▄▄█▀▀▀█▀██ ▄█ █▀█▀▄█▀█▀▄█▄ ▀▄█▀▄▀██
██▀ █  ▄██▄▀  ▄███▀█ ▄▀█▄█ █ ▄█▀▄▀  ▄█▄ ▀▄▀▀▀▀  ▄▀█▀▄ ▀▀▄██
█  ▀ ▀ ▄▀ ▄ ▀█  ▄ ▄▀▄█▄▀ ██▄▄▄▀▄▀▄▄▀▀█▄█ █ ▄  ▄▀ ▄█▄▄▀ ▄█ █
█ ▄ ▀ █▄ ██▀▀▀▀▀ ██▀ ▄▄█▄█▄ █ █▄▀ █▄██ ▀ ▀▀▄ ▄▀ ▄▄█▀▄ ██▄██
██ ▄▄█▀▄▀▀ █▀▀ ██ ▄▀██ ▄▀█▀ ▄ █ ██▀█▄█▀█▀▄▀ ▄█▀▄▄ ▀▄ ▄██ ▀█
█▄█▀▀▄ ▄█▄▄▄▄ ▄█▀▄   ▄    █▀▀▄▀▄ ▄ ▄▀█▄█ █ █ █▄▄▀▄  █▄ ▄█▄█
█ ▀▀█▀ ▄▀▄▄▄▀▀▄▀ ▄ ▄█ ███▄▀██▀▄█▄▄  ▄ ▀▀▀▀▄█ ▀▀▄▄▄ ▀█▀▀█▄▄█
█ █▄▀ ▄▄▄   ▄▄█   ▄▄▀▀█▄█▀  ▄▄▄ ▀ ▀▄▄▄   ▀▄▄▀ ███ ▄▄▄ ▀▀▀██
█ ▄▄▄ █▄█ ▀█ ▀▀   █▄█▄▀▀ ▄█ █▄█   ▀▀▀▀▄█▄▀ █▀▄  ▀ █▄█ ▄ ▄▄█
█    ▄▄▄ ▄▀▀▄██ ▄ █▀██ ▀  ▀ ▄ ▄▄▀   █  ▀▀▀███▄▀█▄▄▄▄▄ ▄▄▄▀█
█▄▄▀▄  ▄█▀▀ ▄█ █ █▄▀ █ ▄▀▀█▄██▀▀▀█ ▄█▀▀█▄  ▀███▄█▀ ███▀▄▀▀█
█▀▄ ▀▄▄▄ ██▄ ▀ ▄▄  █▄█▄▄▀▄██▄▀ █▀ █ █▀▀  ▀▄▀  ▀ ▀▄▄▄█▀ ▄▀ █
██▀▄█▀ ▄ █▄█▄█ ▀███ ▀███ ▄████▄▄▄▀ █▄ █▀▀███ ▀█▄██ ██▄ ▀█▄█
█▄█▄▀▀ ▄ ▀ ▀▀▀▄▄ ▄ ▀   █▄▀█  ▄▄█▀█▀██▀▄▄  ▀ ▄▄▄▀ ▄▀█ ▄█ █▄█
█▀█▄▄▀▀▄▄██ ▄▄██▀  ▀ █ ▀█▄▀ ▀  ▄█▄▄▀▀█▄█▄▀▀▄▄▄  ▄▀▄ ▀ █ █▄█
█▀█ ▄▄█▄█▀▀▀▄ ▀█ ██▄ ██ █████▀▄ ▀▀█▀▀▄▄▄█▄▄▄█▄ ██ ▄██▄▄▄▄██
█  █ ▀▄▄██▀▄▄▀█▄▄█▀▀▀▄ █▀▀█ ▄▄ ▀▀█▄▄▄█▄█   ▀▀▀▄▄█▀▀▀█▄▄ ▄ █
█ ▀ ▀▀▄▄ ▄  ▄▀█ ▄▀ █ ▀▀ ▄▄█▀▄██▀   ▄  ▄▀███▀▀██▄▀▄█ ▄█▀█ ▄█
███████▄▄ ▀ █▀ █▀█▄ ▄ █▀█▄▀ ▄▄▄  █ █▀▄  █▀██ █ █▀ ▄▄▄ ▄█▀▀█
█ ▄▄▄▄▄ ███▄▀▀█▄ ▄██▀▀ ▀▄ █ █▄█ █▀ ██▀▀  ███▀█▄█▀ █▄█  ▀█▀█
█ █   █ █▀▄  ▄█ ▀█▀█ ▄██ ▀█     ▄▄ ▀██▄█▄▀▄▄   ▀▄ ▄▄  ▄▄▀▄█
█ █▄▄▄█ █   ▀█ ▀  ▀ ▄▀███▀█▀█▀█▀█▀  █▀▀▀▄█ █▄▄ ▄▀▄▀ ▀█▄▄█▀█
█▄▄▄▄▄▄▄█▄▄▄███▄██▄█▄█▄▄█▄██▄████▄██▄█▄▄▄▄▄████▄█▄███▄█▄███

Scan this QR code:
▄▄▄▄▄▄▄▄▄▄▄▄▄▄▄▄▄▄▄▄▄▄▄▄▄▄▄▄▄▄▄▄▄▄▄▄▄▄▄▄▄▄▄▄▄▄▄▄▄▄▄▄▄▄▄▄▄▄▄
█ ▄▄▄▄▄ █▀ █▀  ▀▀█▄▀▀▀▀█  ▄█▄▄▄▄ ▀█▀▄ ▄▀▀▀ ▄▄█▄▄ ██ ▄▄▄▄▄ █
█ █   █ █▀  █  █▄█▀ ██▄▄▀▀▀█▄█ ▄▀▄█ ▄▀█▀▄█▄  ▄ ▄ ██ █   █ █
█ █▄▄▄█ █▀▀█  █▀▄█▄█▄ ▄█▀ █ ▄▄▄ █ ▀█▀▀▄▀▄█▄▄  ▀▀▄██ █▄▄▄█ █
█▄▄▄▄▄▄▄█▄▀ ▀ ▀ ▀▄▀ ▀ ▀ █ █ █▄█ ▀▄█ ▀▄█ █ █▄▀ ▀ ▀▄█▄▄▄▄▄▄▄█
█  ▄  █▄ ▄  ▀█ ▀ ▄▀▄ █▀▀▄▀ ▄    ▀█▀█▀  █▀█   █▄▄   █▄▀▄▀▄▀█
█  ▀█▄▀▄ ▀▀█ ▄▄ ▄ ▀ ▀▀▀ █  █▄  █▀▀ ██▀▀ ▀▀▄▀▀▀ █ ▄█▄  ▀▀ ██
█▀▀▄█▄▀▄█▄▀█  ▄▄▄█▀ ▄▄▀▄  ▀ ▄▀▀██▀▄▄  ▀█▀█▀▀█▀▄█ ▀▀▄ █▀ ███
█▀▀▄▀▄▄▄▀▄ ▄▄▀▀█ ▄▀▄▀█▀▀▄ ▀█▀▄▀ ████ █▄▀▄▄▀▀▀▀▄▄ ▀▀█ ▄█  ██
█▀▄ █  ▄   ▄█▄▄██▄▄  ███▀▀█▀▀ ▀ ▄▀▀▄█▄ █▀█ ▀ ██▄ ▀███▀ ▀▀ █
██ █▄ ▄▄██▀▀▀▄▀█▄▄ ▄█▄▄▀█▀ ▄▀  ██ ▀ ▄   ▄▀█▄▄█▄ ▀ ▄ ▄▀▀▀ ▀█
█▄  ▀▀ ▄ ▀▀██ ▀█▄▀▄▄▄█▀█▀▄▀ ▀▀▀ ▄█▄█▄▄▀█ █▀  ▀▄█▄▀ ▄▄▀█ ▀ █
██▄██  ▄▀ ▀▀▄ ▄█▄ ▄ ▄█  ▀█▀ █▀█▄▄█▄ ▄ █ ▄██▀▄▄▄▀▄▀▄▀ █▀▀▀██
██ ▄  ▀▄█ ▄▀  ▀▀▄█  █▄██  █▀▀▀█▀▄ ▄ ▄▄▀▄▀██▀▄█▄█▀ ▀████ ▄▄█
██ ▀▀ ▄▄▄  ▄▀▄ ▀█▄▄█ ▀▄█  ▄ ▄▄▄    █▄▀█ ▀▀ █▄█▄▄▀ ▄▄▄ ▀  ▀█
█▀▄ ▀ █▄█  ▄▄▄ ▀▀▄▄▀ █▄█▀ ▀ █▄█ ▄█▀▄   ███▄▀ ▀███ █▄█ ▀▀▄ █
█ █▄█ ▄▄  ▄█  █▀▀▄ ██▄▄█ ▀█▄▄▄▄▄█▄▄ ████▄ ▀▀▀█▄▀     ▄ ▀ ▀█
█  ▀▄██▄ █▄▀█▄ █▀▄  ▀██▀▀ ▄▀▄█▀  █▀█▄  ▄ █ ▀▄█ █▀█▀ ▀▄▀▀█ █
█▀▄▀▄█▄▄█  ▄▄ ▄ ▀ ▀  ███▄▄▄▄▀▄▀ ▀▀▄▄██  █▀▀▄█ █▄ ▄ █▀▀  █▀█
█▄█ █▀▄▄  ▄▄▄▄▄ ▀█▄▄▀▀▀█▄ █▄▀██▀█▀██▄  ▄▀█▀ ▀██▄▀█ ███▀▄█▀█
██▀█▀█▀▄▄▀ ▀ █▀▄▀█▀▄▀  ▀▄ █ ▀█▄▄ ▄ █▄ ▄██▀█▀ █▄▄▀▄▄▀ ▀▀▀▄▄█
█▄▄▄▄ ▄▄█  █▄▀█▄▀▄  ▄▄▀▀▀▀█▀█▄ ▄▀█▀█▄ ▀▄▄█▀ ▄█ ██▄█ ▄▄ ▄█▀█
█ ▀▄██▄▄█▀▄▄    ██▀ ▄ ▀ ▀ ▀▀ ▀  ███▀▀▀▄▄▄█▄█ ▀▄ ▀▄▄▀▄█▀ ▀██
█ ▄▀▄▀ ▄▀ ▄▄▄   ██▀ ▄▄▀▄  ████ █ ██▄▄▄▀▄██ ▀▀█▄█▀▄▀██▄▀▀█▀█
█ ▀ ▀▀▄▄█▄▀█ ▄█▀ ▀█ █▄ ▄██▄  ▀▀▄▀ █▀  ▄ ▄▄▄▀▀ ██  ▄█▄▄▀▀ ▀█
███████▄█▀▀ ▀▀ ▀ ▄ ▄ ▄▀▀▀ ▄ ▄▄▄  ▀▄█ ▄██▀▀█▀ ▀ ██ ▄▄▄ ▄▄█ █
█ ▄▄▄▄▄ █▄▄ ▄██ ▀▀ ▀ ████ █ █▄█ █▀▀▄▄██ █▀▄▀██▀▄▀ █▄█ ▀▀▄▀█
█ █   █ █ █▀ ▀█ ▄▀▀▄▄██▀▀▄   ▄ ▄ ██▄  ▄█ ▀   ▀███  ▄▄ █ █▄█
█ █▄▄▄█ █ ▄ ██▀ ▄ ▀▄▄█ ▄▀██ █▀▀████▀▀▀ ▄█▀▄▀▀▀  ▄  ▄██  ███
█▄▄▄▄▄▄▄█▄▄██▄█▄██▄▄█▄██▄▄▄████▄▄▄▄▄▄▄█▄▄██▄███▄▄▄▄█▄█▄█▄██

❌ Bot disconnected (408), reconnecting in 5s...
❌ Bot disconnected (408), reconnecting in 5s...
Scan this QR code:
▄▄▄▄▄▄▄▄▄▄▄▄▄▄▄▄▄▄▄▄▄▄▄▄▄▄▄▄▄▄▄▄▄▄▄▄▄▄▄▄▄▄▄▄▄▄▄▄▄▄▄▄▄▄▄▄▄▄▄
█ ▄▄▄▄▄ █▀ █▀ ▀▀▀▀▄▀▄█ ▄▄ ▄█▄▄▄▄ ▀▀▀▄▄ █▄▀▄▄█▀▄▄ ██ ▄▄▄▄▄ █
█ █   █ █▀  ▀▄ ███▀ ██▄▄▀▀▀█▄█ ▄▀▄█ ▀▀█▀▄▄▄ ▄▄ ▄ ██ █   █ █
█ █▄▄▄█ █▀▀█▄▀█▀▄█▄█▄ ▄█▀ █ ▄▄▄ ▄ ▀██▀▄▀▀ ▄▄█ ▀▀▄██ █▄▄▄█ █
█▄▄▄▄▄▄▄█▄▀▄▀ ▀ ▀▄▀ ▀ ▀ █ █ █▄█ ▀▄█ ▀▄█ █ █▄▀ ▀ ▀▄█▄▄▄▄▄▄▄█
█  ▄  █▄  █▀▀▀ ▀ ▄▀▄ █▀▀▄▀▄▄    ▀█▀█▀  █▀█   █▄▄▀  █▄▀▄▀▄▀█
█  ▀█▄▀▄ █ █▄▄▄ ▄ ▀ ▀▀▀ █ ██▄▄ █▀▀▄▀█▀█ ▀▀ ▀▀▀▄█ ▀██▄▀▀▀ ██
█▀▀ ▀▄▀▄█ ▄▄  ▄▄▄█▀ ▄▄▀▄    ▀█▀██▀█▄  ▀█▀█▄▀█▀▄█  ▀▄▄▀▀▄███
█▀█▄ ▄▄▄▀█ ▄▄▀▀█ ▄▀ ▀█▀▀▄ ▀█▀█▀▄██ █ █▄█  ▄█▀▀ ▀▄▀▀█ ██▀ ██
█   ▄  ▄   ▄█▄▄███▀▄ █▄▀▄▀█▀▀  ▀▄▀▀▄▀▄▄▄██▀▀█▀▄█ ▀███▀ ▀█▄█
█ ▀█▀▄ ▄██▀▀▀▄▀█   ▄▄▀▄▀█▄ ▄▀  ▄█▄▀ ▄█  ▀█▄█▄▄▄▀▀  ▄▄▀▀▀▄██
█▀  ▀█ ▄ ▀▀█▄█▀█▄▀▄▄▄█▀█▀▄▀ ▀▀▀  █▄█▄▄▀██▀▀  ▀▄█▄▀ █▄▀█  ▀█
██▄██ █▄█ █▀▀ ██▄ ▄ ▄█  ▀█▀ █▀█▄█▄▄ ▄▀█ ███▀█▄▄▀▄▀█▄ █▀▀▀██
██ ▄ ▀▄▄ ▄▄▄█▀█▀▄█  █▄██  ██▀▀█▀▄ ▄ ▄▄▀▄▀██▀▄█▄█ ▀ ▄▀██ ▄▄█
██ ▀▀ ▄▄▄ █▀ ▀▀██▄▄█ ▀▄█  ▄ ▄▄▄    █▄▀▀▄▀▀ ▀▄█▄   ▄▄▄ ▀  ▀█
█▀▄▀▄ █▄█ ▄ ▄▄▄▄▀▄▄▀ █▄█▀ ▀ █▄█ ▄█▄▄   ███ ▀ ▀▄▄▄ █▄█  ▀▄ █
█▀█▄▄  ▄▄ ▄█  █▀▀▄█▀█▄ ▄ ▀▄ ▄▄▄▄█▄▄▀████▄ ▄▀██▄▀    ▄▄▀▀ ▀█
█▄█▄ ██▄▀▀▄▀█▄ █▄▄▄▄ ███  ▄▀▄▄▀  █▀█▀▄▄████ ▄██▄▀ ▀ ▄█▀ █ █
█▀██▄█▄▄▄█ ▄▄ ▄ ▄█▀ ▀▄██ ▀▄▄ ▀▀ ██▄▄▄   ▄▀ ██ ▄▄▀▄ █▀▀  ▄▀█
█▄█ █▀▄▄  ▄▄ █▄ ▀█▄▄▀▀▀█▄ █▄▀██▄▄▀██ ▄ ▄██▀ ▄▀█▄▀█ ███▀▄█ █
██▀█▀█▀▄▄▀▀▀█  █▀█▀▄▀  ▀▄ █ ▀█  ▀▄ ██▀▄█▄▀█▀▀█▄▄▀▄▄▀ ▀▀▀▄▄█
█▄▄▄▄██▄█ ▀ ▄▄ ▀▀▄  ▄▄▀▀▀▀█▀█▄ ▄▀█▀█▄ ▀▄▄█▀ ▄█ ██▄▀ ▄▄▄▄█▀█
█ ▀▄█▄▀▄█▀ █ ▀▀ ██▀ ▄ ▀ ▀ █▀ ▀  ███▀▀▀  ▄█▄█ ▀▄▄▀█ █▄█  ▀██
█ ▄█▄█▀▄▀█▄█▄ ▀███▀ ▄▄▀▄  █ ██ █ █▄▄▄▄████▄ ▀██▄▀█▄█▄▄▄██▀█
█ ▀ ▀▀▄▄▀█▀█ ▄█▀ ▀▀▀█▄▀████▄ ▀▀▄▀ █▀ ▄▄▄▄  ▀▀ ▄▀ ▀▄▀▀▀▀  ▀█
███████▄▄▀▀ ▀▀ ▀██  ▀██▀▀ ▄ ▄▄▄  ▀▄██ ▀▄▄█   ▀▄▄█ ▄▄▄ █▄█▄█
█ ▄▄▄▄▄ █▄▄ ▄██ ▀█ ▀ ███  █ █▄█ ▀▀▀▄█▄▄▀▀██  █▀▄▄ █▄█ ▀▀ ██
█ █   █ █ █▀ ▀█ ▄▀▀▄▄██▀▀▄   ▄ ▄▄██▄▀ ▄███  ▄▀███  ▄▄▄█ █▄█
█ █▄▄▄█ █ ▄ ██▄▄▄ ▀▄▄█ ▄▀██ ▀▀▀██▄█▀▀  ▄▄▀▄▀▀▀  ▄  ▄▀▀  ███
█▄▄▄▄▄▄▄█▄▄▄█▄▄███▄▄█▄██▄▄▄████▄▄▄▄▄▄▄█▄▄██▄███▄▄▄▄█▄▄▄█▄██

Scan this QR code:
▄▄▄▄▄▄▄▄▄▄▄▄▄▄▄▄▄▄▄▄▄▄▄▄▄▄▄▄▄▄▄▄▄▄▄▄▄▄▄▄▄▄▄▄▄▄▄▄▄▄▄▄▄▄▄▄▄▄▄
█ ▄▄▄▄▄ █▀█▄▄ █▀█▀█  ▀▄▄▄  ██▀ ▄▄ ▄▀▀▄ ▀█  ▄▄█▄▄ ██ ▄▄▄▄▄ █
█ █   █ █▀▄ ▀▄▀█▄▄█▀▄█▄▄▀▀▀█▀▄▄ ▄▄█ ▀▀█▀▄▄▀▄▀▄ ▄ ██ █   █ █
█ █▄▄▄█ █▀ █▀  ▄▄███▄ ▀▄▀ █ ▄▄▄ ▄ ▄▀ ▄▄▀▀▄▀▄▄▄▀▀▄██ █▄▄▄█ █
█▄▄▄▄▄▄▄█▄█▄▀▄█▄▀▄▀ ▀ █ █ █ █▄█ ▀▄█ ▀▄█▄█ ▀ ▀ █▄▀▄█▄▄▄▄▄▄▄█
█ ▄  ▄█▄ ▄▄▄▀▀ █▄▄█▄ █▀█ ▀ ▄▄▄  ▀█▀█▀  █▀█▄▀██▄▄ ▀ █ ▀▄▀ ▀█
██▀▀▀▀▄▄█▄▄▄█▀▄ ▄▄▀ ▀▀▀ ▀▀▄▄█▀▀█▀▀ ▀█▄██ ▄ █▀  ▄  ▄▄▀ ▀▀▄▀█
█▀▄▀█▀█▄▀▀ █ █▄▄█▄▀ ▀█▀▄  ▄▄▀█▀██▀██▀▄█▄▀▀  ▀▀██▀▀ █▀▀█▄▀▀█
██ ██▀ ▄▄██  ▀██▄▄█▀▀▄▀▀▄▄▀█▀▄▀ █▀ ▀▄ ▄  ▀ ▀ ▀▄█▀ ▄▀▄▀ ▀███
████▀█▀▄█▀▀▄  ▄▀▄▄▄▄▄▄▀█  ▀█▀   ██ █▄ ▀▄▀▀▀▀ █▄█▀▀▀█▀█ ▀███
█▀ ▄▀▄▀▄ ▀▀▀██▀█▀ ▀█ ▄ █▄ ▄▄▀ ▀ █ ▀▄█▀ ▄▄▀█▀█▀█▀  ▀▀  ▀▀ ▀█
█ ▄▄██ ▄ ▀▀▄█▀▀█▄▀▄ ▄█▀█▀▄  █▀█▀▄▀ ▄▄▄ ███▀▀ █ █▄▀ █▀██▄ ▀█
█▀▀ ▄▀█▄▀▀▀▀▀▄▀▀▄ ▀█▄██▄▀█▀ ▄  ▀▄██ ▀  ▄▄▀▀ ▄▄▀  ▀▄▀ ▄▀▀▀██
█▄▀█▀▄▀▄ ▀█ ▄█▀ ▄▄▄ █▄▀█▀ ██▀▀ ▀▄ ▄  ▄▀██▀ ▀ ██▄ ▀▀█▀▀█▀▄ █
█▀▄▄  ▄▄▄  ▀▄ █▀▀▀▄█ ▀▄██   ▄▄▄    ▀▄█▀▄▀ ▄▀  ▄ ▄ ▄▄▄ ▀  ██
██ ▀█ █▄█ █ ▀▄▄▄█▄▄▀▀█▄█▀▀▀ █▄█ ▄▀▄▄ ▄▀▄▀█▄ ██▄█▄ █▄█ ▀▀ ██
██ ▄▄▄ ▄  █▀ ▀█▄  ▀▀█▀▄ ▄▄ ▄    ▀▄▄ ▀▄ █▀██▀▀ ▀▀ ▄▄▄ ▄▀ ▄██
█  ▄█▀ ▄▀▄ ▀▄▄▀█▄█ ▄▀▄▄▀ ▀▄▄▄█▀  █▀█▄ ▀█▀▀▄ ▄▀▄█▀▀▀█▄▄▀█ ▀█
█ ▀█▄ █▄▄▄  ▀▄▄█ █▀ ▀ ▀  ▄▀▄  ▀ █▀ ▄▄ █▀▀▄▄█▄▀▄█▀▀ █ ▀▀▀ ██
█   ▀▀▄▄ ▀ █▄█ █▀█▀▄▀▀▀█▄ █▀▀█▄▀ ▀▄█ ▄██▀▀▀▀ ▀▀▄▀▀ ▀▀▄▄██▀█
██▄▄   ▄▀▀ ▀▄ ▄ ▀█  ▀ ▀▄▄ ▄ ▀█ ▄ █ ▄▄ █▄  ▀▀▄▄█  █ █▀██▀▄▄█
█▄▀█▀▄▄▄ ▄▀▀ ▄██▄▄▀▄▄▄██▄▀█▀▄▄▀▀▀█▀█   ▄▀█ ▀ ██▄█▄█▀▄▄ ▀▀██
███▄ ▄ ▄██ █ █ ▄▄█▀  ▀▀ ▀▀█▀▀▀ ▄▀██▀█ ▄▄▀▄ ▄█  ███ █▀▄▄ ▄▀█
█▀▀▄███▄▄█▀ ▄ ▀▄█▄▀  ▄▀▄▀ ▄ ██   █▄▄▄▄▀▄▀▀ ▀ ▀█▄█▀▄ ▄█ ██ █
█ ▀ ▀▀▄▄ ██▄█▄▀▀▀█▄▄▄ █▀█▀ ▄▀▀▄▄▄▀▄ ▀█▀▀ ▀  █▄█ ▄█ ▀▄▀▀▀▄██
███████▄▄▀█ ▀█ ▀██ ▄▀█▀▀▀ ▀ ▄▄▄  ▀▄█ ▄ ▄▀█▀▀ █▀▄█ ▄▄▄ ▀▀███
█ ▄▄▄▄▄ █▄▄█▀ ▄▄ ██▄█ ▀ ▀ ▄ █▄█ ▄▀▀▄ █▀▀▀████▄█▄▀ █▄█   ▄▀█
█ █   █ █ ▀▄██▀▀▄▀  ▄█ ▀▀▄▀  ▄ ▄▄▀██▀  ▄███▀▄▀███▄ ▄ ▄█▀▄▄█
█ █▄▄▄█ █ ▀▄▄ ▀█▄ █▄▄█▀█▀███▀█▀█▄▄▄ ▀█▀█ █▄▀▄▀▄▄█ ▀▄▀█  ███
█▄▄▄▄▄▄▄█▄▄█▄▄▄█▄▄▄▄██████▄█▄██▄▄▄▄▄▄▄█▄██▄▄▄█▄███▄█▄███▄██

❌ Bot disconnected (428), reconnecting in 5s...
❌ Bot disconnected (428), reconnecting in 5s...
Scan this QR code:
▄▄▄▄▄▄▄▄▄▄▄▄▄▄▄▄▄▄▄▄▄▄▄▄▄▄▄▄▄▄▄▄▄▄▄▄▄▄▄▄▄▄▄▄▄▄▄▄▄▄▄▄▄▄▄▄▄▄▄
█ ▄▄▄▄▄ █▀█▄▄ █▀▀██▀ ▀█▄█  ██▀ ▄▄ ▀▀█▀▀▀██▄▄ ▄▄▄ ██ ▄▄▄▄▄ █
█ █   █ █▀▄ █ ▀█▄██▀▄█▄▄  ▀█▀▄▄  ▄█ ▀▀█▀▀▄▀▄ ▄ ▄ ██ █   █ █
█ █▄▄▄█ █▀▄█▄█ ▄▄███▄ ▀▄▀ █ ▄▄▄ ▄▀▄▀█ ▄▀ █▀▄▄▄▀▀▄██ █▄▄▄█ █
█▄▄▄▄▄▄▄█▄▀▄█▄█▄▀▄▀ ▀ █ █ █ █▄█ ▀▄█ ▀▄█▄█ ▀ ▀ █▄▀▄█▄▄▄▄▄▄▄█
█ ▄   ▀▄▄▄█▀▀▀ █▄▄█▄ █▀█ ▀▄▄▄▄  ▀█▀█▀  █▀█▄▀██▄▄▀  █▄▀▄▀ ▀█
██▀▀▀ ▄▄▀▄ █▀█▄ ▄▄▀ ▀▀▀ ▀▀▀██▀▀█▀▀▄▀█▄██ ▄ ▀▀ ▄▄██▄█ █▀▀▄▀█
█▀▄▄▄▀█▄█▄█  █▄▄█▄▀ ▀█▀▄  ██▄█▀██▀▄█▀▄▄█▀▀ ▀▀▀██   ██▀█▄▀▀█
█▄ ▀▄▀ ▄▄██  ▀██▄▄ ▄▀▄█▀▄▄▀█▀█▀ █▀▄▀▄▄▄  ▀██ █ █▄ ▄▀█▀▄ ███
█▄ ▄▀█▀▄█▀▀▄  ▄▀██▄  ▄██▀ ▀█▀ ▄▀██▀▄▄▄ █▀█▀ ▄▀▄▄▀▀▀█▀█▀▀▀██
█ ▄██ █▄ ▀▀▀██▀███▀██▄ █▄█▄▄▀  ▀▀ ▀▄▀ ▀▄█▀▄  ▀█▀  ▀▀  ▀▀ ▀█
█▄ ▄█▀█▄ ▀▀▄██▀█▄▀▄ ▄█▀█▀▄  █▀█▀▄▀ ▄   ██▀▀▀█▀ █▄▀ ▄▀██▄ ▀█
█▀▀ ▄ ▀▄████▀███▄ ▀█▄██▄▀█▀ ▄  ▀▄▄█ ▀  ▄▄▀▀ █▄▀  ▀█▀  ▀▀▀██
█▄▀█▀█▀▄▄█ ▀█ █ ▄▄▄ █▄▀█▀ ▀█▀▀ ▀▄ ▄  ▄▀██▀ ▀ ██▄ ▀ █▀██▀▄ █
█▀▄▄  ▄▄▄ ▀▀ ▀▀▀▀▀▄█ ▀▄██ █ ▄▄▄    █▄██ ▀ ▄▀  ▄ ▄ ▄▄▄ ▀  ██
██    █▄█ ▀▀▀▄  █▄▄▀▀█▄█▀▀▀ █▄█ ▄▀▄▄ ▄ █▀█ ▀██ ▄▄ █▄█ ▀▄ ██
██▀▀ ▄ ▄▄▄█▀ ▀█▄    █▀ ▀▄▄ ▄    ▀▄▄▀█ ▄▄▀█▀ ▀ █▄▄▄▄▄   ▀▄██
█▄▀▄ ▀ ▄▀▄ ▀▄▄▀█▄▄▄▄▀█▀██▀▄▄█▄▀  █▀█▄▄█▄█▀▀ ▀▀▄▄▀█▀█▀▄▀▄▄██
█ ▄█▄ █▄▄▄  ▀▄▄█▄█▀ ▀▀▀ █▀▀▄  ▀ ██ ▄█▄▄ ▀█▄█  █▄▀▀ ███▀▀ ██
█▄  ▀▀▄▄ ▀ ██▄ █▀█▀▄▀▀▀█▄ █▀▀█▄  █▄█ ▄██▀▀▀▀▄▀▀▄▀▀ ▀▀▄▄██▀█
██▄▄   ▄▀▀ █▄██▀▀█  ▀ ▀▄▄ ▄ ▀█▀▄▀▄ ▄▄ █▄▀ ▀▀▄▄█  █ █▀██▀▄▄█
█▄▀█▀█▀▄ ▄█▄█ ▀▀▄▄▀▄▄▄██▄▀█▀▄▄▀▀▀█▀█   ▄▀█ ▀ ██▄█▄█ ▄▄ █▀██
███▄ █▄▄██▄▀▀█▄▄▄█▀  ▀▀ ▀▀▀▀▀▀ ▄▀██▀█ ▄ ▀▄ ▄█ ▄█▀█▄█▀▄  ▄▀█
█▀▀▄▄▄▄▄▀▄█▄▄  ██▄▀  ▄▀▄▀ █ ██   █▄▄▄▄▀▄▀▀▀  ▀▄▄██▄ ▀▄█▄█ █
█ ▀ ▀▀▄▄ ██▄█▄▀▀▀█▄ ▄ ▀██▀▀ ▀▀▄▄▄▀▄▀▀▀▄▄ ▀▄▄█▄▄▄▀█▀▀▄ ▀▀▄██
███████▄█▀█ ▀█ ▀▀▄▄▄▀▄▀▀▀ ▀ ▄▄▄  ▀▄█  ██▀█  ▄▀▄█▀ ▄▄▄ ▀ ███
█ ▄▄▄▄▄ █▄▄█▀ ▄▄▄▄█▄▀ ▀ ▀▀▄ █▄█  ▀▀▄      █▄█▀▄█▀ █▄█   ▄██
█ █   █ █ ▀▄▄ ▀▀▄▀  ▄█ ▀▀▄▀    ▄█▀██▄▄ ▄███▀▄▀██▄▄ ▄▄ █▀█▄█
█ █▄▄▄█ █ ▄▄█▄  ▄ █▄▄█▀█▀████▀▀███▄ ▀█▀█▀█▄▀▄▀▄▄█ ▀▄▄▀  ███
█▄▄▄▄▄▄▄█▄█▄█▄▄▄▄▄▄▄██████▄█▄██▄▄▄▄▄▄▄█▄██▄▄▄█▄███▄█▄███▄██

Scan this QR code:
▄▄▄▄▄▄▄▄▄▄▄▄▄▄▄▄▄▄▄▄▄▄▄▄▄▄▄▄▄▄▄▄▄▄▄▄▄▄▄▄▄▄▄▄▄▄▄▄▄▄▄▄▄▄▄▄▄▄▄
█ ▄▄▄▄▄ █▀ █▀ ▀  ██  ▀ ▄▄ ▄█▄▄▄▄ ▀▀▀▄ ▄█▀▀▄ ▄▀▄▄ ██ ▄▄▄▄▄ █
█ █   █ █▀  █▄ █▄▄▀ ██▄▄▀▀▀█▄█ ▄▀██   █▀▀▄▄ ▀█ ▄ ██ █   █ █
█ █▄▄▄█ █▀██▄██▀▄█▄█▄ ▄█▀ █ ▄▄▄ ▀▄▀█▀ ▄▀▄ ▄▄  ▀▀▄██ █▄▄▄█ █
█▄▄▄▄▄▄▄█▄█▄█▄▀ ▀▄▀ ▀ ▀ █ █ █▄█ ▀▄█ ▀▄█ █ █▄▀ ▀ ▀▄█▄▄▄▄▄▄▄█
█  ▄  █▄  █▀█▄ ▀ ▄▀▄ █▀▀▄▀▄     ▀█▀█▀  █▀█   █▄▄ ▀ █ █▄▀▄▀█
█  ▀█▄▀▄▄▄▀███▄ ▄ ▀ ▀▀▀ █ █▄ ▄ █▀▀▄██▀▀▄▀▀ ▀▀▀▄█▀▀█▄▀▀▀▀ ██
█▀▀▀ ▄▀▄██▀▀  ▄▄▄█▀ ▄▄▀▄  ▀ █▀▀██▀█▄  ▀█▀█  █▀█▄ ▀▀▄▀▀█▄███
█▀█ ▄▄▄▄▀█ ▄▄▀▀█ ▄█▀▀█▀█▄ ▀█ █▀ ███  █ ▀▄ ▀▄██ ▀██▀█▀▄▀  ██
██▀██  ▄   ▄█▄▄█▀▄▀▄▀██▀  █▀▀ ▄ ▄▀▀▄▀ ▀▄ █ ▀ ▀▄█ ▀███▀  ▀▄█
█▄ ▄▄  ▄██▀▀▀▄▀█▄▀ ▄▀▄▄▀█▀ ▄▀  ██▄▀ █ ▀▀▀ █▄█ █▀▀  ▄▄▀▀▀▄██
█▄█ ▀▀█▄ ▀▀█ ▀▀█▄▀▄▄▄█▀█▀▄▀ ▀▀▀  ▀▄█ ▄▀██▀▀ █▀▄█▄▀ ▄▄▀█  ▀█
██▄██  ▄█▄█▀█▀▄▀▄ ▄ ▄█  ▀█▀ █▀█▄█▄▄ ▄ █ ▄██▀██▄▀▄▀▄ ▄▀▀▀▀██
██ ▄ ██▄█ ▄▄▀  █▄█  █▄██  ▀▀▀▀█▀▄ ▄ ▄▄▀▄▀██▀▄█▄█   ▄███ ▄▄█
██ ▀▀ ▄▄▄ ▀ ▀██ █▄▄█ ▀▄█    ▄▄▄    █▄▀█ ▀▀ ▀▄█ ▄▄ ▄▄▄ ▀  ▀█
█▀▄██ █▄█ ▀ ▄▄█▄▀▄▄▀ █▄█▀ ▀ █▄█ ▄███  █▄██▀  ▀▄▄▀ █▄█ ▀▀▄ █
█ ▀█▀▄▄▄▄▄▄█  █▀▀▄  █▄▄▄ ▀▄ ▄▄▄▄█▄█ ▀█     ▄█▀▀ █▄▄▄     ▀█
█▀▀█ ██▄▄ ▄▀█▄ █▄█  ▀▄██▀▀▄▀██▀  █▀██▄█▄▀▀▀▀▀▀▄█▀▄▀ ▄█▀▀█▄█
█▄▀█▄█▄▄ ▀ ▄▄ ▄ █▄▀  ████▄▄▄▀█▀ █▀▄▄▀█  █▀ ▄  ██ ▄ █▄▄   ██
█▄█ █▀▄▄  ▄▄ ▀▄ ▀█▄▄▀▀▀█▄ █▄▀█▄ ▄████▄ ▄██▀ ███▄▀█ ███▀▄█▀█
██▀█▀█▀▄▄▀█▄  █▄▀█▀▄▀  ▀▄ █ ▀█▄▄ ▄ █▄ ▄█▄▀█▀▀█▄▄▀▄▄▀ ▀▀▀▄▄█
█▄▄▄▄▀▀▄█ ▀██▀█▄▀▄  ▄▄▀▀▀▀█▀█▄ ▄▀█▀█▄ ▀▄▄█▀ ▄█ ██▄▄█▄▄ ▄█▀█
█ ▀▄██ ▄█▀█▄▄▄▀ ██▀ ▄ ▀ ▀ █▀ ▀  ██▀█▀▀ ▄▄█▄▀ ▀  ▀▀ ▀▄█  ▀██
█ ▄█▄▄ ▄█ ▀█▄ ▄███▀ ▄▄▀▄  ▄▀██ █ ██▄▄▄ ████ ▀███▀█▄█▄▄ ▀█▀█
█ ▀ ▀▀▄▄▄▀▀█ ▄█▀ ▀███▄ ▀██▄  ▀▀▄▀ █▀▄▄▄█▄ █▀█ ▀  ▄▄▀█▄   ▀█
███████▄▄▀▀ ▀▀ ▀▄█▄▄▀██▀ ▀▄ ▄▄▄  ▀▄█ ▄▀█ █ ▀ ▀██▀ ▄▄▄ ██▀ █
█ ▄▄▄▄▄ █▄▄ ▄██ ▀▄ ▀████▀▀█ █▄█ ██▀▄▀▄▄▀  ▄▀▀▄ ▄▀ █▄█ ▀▀ ▀█
█ █   █ █ █▀▄▄█ ▄▀▀▄▄██▀▀▄  ▄  ▄ ██▄▄▄▄██▀   ████  ▄  █ █▄█
█ █▄▄▄█ █ ▄▀ █▄█▄ ▀▄▄█ ▄▀██  █▀██▄█▀▀▀ ▄▄ ▄▀▀   ▄  ▄▀█  ███
█▄▄▄▄▄▄▄█▄▄█▄█▄▄██▄▄█▄██▄▄▄██▄█▄▄▄▄▄▄▄█▄▄██▄███▄▄▄▄█▄█▄█▄██

❌ Bot disconnected (428), reconnecting in 5s...
❌ Bot disconnected (428), reconnecting in 5s...
Scan this QR code:
▄▄▄▄▄▄▄▄▄▄▄▄▄▄▄▄▄▄▄▄▄▄▄▄▄▄▄▄▄▄▄▄▄▄▄▄▄▄▄▄▄▄▄▄▄▄▄▄▄▄▄▄▄▄▄▄▄▄▄
█ ▄▄▄▄▄ █▀ █▀ ▀▀███▀▄█ ▄▄ ▄█▄▄▄▄ ▀█▀  ▄█▄█   █▄▄ ██ ▄▄▄▄▄ █
█ █   █ █▀  ▀  █▄▄▀ ▄█▄▄▀ ▀█▄█ ▄▄▄█ ▀ █▀██▄ ▀█ ▄ ██ █   █ █
█ █▄▄▄█ █▀█▀ ██▀▄█▄█▄ ▄█▀ █ ▄▄▄ ▄▄▀█  ▄▀▀▀▄▄▄█▀▀▄██ █▄▄▄█ █
█▄▄▄▄▄▄▄█▄█ █ ▀ ▀▄▀ ▀ ▀ █ █ █▄█ ▀▄█ ▀▄█ █ █▄▀ ▀ ▀▄█▄▄▄▄▄▄▄█
█  ▄ ▄▀▄  █▄██ ▀ ▄▀▄ █▀▀▄▀▄▄    ▀█▀█▀  █▀█   █▄▄ ▀ █ █▄▀▄▀█
█  ▀█▄▀▄ █▀   ▄ ▄ ▀ ▀▀▀ █ ▀█▄  █▀▀▄██▀▀▄▀▀ █▀▀▄█  █▄█▀▀▀ ██
█▀▀█ ▄▀▄ ▄▀▄  ▄▄▄█▀ ▄▄▀▄    ▄█▀██▀██   █▀█▄ █▀▀▄▄▀▀▄▀█▀ ███
███▄█▄▄▄▀█ ▄▄▀▀█ ▄▀▀▀█▄█▄ ▀█ ▄▀ ██ █ █▀▄  ▄▀▀▀█▄█▀▀█▀█▀▀ ██
███▄▀  ▄   ▄█▄▄███▄ ▀▄▀▀▄▀█▀▀   ▄▀▀▄█▄▀█▀█▀ ██▄█ ▀███▀▀ █ █
██▄  ▄▄▄██▀▀▀▄▀██  ▄█ ▄▀█▀ ▄▀  ▄▀ ▀ ▄  ▀▄ █▄▀▄▄▀▀  ▄▄▀▀▀▄██
███ ▀▀█▄ ▀▀█▀ ▀█▄▀▄▄▄█▀█▀▄▀ ▀▀▀ ▀▀▄█▄▄▀██▀▀ ▄█▄█▄▀ ▄▄▀█ ▀▀█
██▄██▄█▄▀▄▀▀▄█▀█▄ ▄ ▄█  ▀█▀ █▀█▄██▄ ▄ █ ███▀█▄▄▀▄▀▄▀ ▀▀▀▀██
██ ▄ █▄▄▀▄▄ ▄█▀█▄█  █▄██  █▀▀▀█▀▄ ▄ ▄▄▀▄▀██▀▄█▄█▄▀▀████ ▄▄█
██ ▀▀ ▄▄▄ ▄ ▀ ▄▀█▄▄█ ▀▄█  ▄ ▄▄▄    ▀▄▀▀▄▀▀▄█▄█ ▄  ▄▄▄ ▀  ▀█
█▀▄▀▀ █▄█  ▀▄▄▄▄▀▄▄▀ █▄█▀ ▀ █▄█ ▄███  ▀███▀  ▀▄▄▄ █▄█  ▀▄ █
█▄ █▀▄ ▄  ▄█  █▀▀▄ ▄█▄ ▀ ▀█ ▄▄▄▄█▄▄▀▀█▄▀▄  █▀██       ▀▀ ▀█
█▀█▀▄██▄▀▀▄▀█▄ █ ▄ ▄▀██▀  ▄▀▄█▀  █▀██  █▀█  ▄█▄██ ▀ ▀▄▀▀▀ █
█▄▄ ▄█▄▄▄▀ ▄▄ ▄ ▄█▀ ▄ ███ ▄▄▄█▀ █▀▄▄█▀▀▀▀█ █▄▀▄█ ▄ ███  ▄▀█
█▀  █▀▄▄  ▄▄▄▄▄ ▀█▄▄▀▀▀█▄ █▄▀█▄▄▄▀██▄  ▄▀█▀ ▄▀█▄▀█ ███▀▄█▀█
██▀█▀█▀▄▄▀▀█▄█▄▄▀█▀▄▀  ▀▄ █ ▀█▀▄ ▄ █▄ ▄██▀█▀▀▄▄▄▀▄▄▀ ▀▀▀▄▄█
█▄▄▄▄▀ ▄█ █ ▄█▀█▀▄  ▄▄▀▀▀▀█▀█▄ ▄▀█▀█▄ ▀▄▄█▀ ▄█ ██▄▀█▄▄▄ █▀█
█ ▀▄█▄ ▄█▀▀██ ▀ ██▀ ▄ ▀ ▀ █▀ ▀  ██▀█▀▀ ▄▄█ ▀ ▀ ▄▀▄ █▄█▄ ▀██
█ ▄▄ ▄█▄▀▀█ ▄ ▄███▀ ▄▄▀▄  ▄ ██ █ █▄▄▄▄ ▄███ ▀█▄█▀▄█▀▄█▄▀█▀█
█ ▀ ▀▀▄▄▀▄▀█ ▄█▀ ▀  █▄▄▀███▄ ▀▀▄▀ █ ▄ █▀ ▄ ▀█▄▄▀▀▀ █▀▄▀▀ ▀█
███████▄▄▀▀ ▀▀ ▀█▄ ▄█▄██  ▄ ▄▄▄  ▀▄█▄▄ █▀██  ██▄█ ▄▄▄ ▄█▀▄█
█ ▄▄▄▄▄ █▄▄ ▄██ ▀▀ ▀ ██████ █▄█ ██▀▄▀ ▄ ▄ ▄▀█▄▀▄▄ █▄█ ▀▀ ██
█ █   █ █ █▀ ██ ▄▀▀▄▄██▀▀▄  ▄  ▄▄▀█▄  ▄██▀  ▄████  ▄  █ ███
█ █▄▄▄█ █    █▄█▄ ▀▄▄█ ▄▀██ ▀▀▀████▀▀  ▄█▀▄▀▀   ▄  ▄▀▀  ███
█▄▄▄▄▄▄▄█▄█▄▄█▄███▄▄█▄██▄▄▄████▄▄▄▄▄▄▄█▄▄██▄███▄▄▄▄█▄█▄█▄██

Scan this QR code:
▄▄▄▄▄▄▄▄▄▄▄▄▄▄▄▄▄▄▄▄▄▄▄▄▄▄▄▄▄▄▄▄▄▄▄▄▄▄▄▄▄▄▄▄▄▄▄▄▄▄▄▄▄▄▄▄▄▄▄
█ ▄▄▄▄▄ █▄▀▄ ▄█▄██ ▄ █ ▄▄  ▀▀▀▄ ▄▄▀█▀▀▀██▄  ▄▄ ▄ ██ ▄▄▄▄▄ █
█ █   █ █ █▀▀▀ ████ █▄██   █ █▄▀▀█▄▀▀ ▄▀▄▄▀█▄▄▀▄ ██ █   █ █
█ █▄▄▄█ █▄█▀█▀▄█▀▀▄  ▀▄  █▀ ▄▄▄  ▄▀█▀▄  ▄  ▀ ▀▄▀▄██ █▄▄▄█ █
█▄▄▄▄▄▄▄█▄█▄▀▄█ █▄█▄▀▄▀ ▀▄█ █▄█ ▀ ▀ █ █ ▀ █▄▀▄▀▄█ █▄▄▄▄▄▄▄█
█ ▄  ██▄█▄  ▄▄▀█████▀█ ▄  █▄▄▄   █ ▄▀▀▀█ ▄▄ ▄███▀▀ █▀ ▄ ▀ █
█ █ ▄██▄▀█ ▀▄█ ▀▀  ██ ▄▄ ▄ ▄ █  █ ██▄▀▀ █ ▀ █▀▀ ▄▀▀▄▀  ▄  █
██▄▄▀▀▀▄ ▀ █▄▀▄ ▀▄█▄▀▀█▄▄▄▄  ██▀██ ▄█ ▀ █▀▄█▀█▄▄██ ▀▀██▄▀██
█▀▄ ▄  ▄▄▄▄▀  ▄████▄ ▄█▄▄█ █▀▄▀▀▄▀█▄ █▄▀█ ▀▄██▄██▀█▀▄ ▀ ▄██
█▄  ▀▀ ▄▀ ▄ ▀█  ▀ ████▀█ ▄█▄▄▄▀▄▀▄▄▀▀▀▄▄▄█▀▄▄▄▄  ▄█▄▄▀▀█▀▄█
██▀██▄█▄ ██▀▀▀▀▀ ██▀▄█▄██ ▄ █ █▄▀▄█▄ █▀ ▄▀▀█▄█▀ ▄▄▀▀▄ ██ ▀█
█▄█▄▄▀ ▄▀▀ █ ▀ ██ ▄▀██ ▄▀█▀ ▄ █ █▀▀█ █▀█▄▄▀ ██▀▄▄ ▀▄ ▄██  █
█▄█▀▀▀ ▄▀ █▄ ▄▄▀▀▄   ▄    █▀▀▄▀▄ ▄ ▄ █▄█ █ █▀█▄▄▀▄▀██  ▄█▄█
█ ▀▀█ ▄▄ ███▀▄ ▄ ▄ ▄█ ███▄▀▀█▀▄█▄▄  ▄ ▀▀▀▀▄█ ▀▀▄██▀ ▀█▀█▄▄█
█ █▄▀ ▄▄▄  ▀▀▀ ▄  ▄▄▀▀█▄█▀  ▄▄▄ ▀ █ ▄▄▄▄ ▀  ▀ ▀██ ▄▄▄ ▀▀▀██
█ ▄▀█ █▄█ ▀█ ▀▄█  █▄█▄▀▀ ▄█ █▄█     ▀▀██▄▀▄█▀▄▀▀  █▄█ █▀▄▄█
█▀▀ ▄▄▄▄▄ ▀▀▄██ ▄  ███▀█  ▀▄▄ ▄▄▀ ▀ ▀ ▄▀▀▀▄█▀ ▀▄▄ ▄▄ ▄▀█▄▀█
█▀ ▄▀  ▄█ ▀ ▄█ █ █ █ █  ▀▀█▄██▀▀▀█ ▄▀█▄▄█▄  ▀█▄█▀▀ █▄▄ ▄▀▀█
█▀█ ▀▄▄▄ ▀█▄ ▀ ▄█▀ █ ▄▄▄ ▄██   █▀ █ ▄▀ ▀▀▄█▀▀▀▀▀▀▄▄▄▀  ▄█▄█
█▀ ▄█▀ ▄ █▄█ ▄ ▀███ ▀███ ▄█████▄ ▀ █▄ █▀▀███▄▀█▄██ ██▄ ▀███
█▄█▄▀▀ ▄ ▀██▀▄█  ▄ ▀   █▄▀█  ▄ █ ▄▀█▄ ▄▄  ▀ ▄▄▄▀ ▄▀█ ▄█ █▄█
█▀█▄▄  ▄▄█▄ ▄▀▀█▀  ▀ █ ▀█▄▀ ▀  ▄█▄▄▀▀█▄█▄▀▀▄▄▄  ▄▀▄▀▀ █ █▄█
█▀█ ▄ ▄▄█▀█▄ ▀██ ██▄ ██ █████▀▄ ▀▀▀█▀▄▄▄█▄▄▄█▄ █▀▀ ▀█▄ ▄▄██
█  ▀▄ ▀▄██▀▄▄▀ █▄█▀▀▀▄ █▀▀█▀▄▄ ▀▀█ ▄▄█ ▄  █ ▀▀▄▄█ █ ▄█▄▄▄ █
█ ▀ ▀▀▄▄    ▄▀█ ▄▀ ▄ ▀▄█▄▄██▄██▀   ▄    ▀█▀▄█▀  █▀█ ▀ ▀█ ▄█
███████▄▄▀▀ █▀ █▀▄    ▀▀▄▄▀ ▄▄▄  █ █▀  ▀ █▄█▀▀▀▄▀ ▄▄▄ ▄█▀██
█ ▄▄▄▄▄ ███▄▀▀█▄▄███ ▄ ▀▀▄█ █▄█ ██ █▄█▀▀█▀█▄  ▄█▀ █▄█  ▀▀▀█
█ █   █ █▀▄ █▄█ ▀█▀█ ▄██ ▀█      ▄ ▀▀█▄█ ▀▄▄█  ▀▄ ▄▄  ▄▄▀██
█ █▄▄▄█ █ █▄ ▀█   ▀ ▄▀███▀█▀▀██▀█▀  █▀▀▀▄█ ███ ▄▀▄▀ ██▄▄█▀█
█▄▄▄▄▄▄▄█▄███▄▄███▄█▄█▄▄█▄███████▄██▄█▄▄▄▄▄████▄█▄██▄▄█▄███

❌ Bot disconnected (408), reconnecting in 5s...
❌ Bot disconnected (408), reconnecting in 5s...
Scan this QR code:
Scan this QR code:
▄▄▄▄▄▄▄▄▄▄▄▄▄▄▄▄▄▄▄▄▄▄▄▄▄▄▄▄▄▄▄▄▄▄▄▄▄▄▄▄▄▄▄▄▄▄▄▄▄▄▄▄▄▄▄▄▄▄▄
█ ▄▄▄▄▄ █▄▀▄ ▄▄██▀ ▄ ▀ ▄▄▄ ▀▀▀▄ ▄▄ ▀▀█ ▀▄█▄▄▀  ▄ ██ ▄▄▄▄▄ █
█ █   █ █ █▀█▀ ██▄█ ▄███▀  █ █▄▀█▄▄▀ ▀▄▀█▄▀█ ▄▀▄ ██ █   █ █
█ █▄▄▄█ █▄▀▀ ▀▄█▀▀▄  ▀▄  █▀ ▄▄▄  █▀█▀▄   ▀ ▀▀█▄▀▄██ █▄▄▄█ █
█▄▄▄▄▄▄▄█▄█▄▀ █ █▄█▄▀▄▀ ▀▄█ █▄█ ▀ ▀ █ █ ▀ █▄▀▄▀▄█ █▄▄▄▄▄▄▄█
█ ▄  ▀▀▄▀ ▄   ▀█████▀█ ▄  ▀▄▄▄   █ ▄▀▀▀█ ▄▄ ▄███  ▄██ ▄ ▀ █
█ █ ▄██▄▄█▀ █  ▀▀  ██ ▄▄ ▄██ ▀  █ █▀▄▀█ █ ▀▄█▀▀ ▄▀ █ █ ▄  █
██▄▀ ▀▀▄▄█ ▀▄▀▄ ▀▄█▄▀▀█▄▄▄█▀▀▀█▀█████ ▀ █▀ ▄▀██▄██ ▀███ ▀██
█▀ ▄█  ▄██▄▀  ▄████  ▄ █▄█ █ █▀▀▄▀▀▀ ▀███ ▄▄▀▀ █▀ █▀▄▀▀▀▄██
█▄ ▀█▀ ▄▀ ▄ ▀█    ▀█▄▄▄▀▀▄█▄▄▄▄█▀▄█▀▀█▄▄▄▀▄█▀ ▄▀ ▄█▄▄▀▀▄▀ █
█▄█ ▄▄▀▄ ██▀▀▀▀▀▄▄█▀█ ▄██▄▄ █ ██▀▄█▄█▀▀▀ █ █  ▀ ▄▄▀▀▄ ██ ██
█▀ ▄▄▀ ▄▀▀ █ █ ██ ▄▀██ ▄▀█▀ ▄ █ ▄█▀██▀▀█  ▀ ▀█▀▄▄  ▄ ▄██ ▀█
█▄█▀▀▄ ▄█▄▀▄▀   ▀▄   ▄    █▀▀▄▀▄ ▄ ▄▀▄▄█▀█ █▀█▄▄▀▄ ▄█  ▄█▄█
█ ▀▀█▄ ▄ ▀▄██▀▀▀ ▄ ▄█ ███▄▀██▀▄█▄▄  ▄ ▀▀▀▀▄█ ▀▀▄▄▄ ▀█▀▀█▄▄█
█ █▄▀ ▄▄▄ █▀  ▀▀  ▄▄▀▀█▄█▀█ ▄▄▄ ▀ █ ▄▄▄▄ ▀  ▀ ██▄ ▄▄▄ ▀▀▀██
█ ▄▄█ █▄█ ▀█ ▀█   █▄█▄▀▀ ▄█ █▄█     ▀▀ █▄▀▀█▀▄▀ █ █▄█ ▀▄▄▄█
█▀▄ ▀▄ ▄▄ ▀▀▄██ ▄ ▀███▄▄  ▀ ▄ ▄▄▀  ▀█ ▄ ▀▀███  █▄▄ ▄▄ ▄█▄▀█
█▄▀▄▄  ▄▄█▀ ▄█ ██▄ █ █▄ ▀ █▄▀█▀▀▀█ ▄██▀▄█▄ ▀▀▀█▄█  ██▄▀█▀▀█
█▀▀▄▀▄▄▄▀▀█▄ ▀ ▄▀▀ █ █▄▄▄▀███  ██ █ █▀  ▀▄█▀▄ ▀▀▀▄▄▄▀█ ▄ ▄█
█▄▄▄█▀ ▄ █▄██  ▀███ ▀███ ▄████▄▀█▀ █  █▀▀██████▄██ ██▄ ▀███
█▄█▄▀▀ ▄ ▀  █ ▄█ ▄ ▀   █▄▀█  ▄▀█ ▄▀█▄ ▄▄ ▀▀ ██▄▀ ▄▀█ ▄█ █▄█
█▀█▄▄  ▄▄█▄▄▀  █▀  ▀ █ ▀█▄▀ ▀  ▄█▄▄▀▀█▄█▄▀▀▄▄▄  ▄▀▀█▀ ▀▄█▄█
█▀█ ▄ █▄█▀▀▀█▄▀█ ██▄ ██ ██▀██▀▄ ▀▀██▀▄▄ █▄▄ █▄▄▀▀▀▀██▄▄▄▄██
█  ▄  █▄▀█▄ ▄▀▄█▄█▀▀▀▄ █▀▀▄▀▄▄ ▀▀█▄▄▄█ █  ▀▀▀▀▄██▄ ████▀▄ █
█ ▀ ▀▀▄▄▀█  ▄▀█ ▄▀ ▄ ▀█▀▄▄▄ ▄██▀   █  ▀▄█▀ ▄█▀▄▀▄ █ ▀▄▀█ ▄█
███████▄▄▀▀ █▀ █ ▄  ▀  ▀█▄▀ ▄▄▄  █ ██▄▀▀▀▀██▀█ ▄█ ▄▄▄ █▄▀██
█ ▄▄▄▄▄ ███▄▀▀█▄ ████▄ ▀███ █▄█ ██ ██▄  ▀ █▄▄████ █▄█  ▀▀██
█ █   █ █▀▄   █ ▀█▀█ ▄██ ▀█  ▄   ▄ ▀▀▀▄█ ▀▄▄▄▄ ▀█ ▄▄▄▄▄▄▀▄█
█ █▄▄▄█ █ █ ▄█▄▄  ▀ ▄▀███▀█▀███▀█   █ ▀▀██ ██▄ ▄▀▄▀ ▀▀▄▄█▀█
█▄▄▄▄▄▄▄█▄███▄▄███▄█▄█▄▄█▄███▄███▄██▄█▄▄▄▄▄████▄█▄███▄█▄███

▄▄▄▄▄▄▄▄▄▄▄▄▄▄▄▄▄▄▄▄▄▄▄▄▄▄▄▄▄▄▄▄▄▄▄▄▄▄▄▄▄▄▄▄▄▄▄▄▄▄▄▄▄▄▄▄▄▄▄
█ ▄▄▄▄▄ █▀ █▀   ▄▀█  ▀▀▄█▄▄█▄▄▄▄ ▀▀▀▄█▄▀█▀▀▄█▄▄▄ ██ ▄▄▄▄▄ █
█ █   █ █▀  █  ███▀ ▄█▄▄▀ ▀█▄█ ▄▀▄█ ▀▀█▀▄▄▄  █ ▄ ██ █   █ █
█ █▄▄▄█ █▀█▀█▄█▀▄█▄█▄ ▄█▀ █ ▄▄▄  ▄▀█ ▀▄▀▄▄▄▄ █▀▀▄██ █▄▄▄█ █
█▄▄▄▄▄▄▄█▄█ █▄▀ ▀▄▀ ▀ ▀ █ █ █▄█ ▀▄█ ▀▄█ █ █▄▀ ▀ ▀▄█▄▄▄▄▄▄▄█
█  ▄ ▄▀▄▄ ▀  ▀ ▀ ▄▀▄ █▀▀▄▀ ▄    ▀█▀█▀  █▀█   █▄▄▀  █▄█▄▀▄▀█
█  ▀█▄▀▄▀█▄   ▄ ▄ ▀ ▀▀▀ █  ▄▄  █▀▀ ▀█▀█ ▀▀ ▀▀▀ ██▀█▄▄█▀▀ ██
█▀▀█▄▄▀▄ █ ▀  ▄▄▄█▀ ▄▄▀▄   ▀ ▀▀██▀▄█  ▄▄▀█▀ █▀██  ▀▄▀▀▀▄███
█▀▄▀ ▄▄▄▀▄ ▄▄▀▀█ ▄▀▀▀█ █▄ ▀█ ██▄████▄█    █▄█▀  █ ▀█ █▀  ██
█ █▀█  ▄   ▄█▄▄█▄▄▄▄▀▄▀█ ▀█▀▀   ▄▀▀▄▄▄▀▄▀█   ▀▄▄ ▀███▀▀ █▄█
██▄▄▄ ▄▄██▀▀▀▄▀█ ▄ ▄▄█▄▀▄█ ▄▀ ▀▄▀ ▀ ▀█ ▀█▀██▀█▄▀▀  ▄▄▀▀▀ ▀█
██  ▀█ ▄ ▀▀█ ▀▀█▄▀▄▄▄█▀█▀▄▀ ▀▀▀ █▀▄█▀▄▀█▄▀▀  ▀▄█▄▀▀█▄▀█ ▀ █
██▄██  ▄▀ ▀█▄▀▀▄▄ ▄ ▄█  ▀█▀ █▀█▄█▄▄ █▀█ ▄██▀██▄▀▄▀▀▄▄▀▀▀▀██
██ ▄  █▄ ▄▄█▀██▀▄█  █▄██  █▀▀▀█▀▄ ▄ ▄▄▀▄▀██▀▄█▄█ ▀ ▄▄██ ▄▄█
██ ▀▀ ▄▄▄ ██▀██▄█▄▄█ ▀▄█  █ ▄▄▄   ▄█▄▀█▄▀▀ █▄█ ▄▀ ▄▄▄ ▀  ▀█
█▀▄   █▄█ ██▄▄ ▀▀▄▄▀ █▄█▀ ▀ █▄█ ▄███  ▀███▀  ▀▀█▀ █▄█ ▀█▄ █
█▀▀ █  ▄ ▄▄█  █▀▀▄  █▄█  ▀▄▄▄▄▄▄█▄█▀████▄▄ ▀▀▀█ ▄▄   ▄▀▀ ▀█
█▄█ ▄██▄ ▀▄▀█▄ █▄▄▄  ▄▀██▀▄▀▄▄▀  █▀█▄ ▀█▀█ ▀ ▀███ ▀ █▄▀ █ █
█ █ ▀█▄▄ ▄ ▄▄ ▄ ▄▄▀ ▀███ █▄▄█▀▀ ██▄▄█▀▀   ▀███▄▄ ▄ █ █  ▄▀█
█▀▀ █▀▄▄  ▄▄█▄▄ ▀█▄▄▀▀▀█▄ █▄▀██▄▄███   ▄█▀▀  ▀█▄▀█ ███▀▄█▀█
██▀█▀█▀▄▄▀▀▀▀▄█▀▀█▀▄▀  ▀▄ █ ▀█ ▄ █ █▄ ▄█▄ █▀ █▄▄▀▄▄▀ ▀▀▀▄▄█
█▄▄▄▄  ▄█ ▀██▀  ▀▄  ▄▄▀▀▀▀█▀█▄ ▄▀█▀█▄ ▀▄▄█▀ ▄█ ██▄▀ ▄▄ ▄█▀█
█ ▀▄█▄▀▄█▀▄█  ▄ ██▀ ▄ ▀ ▀ █▀ ▀  ████▀▀▄ ▄█▄▀ ▀  ▀█▄█▄█ ▀▀██
█ ▄▀ ▄▄▄ ▄▄▀▄ ▀▀██▀ ▄▄▀▄  █▀██ █ █ █▄▄ ▄██▀▀▀█▄█▀█▀████▄█▀█
█ ▀ ▀▀▄▄▄█▀█ ▄█▀ ▀▄██▄█ ██▄▀ ▀▀▄▀ █  ▄▀█▄  ▀▀ ▀█▄▄█▀ ▀▄▀ ▀█
███████▄█ ▀ ▀▀ ▀█▄█▄ ▄▀█▀▀▄ ▄▄▄  ▀▄█▀▄▀█▀▀ ▀▀▀███ ▄▄▄ ▄█▀ █
█ ▄▄▄▄▄ █▄▄ ▄██ ▀  ▀ ▄██ ▀█ █▄█ ▀▀▀▄█ ▄ ▀▀▄ ▀▀ ▄▀ █▄█ ▀▀▀▀█
█ █   █ █ █▀▀▄█ ▄▀▀▄▄██▀▀▄   ▄ ▄▄██▄ ▄▄█▀█   ████  ▄▄▄█ ███
█ █▄▄▄█ █ ▄  █  ▄ ▀▄▄█ ▄▀██ █▀▀█▄██▀▀▀ ▄█▀▄▀ ▀  ▄  ▄█▀  ███
█▄▄▄▄▄▄▄█▄▄█▄█████▄▄█▄██▄▄▄█▄██▄▄▄▄▄▄▄█▄▄██▄███▄▄▄▄███▄█▄██

❌ Bot disconnected (408), reconnecting in 5s...
❌ Bot disconnected (408), reconnecting in 5s...
Scan this QR code:
▄▄▄▄▄▄▄▄▄▄▄▄▄▄▄▄▄▄▄▄▄▄▄▄▄▄▄▄▄▄▄▄▄▄▄▄▄▄▄▄▄▄▄▄▄▄▄▄▄▄▄▄▄▄▄▄▄▄▄
█ ▄▄▄▄▄ █▀ █▀    ▀▄ ▄▀▀▄▄▄▄█▄▄▄▄ ▀███▀ ▀██▄ █▀▄▄ ██ ▄▄▄▄▄ █
█ █   █ █▀  ▀▄ █▄█▀ ██▄▄▀ ▀█▄█ ▄ ██ ▀▀█▀▀▄▄ ▀█ ▄ ██ █   █ █
█ █▄▄▄█ █▀▀█▀██▀▄█▄█▄ ▄█▀ █ ▄▄▄ ▄▄▀█  ▄▀ ▀▄▄█ ▀▀▄██ █▄▄▄█ █
█▄▄▄▄▄▄▄█▄▀▄▀ ▀ ▀▄▀ ▀ ▀ █ █ █▄█ ▀▄█ ▀▄█ █ █▄▀ ▀ ▀▄█▄▄▄▄▄▄▄█
█  ▄  ▀▄  ████ ▀ ▄▀▄ █▀▀▄▀▄     ▀█▀█▀  █▀█   █▄▄▀ ▄█ ▀▄▀▄▀█
█  ▀██ ▄█ ▄█▄▄▄ ▄ ▀ ▀▀▀ █  █▄▄ █▀▀ ██▀▀▄▀▀▄▀▀▀▄▀▄▀▄▄▄▄▀▀ ██
█▀▀▀▀▄▀▄▀▀▀▄  ▄▄▄█▀ ▄▄▀▄  ▀▀█▀▀██▀█▄   ▄▀█  █▀██▀▀▀▄█▀█ ███
█ ▄▀▀▄▄▄▀█ ▄▄▀▀█ ▄  ▀█▀▀▄ ▀█▀▄▀ ██ █▄▀█▀▄ ▄▄██▄▀▀▀▀█▀▄▀  ██
█▀█▀   ▄   ▄█▄▄██▄▀▄▄▄▀█▄▀█▀▀   ▄▀▀█▄ ▀█▄▀ ▀ █▄▄ ▀███▀ ▀▀ █
█ ▄▀   ▄██▀▀▀▄▀█ ▀ ▄▀█▄▀██ ▄▀ ▀▄█ ▀     ▀ ▄▄  █ ▀ ▄ ▄▀▀▀▄██
██  ▀█▀▄ ▀▀██▄▀█▄▀▄▄▄█▀█▀▄▀ ▀▀▀ ▄█▄█ ▄▀█▀█▀ ▄▀▄█▄▀██▄▀█ ▀ █
██▄███▄▄█ ██▄█ █▄ ▄ ▄█  ▀█▀ █▀█▄██▄ ▄▀█ ▄██▀██▄▀▄▀▀▄▄█▀▀▀██
██ ▄ ▀ ▄ █▄ █ ▄█▄█  █▄██  ▀▀▀▀█▀▄ ▄ ▄▄▀▄▀██▀▄█▄█  ▀▄█▀█ ▄▄█
██ ▀▀ ▄▄▄  ▄ ▀▄▀█▄▄█ ▀▄█  █ ▄▄▄    ▀▄▀█ ▀▀ ▀▄█▄ █ ▄▄▄ █  ▀█
█▀▄ █ █▄█ █▀▄▄█▄▀▄▄▀ █▄█▀ ▀ █▄█ ▄██▄  ▀███▀  ▀█▄▀ █▄█ ▄█▄ █
█▀▄▀ ▄ ▄ ▄▄█  █▀▀▄  █▄▄▀ ▀▄▄▄▄▄▄█▄▄▀██▄▄  █▀██ ▀▄▄   ▄▄  ▀█
█▀ ▄▀██▄▀█▄▀█▄ ██▄ ▄ █▀█▀▀▄▀ ▄▀  █▀█  ▀▄▀▀▄  ▀ ██▀▀  ▄ ▀█ █
█▀▄ ▄█▄▄   ▄▄ ▄ █ ▀ ████▀ ▄▄██▀ ▀▀▄▄█ ▀ ▄  █▀▀█▄▀▄ █▄▄  ▄██
█▀  █▀▄▄  ▄▄▄ ▄ ▀█▄▄▀▀▀█▄ █▄▀█▄█▀▀██▄  ▄█▀▀ ▄██▄▀█ ███▀▄▄ █
██▀█▀█▀▄▄▀▀▄██▀▄▀█▀▄▀  ▀▄ █ ▀██▄ █ █▄ ▄█▄ █▀▀▄▄▄▀▄▄▀ ▀▀▀▄▄█
█▄▄▄▄▀▀▄█   ▄█▄▀▀▄  ▄▄▀▀▀▀█▀█▄ ▄▀█▀█▄ ▀▄▄█▀ ▄█ ██▄▀ ▄▄▄ █▀█
█ ▀▄█▀▄▄█▀█▀▄ ▀ ██▀ ▄ ▀ ▀ █▀ ▀  ██▀▀▀▀▄ ▄█ ▀ ▀▄ ▀▀▄█▄█ ▀▀██
█ ▄█▀ ▄▄ ▀  ▄  ███▀ ▄▄▀▄  █▀██ █ █▄█▄▄ ███▀ ▀█▄▄▀ ▀█▄▄▄▄█▀█
█ ▀ ▀▀▄▄ ▀▀█ ▄█▀ ▀  █▄▄████  ▀▀▄▀ ▄  ▄   ▄█▄▀▄▀█▀▄ █▄    ▀█
███████▄▄▀▀ ▀▀ ▀▄█ ▄ ▄▀▀▄▀▄ ▄▄▄  ▀▄█▀▄ ▄██  ▄▀▄██ ▄▄▄ █▄█ █
█ ▄▄▄▄▄ █▄▄ ▄██ ▀▀ ▀▀▄██▀ █ █▄█ █▀▀▄ ▄█▀▀ █ ▀▀▀▄▀ █▄█ ▀▀▄▀█
█ █   █ █ █▀███ ▄▀▀▄▄██▀▀▄   ▄ ▄ ██▄█ ▄█▄█  █████  ▄ ▄█ ▄██
█ █▄▄▄█ █  ▄██▀█▄ ▀▄▄█ ▄▀██ █▀▀████▀▀  ▄▄ ▄▀▀▀  ▄  ▄██  ███
█▄▄▄▄▄▄▄█▄▄█▄▄████▄▄█▄██▄▄▄██▄█▄▄▄▄▄▄▄█▄▄██▄███▄▄▄▄█▄▄▄█▄██

Scan this QR code:
▄▄▄▄▄▄▄▄▄▄▄▄▄▄▄▄▄▄▄▄▄▄▄▄▄▄▄▄▄▄▄▄▄▄▄▄▄▄▄▄▄▄▄▄▄▄▄▄▄▄▄▄▄▄▄▄▄▄▄
█ ▄▄▄▄▄ █▄▀▄ ▄▄▄▄█▀▄▄▀ ▄ ▄ ▀▀▀▄ ▄▄▀█ █ ███▄ ▀▀ ▄ ██ ▄▄▄▄▄ █
█ █   █ █ █▀▀█ █▄▄█ ▄███ ▀ █ █▄▀▀█▄▀  ▄▀██▀█▀█▀▄ ██ █   █ █
█ █▄▄▄█ █▄▀██▀▄█▀▀▄  ▀▄  █▀ ▄▄▄   ▀█▄    ▄ ▀█▀▄▀▄██ █▄▄▄█ █
█▄▄▄▄▄▄▄█▄▀▄▀▄█ █▄█▄▀▄▀ ▀▄█ █▄█ ▀ ▀ █ █ ▀ █▄▀▄▀▄█ █▄▄▄▄▄▄▄█
█ ▄  ▀▀▄▀  █▀▀▀█████▀█ ▄  ▀ ▄▄   █ ▄▀▀▀█ ▄▄ ▄███▄  █▀ ▄ ▀ █
█ █ ▄▄█▄ ▄▀▄▄▄ ▀▀  ██ ▄▄ ▄█▄▄█  █ ██▄▀█▄█ ▀▄█▀▀ █▄ ██▀ ▄  █
██▄▄▄▀▀▄█▄▀▄▄▀▄ ▀▄█▄▀▀█▄▄▄▄ █▀█▀██▄██  ▀█▀▄▄▀█ █ █ ▀▀▀█▄▀██
██▀ ▀  ▄▄▄▄▀  ▄███▄▀ ▄▄▄▄█ █▀█▀▀▄▀▀█ █▀█▀ ▄ █▀ █ ▀█▀▄ ▄ ▄██
█ ▄▄ ▀ ▄▀ ▄ ▀█   ▀▀█ █ ▀▀██▄▄▄ ▄▀▄▄▀▀██▄ ▀▄▄▄▄█▀ ▄█▄▄▀▀▄█▄█
█ █▀█ ▀▄ ██▀▀▀▀▀▀▀█▀▀▀▄█  ▄ █ █▄▀ █▄▀█▀▀▄▄ ██▄▀ ▄▄▀▀▄ ██ ▀█
██ ▄▄ ▀▄▀▀ █▀█ ██ ▄▀██ ▄▀█▀ ▄ █ ▀▀▀█ █▀█▄▄▀ ▀▀▀▄▄ ██ ▄██ ▀█
█▄█▀▀▄ ▄▀▄██▄   ▀▄   ▄    █▀▀▄▀▄▀▄ ▄▀█▄█ █ █▀▄▄▄▀▄ ▀▀▄ ▄█▄█
█ ▀▀█▄ ▄▄  █▄▄█  ▄ ▄█ ███▄█▀█▀▄█▄▄  ▄ ▀▀▀▀▄█ ▀▀▄█▄▀▀▄▀▀█▄▄█
█ █▄▀ ▄▄▄ ▄█▀▀▄   ▄▄▀▀█▄█▀  ▄▄▄ ▀ █ ▄▄▄▄ ▀  ▀ ██▀ ▄▄▄ ▀▀▀██
█ ▄██ █▄█ ▀  ▀██  █▄█▄▀▀ ▄█ █▄█     ▀▀▄█▄▀▀▄▀▄▀ ▄ █▄█ ▄█▄▄█
█▄  ▄▄ ▄▄▄▀▀▄██ ▄ ██████    ▄ ▄▄▀ ▀ █ ███▀ █▀ ▄▄▀  ▄ ▄██▄▀█
█▄██▄  ▄▄█▀ ▄█ ███ ▀ █   ▀█▄▄█▀▀▀█ ▄█▀ ▄ ▄  ▀▀▄█▀▄ █ █▀▄▀██
█▄ █▀▄▄▄▀██▄ ▀ ▄██ █ █▄▄▄▀██ ▄ █▀▄█ ▄ ▀▀█ █ ▄█▀  ▄▄▄▀  ▄ ▄█
█▀▀▄█▀ ▄ █▄█   ▀███ ▀███ ▄████ █ █ █ ▄█▀█▀██ ▀█▄██ ██▄ ▀█▄█
█▄█▄▀▀ ▄ ▀▄ ▄██▄ ▄ ▀   █▄▀█  ▄▄█▀▄▀██ ▄▄▀▀▀ ▄█▄▀ ▄▀█ ▄█ █▄█
█▀█▄▄█▄▄▄█▀▀▀▀ █▀  ▀ █ ▀█▄▀ ▀  ▄█▄▄▀▀█▄█▄▀▀▄▄▄  ▄▀█ ▀ ▀ █▄█
█▀█ ▄▀ ▄█▀ █▀▄   ██▄ ██ █████▀▄ ▀▀▀█▀▄  █▄ ▄█▄▄███▀██▄██▄██
█  ▄██▀▄ ▀▄█▄▀▄ ▄█▀▀▀▄ █▀▀▄▄▄▄ ▀▀███▄█▀█   ▀▀▀▄██▀▀▀▄█ █▄ █
█ ▀ ▀▀▄▄    ▄▀█ ▄▀ ▀ ▀▄█▄▄▄▀▄██▀  ▀▄▄  ▀▀██ ▀▀██▀ ▄ █  █ ▄█
███████▄█ ▀ █▀ █ █▄▄ ▀▀▀██▀ ▄▄▄  █ █ ▄ ▀▄▀█▄██ █▀ ▄▄▄ ▄██▀█
█ ▄▄▄▄▄ ███▄▀▀█▄█▄██▀▄ ▀▀ █ █▄█ ██ █ █▀▀  ███ ███ █▄█  ▀▀▀█
█ █   █ █▀▄ ▀▀█ ▀█▀█ ▄██ ▀█ ▄▄   ▄ ▀▄▀▄█ █▄▄▄▄ ▀█ ▄▄▄▄▄▄ ▄█
█ █▄▄▄█ █ ▀ █▀ ▄  ▀ ▄▀███▀█▀▄██▀▄▀  ▄ ▀▀▄█ ███ ▄▀▄▀ █▀▄▄█▀█
█▄▄▄▄▄▄▄█▄▄▄██▄███▄█▄█▄▄█▄██▄████▄██▄█▄▄▄▄▄████▄█▄███▄█▄███

❌ Bot disconnected (408), reconnecting in 5s...
❌ Bot disconnected (408), reconnecting in 5s...
Scan this QR code:
Scan this QR code:
▄▄▄▄▄▄▄▄▄▄▄▄▄▄▄▄▄▄▄▄▄▄▄▄▄▄▄▄▄▄▄▄▄▄▄▄▄▄▄▄▄▄▄▄▄▄▄▄▄▄▄▄▄▄▄▄▄▄▄
█ ▄▄▄▄▄ █▀ █▀ ▀▀█▀█▀▄▀▀█  ▄█▄▄▄▄ ▀▄▀▀▄ █▀▄▄ ▀▀▄▄ ██ ▄▄▄▄▄ █
█ █   █ █▀  ▀▄ ███▀ █▄▄▄  ▀█▄█ ▄▀██   █▀█▄▄ ▀▄ ▄ ██ █   █ █
█ █▄▄▄█ █▀▀█▄▄█▀▄█▄█▄ ▄█▀ █ ▄▄▄ ▀ ▀█▄▀▄▀▀█▄▄  ▀▀▄██ █▄▄▄█ █
█▄▄▄▄▄▄▄█▄▀▄█▄▀ ▀▄▀ ▀ ▀ █ █ █▄█ ▀▄█ ▀▄█ █ █▄▀ ▀ ▀▄█▄▄▄▄▄▄▄█
█  ▄ ▄▀▄  ▄█   ▀ ▄▀▄ █▀▀▄▀▄     ▀█▀█▀  █▀█   █▄▄▄▀ █ ▀▄▀▄▀█
█  ▀█▄ ▄█▄█▄▄ ▄ ▄ ▀ ▀▀▀ █ ▄█   █▀▀ ▀█▀▀▄▀▀ █▀▀ ▀▄ █▄▄█▀▀ ██
█▀▀▀▀▄▀▄▀ ▀▄  ▄▄▄█▀ ▄▄▀▄    █▀▀██▀▄▄  ▀█▀█▀▀█▀▄▄  ▀▄█▀█ ███
█▄█ ▀▄▄▄ █ ▄▄▀▀█ ▄█▄▀█  ▄ ▀█▀██ ████▄██▄▄ ▄▀█▀▀█ ▀▀█▀█▀  ██
██▀▀▀  ▄   ▄█▄▄█▄▄▄ ▀▄▀▀▀▀█▀▀  ▀▄▀ █▄▄▀█ ▀▀▀ █ ▄ ▀███▀▀ ▀▄█
█▀▄█ ▄ ▄██▀▀▀▄▀█▄▄ ▄▄▄▄▀█▄ ▄▀  ██▄▀    ▀▀▀███▀▄ ▀ ▄▄▄▀▀▀▄██
█▄  ▀█▄▄ ▀▀█▄ ▀█▄▀▄▄▄█▀█▀▄▀ ▀▀▀ ▄▀▄█▄▄▀█▀█▀  █▄█▄▀ █▄▀█ ▀▀█
██▄██▀ ▄█▄▀▄▄▀▀█▄ ▄ ▄█  ▀█▀ █▀█▄▄█▄ █ █ ███▀▄█▄▀▄▀▄▀▄▀▀▀▀██
██ ▄ ▀█▄ █▄ ▄ ▄▄▄█  █▄██  ▀█▀▀█▀▄ ▄ ▄▄▀▄▀██▀▄█▄█▄▀ ▄▄██ ▄▄█
██ ▀▀ ▄▄▄  ▀▀█▀▄█▄▄█ ▀▄█    ▄▄▄    ▀▄▀█ ▀▀▄▀▄█▄▄  ▄▄▄ █  ▀█
█▀▄   █▄█ █▄▄▄  ▀▄▄▀ █▄█▀ ▀ █▄█ ▄█ █   ███▄  ▀█▄▄ █▄█  ▀▄ █
█▀█▄▀  ▄ ▄▄█  █▀▀▄▀▀█▄▀▀ ▀█ ▄▄▄▄█▄█ █▀▀▄  ▀█▀▀▄▀ ▄▄   █▀ ▀█
█▀▀▄███▄▀▄▄▀█▄ ██▄  ▄▄▀▀▀▀▄▀▄▄▀  █▀█ ▄█▄▀▀▀ ▄██▄█ ▀ ▄█ ▀▀ █
█▄█  █▄▄   ▄▄ ▄ ▀█▀ █▀██▄█▄▄▀ ▀ █▀▄▄▄▀   █▀█▀ █▄▀▄ █▀   ▀▀█
█   █▀▄▄  ▄▄▄ ▄ ▀█▄▄▀▀▀█▄ █▄▀███ ▀██   ▄██▀ ▀▀█▄▀█ ███▀▄▄▀█
██▀█▀█▀▄▄▀███ █▀▀█▀▄▀  ▀▄ █ ▀█▄  █ █▄ ▄█▄ █▀ █▄▄▀▄▄▀ ▀▀▀▄▄█
█▄▄▄▄▄▀▄█  █▀▄▄█▀▄  ▄▄▀▀▀▀█▀█▄ ▄▀█▀█▄ ▀▄▄█▀ ▄█ ██▄█▄▄▄▄▄█▀█
█ ▀▄█▀▀▄█▀ ▄▄ ▄███▀ ▄ ▀ ▀ ▀▀ ▀  ████▀▀ ▄▄█▄█ ▀  █▄▄█▄█▀ ▀██
█ ▄  ▀▀▄███▄▄   ██▀ ▄▄▀▄  ████ █ █▄▄▄▄▀███ ▀▀████▀ ▄▀▄▄▀█▀█
█ ▀ ▀▀▄▄█▄▀█ ▄█▀ ▀█▄█▄ ▀██▄  ▀▀▄▀ ▄▀▄▄█   █▄█ ██ █▄▀▄▄ ▀ ▀█
███████▄▄▀▀ ▀▀ ▀▄█▄ ▄▄ ▀█▀▄ ▄▄▄  ▀▄██▄ █▀█▀▀▄▀▄▄█ ▄▄▄ █▄█▄█
█ ▄▄▄▄▄ █▄▄ ▄██ ▄▀ ▀  ██▀▀█ █▄█ ▀▀▀▄ ██ ▀▄█ ▀▀▀▄  █▄█ ▀▀▄▀█
█ █   █ █ █▀█▀█ ▄▀▀▄▄██▀▀▄     ▄▀▀█▄▀▄▄█▀█  █████  ▄ ▄█ ▄██
█ █▄▄▄█ █ █▀▀▄▄▀▄ ▀▄▄█ ▄▀██ ▀▀▀████▀   ▄▄ ▄▀ ▀  ▄  ▄██  ███
█▄▄▄▄▄▄▄█▄██▄█▄███▄▄█▄██▄▄▄██▄█▄▄▄▄▄▄▄█▄▄██▄███▄▄▄▄█▄█▄█▄██

▄▄▄▄▄▄▄▄▄▄▄▄▄▄▄▄▄▄▄▄▄▄▄▄▄▄▄▄▄▄▄▄▄▄▄▄▄▄▄▄▄▄▄▄▄▄▄▄▄▄▄▄▄▄▄▄▄▄▄
█ ▄▄▄▄▄ █▄▀▄ ▄▄█▀▀▀█ ▀▀▄█▄ ▀▀▀▄ ▄▄█▀ ▄▄███▄  ▄ ▄ ██ ▄▄▄▄▄ █
█ █   █ █ █▀▀▀ █▄██ ████   █ █▄▀ █▄▀▀▀▄▀██▀█▀█▀▄ ██ █   █ █
█ █▄▄▄█ █▄██▄█▄█▀▀▄  ▀▄  █▀ ▄▄▄ ▄▄▀█▀█  ██ ▀▄█▄▀▄██ █▄▄▄█ █
█▄▄▄▄▄▄▄█▄█▄▀▄█ █▄█▄▀▄▀ ▀▄█ █▄█ ▀ ▀ █ █ ▀ █▄▀▄▀▄█ █▄▄▄▄▄▄▄█
█ ▄  ▀▀▄█▄ ▀▄▄▀█████▀█ ▄  █ ▄▄   █ ▄▀▀▀█ ▄▄ ▄███   █▀ ▄ ▀ █
█ █ ▄▄█▄ ▄ ▄▀▄ ▀▀  ██ ▄▄ ▄██ ▀  █ ▀▀▄▀▀▄█ ▀▄█▀▀ █▄▀▄▄█ ▄  █
██▄██▀▀▄▄▀▀▀▄▀▄ ▀▄█▄▀▀█▄▄▄▄ ▀██▀██ ██   █▀██▀█ █ █ ▀█▀█▄▀██
█▀▄▄▀  ▄█▄▄▀  ▄████▄ ▄▀ ▄█ █▀▄██▄▀▀ ▄█  ▀ ▀▀█▀ █  █▀█▀▀▀▄██
██▀██▀ ▄▀ ▄ ▀█  ▀  ▀▄▄ █ ██▄▄▄▀▄▀▄▄ █▀█▄▄█▀██▄▀  ▄█▄▄▀▀██ █
█ ▄▄▀▄█▄ ██▀▀▀▀▀█ █▀█▄▄███▄ █ ███▄█▄▄▄  ▄▀▀▄▀▄ ▀▄▄▀▀▄ ██▄██
█▀▀▄▄▄▄▄▀▀ █   ██ ▄▀██ ▄▀█▀ ▄ █ ▀▀▀█ █▀█ ▄▀ ▀█▀▄▄  █ ▄██▀▀█
█▄█▀▀█▀▄▀▄██▀█▀█▀▄   ▄    █▀▀▄▀▄▀█ ▄ █▄█ █ █ ▄▄▄▀▄█▀█▄ ▄█▄█
█ ▀▀███▄█▀▄▄█▄▀▄ ▄ ▄█ ███▄▀▀█▀▄█▄▄  ▄ ▀▀▀▀▄█ ▀▀▄▄▄▀▀█▀▀█▄▄█
█ █▄▀ ▄▄▄ ██ ██▄  ▄▄▀▀█▄█▀▀ ▄▄▄ ▀ █ ▄▄▄▄ ▀▄▄▀ ▀██ ▄▄▄ ▀▀▀██
█ ▄   █▄█ █▄ ▀ ▄  █▄█▄▀▀ ▄█ █▄█   ▀ ▀▀██▄▀▄█▀▄ ▀  █▄█ ▄█▄▄█
█▄ ██▄▄▄▄ ▀▀▄██ ▄   ███▀   ▄▄ ▄▄▀   ▀ ██▀▀▀▀▀ █ ▀ ▄▄ ▄▄▄▄▀█
█▀▄█▀  ▄ ▄▀ ▄█ ██▄ █ █▄▄▀▀█▄▄█▀▀▀█ ▄▄▀ █   ▀███▄█  ███▀█▀▀█
█▀▀█ ▄▄▄ ██▄ ▀ ▄▄▄ █▀█▄▄ ███▄  █▀▄█ ▀▀▀▀▀ ▄ █▀ ▀ ▄▄▄▄  ▄█ █
█ ▄▄█▀ ▄ █▄█▀▄ ▀███ ▀███ ▄█████▄ █ █  █▀▀▀██▄██▄██ ██▄ ▀▄▄█
█▄█▄▀▀ ▄ ▀█▀▄▀██ ▄ ▀   █▄▀█  ▄ █ █▀██ ▄▄▀ ▀ ▄█▄▀ ▄▀█ ▄█ █▄█
█▀█▄▄ █▄▄█▄█▀█▄▄▀  ▀ █ ▀█▄▀ ▀  ▄█▄▄▀▀█▄█▄▀▀▄▄▄  ▄▀▄▀▀ █▄█▄█
█▀█ ▄ ▄▄█▀█  █▄▄ ██▄ ██ ██▀██▀▄ ▀▀█▀▀▄  █▄  █▄ ██ ▄██▄▄█▄██
█  ▄█ █▄█▀▄▀▄▀▀█▄█▀▀▀▄ █▀▀▄█▄▄ ▀▀█▄█▄██▄    ▀▀▀██  ▄▄▄██▄ █
█ ▀ ▀▀▄▄▄   ▄▀█ ▄▀▀▀ ▀▄▀▄▄█▀▄██▀  ▀█ ▄▄█▀▀ ▀▀▀▄▄▀ ▄ ▄ ▀▄ ▄█
███████▄▄▀▀ █▀ █ ▄█ ▀ █▀ █▀ ▄▄▄  █ █▄▄  ▀█▀▄▄▀ █▀ ▄▄▄ █▄█▀█
█ ▄▄▄▄▄ ███▄▀▀█▄  ██ █ ▀  █ █▄█ ▀▀ ██▄▀▀  ▄▄▀▀██▄ █▄█  ▀█▀█
█ █   █ █▀▄ ▄ █ ▀█▀█ ▄██ ▀█ ▄   █▄ ▀▀▀▄█▄█▄▄ ▄ ▀▄ ▄▄ ▄▄▄▀██
█ █▄▄▄█ █ ▄ █ █▀  ▀ ▄▀███▀█▀█▀█▀▄▀  █ ▀▀▄█ ██▄ ▄▀▄▀ ▀▀▄▄█▀█
█▄▄▄▄▄▄▄█▄▄▄█▄▄███▄█▄█▄▄█▄███████▄██▄█▄▄▄▄▄████▄█▄██▄██▄███

❌ Bot disconnected (408), reconnecting in 5s...
❌ Bot disconnected (408), reconnecting in 5s...
Scan this QR code:
▄▄▄▄▄▄▄▄▄▄▄▄▄▄▄▄▄▄▄▄▄▄▄▄▄▄▄▄▄▄▄▄▄▄▄▄▄▄▄▄▄▄▄▄▄▄▄▄▄▄▄▄▄▄▄▄▄▄▄
█ ▄▄▄▄▄ █▀ █▀   ▀▀█▀▄█▀█  ▄█▄▄▄▄ ▀▄▀▀  ▀▀▀▀▄▄▀▄▄ ██ ▄▄▄▄▄ █
█ █   █ █▀  ▀▄ ██▄▀ ▄█▄▄▀▀▀█▄█ ▄ ▄█ █▀█▀▄▄▄  █ ▄ ██ █   █ █
█ █▄▄▄█ █▀███▀█▀▄█▄█▄ ▄█▀ █ ▄▄▄ █▀▀█▄▄▄▀▀▄▄▄ ▄▀▀▄██ █▄▄▄█ █
█▄▄▄▄▄▄▄█▄▀ █ ▀ ▀▄▀ ▀ ▀ █ █ █▄█ ▀▄█ ▀▄█ █ █▄▀ ▀ ▀▄█▄▄▄▄▄▄▄█
█  ▄ ▄▀▄  █▀   ▀ ▄▀▄ █▀▀▄▀      ▀█▀█▀  █▀█   █▄▄▀▀ █▄█▄▀▄▀█
█  ▀█▄▀▄██  ▄█▄ ▄ ▀ ▀▀▀ █  █ ▄ █▀▀▄▀█▀▀ ▀▀▄█▀▀ ▀ ▀▄█ ▄▀▀ ██
█▀▀▀▀▄▀▄█▀██  ▄▄▄█▀ ▄▄▀▄  ▀ ▀█▀██▀▀▄   ▄▀██ █▀▄▄▀ ▀▄▀█▀ ███
█▄▀▀ ▄▄▄▀▄ ▄▄▀▀█ ▄ ▀▀██▀▄ ▀█▀██▄██▄▄ █▄█▄  ▀▀▀███▄▀█ ▄ ▀ ██
█ ▄▄▀  ▄   ▄█▄▄█▄█▀▄ ▄▀█▄▀█▀▀ ▄ ▄▀ █▄ ▀█▄▀▀ ▄█▄█ ▀███▀▀▀▀▄█
█▀█ ▄▄ ▄██▀▀▀▄▀██▄ ▄█▀▄▀█▄ ▄▀  ██▄▀ ▀█  ▄▀█████ ▀ ▄ ▄▀▀▀ ██
█▀▀ ▀ ▄▄ ▀▀█ ▄▀█▄▀▄▄▄█▀█▀▄▀ ▀▀▀ ▄█▄█▄▄▀█▀█▀ ▄▀▄█▄▀ █▄▀█ ▀ █
██▄██▄█▄▀▄▀█▀ ▀▀▄ ▄ ▄█  ▀█▀ █▀█▄█▄▄ █▀█ ▄▄█▀██▄▀▄▀ ▄ █▀▀▀██
██ ▄ ▄ ▄▀▀█▄█▀▄ ▄█  █▄██  ▀█▀▀█▀▄ ▄ ▄▄▀▄▀██▀▄█▄█ ▀▄█▀▀█ ▄▄█
██ ▀▀ ▄▄▄ ▀▀█  ▄█▄▄█ ▀▄█  ▄ ▄▄▄   ▄▀▄▀▀▄▀▀ ▀▄█    ▄▄▄ ▀  ▀█
█▀▄▄  █▄█ █▄▄▄▀▄▀▄▄▀ █▄█▀ ▀ █▄█ ▄██▄   ███ ▀ ▀▄▄█ █▄█  ▀▄ █
█▄▀▄▄▄▄▄▄ ▄█  █▀▀▄▀▀█▄   ▀▄▄▄▄▄▄█▄▄ ▀█▄▀  █ ▀▀ ▀█▄       ▀█
█ ▀████▄▄▀▄▀█▄ █▀▄█▄ █▀█▀ ▄▀██▀  █▀██  █▀█▀▀▀█▄▄▀▄▀ ▀▄▀ █ █
██  ██▄▄▀▄ ▄▄ ▄   ▀ █▄██▄▀▄▄  ▀ ▀█▄▄██▀▀█▀ █ ▀▄▄ ▄ █▀▄   ██
█ █ █▀▄▄  ▄▄██▄ ▀█▄▄▀▀▀█▄ █▄▀██▄▄███▄  ▄▄█▀ ▄██▄▀█ ███▀▄▄ █
██▀█▀█▀▄▄▀▄▄▄ ▀ ▀█▀▄▀  ▀▄ █ ▀█▄▄▀▄ ██ ▄█▄▀█▀▀▄▄▄▀▄▄▀ ▀▀▀▄▄█
█▄▄▄▄█ ▄█ █ ▀█▀▄▀▄  ▄▄▀▀▀▀█▀█▄ ▄▀█▀█▄ ▀▄▄█▀ ▄█ ██▄▄█▄▄▄ █▀█
█ ▀▄█ ▀▄█▀▄█▀▀▀███▀ ▄ ▀ ▀ █▀ ▀  ████▀▀ ▄▄█ █ ▀ ▄██▄▀▄█▄▀▀██
█ ▄▀██ ▄███ ▄ ▀ ██▀ ▄▄▀▄  ▄▀██ █ █▄█▄▄▀▄██▀▀▀█▀██ █▄█▄▄██▀█
█ ▀ ▀▀▄▄██▀█ ▄█▀ ▀▀██▄▄▀███▄ ▀▀▄▀ █▀▄ █▀▄ █▀█▄█▄█▄▀▀█▀ ▀ ▀█
███████▄█▀▀ ▀▀ ▀▄▄ ▄▀██▀  ▄ ▄▄▄  ▀▄█  ▀█ █▀  ▀███ ▄▄▄ ███▄█
█ ▄▄▄▄▄ █▄▄ ▄██ ▄▄ ▀█▄███▀█ █▄█ ▀▀▀▄▀▄█ ▄ ▄▀ ▀ ██ █▄█ ▀▀▄██
█ █   █ █ █▀  █ ▄▀▀▄▄██▀▀▄     ▄█▀█▄█ ▄█ ▀   ███▄  ▄▄ █ █▄█
█ █▄▄▄█ █    ▀█ ▄ ▀▄▄█ ▄▀██ ▀▀▀████▀▀▀ ▄█ ▄▀▀▀  ▄  ▄█▀  ███
█▄▄▄▄▄▄▄█▄█▄██████▄▄█▄██▄▄▄████▄▄▄▄▄▄▄█▄▄██▄███▄▄▄▄█▄█▄█▄██

Scan this QR code:
▄▄▄▄▄▄▄▄▄▄▄▄▄▄▄▄▄▄▄▄▄▄▄▄▄▄▄▄▄▄▄▄▄▄▄▄▄▄▄▄▄▄▄▄▄▄▄▄▄▄▄▄▄▄▄▄▄▄▄
█ ▄▄▄▄▄ █  ▄▄  █▄██▀█▄ ▄▄▄█  ▀ ▄▀█ ▀█▄█ █ ▄ ▄▀▀▄ ██ ▄▄▄▄▄ █
█ █   █ █ ▄█▄█▀██  ▄▄█▄▀▄█▀█▀▀▀█ ▄█████▀▄ ▄▀▀█ ▄ ██ █   █ █
█ █▄▄▄█ █▀▀▀█▄█▀▀███▀█▄▄▀   ▄▄▄   ▀▀█▄▀▄▄▀▀▄▄█▄▀▄██ █▄▄▄█ █
█▄▄▄▄▄▄▄█▄▀ ▀ █▄▀ █▄▀ █▄▀▄█ █▄█ ▀▄█▄█ █▄█▄█▄▀ █ █ █▄▄▄▄▄▄▄█
█  ██  ▄▀█▀▄█▀█ ▀▄█▄█ ▄█ ▀▀  ▄  ▄ ▄█▀ █ ▄█▄▀  ▀▄▀▀█▀▄▀▄ ▄▄█
█ ▀▀▀█ ▄▀▀▀▄ ▄▄ ▄▀▄█▀▀▀█▄▄ ██▄▄ ▀▀   ▀▀█ ▀▀▄▀  █ ██▄▀▀▄▄▄▀█
█▀▀  ▀█▄ █▀  █▀▀ ▄▀ ▄ ▄▄    ▄▀▀█ ▄██▀▄▄▀▄▀ ▀▄▄▀▄▀▀█ ▄▀█ ▄▄█
█▀▄  ▄█▄▄████▄██▄▀▄█▀▄ ▄▀▀▀█ ▀ ▀█▀▀▀█▀▄  ▄▀ ▄▀ █▀█▄▀▄█▀████
█▀█▄ █▀▄ ▄▄▄  ▀▄▀█▄▄▀▀▄▀ ▀▄ ▄ ▀   ▄▄█ █ ▄▀ ▀▀  ▄▀▀▄ ▄█ ▀  █
█ █▄ █▄▄ ▀▀▄  ▀█▄ ▄ ▄▀  ▀█▄▄▀███▀▄▀▀▀ ▀███▀▄▄▀█▄██▀▀ █▄▄▄██
██ ▀ █▀▄█▄▄▄▄█▄ ▀▀▄ ▀ ▄█▀▄██ ▀█▀▀ █▄▄▄█ ▀▀▀▀█ ██▄▀▄ ▄██▄█▄█
█▄▀ ▄▄ ▄██ ▀ ▄█▄▄█▄ ▄██▀▄ ▀ ▄██▄█████▄ ▄█▄▄█▄▄▀██▄ █ ▀▄▄▀██
█▄▄ ▄▀█▄▀▀▀▄ ▀▀█▀▄▄  ▀▄█▀ ▄▄▄▀ ▀▀█▀  ▄▄  ▀ ▀█  ▄   ▀▄▀█▀▀██
█▄▄▄  ▄▄▄ ▄▄▀▄▀▄▀▄▀  ▀▄  █▄ ▄▄▄     ▀ ▀▄▀█▀   ▄█▀ ▄▄▄ ▄█ ██
███▀█ █▄█ ▀ ▀▄█▀ ▄▄▀▄ ▀█▀▀▄ █▄█ ▀▄▄█ ▄▀ ▄█▀▀  ▀█  █▄█ ▀ █ █
█ █ █▄ ▄ ▄█▄█▄█▄ ██ █▀▄ ▀▀▀  ▄▄▄▀▄██ █ ▄▀▄██▀▄▀ █     ██▄██
█ █▀ ▀ ▄▄▄█▀▄▄▄ ▄▄▀▄█▀▄█  ▀▀▀▄▀ █ ▄█▄ █  █▄▀█▄ █▀█▄  █▀▄█ █
██ ▀ █ ▄█▄ █▄▀▄█▀▄▄██▀▀█▄▄▀▄█▀▄█▀▀ ▀▀██▀ ▀▀ █▀▄ ▄▄ █▀▀▄▄ ▀█
█▄ █▄▀▄▄█▄██▀██ ▄█▀▄▄▄▄█▄  ▄▄█  ▄▄▀█▄▄   ▀▀▀▀▄▄▄▀▀█▄▄▄▄█ ▄█
█ ▄▄ ██▄▀▀█ ▄▄█ ▀ ██▀ ▀▀▀█▄ ▀ ▀█▀█ ▀ ██▄▀█▄▄█▄███  █▀  ▄▄▄█
█▄▄ ▄▄ ▄█▀▀▀█ █▀▀▄▀▄▀▀ █▄▀ ▄▀▄▀▀▄ ▄█  █▀▄█ ▀█  ▄█▄█ ▀▄ █▄ █
█ █▄ █▀▄██▄▄   ▄▄ ▄█ ▀▀█▄▄█▀▀▄█▀▀██  █▄▄▀▀███  ▄▄▀ █▀▀█▄▄▀█
█▀▄▀█▀█▄ ▀█ ▄  ▀ ▄▀ █▀▄▄▀  █ █  █ ▀▄▄▄ ▀▄▀▀▀█▄ ██▄▄▄▄▄ ▄ ██
█ ▀ ▀▀▄▄ ▀█▀ ▀▀▀▀  ▀▄ ▀▀ ▄▀ ▀▄▀▀▄▀▄▄▄▄▄  ▄▄▄▀ ▄▄▄▀ ▀▄▀▄█▄██
███████▄█▀  ▀██▄▀█ ▄█  █ ▀▄ ▄▄▄ █▄▀█▄ ▄  █▀▀ ▄ ▄▀ ▄▄▄  ▀▄ █
█ ▄▄▄▄▄ █▀▄ ▄█▄▄▄  ▀█ ▀█ ▄▄ █▄█ ▄█▀▀▄█ ▀▀▀   ██ █ █▄█ ██ ▀█
█ █   █ █▄▄▄  ▄▄▀▀  ▀ █▀▀▄▄▄▄▄ ▄▀▄ █ ▄█▀▄██▀█▄ ██▄▄ ▄ █▀  █
█ █▄▄▄█ █▀▄▀▄█▀█▄█ ▀▄█▀ ▄ ███▄▄ ██▄██▀▀█▀ ▀▄▄ ▄▀ █▀▄█ █████
█▄▄▄▄▄▄▄█▄█▄▄▄▄▄█▄▄▄▄▄▄████▄█▄█▄███▄▄▄▄█▄█▄▄█▄█████▄█▄███▄█

❌ Bot disconnected (408), reconnecting in 5s...
❌ Bot disconnected (408), reconnecting in 5s...
Scan this QR code:
▄▄▄▄▄▄▄▄▄▄▄▄▄▄▄▄▄▄▄▄▄▄▄▄▄▄▄▄▄▄▄▄▄▄▄▄▄▄▄▄▄▄▄▄▄▄▄▄▄▄▄▄▄▄▄▄▄▄▄
█ ▄▄▄▄▄ █ ██▀ ██▄▀▄ ▀▄██▄▄▀ ▀▄▄▄█▄ ██▀▄▄█▀▄ ▀▄▀▄ ██ ▄▄▄▄▄ █
█ █   █ █  █ █ █▄▀▄█▄█▄▀██▀█▄ █▀▀███▄██▀▀▀▀█▄▄ ▄ ██ █   █ █
█ █▄▄▄█ █▀ ▀▀▄ ▄▀█▄█▀█▀█▀   ▄▄▄ █▀▄█▄ ▀▄██▄▄▀▀▄▀▄██ █▄▄▄█ █
█▄▄▄▄▄▄▄█▄▀▄▀ ▀ ▀ █▄▀ ▀▄▀▄█ █▄█ ▀▄█▄█ █ █▄▀ ▀ ▀▄█ █▄▄▄▄▄▄▄█
█ ▄▀█  ▄▀▀▄ ▀██▄█▄▀▄█ ▄▀▄▀▀ ▄   ▄ ▄█▀ █ ▄█  █ ▀▄▀ ▀▀ ▀▄  ▄█
██ ▀█ █▄  ▄▄██▄ ▄█▄█▀▀▀█ █▀█▄██ ▀▀▄  ▄▀▄▀▄▀▄▀▀▄ ▀ ▄▄ █▄▄ ██
█▀▄▄▀▄▀▄  █▄  ▀▀▀█▀ ▀▀▄▄  ▄▄ █▀█ ▄ ▄  █ ▄█   ▄ █ ▀▄▀ ▀▀▄  █
███ ▄▀▀▄ █ ▀▀▄▀█ ▀▄▄▀█▄▀▀█▀█   ▀███ ▀  █▄█▄▀▀▀▀█  ▀█ ▀ █ ██
█▄ ▀▄  ▄███▄█▄▀  █▄ ▀▀▄█▀▀ ▄▄   ▀▄▄█▄▄█▀▄█  █ ▄█ ▀   ▀▀▀ ██
█ ▄▀█▀▀▄██▀▄▄▀▀█▀██▀▄▄▄▄▄▄ ▄▀█▄▀▀ ▀█▄▀▀▀█▄ ▀▄███▄█ ▄▄▄▄▄▄▀█
█ ██▄ ▀▄█▄▄█  ▄ ▀▀▄▄▀ ▄█▀▄▄█▄▀▀ █▄▀█▄ ▄ ▄▀▀ ▀ ▀█▄▀█▀▀▀█ ▄██
█ ▄██▄ ▄█▄██ █▀▄▄█▀█▄█ █▄ ▀ █▄ ▀▄▄▄█▀▄█ ▄▀ ▄██▄▄▀▄█  ▄▄▄▀██
███▀█▄█▄ ▄  ██▀█▀█   ▀ █  ▄ ▄▀█▀▀█▀ ▄▄▄▀▄██▀▀ ▀█▀▀▄ ▄██ ▀▀█
█  ▀▀ ▄▄▄ ▄▀▄▄▄▄█▀▀  ▀▄ ██▄ ▄▄▄    ▄▀▄▀▄▀▄▀ ▄█ ▀▀ ▄▄▄ ▄█ ▀█
█▀▀▀▄ █▄█ ▄█▄▄█▄▄▄▄▀█ ▀█▀   █▄█ ▀ ▀▄  ▄  █▀▀█▄ ██ █▄█ ██▀██
█▀▀▀▄▄ ▄  ▄ ███▀▀▀▄▄█▄█ █▄▄ ▄   █▄██ ▄█ ▄▀▀███▄▀█ ▄▄▄ ▀▄ ▀█
█▀ ▀███▄ ▄▀▀█▄█ ▀▄▀▄▀▀▄█  ▀▄ █▀ █ ▄█▄ █▀ █▀▀█  ▄█▄▄█▀█ ▀ ▀█
█▄▄█▀ ▀▄▀  ▀▀█▄ ▄ ▄█▄██ ██▄▄ █▄███▄▀ ▄▀▀ ▀▄  ▀█▀▄▀ █▀ ██▄▀█
██ █ ▀▄▄██▀▄▄█▀█▄█▄▄▄▄▄█▄  ▀▄█▄▀▀▄ █  █▀ ▀▀ █  ▄▀██  █▀▄ ██
█ ▀█▀ ▄▄▄▀▄▀██▀█▀ ▄▀▀  ▄▀██ ▀ ▄▀▀█  ▀█▄█▄▄ ▄▀▄▄▀▄▀▄▀ ▄▄▄▄▄█
█▄▀▀▀ ▀▄ ██▄█  █▄▄  ▀▀▄▀▀▀ ▄ ▄ ▄▄ ▄█▄ ▄▀▀█▀ ▀ ███▄ ▀▀▄   ▄█
██▀▄█ ▀▄█▀█  █  █ ▄█▄ ▀█▄██▀ ▄████▀▄▄▄  ▄ ▀  ▀ █  ▀▀▄  ▄▀██
█ ▀  ▀█▄  ▀█▄ ▀█ █▀ ▀▀▄▄  ▀▀ █ ██ █▄▄▄█▀ ██ ▄  █▀█ ▄▀█▄▀ ▄█
█ ▀ ▀▀▄▄██▀ █▀█▀ ▄▄██▄▀   ▄▀ ▄▄▀▀ ▄█▀█▀▄ ██ ▀▄█ ▄ ▀▀█ ▄▄ ▀█
███████▄█ ▄ ▀▀█▄▀█ ▄▄ ▄▀▄▀▀ ▄▄▄ █▄▀█ ▄█  █▀ ▀ ▀█▀ ▄▄▄ █▄ ██
█ ▄▄▄▄▄ █▀▄█▀ █  ▀█▄█▄█  ▄█ █▄█ ▀▀▀▀▄ █▀█  █▀▄▀▀  █▄█ ▄▄▄██
█ █   █ █▄ ▀ ▄ █▀▀▀▄▀  ▀▀▄█▄ ▄ ▄█▄ ▄▄▄▀ ▄█  █  █▄ ▄   █ ▀ █
█ █▄▄▄█ █▀ ▄▀▀▄▀▄█▄▀▄█ ▀▄ █ █ ▄ ▄▄█▄██ ▄█▄▀▄▀▀ █▀█ ▄█ █████
█▄▄▄▄▄▄▄█▄█▄▄██▄▄█▄▄▄█▄█▄▄█▄███▄███▄▄▄▄████▄▄▄▄▄▄▄█▄██▄██▄█

Scan this QR code:
▄▄▄▄▄▄▄▄▄▄▄▄▄▄▄▄▄▄▄▄▄▄▄▄▄▄▄▄▄▄▄▄▄▄▄▄▄▄▄▄▄▄▄▄▄▄▄▄▄▄▄▄▄▄▄▄▄▄▄
█ ▄▄▄▄▄ █▄▀▄ ▄██▀█ ▄▄▀▀▄▀  ▀▀▀▄ ▄▄██▄▄ ▀█   ▀  ▄ ██ ▄▄▄▄▄ █
█ █   █ █ █▀█▀ █▄▄█ ▄▄██▀▀ █ █▄▀█▄▄▀▀▀▄▀▄█▀█▀▄▀▄ ██ █   █ █
█ █▄▄▄█ █▄▀██ ▄█▀▀▄  ▀▄  █▀ ▄▄▄ ██▀██▄  ▄█ ▀ ▄▄▀▄██ █▄▄▄█ █
█▄▄▄▄▄▄▄█▄█ █ █ █▄█▄▀▄▀ ▀▄█ █▄█ ▀ ▀ █ █ ▀ █▄▀▄▀▄█ █▄▄▄▄▄▄▄█
█ ▄  █▀▄▀ █ ▀ ▀█████▀█ ▄  ▀▄▄▄   █ ▄▀▀▀█ ▄▄ ▄███▀  █▀▄▄ ▀ █
█ █ ▄▄█▄   ▀██ ▀▀  ██ ▄▄ ▄█▄ █  █ ▀▀▄▀▀▄█ █▄█▀▀ ▄▄▀▄▄  ▄  █
██▄█▀▀▀▄█▀ ▀▄▀▄ ▀▄█▄▀▀█▄▄▄▄  ██▀██▀██  ▀█▀██▀█▄███ ▀█▀▀ ▀██
█ █▀   ▄█▄▄▀  ▄████▄ ▄▀ ▄█ █▀█▀▀▄▀   ▀▄▄▀  ▄██ ██ █▀█▀█▀▄██
█▀█▀ ▀ ▄▀ ▄ ▀█   ▀▀▀█▄▄▀█▄█▄▄▄██▀▄▄▀███▄▀▀▀▄▄▄▀  ▄█▄▄▀▀▄█▄█
█▀▄ ▄ █▄ ██▀▀▀▀▀███▀ ▀▄█  ▄ █ ▄██▄█▄   ▀▀▄▀▄█ ▀ ▄▄▀█▄ ██▄██
█▀▄▄▄▀ ▄▀▀ █▄▄ ██ ▄▀██ ▄▀█▀ ▄ █ ▀▀▀█▄▀▀█▄ ▀ ▀▀▀▄▄ ▄█ ▄██  █
█▄█▀▀▄▄▄█ ▀█▀▄▄▀▀▄   ▄    █▀▀▄▀▄ █ ▄ ▄▄█ █ █ ▄▄▄▀▄█▀█▄ ▄█▄█
█ ▀▀█▀█▄ █▄ ▄█   ▄ ▄█ ███▄███▀▄█▄▄  ▄ ▀▀▀▀▄█ ▀▀▄ █  ██▀█▄▄█
█ █▄▀ ▄▄▄ ▀▄▄███  ▄▄▀▀█▄█▀  ▄▄▄ ▀ ▀ ▄▄▄  ▀▄▄▀ ▀█  ▄▄▄ █▀▀██
█ ▄▀▄ █▄█  ▀ ▀█▄  █▄█▄▀▀ ▄█ █▄█   ▄▀▀▀██▄▀▄█▀▄▀ ▀ █▄█ ▀▄▄▄█
█▀█▄█  ▄  ▀▀▄██ ▄ ▀███▄▄   ▄▄ ▄▄▀ ▀ ▀▄▄███ ▀▀▄███   ▄▄ █▄▀█
█▀▀█▀  ▄ ▀▀ ▄█ █▄█▄█▀▄█ ▄ █▄██▀▀▀█ ▄ █ ▄ ▄   ▀███▄ █▄█ ▄▀██
█▄  ▄▄▄▄▀ █▄ ▀ ▄▀▄ █ ▄▄▄▄▄██▄▀ █▀ █ ▀▄▀▀█ █ ▀█▀  ▄▄▄█▄ ▄ ▄█
███▄█▀ ▄ █▄█▄▄ ▀███ ▀███ ▄█████ ▀█ █ ▄█▀█▀██▄██▄██ ██▄ ▀█▄█
█▄█▄▀▀ ▄ ▀ █▀███ ▄ ▀   █▄▀█  ▄▄█▀█▀█▄▀▄▄▀▀▀ ██▄▀ ▄▀█ ▄█ █▄█
█▀█▄▄█ ▄▄█ ▀▀  █▀  ▀ █ ▀█▄▀ ▀  ▄█▄▄▀▀█▄█▄▀▀▄▄▄  ▄▀█▀▀ ▀▄█▄█
█▀█ ▄▀█▄█▀█ ▀█▄▄ ██▄ ██ █████▀▄ ▀▀██▀▄  █▄  █▄ █▀ ▄██▄ ▄▄██
█  ▀▀▄▀▄█▀▀▄▄▀  ▄█▀▀▀▄ █▀▀█ ▄▄ ▀▀█ ▄▄█▀█  ▄▀▀▀███▄▀▀ █  ▄ █
█ ▀ ▀▀▄▄ █  ▄▀█ ▄▀█  ▀▄▀▄▄▄ ▄██▀   ▄▄ ▀ ▀█▄ ▀███▄▀█ ▄▀▀▄ ▄█
███████▄▄▀▀ █▀ █ ▄█  ▀█▀▄▄▀ ▄▄▄  █ █▀   ▀▀██ █▄▄▀ ▄▄▄ █▄▀██
█ ▄▄▄▄▄ ███▄▀▀█▄  ██▀▄ ▀▀▀█ █▄█ ▀█ █▀ ▀ ▀██▄ ▀▄█  █▄█  ▀███
█ █   █ █▀▄  ▀█ ▀█▀█ ▄██ ▀█        ▀▀█▄█ █▄▄▀  ▀▄ ▄▄ ▄▄▄▀██
█ █▄▄▄█ █ █ ▀██   ▀ ▄▀███▀█▀▀██▀█▀  █▀▀▀█▄ █▄█ ▄▀▄▀ ▀█▄▄█▀█
█▄▄▄▄▄▄▄█▄▄█▄█████▄█▄█▄▄█▄███████▄██▄█▄▄▄▄▄████▄█▄██▄▄█▄███

❌ Bot disconnected (408), reconnecting in 5s...
❌ Bot disconnected (408), reconnecting in 5s...
Scan this QR code:
▄▄▄▄▄▄▄▄▄▄▄▄▄▄▄▄▄▄▄▄▄▄▄▄▄▄▄▄▄▄▄▄▄▄▄▄▄▄▄▄▄▄▄▄▄▄▄▄▄▄▄▄▄▄▄▄▄▄▄
█ ▄▄▄▄▄ █▀ █▀ ▀ ▀██  █ ▄  ▄█▄▄▄▄ ▀▀▀█▄ █▀▄  ▄▀▄▄ ██ ▄▄▄▄▄ █
█ █   █ █▀  ▀  █▄▄▀ ██▄▄  ▀█▄█ ▄▀▄█ ▀▀█▀▀▄▄ ▀▄ ▄ ██ █   █ █
█ █▄▄▄█ █▀█▀▀ █▀▄█▄█▄ ▄█▀ █ ▄▄▄ ▄▄▀█▄ ▄▀█▄▄▄▄▀▀▀▄██ █▄▄▄█ █
█▄▄▄▄▄▄▄█▄▀▄█▄▀ ▀▄▀ ▀ ▀ █ █ █▄█ ▀▄█ ▀▄█ █ █▄▀ ▀ ▀▄█▄▄▄▄▄▄▄█
█  ▄ ▄▀▄  █▄█▄ ▀ ▄▀▄ █▀▀▄▀▄▄    ▀█▀█▀  █▀█   █▄▄ ▀ █▄▀▄▀▄▀█
█  ▀█▄▀▄▄ █ ▄ ▄ ▄ ▀ ▀▀▀ █  ▄   █▀▀ ▀█▀▀▄▀▀▄█▀▀ ▀▀▄▄█▄▀▀▀ ██
█▀▀ ▀▄▀▄▄█▄█  ▄▄▄█▀ ▄▄▀▄  ▀▀▀█▀██▀ █  ██▀█  █▀▄█▄▀▀▄▀██▄███
█▀█▀ ▄▄▄ ▄ ▄▄▀▀█ ▄▄▀▀█▀▀▄ ▀█ ▄▀ ██▀ ▄█▄▄▄ ▀ █▀  ▀█▀█ ▄   ██
█▄ ▄▀  ▄   ▄█▄▄█▄█  ▄▄█▀  █▀▀  ▀▄▀▀▄ ▄ ▄ █  ▄█▄▄ ▀███▀▀▀▀▄█
█ ▀ ▀▄▄▄██▀▀▀▄▀█ ▄ ▄██▄▀   ▄▀  ██▄▀  ▄ ▀█ ██  ▄▀▀ ▄▄▄▀▀▀ ▀█
███ ▀▀█▄ ▀▀█ █▀█▄▀▄▄▄█▀█▀▄▀ ▀▀▀ ▄▀▄█ ▄▀█▄▀▀ ▀▀▄█▄▀ ▄▄▀█ ▀ █
██▄██▄█▄▀▄▄ █▀▀▀▄ ▄ ▄█  ▀█▀ █▀█▄▄█▄ ▄ █ ▄██▀▄█▄▀▄▀█▀▄▀▀▀▀██
██ ▄ █▀▄▀▄▄█▀▀ ▄▄█  █▄██  ▀█▀▀█▀▄ ▄ ▄▄▀▄▀██▀▄█▄█▀ ▀████ ▄▄█
██ ▀▀ ▄▄▄ ▀   ▀ █▄▄█ ▀▄█  ▀ ▄▄▄    █▄▀▀▄▀▀ ▀▄█▄   ▄▄▄ ▀  ▀█
█▀▄▄▄ █▄█ ▀█▄▄██▀▄▄▀ █▄█▀ ▀ █▄█ ▄██▄  ▀███   ▀▄█▄ █▄█ ▀▀▄ █
█▄▄█▄▄▄▄▄ ▄█  █▀▀▄█▀█▄▄█ ▀█▄▄▄▄▄█▄█ █▀██ ▄█ ██▄ █▄ ▄▄▄▀  ▀█
██▀█ ██▄▀▄▄▀█▄ █▀▄▄  ███▄▀▄▀▄▄▀  █▀█ ▄▄██▀ ▀▄█▀██ ▀ ▀▄▀ █▄█
█▀▄█▄█▄▄██ ▄▄ ▄ █▄▀ ▄▄██ ▄▄▄▄▄▀ █▀▄▄▄   ▄ ▀▄▀██▄▀▄ █ ▄  ▄▀█
█ ▄ █▀▄▄  ▄▄ ▀▄ ▀█▄▄▀▀▀█▄ █▄▀██▀▄▀██   ▄█▀▀  ▀█▄▀█ ███▀▄▄▀█
██▀█▀█▀▄▄▀▄ ██▄ ▀█▀▄▀  ▀▄ █ ▀█▄ ▀█ █▄ ▄██▀█▀▀▄▄▄▀▄▄▀ ▀▀▀▄▄█
█▄▄▄▄█▀▄█ █▄██▀ ▀▄  ▄▄▀▀▀▀█▀█▄ ▄▀█▀█▄ ▀▄▄█▀ ▄█ ██▄▄█▄▄  █▀█
█ ▀▄██ ▄█▀███  ███▀ ▄ ▀ ▀ ▀▀ ▀  ██▀█▀▀▄▄▄█ ▀ ▀  ▀▀ ▀▄█  ▀██
█ ▄█▄▄▀▄▀█▀▀▄ █▄██▀ ▄▄▀▄  ▄███ █ ███▄▄ ▄██▀ ▀█▄██▀██▄▄▀ █▀█
█ ▀ ▀▀▄▄██▀█ ▄█▀ ▀▄██▄████▄▀ ▀▀▄▀ █  ▄ ▄  ▀▄▀▄▀  ▀ █ █▀▀ ▀█
███████▄▄ ▀ ▀▀ ▀▀▄▄▄▀▄██▀▀▄ ▄▄▄  ▀▄█▄ ▀█▄▀  ▄████ ▄▄▄ ▄█▀ █
█ ▄▄▄▄▄ █▄▄ ▄██ ▀█ ▀▄▀███▄█ █▄█ ▀▀▀▄  ▄▀█▀▄ █▄▀██ █▄█ ▀▀ ▀█
█ █   █ █ █▀█ █ ▄▀▀▄▄██▀▀▄  ▄  ▄███▄ ▄▄█▄▀   ████  ▄ ▄█ ▄▄█
█ █▄▄▄█ █ ▀██  █▄ ▀▄▄█ ▄▀██ ██▀█▄██▀   ▄█ ▄▀▀   ▄  ▄██  ███
█▄▄▄▄▄▄▄█▄▄▄█▄▄███▄▄█▄██▄▄▄█▄▄█▄▄▄▄▄▄▄█▄▄██▄███▄▄▄▄█▄█▄█▄██

Scan this QR code:
▄▄▄▄▄▄▄▄▄▄▄▄▄▄▄▄▄▄▄▄▄▄▄▄▄▄▄▄▄▄▄▄▄▄▄▄▄▄▄▄▄▄▄▄▄▄▄▄▄▄▄▄▄▄▄▄▄▄▄
█ ▄▄▄▄▄ █▄▀▄ ▄▄▄ ▀▀▄▄█ ▄ ▄ ▀▀▀▄ ▄▄██ ▄ ███▄▄█▄ ▄ ██ ▄▄▄▄▄ █
█ █   █ █ █▀▀█ ██▄█ █▄██ ▀ █ █▄▀ █▄▀ ▀▄▀▄█▀█▀▄▀▄ ██ █   █ █
█ █▄▄▄█ █▄██▄█▄█▀▀▄  ▀▄  █▀ ▄▄▄  ▀▀█▄▄  ▄  ▀ ▄▄▀▄██ █▄▄▄█ █
█▄▄▄▄▄▄▄█▄▀▄█ █ █▄█▄▀▄▀ ▀▄█ █▄█ ▀ ▀ █ █ ▀ █▄▀▄▀▄█ █▄▄▄▄▄▄▄█
█ ▄  ▀█▄▀▄█▀▄▄▀█████▀█ ▄  █ ▄▄   █ ▄▀▀▀█ ▄▄ ▄███▀▀▄██▄▄ ▀ █
█ █ ▄██▄▄▄█▄▀▄ ▀▀  ██ ▄▄ ▄▄▄ █  █ ██▄▀▀ █ █ █▀▀▄██ █▄  ▄  █
██▄ ▄▀▀▄▄▀ █▄▀▄ ▀▄█▄▀▀█▄▄▄▄ ▀██▀██▀██  ▀█▀▄▄▀█▀██▄ ▀█▀█▄▀██
█ ▀▀█  ▄█▄▄▀  ▄███▄  ▄█ ▄█ █▀▄▀▀▄▀▄▀▄███▀▄▄ ▀▀ █  █▀▄ ▀▀▄██
█▄▄▀ ▀ ▄▀ ▄ ▀█  ▄ █▀██▄█ ██▄▄▄ █▀▄▄▀█▀▄█ ██▄   ▀ ▄█▄▄▀▀▄▀ █
█  ▄█▄█▄ ██▀▀▀▀▀█▄█▀██▄██▀▄ █ ▄▄█ █▄▄ ▀▀▄█ ███▀▀▄▄▀▀▄ ██▄▀█
█▀█▄▄▀█▄▀▀ ██▄ ██ ▄▀██ ▄▀█▀ ▄ █ ▀█▀███▀█▄ ▀ ██▀▄▄  █ ▄██ ▀█
█▄█▀▀▀█▄▀  ▄▀█▄▀▀▄   ▄    █▀▀▄▀▄▀▄ ▄▀█▄█ █ █ █▄▄▀▄▀██▄ ▄█▄█
█ ▀▀█▀▄▄ ▄█▀████ ▄ ▄█ ███▄▀▀█▀▄█▄▄  ▄ ▀▀▀▀▄█ ▀▀▄▄▄  ▀█▀█▄▄█
█ █▄▀ ▄▄▄ ▀▀ █▀▀  ▄▄▀▀█▄█▀▀ ▄▄▄ ▀ ▀▄▄▄▄▄ ▀  ▀ ▀█▄ ▄▄▄ ▀▀▀██
█ ▄▀▀ █▄█ █  ▀█▀  █▄█▄▀▀ ▄█ █▄█   █▀▀▀██▄▀ █▀▄▀▀▄ █▄█  ▄▄▄█
█▀▀▀▄ ▄▄▄ ▀▀▄██ ▄  ▀██ ▀  ▀ ▄ ▄▄▀ ▀ ▀▄▀▄▀▀▀▀█▄▄▄  ▄  ▄▄█▄▀█
█▄▀█▀  ▄▄ ▀ ▄█ ███▄▀█▄█ ▀▀█▄ █▀▀▀█ ▄ ▀██▄ ▀▀▀█▄▄█▀ █▄▄ ▄▀▀█
█▄█ █▄▄▄▄▀█▄ ▀ ▄█  █▄█▄▄▄▄██ ▄ ██ █ ▄▄ ▀▀██ ▀▄   ▄▄▄█▀ ▄▄▄█
█▄▀▄█▀ ▄ █▄███ ▀███ ▀███ ▄██████▄█ █▄ █▀ ███ ██▄██ ██▄ ▀▄██
█▄█▄▀▀ ▄ ▀█ █▀▀  ▄ ▀   █▄▀█  ▄ ▀▀█▀██▀▄▄  ▀ █▄▄▀ ▄▀█ ▄█ █▄█
█▀█▄▄█ ▄▄█▀▀▄ ▄▄▀  ▀ █ ▀█▄▀ ▀  ▄█▄▄▀▀█▄█▄▀▀▄▄▄  ▄▀██▀ █▄█▄█
█▀█ ▄█▄▄█▀▄ ▀▀▀█ ██▄ ██ █████▀▄ ▀▀█▀▀▄ ▄█▄▄ █▄ ██  ▀█▄▄█▄██
█  █  ▄▄▀█▀█▄▀██▄█▀▀▀▄ █▀▀█▀▄▄ ▀▀█▄▄▄█▀█  ▀▀▀▀█▄▀█▄▀ █▀▀▄ █
█ ▀ ▀▀▄▄▀█  ▄▀█ ▄▀ ▄ ▀▀▀▄▄▄ ▄██▀  ▀█  ▀██▀▄██▀█▀▄ █  ▄▀▄ ▄█
███████▄▄ ▀ █▀ █▀█▄▄▀▀██▄▄▀ ▄▄▄  █ █  █▀█▀▄▄█▀▀▄▀ ▄▄▄ ██▀▀█
█ ▄▄▄▄▄ ███▄▀▀█▄▀ ███▀ ▀█▀█ █▄█ ▀█ █ █▀ █ █▄█▀▄▄  █▄█  ▀█▀█
█ █   █ █▀▄ ▀▄█ ▀█▀█ ▄██ ▀█ ▄    ▄ ▀ █▄█▄█▄▄ ▄ ▀▄ ▄▄  ▄▄ ▄█
█ █▄▄▄█ █ ▀▀█▄▄█  ▀ ▄▀███▀█▀▀██▀▄▀  ▄▀▀▀██ ██▄ ▄▀▄▀ ▀▀▄▄█▀█
█▄▄▄▄▄▄▄█▄▄█▄▄████▄█▄█▄▄█▄███▄███▄██▄█▄▄▄▄▄████▄█▄█████▄███

❌ Bot disconnected (408), reconnecting in 5s...
❌ Bot disconnected (408), reconnecting in 5s...
❌ Bot disconnected (408), reconnecting in 5s...
❌ Bot disconnected (408), reconnecting in 5s...
Scan this QR code:
Scan this QR code:
▄▄▄▄▄▄▄▄▄▄▄▄▄▄▄▄▄▄▄▄▄▄▄▄▄▄▄▄▄▄▄▄▄▄▄▄▄▄▄▄▄▄▄▄▄▄▄▄▄▄▄▄▄▄▄▄▄▄▄
█ ▄▄▄▄▄ █▀ █▀   ▄▀▄▀▄▀▀█ ▄▄█▄▄▄▄ ▀██▄▄ ▀█▄▄▄▄█▄▄ ██ ▄▄▄▄▄ █
█ █   █ █▀  █▄ ███▀ ██▄▄▀▀▀█▄█ ▄▀▄█   █▀▄▄▄ ▄▄ ▄ ██ █   █ █
█ █▄▄▄█ █▀██▄ █▀▄█▄█▄ ▄█▀ █ ▄▄▄ █▀▀██ ▄▀▄█▄▄ █▀▀▄██ █▄▄▄█ █
█▄▄▄▄▄▄▄█▄▀ █ ▀ ▀▄▀ ▀ ▀ █ █ █▄█ ▀▄█ ▀▄█ █ █▄▀ ▀ ▀▄█▄▄▄▄▄▄▄█
█  ▄ ▄▀▄ ▄█▀ ▀ ▀ ▄▀▄ █▀▀▄▀▄▄    ▀█▀█▀  █▀█   █▄▄   █ █▄▀▄▀█
█  ▀█▄ ▄  ▄▄ █▄ ▄ ▀ ▀▀▀ █  █▄  █▀▀ ██▀▀ ▀▀▄█▀▀ █▄ █▄▄▄▀▀ ██
█▀▀▀▀▄▀▄ ▀▄   ▄▄▄█▀ ▄▄▀▄    █▀▀██▀▄█  ██▀█  █▀ ▄▄▀▀▄███ ███
█▀▀▄▀▄▄▄ █ ▄▄▀▀█ ▄▄ ▀█▄█▄ ▀█ █▀ ██▄▄▄▀▄▄▄  ▀█▀▀  ▄▀█ ▄ ▀ ██
█▀ ▄   ▄   ▄█▄▄█▄▄ ▄▀██▀▀ █▀▀   ▄▀▀█▄ ▀██▀▀▀ █▄█ ▀███▀▀ █ █
██▄▄█ ▄▄██▀▀▀▄▀█ ▀ ▄██▄▀ ▀ ▄▀ ▀██▄▀ ▀ ▀▀█▀▄▄ ▀▄▀▀ ▄▄▄▀▀▀▄▀█
█▄▀ ▀▄▄▄ ▀▀█▀▀▀█▄▀▄▄▄█▀█▀▄▀ ▀▀▀  ▀▄█  ▀█▄▀▀ ▄█▄█▄▀ █▄▀█ ▀ █
██▄██ ▄▄█▄███▄▀▄▄ ▄ ▄█  ▀█▀ █▀█▄██▄ ▄ █ ▄██▀█▄▄▀▄▀ ▄ █▀▀▀██
██ ▄ █▄▄█▄  ██▄ ▄█  █▄██  █▀▀▀█▀▄ ▄ ▄▄▀▄▀██▀▄█▄█▀ ▀██▀█ ▄▄█
██ ▀▀ ▄▄▄ ██▀█▄██▄▄█ ▀▄█  ▀ ▄▄▄   ▄▀▄▀▀▄▀▀▄▀▄█ ▄▀ ▄▄▄ █  ▀█
█▀▄▄  █▄█ ▀▄▄▄▄█▀▄▄▀ █▄█▀ ▀ █▄█ ▄███  █▄██▀  ▀▄▄▄ █▄█  ▀▄ █
█▄█▀█ ▄▄▄▄▄█  █▀▀▄█ █▄▀▀ ▀▄▄▄▄▄▄█▄█▀▀▀▄  ▄▄█████▀▄▄ ▄▄▄▀ ▀█
██▀ ███▄▄▀▄▀█▄ ███▄  ███▀ ▄▀▄▄▀  █▀█▄▄▀▄██   █▄██ ▀ ▀▄ ▀▀▄█
█▄ █ █▄▄▄▀ ▄▄ ▄ ▀▀▀  ███▄▄▄▄▀▄▀ ██▄▄▀▀▀▀▄▄▀█▀▄▄█▀▄ █▄▄   ▀█
█ ▄ █▀▄▄  ▄▄ █▄ ▀█▄▄▀▀▀█▄ █▄▀█ ▄▄▀██   ▄▀▀▀  ▀█▄▀█ ███▀▄█ █
██▀█▀█▀▄▄▀▄▀  ▄▀▀█▀▄▀  ▀▄ █ ▀█ ▄▀█ ██ ▄█▄▀█▀ █▄▄▀▄▄▀ ▀▀▀▄▄█
█▄▄▄▄▀█▄█ ▄▄▀██ ▀▄  ▄▄▀▀▀▀█▀█▄ ▄▀█▀█▄ ▀▄▄█▀ ▄█ ██▄██▄▄  █▀█
█ ▀▄█ ▀▄█▀▄██▀▀▀██▀ ▄ ▀ ▀ █▀ ▀  ██▀█▀▀ ▄▄█ ▀ ▀▄▄█▄▀▀▄█  ▀██
█ ▄█ ▄▀▄▄█▄ ▄ ▄███▀ ▄▄▀▄  █ ██ █ █▄▄▄▄▀▄██▀▀▀███▀ ▄▄▄█▄██▀█
█ ▀ ▀▀▄▄█ ▀█ ▄█▀ ▀▀ █▄▄▀██▄▀ ▀▀▄▀ █▀  ▀▄▄▄█▀█ ▀ ▀█▄█ ▄▀  ▀█
███████▄█ ▀ ▀▀ ▀▄▄▄▄▄▄▄▀▄▀▄ ▄▄▄  ▀▄█▄ ▀█▀▀  ▄████ ▄▄▄ ███▄█
█ ▄▄▄▄▄ █▄▄ ▄██  ▄ ▀▀████ █ █▄█ ▀█▀▄█▄▄  ▄█ ▄▄ ▄▀ █▄█ ▀▀ ▀█
█ █   █ █ █▀███ ▄▀▀▄▄██▀▀▄  ▄  ▄▄▀█▄▄▄▄███  ▄▀███  ▄  █ ███
█ █▄▄▄█ █  ▀█▀██▄ ▀▄▄█ ▄▀██  █▀██▄█▀▀▀ ▄▄▀▄▀▀▀  ▄  ▄█▀  ███
█▄▄▄▄▄▄▄█▄██▄▄▄███▄▄█▄██▄▄▄████▄▄▄▄▄▄▄█▄▄██▄███▄▄▄▄█▄█▄█▄██

▄▄▄▄▄▄▄▄▄▄▄▄▄▄▄▄▄▄▄▄▄▄▄▄▄▄▄▄▄▄▄▄▄▄▄▄▄▄▄▄▄▄▄▄▄▄▄▄▄▄▄▄▄▄▄▄▄▄▄
█ ▄▄▄▄▄ █▄▀▄ ▄██▀▀▀▄ █ █   ▀▀▀▄ ▄▄██▀▄▄▀▀█▄ ▀  ▄ ██ ▄▄▄▄▄ █
█ █   █ █ █▀▀▀ █▄██ █▄██ ▀ █ █▄▀▀█▄▀▄ ▄▀▄█▀██▄▀▄ ██ █   █ █
█ █▄▄▄█ █▄█▀█▀▄█▀▀▄  ▀▄  █▀ ▄▄▄ █ ▀█ ▄  █▄ ▀▀█▄▀▄██ █▄▄▄█ █
█▄▄▄▄▄▄▄█▄▀ █▄█ █▄█▄▀▄▀ ▀▄█ █▄█ ▀ ▀ █ █ ▀ █▄▀▄▀▄█ █▄▄▄▄▄▄▄█
█ ▄  ██▄█▄██ ▀▀█████▀█ ▄  ▀▄▄▄   █ ▄▀▀▀█ ▄▄ ▄███ ▀ ██ ▄ ▀ █
█ █ ▄██▄▀▀  ▀▄ ▀▀  ██ ▄▄ ▄▄█▄█  █ █▀▄▀█▄█ █▄█▀█▄▀█▀▄▄█ ▄  █
██▄ █▀▀▄▀▀▄▄▄▀▄ ▀▄█▄▀▀█▄▄▄█ █▀█▀██ ▄█   █▀█▄▀█ ▄▄█ ▀▀█▀▄▀██
█▄ ▀   ▄▄█▄▀  ▄███▄█ ▄▄ ▄█ █▀█▀▀▄▀▄▀ ▀▄ █▄██▀▀▄████▀█▀▄▀▄██
██▀  ▀ ▄▀ ▄ ▀█  ▀▀▀██▄▄▀▀▄█▄▄▄██▀▄▄▀▀▀█▄ ▀▄██    ▄█▄▄▀▀▄█▄█
██▀ ▀ █▄ ██▀▀▀▀▀ ██▀▀ ▄█▀▄▄ █ ▄██▄█▄▀█ ▀ ▀ █▄█  ▄▄▀▀▄ ██▄██
█▀▄▄▄█ ▄▀▀ █▀▄ ██ ▄▀██ ▄▀█▀ ▄ █ ▀▀▀█▄▀▀█ ▄▀ █▀▀▄▄ ▀▄ ▄██▀▀█
█▄█▀▀█▄▄▀   ▄█  ▀▄   ▄    █▀▀▄▀▄ █ ▄▀▄▄█ █ █▀█▄▄▀▄█▄▀▄ ▄█▄█
█ ▀▀█▄ ▄██▀▄ ▀▀▀ ▄ ▄█ ███▄█▀█▀▄█▄▄  ▄ ▀▀▀▀▄█ ▀▀▄██ ▀▄▀▀█▄▄█
█ █▄▀ ▄▄▄  ██▄ █  ▄▄▀▀█▄█▀  ▄▄▄ ▀ █▄▄▄ ▄ ▀▄ ▀ ███ ▄▄▄ ▀▀▀██
█ ▄▀█ █▄█  █ ▀▀▀  █▄█▄▀▀ ▄█ █▄█   █▀▀▀▄▄▄▀ ▄▀▄▄ █ █▄█ ▀▄▄▄█
███▄  ▄▄▄ ▀▀▄██ ▄  ▄██▄▀   ▄▄ ▄▄▀ ▀ ▀ ▄▀▀▀ █▀▄█▄▀   ▄▄██▄▀█
█▀█▄█  ▄▄ ▀ ▄█ ██▄ █ ▄▄▄▄ █▄▄█▀▀▀█ ▄▄▀ █    ██▄▄██ ██▄▀▄▀██
██ ▀█▄▄▄▄▀█▄ ▀ ▄██ █▄▀▄▄█▄██ ▀ █▀ █ █▄▀  █▄  ▄   ▄▄▄█▄ ▄▄▄█
█▀▀▄█▀ ▄ █▄██▄ ▀███ ▀███ ▄████▀▄ █ █▄ █▀ ███▄██▄██ ██▄ ▀▄██
█▄█▄▀▀ ▄ ▀▄  ▀█▀ ▄ ▀   █▄▀█  ▄ █▀█▀█▄▀▄▄▀▀▀ █▄▄▀ ▄▀█ ▄█ █▄█
█▀█▄▄▀▀▄▄██ ▀  █▀  ▀ █ ▀█▄▀ ▀  ▄█▄▄▀▀█▄█▄▀▀▄▄▄  ▄▀██▀ █ █▄█
█▀█ ▄ ▄▄█▀▄ ▄██  ██▄ ██ █████▀▄ ▀▀██▀▄▄ █▄ ▄█▄ ███▄██▄█▄▄██
█  ▄ ▀▄▄▄▀█ ▄▀▀ ▄█▀▀▀▄ █▀▀█▀▄▄ ▀▀█▄▄▄█▀█  ▀ ▀▀██▀▀▄▀▄▄██▄ █
█ ▀ ▀▀▄▄▀▀  ▄▀█ ▄▀▀▀ ▀ █▄▄█▀▄██▀  ▀█▄▄█▄█▀ ▀▀▀ ▀▀▀ ▄▄▄▄▄ ▄█
███████▄█▀▀ █▀ █ █ ▄▀ ██▄▄▀ ▄▄▄  █ █ ▄▀ ▀▀▀█▄█ ▄█ ▄▄▄ ██▀▀█
█ ▄▄▄▄▄ ███▄▀▀█▄█▄██▀█ ▀ ▀█ █▄█ ▀▀ ██▀▀▀▄▄▄▄▄███▀ █▄█  ▀▀██
█ █   █ █▀▄  ▀█ ▀█▀█ ▄██ ▀█ ▄▄  █  ▀▀▀▄█ ▀▄▄▄▄ ▀█ ▄▄▄ ▄▄▀██
█ █▄▄▄█ █ █▄█▀▄▄  ▀ ▄▀███▀█▀▀▀█▀▄▀  ▄ ▀▀██ █▄█ ▄▀▄▀ ██▄▄█▀█
█▄▄▄▄▄▄▄█▄█▄▄█▄▄██▄█▄█▄▄█▄██▄▄███▄██▄█▄▄▄▄▄████▄█▄██▄▄█▄███

❌ Bot disconnected (408), reconnecting in 5s...
❌ Bot disconnected (408), reconnecting in 5s...
Scan this QR code:
▄▄▄▄▄▄▄▄▄▄▄▄▄▄▄▄▄▄▄▄▄▄▄▄▄▄▄▄▄▄▄▄▄▄▄▄▄▄▄▄▄▄▄▄▄▄▄▄▄▄▄▄▄▄▄▄▄▄▄
█ ▄▄▄▄▄ █▀ █▀  ▀█▀█▀▀▀ ▄▄▄▄█▄▄▄▄ ▀▀▀▄▄▄█▄  ▄▄▄▄▄ ██ ▄▄▄▄▄ █
█ █   █ █▀  ▀  ███▀ ▄█▄▄▀▀▀█▄█ ▄ ██ ▀▀█▀▄█▄  ▄ ▄ ██ █   █ █
█ █▄▄▄█ █▀▀█  █▀▄█▄█▄ ▄█▀ █ ▄▄▄   ▀█▀ ▄▀▀▀▄▄▀▄▀▀▄██ █▄▄▄█ █
█▄▄▄▄▄▄▄█▄█ ▀ ▀ ▀▄▀ ▀ ▀ █ █ █▄█ ▀▄█ ▀▄█ █ █▄▀ ▀ ▀▄█▄▄▄▄▄▄▄█
█  ▄ ▄█▄  ▀█ █ ▀ ▄▀▄ █▀▀▄▀▄     ▀█▀█▀  █▀█   █▄▄▀▀ █ █▄▀▄▀█
█  ▀█▄▀▄ ▄▄▀▄▀▄ ▄ ▀ ▀▀▀ █ ▀▄▄  █▀▀▄▀█▀█ ▀▀▄▀▀▀▄█▄ ████▀▀ ██
█▀▀█▄▄▀▄ ▀▀   ▄▄▄█▀ ▄▄▀▄  ▀ ██▀██▀█▄  █▄▀██▀█▀▀█▀▀▀▄▀▀▀ ███
█▄  ▀▄▄▄ █ ▄▄▀▀█ ▄ █▀█▀▀▄ ▀█ ▄▀ ██  ▄▀ ▄ ▄█▀▀▀▀▄▀▀▀█▀█   ██
█ █▄   ▄   ▄█▄▄██▄▄ ▀▄▀▀▀ █▀▀ ▀ ▄▀▀▄▄▄▀▄█▀▀ ▀██▄ ▀███▀  █▄█
█ █▀▄▄▄▄██▀▀▀▄▀█▀▄ ▄▄▄▄▀██ ▄▀  ▄█▄▀ █▄ ▀█▄▄█▀ ▄▀▀  ▄▄▀▀▀ ▀█
█ ▄ ▀█▄▄ ▀▀█▄▄▀█▄▀▄▄▄█▀█▀▄▀ ▀▀▀  █▄█ ▄▀█▀▀▀ ▄█▄█▄▀█▄▄▀█ ▀▀█
██▄██  ▄█ ▄ ▀  █▄ ▄ ▄█  ▀█▀ █▀█▄▄█▄ █ █ ▄▄█▀▄█▄▀▄▀▄ ▄█▀▀▀██
██ ▄ ▄ ▄ █▄ ▄ ▄█▄█  █▄██  ▀█▀▀█▀▄ ▄ ▄▄▀▄▀██▀▄█▄█▄▀ ▄▀██ ▄▄█
██ ▀▀ ▄▄▄  ▀▄  ██▄▄█ ▀▄█  █ ▄▄▄   ▄▀▄▀█▄▀▀▄█▄█ ▄  ▄▄▄ ▀  ▀█
█▀▄█▄ █▄█ █ ▄▄▀▄▀▄▄▀ █▄█▀ ▀ █▄█ ▄███   ▄██ ▀ ▀█▄█ █▄█ █▀▄ █
█ ▀██ ▄▄ ▄▄█  █▀▀▄▄██▄▀█ ▀▄▄▄▄▄▄█▄▄ ███▀  █▄▀▀▄▀▄▄▄▄▄  ▀ ▀█
█▄█▄▄██▄█ ▄▀█▄ ███ ▄▀█▀█▀▀▄▀█▄▀  █▀█ ▄▀▄█▀▀▀ ▀█▄█▄▀ ▀▄▀▀█▄█
██ ▄ █▄▄▀█ ▄▄ ▄ ██▀ █▀███ ▄▄▀ ▀ ▀█▄▄██▀▀ ▄▀█▄▄▄█▀▄ █▀█   ▀█
██  █▀▄▄  ▄▄ ▀▄ ▀█▄▄▀▀▀█▄ █▄▀█▀▄▄▀██▄▄ ▄▀█▀ ▄██▄▀█ ███▀▄▄▀█
██▀█▀█▀▄▄▀█▀██▀▄▀█▀▄▀  ▀▄ █ ▀█▀▄ █ █▄ ▄██ █▀▀▄▄▄▀▄▄▀ ▀▀▀▄▄█
█▄▄▄▄▀█▄█ ▀█▀█▀▄▀▄  ▄▄▀▀▀▀█▀█▄ ▄▀█▀█▄ ▀▄▄█▀ ▄█ ██▄ ▀▄▄ ▄█▀█
█ ▀▄█▄▄▄█▀▀██ ▄ ██▀ ▄ ▀ ▀ ▀▀ ▀  ██▀█▀▀▄▄▄█ █ ▀▄ ██▄▀▄█▀▀▀██
█ ▄█▄ █▄▄█▀ ▄ ▄▀██▀ ▄▄▀▄  ████ █ █▀█▄▄ ▄██▀▀▀████ ▀ ▄██▀█▀█
█ ▀ ▀▀▄▄▄▀▀█ ▄█▀ ▀  █▄▄▀██▄  ▀▀▄▀ █ ▄  ▀  ▀██ ▄█ ▀ █▀▄   ▀█
███████▄█▀▀ ▀▀ ▀▄▄▄  ▄▀█ ▀▄ ▄▄▄  ▀▄█▄  ▄█▀▄ █▀▄▄▀ ▄▄▄ ██▀▄█
█ ▄▄▄▄▄ █▄▄ ▄██    ▀▄ ██▄▀█ █▄█ ▀▀▀▄▄ █   █▀▀▀▀█▀ █▄█ ▀▀▄██
█ █   █ █ █▀███ ▄▀▀▄▄██▀▀▄   ▄ ▄█▀█▄▄ ▄█▀▀   ▀███  ▄▄ █ ▄██
█ █▄▄▄█ █ ▄▀▄▄▄▀▄ ▀▄▄█ ▄▀██ ██▀████▀▀▀ ▄█▀▄▀▀   ▄  ▄▀▀  ███
█▄▄▄▄▄▄▄█▄▄██▄▄███▄▄█▄██▄▄▄█▄▄█▄▄▄▄▄▄▄█▄▄██▄███▄▄▄▄██▄▄█▄██

❌ Bot disconnected (408), reconnecting in 5s...
❌ Bot disconnected (408), reconnecting in 5s...
Scan this QR code:
▄▄▄▄▄▄▄▄▄▄▄▄▄▄▄▄▄▄▄▄▄▄▄▄▄▄▄▄▄▄▄▄▄▄▄▄▄▄▄▄▄▄▄▄▄▄▄▄▄▄▄▄▄▄▄▄▄▄▄
█ ▄▄▄▄▄ █▀ █▀   ▀▀█  █ ▄▄ ▄█▄▄▄▄ ▀▀█▄▄▄▀▀▀▄▄▀ ▄▄ ██ ▄▄▄▄▄ █
█ █   █ █▀  ▀▄ ███▀ ▄▄▄▄▀▀▀█▄█ ▄ ▄█ ▀ █▀▄▄▄  █ ▄ ██ █   █ █
█ █▄▄▄█ █▀█▀ ▀█▀▄█▄█▄ ▄█▀ █ ▄▄▄  ▄▀██▄▄▀█▀▄▄█ ▀▀▄██ █▄▄▄█ █
█▄▄▄▄▄▄▄█▄█ █ ▀ ▀▄▀ ▀ ▀ █ █ █▄█ ▀▄█ ▀▄█ █ █▄▀ ▀ ▀▄█▄▄▄▄▄▄▄█
█  ▄ ▄▀▄▄▄▀ █  ▀ ▄▀▄ █▀▀▄▀      ▀█▀█▀  █▀█   █▄▄ ▀ █▄▀▄▀▄▀█
█  ▀██ ▄▄▀▀   ▄ ▄ ▀ ▀▀▀ █  █   █▀▀▄▀█▀▀▄▀▀▄█▀▀ ▀ ▄█▄ ▀▀▀ ██
█▀▀██▄▀▄ ▀ █  ▄▄▄█▀ ▄▄▀▄    ██▀██▀▀█   █▀█▀▀█▀██ ▀▀▄▀▀▀ ███
█▀▄ █▄▄▄▀▄ ▄▄▀▀█ ▄  ▀██▄▄ ▀█▀██▄██▀▄ █▀  ▄█▄██  ▄▄▀█▀█▀  ██
█▄  ▀  ▄   ▄█▄▄█▄▄▀▄▀█▀▀▀▀█▀▀ ▀▀▄▀▀█▄▄▀██▀ ▀▄█▄█ ▀███▀▀ ▀ █
██ ██▄ ▄██▀▀▀▄▀█▄▄ ▄▀ ▄▀▄▄ ▄▀ ▀▄▀ ▀ █ ▀   ██ ▀▄ ▀   ▄▀▀▀ ▀█
██▀ ▀█▄▄ ▀▀█▀█▀█▄▀▄▄▄█▀█▀▄▀ ▀▀▀ ▀▀▄█ ▄▀█▀█▀ ▄▀▄█▄▀▀█▄▀█  ▀█
██▄███▄▄█▄ █▀▄ █▄ ▄ ▄█  ▀█▀ █▀█▄██▄ ▄ █ ▄▄█▀▄▄▄▀▄▀▄  ▀▀▀▀██
██ ▄ ▄▄▄█▄▀▄▀ █ ▄█  █▄██  ██▀▀█▀▄ ▄ ▄▄▀▄▀██▀▄█▄█▀  ▄▀▀█ ▄▄█
██ ▀▀ ▄▄▄ ▄▀▄▄███▄▄█ ▀▄█  ▀ ▄▄▄    ▀▄▀█ ▀▀▄▀▄█▄ ▀ ▄▄▄ ▀  ▀█
█▀▄ ▄ █▄█  ▄▄▄ ▄▀▄▄▀ █▄█▀ ▀ █▄█ ▄█▀█   ▄███▀ ▀██▀ █▄█ ▀█▄ █
█▄▀█▀▄▄▄  ▄█  █▀▀▄▄ █▄▀▀ ▀█ ▄▄▄▄█▄█ ▀██  ▄█▀▀▀▀ █▄ ▄▄▄▀▀ ▀█
█▀ ▀███▄▀▄▄▀█▄ █▀▄  ▀██▀  ▄▀██▀  █▀█▄  █▀▀█▀▀██▄▀▀▀ ██  █ █
██   █▄▄ ▄ ▄▄ ▄ ▄ ▀  ███▀█▄▄ ▀▀ ▀▀▄▄█  ▀ █ █▄▀█▄▀▄ █▀█   ▀█
███ █▀▄▄  ▄▄█▀▄ ▀█▄▄▀▀▀█▄ █▄▀█▀▀ ███ ▄ ▄█▀▀  ██▄▀█ ███▀▄▄▀█
██▀█▀█▀▄▄▀█ ▄▄▄█▀█▀▄▀  ▀▄ █ ▀█▄▄ █ █▄ ▄██ █▀▀▄▄▄▀▄▄▀ ▀▀▀▄▄█
█▄▄▄▄█ ▄█  ▄▄ ▀█▀▄  ▄▄▀▀▀▀█▀█▄ ▄▀█▀█▄ ▀▄▄█▀ ▄█ ██▄█ ▄▄ ▄█▀█
█ ▀▄█▄ ▄█▀▀██▀█ ██▀ ▄ ▀ ▀ █▀ ▀  ████▀▀▄ ▄█ █ ▀▄▄█▄▄▀▄█ ▀▀██
█ ▄ ▄ █▄▄▄█▀▄ █ ██▀ ▄▄▀▄  ▄▀██ █ ███▄▄ ███ ▀▀█▄▄█▀▀█▄▄▄▄█▀█
█ ▀ ▀▀▄▄ ▄▀█ ▄█▀ ▀█▄█▄ ▄██▄▄ ▀▀▄▀ █▀  █▄  █▀█▄█▄ ▀ █  ▀▀ ▀█
███████▄▄ ▀ ▀▀ ▀▄▄▄ ▀▄██▀▀▄ ▄▄▄  ▀▄█ ▄█▄▀▀▀ ▄█▀█▀ ▄▄▄ ██▀▄█
█ ▄▄▄▄▄ █▄▄ ▄██ ██ ▀█ ██▄██ █▄█ █▀▀▄███ ▀▀█▀▄▀▀▄█ █▄█ ▀▀▄▀█
█ █   █ █ █▀▄ █ ▄▀▀▄▄██▀▀▄  ▄  ▄ ██▄▄▄▄███  ▄▀███  ▄ ▄█ ███
█ █▄▄▄█ █  ▄█▄██▄ ▀▄▄█ ▄▀██ ▄▀▀█▄██▀ ▀ ▄█ ▄▀ ▀  ▄  ▄██  ███
█▄▄▄▄▄▄▄█▄▄██▄▄▄██▄▄█▄██▄▄▄██▄█▄▄▄▄▄▄▄█▄▄██▄███▄▄▄▄███▄█▄██

Scan this QR code:
▄▄▄▄▄▄▄▄▄▄▄▄▄▄▄▄▄▄▄▄▄▄▄▄▄▄▄▄▄▄▄▄▄▄▄▄▄▄▄▄▄▄▄▄▄▄▄▄▄▄▄▄▄▄▄▄▄▄▄
█ ▄▄▄▄▄ █▄▀▄ ▄██▀█▀█ █▀▄▀  ▀▀▀▄ ▄▄██▀ ▄█▄█  ▄▄ ▄ ██ ▄▄▄▄▄ █
█ █   █ █ █▀█▀ █▄██ ▄███   █ █▄▀▀▄▄▀▀ ▄▀▄█▀█ ▄▀▄ ██ █   █ █
█ █▄▄▄█ █▄▀▀▀█▄█▀▀▄  ▀▄  █▀ ▄▄▄ ▄▀▀█▀█  ▄█ ▀▄ ▄▀▄██ █▄▄▄█ █
█▄▄▄▄▄▄▄█▄▀ ▀▄█ █▄█▄▀▄▀ ▀▄█ █▄█ ▀ ▀ █ █ ▀ █▄▀▄▀▄█ █▄▄▄▄▄▄▄█
█ ▄  ██▄▀▄██▄ ▀█████▀█ ▄  ▀▄▄▄   █ ▄▀▀▀█ ▄▄ ▄███▄  ██ ▄ ▀ █
█ █ ▄▄▄▄▄█▄▀▄▄ ▀▀  ██ ▄▄ ▄ ▄▄█  █ ▀▀▄▀█▄█ █▄█▀▀▄█▄ ▄█  ▄  █
██▄ ▀▀▀▄▄▀▄▄▄▀▄ ▀▄█▄▀▀█▄▄▄▄ ▀▀█▀██▀██ ▄▀█▀▄█▀█▀▄█▄ ▀▀▀▀▄▀██
█▄▄▀▄  ▄▄█▄▀  ▄████▄ ▄█ ▄█ █ ▄█▀▄▀██▄▀▀▄█▄▀ █████ █▀█   ▄██
█▀▄▄▀▀ ▄▀ ▄ ▀█  ▀ ▀██▄ █ ▄█▄▄▄ ▄▀▄▄▀▀▀▀▄ ▀▀▄▄▄▄  ▄█▄▄▀ ▄█ █
█▄▀ █▄█▄ ██▀▀▀▀▀███▀  ▄█▀█▄ █ ███▄█▄▄    ▀▀▄▄█▀ ▄▄▀█▄ ██ ██
█▀ ▄▄█▄▄▀▀ █▀▄ ██ ▄▀██ ▄▀█▀ ▄ █ ▄█▀█ ▀▀█  ▀ ▀█▀▄▄ ▀█ ▄██▀▀█
█▄█▀▀█▄▄█ ▀ █▄█▀▀▄   ▄    █▀▀▄▀▄▀▄ ▄▀█▄█▀█ █▀▄▄▄▀▄▄▄█  ▄█▄█
█ ▀▀█▀ ▄▀ ██▄▀ ▄ ▄ ▄█ ███▄█▀█▀▄█▄▄  ▄ ▀▀▀▀▄█ ▀▀▄▄▄▀ █▀▀█▄▄█
█ █▄▀ ▄▄▄  █ ▄█▀  ▄▄▀▀█▄█▀▄ ▄▄▄ ▀ ▀ ▄▄▄▄ ▀  ▀ ██▄ ▄▄▄ ▀▀▀██
█ ▄██ █▄█ ▀█ ▀ ▄  █▄█▄▀▀ ▄█ █▄█   ▀▀▀▀██▄▀ ▄▀▄ ▀  █▄█ ▀█▄▄█
█▄█    ▄ ▄▀▀▄██ ▄  ▄██▀█  ▀ ▄ ▄▄▀ ▀▀▀▄█ ▀▀ ▀█ ▄▄█  ▄▄▄▄▄▄▀█
███▀▀  ▄ ▀▀ ▄█ ██▄▄█ █    █▄▄█▀▀▀█ ▄ █▀██ ▀▀██ ██  █▄█▀█▀▀█
█ ███▄▄▄█▄█▄ ▀ ▄▄▄ █▀ ▄▄▄▀██▄█ ██ █  ▄▀▀ █▄ ██   ▄▄▄▄  ▄█▄█
██ ▄█▀ ▄ █▄█▄▄ ▀███ ▀███ ▄████ ▀▄█ █▄▄█▀█▀██▄██▄██ ██▄ ▀▄██
█▄█▄▀▀ ▄ ▀█▄█▄▄▄ ▄ ▀   █▄▀█  ▄ ▀ ▄▀█▄ ▄▄▀ ▀ ▄█▄▀ ▄▀█ ▄█ █▄█
█▀█▄▄█▄▄▄██▄▀  ▄▀  ▀ █ ▀█▄▀ ▀  ▄█▄▄▀▀█▄█▄▀▀▄▄▄  ▄▀▀ ▀ ▀▄█▄█
█▀█ ▄▀▄▄█▀█▀▀  ▄ ██▄ ██ ██▀██▀▄ ▀▀▀█▀▄▄▄█▄  █▄▄█▀▀▄██▄█▄▄██
█  ▀ ▄▄▄▀▄█▄▄▀ ▀▄█▀▀▀▄ █▀▀█▀▄▄ ▀▀██▄▄█▀█  ▀▀▀▀▄▄▀▄█▀█▄  ▄ █
█ ▀ ▀▀▄▄██  ▄▀█ ▄▀▄  ▀ ▄▄▄▄█▄██▀   ▄▄▄▄█▀▀  ▀▀█▀█▀  ▄▄▄█ ▄█
███████▄█▀▀ █▀ █ █ ▄▀▀█▀██▀ ▄▄▄  █ █ ▄▀▀▀▀ ▄ ██▄█ ▄▄▄ █████
█ ▄▄▄▄▄ ███▄▀▀█▄▀ ██ ▀ ▀▀▄█ █▄█ ▀█ ██     ▄▄▀ ██  █▄█  ▀▀██
█ █   █ █▀▄ █▀█ ▀█▀█ ▄██ ▀█  ▄  ▄▄ ▀██▄█ █▄▄▀▄ ▀█ ▄▄ ▄▄▄▀▄█
█ █▄▄▄█ █ ▀ ▀▄ ▀  ▀ ▄▀███▀█▀▀██▀█   ▄ ▀▀▄▄ █▄█ ▄▀▄▀  ▀▄▄█▀█
█▄▄▄▄▄▄▄█▄████▄███▄█▄█▄▄█▄███████▄██▄█▄▄▄▄▄████▄█▄██▄▄█▄███

❌ Bot disconnected (428), reconnecting in 5s...
❌ Bot disconnected (428), reconnecting in 5s...
Scan this QR code:
▄▄▄▄▄▄▄▄▄▄▄▄▄▄▄▄▄▄▄▄▄▄▄▄▄▄▄▄▄▄▄▄▄▄▄▄▄▄▄▄▄▄▄▄▄▄▄▄▄▄▄▄▄▄▄▄▄▄▄
█ ▄▄▄▄▄ █  ▄▄  ▄▄▀█▀█▄ ▄▀ █  ▀ ▄▀█▄▀█▄▀ ▀█▄ ▄ ▀▄ ██ ▄▄▄▄▄ █
█ █   █ █ ▄█▄█▀█▄  ▄█▄▄▀██▀█▀▀▀█ ▄██▄▄█▀█▀▄▀ ▄ ▄ ██ █   █ █
█ █▄▄▄█ █▀▀█ ██▀▀███▀█▄▄▀   ▄▄▄ ▀ ▀▀██▀▄ ▄▀▄█ ▄▀▄██ █▄▄▄█ █
█▄▄▄▄▄▄▄█▄█ █ █▄▀ █▄▀ █▄▀▄█ █▄█ ▀▄█▄█ █▄█▄█▄▀ █ █ █▄▄▄▄▄▄▄█
█  ██ ▄▄▀█▀▀███ ▀▄█▄█ ▄█ ▀█▄ ▄  ▄ ▄█▀ █ ▄█▄▀  ▀▄  ▀▀▄▀▄ ▄▄█
█ ▀▀▀█▀▄ █ ▄█▄▄ ▄▀▄█▀▀▀█▄▄▀▄▀▄▄ ▀▀▄  ▀▀█ ▀▀ ▀ ▄██▄▄▄█▄▄▄▄▀█
█▀▀▄▀▀█▄ ▀▄  █▀▀ ▄▀ ▄ ▄▄     ▀▀█ ▄▀▄▀▄▄ ▄▀▀ ▄▄▀█▀ █ ▄▀▀▄▄▄█
█▀▄█▄▄█▄▄████▄██▄▀▄█▀▄  ▀▀▀█▀  ▀█▀ █▀██▄▄▄█  █ ▀▀█▄▀█▄▄████
██▄▄▄█▀▄ ▄▄▄  ▀▄ ▄ ▄▄ ▀▀ ▀▄ ▄ ▀▀  ▄▄  ▀▀██▀ ▀ ▄█▀▀▄ ▄█▀▀ ▄█
█▀▀▀█▀▄▄ ▀▀▄  ▀█  ▄ ▄▄  ██▄▄▀█▄▄▀ ▀▀▀█ ▄▄█ █▀▄▄█████ █▄▄▄██
███▀   ▄█▄▄▄▄█▄ ▀▀▄ ▀ ▄█▀▄██ ▀█▀█▄█▄▄ █ ▄▀▀▀▀ ██▄▀▄▀▄██▄▄██
█▄▀ ▄█ ▄█▀█ ▄▄▄ ▄█▄ ▄██▀▄ ▀ ▄██▄█▄██▄█ ▄▄█▄███▀██▄▀▄ █▄▄▀██
█▄▄ ▄ ▀▄▀██▀▄ ▄█▀▄▄  ▀▄█▀  ▄▄▀ ▀▀█▀  ▄▄  ▀ ▀█  ▄▀ ▄▀▄▀█▀▀██
█▄▄▄  ▄▄▄  █▀█ ▀▀▄▀  ▀▄  █▀ ▄▄▄    ▄▀ █ ▀█▀    █  ▄▄▄ ▄█ ██
███▀  █▄█ ▀ ▀▄██ ▄▄▀▄ ▀█▀▀▄ █▄█ ▀▄▀█ ▄ ▀▄█▀    █▄ █▄█ █▀█ █
█▀▄█▄ ▄▄  █▄█▄█▄ ██▀█▀█ ▀▀ ▄ ▄▄▄▀▄██ ▀▀▄▀ █▄▀ ▀▄     ▄█▄▄██
█  ▀▄▀ ▄▀██▀▄▄▄  ▄▀▄▀▀ ▀▀ ▀▀ ▄▀ █ ▄█▄ █▀ ▀ ▀▄▄ ▄▀ ▄ ▀▄▀▄▀▄█
█ █  █ ▄█  █▄▀▄█▀█▄█▀▀▀█▄▄▀▄ ▄▄██▀ ▀█▀▄▀█▀▀ ▀▀█▀█▄ █▀▀▄▄▄▀█
█ ▄█▄▀▄▄█▄██▀▀█ ▄█▀▄▄▄▄█▄  ▄▄█▀▄  ▀█▄   ▄█▀▀ ▄▄▄▀▀█▄▄▄▄█ ▄█
█ ▄▄ ██▄▀▀▄  ▄▄▀▀ ██▀ ▀▀▀█▄ ▀ ▀▀ █ ▀ ██▄ █▄▄█████  █▀  ▄▄▄█
█▄▄ ▄█ ▄█▀▀▄▄█ ▄▀▄▀▄▀▀ █▄▀ ▄▀▄▀▀▄ ▄█  █▀▄█ ▀█  ▄█▄ ▀▀▄▄█▄ █
█ █▄ ▀▄▄█████▄▄█▄ ▄█ ▀▀█▄▄▀▀▀▄█▀▀██  █  ▀▀▀██  ▄▄▄ █▀▀▄▄▄▀█
█▀▄ ▀▄ ▄   ▀▄ ▀▀ ▄▀ █▀▄▄▀ ▀  █  █ ▀▄▄▄█▀▄▀ ▀█▄ █▀▀ ▄ ▄▀▀ ██
█ ▀ ▀▀▄▄  █▀ ▀▀▀▀ ▀▀▄ ▀▄ ▄ ▄▀▄▀▀▄▀██ ▄█▀ ▄ ██▄   ▀▀▀ ▄█▄▄██
███████▄▄   ▀██▄▀▄▄▄▄▀▄▀▀▀▄ ▄▄▄ █▄▀█  ▄▀█▀ ▀▀▄ ██ ▄▄▄ ▀ ▄▄█
█ ▄▄▄▄▄ █▀▄ ▄█▄▄██ ▀█ ▀██ ▄ █▄█ ▄▀▀▀▄█▀▀▄▄▀ ▄▄▄ ▄ █▄█ ██ ██
█ █   █ █▄▄▄█▀▄▄▀▀  ▀ █▀▀▄▄▄▄  ▄▀  █▄▄█▀█▀█▀█▄ ██▄▄ ▄▄█▀▀ █
█ █▄▄▄█ █▀▄▄   ▀▄█ ▀▄█▀ ▄ ██▀▄▄ █▄▄██ ▀█▀▀▀▄█▀▄▀ █▀▄█ █████
█▄▄▄▄▄▄▄█▄██▄█▄▄█▄▄▄▄▄▄████▄█▄█▄███▄▄▄▄█▄█▄▄█▄█████▄█████▄█

Scan this QR code:
▄▄▄▄▄▄▄▄▄▄▄▄▄▄▄▄▄▄▄▄▄▄▄▄▄▄▄▄▄▄▄▄▄▄▄▄▄▄▄▄▄▄▄▄▄▄▄▄▄▄▄▄▄▄▄▄▄▄▄
█ ▄▄▄▄▄ █▀ █▀    █▄  █ █  ▄█▄▄▄▄ ▀▀▀▄▀ ▀▀█▄▄█▄▄▄ ██ ▄▄▄▄▄ █
█ █   █ █▀  ▀▄ ███▀ ▄█▄▄  ▀█▄█ ▄▄▄█ ▀ █▀█▄▄  ▄ ▄ ██ █   █ █
█ █▄▄▄█ █▀▀█ ▄█▀▄█▄█▄ ▄█▀ █ ▄▄▄  ▄▀█▄▀▄▀█ ▄▄▄▀▀▀▄██ █▄▄▄█ █
█▄▄▄▄▄▄▄█▄█ ▀▄▀ ▀▄▀ ▀ ▀ █ █ █▄█ ▀▄█ ▀▄█ █ █▄▀ ▀ ▀▄█▄▄▄▄▄▄▄█
█  ▄  ▀▄  ▄██  ▀ ▄▀▄ █▀▀▄▀▄▄    ▀█▀█▀  █▀█   █▄▄▄▀ █▄█▄▀▄▀█
█  ▀██▀▄█▄▄▄█▄▄ ▄ ▀ ▀▀▀ █  █▄  █▀▀▄██▀█ ▀▀▄▀▀▀ ▀▄▄████▀▀ ██
█▀▀ ▀▄▀▄█▀▀▀  ▄▄▄█▀ ▄▄▀▄  ▀▀█▀▀██▀▄█  ▄█▀█▀▀█▀▄█▄▀▀▄▀▀█ ███
█▀█▄█▄▄▄ █ ▄▄▀▀█ ▄▄ ▀██▄▄ ▀█ ▄█▄███  █ ▄▄ ▀▀▀█  ▄▄▀█▀▄▀▀ ██
██▀▀▀  ▄   ▄█▄▄█▀▄▄▄ ▄▀█▀ █▀▀ ▀ ▄▀▀▄▄▄ ██▀▀▀▄▀██ ▀███▀▀ █▄█
█▀ █▀ ▄▄██▀▀▀▄▀██▄ ▄▄▀▄▀▄▄ ▄▀ ▀█▀▄▀ ██▀▀▀▀█▄▀ █ ▀ ▄▄▄▀▀▀ ▀█
█▄  ▀  ▄ ▀▀█▀▄▀█▄▀▄▄▄█▀█▀▄▀ ▀▀▀  █▄█▄▄▀█▄▀▀  ▀▄█▄▀▀█▄▀█   █
██▄██  ▄▀▄▄█ ▀▄ ▄ ▄ ▄█  ▀█▀ █▀█▄█▄▄ ▄ █ ▄▄█▀█▄▄▀▄▀▀ ▄█▀▀▀██
██ ▄ ▀█▄▄▄▄█ ▄ ▀▄█  █▄██  ▀█▀▀█▀▄ ▄ ▄▄▀▄▀██▀▄█▄█▀ ▀█▀██ ▄▄█
██ ▀▀ ▄▄▄   ▄▄ ██▄▄█ ▀▄█  ▀ ▄▄▄    █▄▀█ ▀▀▄▀▄█▄ █ ▄▄▄ ▀  ▀█
█▀▄ ▀ █▄█ ▀▀▄▄▄ ▀▄▄▀ █▄█▀ ▀ █▄█ ▄██▄  ▀███   ▀███ █▄█  █▄ █
█ ▄▄   ▄▄▄▄█  █▀▀▄▄▀█▄   ▀▄▄▄▄▄▄█▄█▀████  ▀██▀▀▄▄▄▄   ▀▀ ▀█
███▀▀██▄█ ▄▀█▄ ██▄  ▀███▀ ▄▀▄▄▀  █▀█   ███   ▀██▀ ▀ ▄█▀▀█▄█
█▀█ ██▄▄▀▄ ▄▄ ▄ ▀ ▀ ▀▄██ ▀▄▄▄▄▀ █▀▄▄█▀▀▀ █▀█▄▀▄▄ ▄ █▀█  ▄██
█▀  █▀▄▄  ▄▄ ▄▄ ▀█▄▄▀▀▀█▄ █▄▀███▄▀██▄  ▄█▀▀  ▀█▄▀█ ███▀▄▄▀█
██▀█▀█▀▄▄▀▀▄▀   ▀█▀▄▀  ▀▄ █ ▀█▀▄▀▄ █▄ ▄█▄▀█▀▀▄▄▄▀▄▄▀ ▀▀▀▄▄█
█▄▄▄▄  ▄█  ▀▄ ▀▄▀▄  ▄▄▀▀▀▀█▀█▄ ▄▀█▀█▄ ▀▄▄█▀ ▄█ ██▄▄ ▄▄▄ █▀█
█ ▀▄██ ▄█▀▄ █  ███▀ ▄ ▀ ▀ ▀▀ ▀  ██▀█▀▀  ▄█▄▀ ▀▄▄▀▀ █▄█  ▀██
█ ▄▄█▀▀▄  █▀▄ █▄██▀ ▄▄▀▄  █▄██ █ █▄▄▄▄█▄██  ▀█ █▀▀▄▀██▀ █▀█
█ ▀ ▀▀▄▄▄▄▀█ ▄█▀ ▀█ █▄█▀██▄▀ ▀▀▄▀ ▄▀   ▄  ▀ █ █ ▀█ █   ▀ ▀█
███████▄▄ ▀ ▀▀ ▀▄▄▄▄ █▀█▀ ▄ ▄▄▄  ▀▄█▄ ▀█▀▀▀  ███▀ ▄▄▄ █▄▀▄█
█ ▄▄▄▄▄ █▄▄ ▄██    ▀▄▀██ ▀█ █▄█ █▀▀▄ ▄▄▀▄ ▄▀▄▄ █▄ █▄█ ▀▀▄▀█
█ █   █ █ █▀▄ █ ▄▀▀▄▄██▀▀▄  ▄▄ ▄▄▀█▄█ ▄█▄▀   ████  ▄▄ █ ▄██
█ █▄▄▄█ █ ▀ ██ ▄▄ ▀▄▄█ ▄▀██ ▀▀▀████▀▀▀ ▄▄▀▄▀▀   ▄  ▄██  ███
█▄▄▄▄▄▄▄█▄█▄▄▄█▄██▄▄█▄██▄▄▄█▄██▄▄▄▄▄▄▄█▄▄██▄███▄▄▄▄██▄▄█▄██

❌ Bot disconnected (408), reconnecting in 5s...
❌ Bot disconnected (408), reconnecting in 5s...
Scan this QR code:
▄▄▄▄▄▄▄▄▄▄▄▄▄▄▄▄▄▄▄▄▄▄▄▄▄▄▄▄▄▄▄▄▄▄▄▄▄▄▄▄▄▄▄▄▄▄▄▄▄▄▄▄▄▄▄▄▄▄▄
█ ▄▄▄▄▄ █▄▀▄ ▄██▀▀▀█ █ █   ▀▀▀▄ ▄▄█▀▀▀ █▄ ▄▄▀▀ ▄ ██ ▄▄▄▄▄ █
█ █   █ █ █▀██ █▄██ ▄███▀▀ █ █▄▀ █▄▀▀ ▄▀█▄▀█ █▀▄ ██ █   █ █
█ █▄▄▄█ █▄▀██ ▄█▀▀▄  ▀▄  █▀ ▄▄▄ ██▀█▀   ▄▀ ▀▀▄▄▀▄██ █▄▄▄█ █
█▄▄▄▄▄▄▄█▄▀▄▀ █ █▄█▄▀▄▀ ▀▄█ █▄█ ▀ ▀ █ █ ▀ █▄▀▄▀▄█ █▄▄▄▄▄▄▄█
█ ▄  ██▄▀▄ ▀▀▀▀█████▀█ ▄  █▄▄▄   █ ▄▀▀▀█ ▄▄ ▄███  ▄█▀▄▄ ▀ █
█ █ ▄██▄▄ █▀ ▄ ▀▀  ██ ▄▄ ▄▄█ ▀  █ █▀▄▀▀▄█ █▄█▀█▄▀█ ██▀ ▄  █
██▄▄▀▀▀▄ ▀  ▄▀▄ ▀▄█▄▀▀█▄▄▄█ ███▀██▀▄█  ▀█▀▄▄▀█ ▄▄█ ▀▀▀█▄▀██
█▀▀█▄  ▄▄▄▄▀  ▄████▄ ▄ ▄▄█ █▀▄▀▀▄▀▄ ▄▀█ ▀▄█ ██▄██ █▀▄ █▀▄██
█   ▄▀ ▄▀ ▄ ▀█  ▀ ▀█▄▄▀█ ▄█▄▄▄ ▄▀▄▄ ██▄▄ █ ▄ ▄ ▀ ▄█▄▄▀▀▄▀▄█
█▄▄ ▄ █▄ ██▀▀▀▀▀ ▀█▀▀█▄█ ▀▄ █ ███▄█▄      ▀█▀▄  ▄▄▀█▄ ██▄▀█
██▀▄▄▄▀▄▀▀ █▄  ██ ▄▀██ ▄▀█▀ ▄ █ ▀▀▀█ ▀▀█▀▄▀  ▀▀▄▄  █ ▄██  █
█▄█▀▀▀▄▄█▄▄▀▀▀█▄▀▄   ▄    █▀▀▄▀▄▀▄ ▄ █▄█▀▄ █ ▄▄▄▀▄▀▀▀  ▄█▄█
█ ▀▀█▀ ▄▄ ▀▄▀▀▀█ ▄ ▄█ ███▄▀▀█▀▄█▄▄  ▄ ▀▀▀▀▄█ ▀▀▄█▄ ▀█▀▀█▄▄█
█ █▄▀ ▄▄▄ ██ ▀▄▀  ▄▄▀▀█▄█▀█ ▄▄▄ ▀ ▀ ▄▄▄▄ ▀▄▄▀ ▀█  ▄▄▄ █▀▀██
█ ▄▄▀ █▄█  ▀ ▀▄▀  █▄█▄▀▀ ▄█ █▄█   ▀ ▀▀▄▄▄▀█▄▀▄█ ▀ █▄█ █▄▄▄█
█▄▀▀ ▄▄▄▄▄▀▀▄██ ▄ ████▀█  ▀▄▄ ▄▄▀ ▀ ▀ ▀▀█▀███▄  ▄   ▄▄█▄▄▀█
██▄██  ▄▄█▀ ▄█ ██▄▄▀ ██ █ █▄ █▀▀▀█ ▄▄▀▀█▄   ▀▀▄███ █▄█▀█▀██
█▄ █ ▄▄▄ ▄█▄ ▀ ▄█  █▄ ▄▄▄███▄▄ █▀▄█ ▀▀▀▀▄▄▄  █▀  ▄▄▄▄█ ▄▄▄█
█▄▄▄█▀ ▄ █▄█ █ ▀███ ▀███ ▄█████▀▄█ ██▄█▀▀███ ▀█▄██ ██▄ ▀█▄█
█▄█▄▀▀ ▄ ▀██▀▀ ▄ ▄ ▀   █▄▀█  ▄ █▀▄▀██ ▄▄▀▀▀ ▄█▄▀ ▄▀█ ▄█ █▄█
█▀█▄▄ ▄▄▄█ █▀▄▀ ▀  ▀ █ ▀█▄▀ ▀  ▄█▄▄▀▀█▄█▄▀▀▄▄▄  ▄▀▀ ▀ █▄█▄█
█▀█ ▄█▀▄█▀▄█ ▄   ██▄ ██ ██▀██▀▄ ▀▀█▀▀▄▄ █▄  █▄ ▀█▄▄██▄██▄██
█  ▄▄ █▄▀██▄▄▀█ ▄█▀▀▀▄ █▀▀▄▀▄▄ ▀▀█▄▄▄█▀▄    ▀▀ █▀ █▀ █ ▄▄ █
█ ▀ ▀▀▄▄ █  ▄▀█ ▄▀▄▄ ▀▄█▄▄▄█▄██▀   █  ▄▀█▀ ▄▀▀  ▀▄▀ ▄█ █ ▄█
███████▄█ ▀ █▀ █ ▄▀ ▀▀▀▀▄█▀ ▄▄▄  █ █▄  ▀█▀█▄▄▀▀▄█ ▄▄▄ █▄███
█ ▄▄▄▄▄ ███▄▀▀█▄▄▀██▄▄ ▀▄██ █▄█ █▀ █▀▀▀▀▀▀█▄▀█▄▄  █▄█  ▀█▀█
█ █   █ █▀▄ █▄█ ▀█▀█ ▄██ ▀█ ▄▄   ▄ ▀▀▀▄█▄█▄▄▄▄ ▀▄ ▄▄ ▄▄▄▀▄█
█ █▄▄▄█ █  ██▀▄   ▀ ▄▀███▀█▀ ▀█▀▄▀  ▄ ▀▀█▄ ███ ▄▀▄▀ ▀█▄▄█▀█
█▄▄▄▄▄▄▄█▄█▄▄█▄▄██▄█▄█▄▄█▄███▄███▄██▄█▄▄▄▄▄████▄█▄██▄▄█▄███

Scan this QR code:
▄▄▄▄▄▄▄▄▄▄▄▄▄▄▄▄▄▄▄▄▄▄▄▄▄▄▄▄▄▄▄▄▄▄▄▄▄▄▄▄▄▄▄▄▄▄▄▄▄▄▄▄▄▄▄▄▄▄▄
█ ▄▄▄▄▄ █▀ █▀ ▀ ▄▀█ ▄█▀▄█▄▄█▄▄▄▄ ▀▄▀█▀▄▀▄▄ ▄▀█▄▄ ██ ▄▄▄▄▄ █
█ █   █ █▀  █▄ ███▀ █▄▄▄  ▀█▄█ ▄ ▄█   █▀█▄▄ ▀█ ▄ ██ █   █ █
█ █▄▄▄█ █▀██▀▀█▀▄█▄█▄ ▄█▀ █ ▄▄▄ ▄▀▀█▀ ▄▀▀▀▄▄▄▄▀▀▄██ █▄▄▄█ █
█▄▄▄▄▄▄▄█▄▀▄█ ▀ ▀▄▀ ▀ ▀ █ █ █▄█ ▀▄█ ▀▄█ █ █▄▀ ▀ ▀▄█▄▄▄▄▄▄▄█
█  ▄  ▀▄▄▄▀ ▀▀ ▀ ▄▀▄ █▀▀▄▀▄     ▀█▀█▀  █▀█   █▄▄▀▀ █ ▀▄▀▄▀█
█  ▀█▄ ▄▄▀▄▄▀▄▄ ▄ ▀ ▀▀▀ █  █   █▀▀ ▀█▀█▄▀▀ █▀▀▄▀▄▄▄█▄▀▀▀ ██
█▀▀█ ▄▀▄▀█▄▀  ▄▄▄█▀ ▄▄▀▄   ▀▀▀▀██▀██   █▀██ █▀█▄▀▀▀▄███ ███
█ ▄▀▄▄▄▄▀▄ ▄▄▀▀█ ▄ ▀▀█▄▀▄ ▀█▀█▀ ██▀█ █▀▀ ▄▄███▄██▄▀█ ▄   ██
█▄ ▀▄  ▄   ▄█▄▄████▄▀█▀▀▄▀█▀▀ ▀▀▄▀ █▀  ▄▀█   ▀▀█ ▀███▀ ▀█ █
█ █  ▄▄▄██▀▀▀▄▀█   ▄▄▀▄▀██ ▄▀ ▀██ ▀ ▄▀▀▀ ▄███ █ ▀ ▄▄▄▀▀▀ ▀█
██  ▀██▄ ▀▀███▀█▄▀▄▄▄█▀█▀▄▀ ▀▀▀  ▀▄█  ▀█▀▀▀  █▄█▄▀█▄▄▀█  ▀█
██▄███ ▄█▄▄   ▄█▄ ▄ ▄█  ▀█▀ █▀█▄▄█▄ █ █ ▄▄█▀██▄▀▄▀ ▄▄▀▀▀▀██
██ ▄ ▄█▄▀ ▄▄█▀██▄█  █▄██  ▀█▀▀█▀▄ ▄ ▄▄▀▄▀██▀▄█▄█▄▀▀█▄▀█ ▄▄█
██ ▀▀ ▄▄▄ ▄▄▄▄ ██▄▄█ ▀▄█  ▀ ▄▄▄    █▄▀█ ▀▀▄▀▄█▄ ▀ ▄▄▄ ▀  ▀█
█▀▄▄▄ █▄█ ▀▄▄▄▄█▀▄▄▀ █▄█▀ ▀ █▄█ ▄█▄█   ▄██▄  ▀▀▄▄ █▄█ █▀▄ █
█  ▀▄ ▄▄ ▄▄█  █▀▀▄ ██▄█▀ ▀█ ▄▄▄▄█▄█ ███ ▄ █▀██▀▄  ▄▄▄ ▀  ▀█
█▀█▄▀██▄ ▄▄▀█▄ █▄█▄▄ █▀▀ ▀▄▀█▄▀  █▀█  ▀▄▀▀▀▀▄█▄██▀▀ ██ ▀█▄█
█▄▀▀▄█▄▄▄█ ▄▄ ▄ ▄█▀ ▀████ ▄▄ ▄▀ █▀▄▄█ ▀ ▄█▀▄  ▄█▀▄ █▄    ██
███ █▀▄▄  ▄▄█▀▄ ▀█▄▄▀▀▀█▄ █▄▀███▄▀██▄  ▄█▀▀ ▄██▄▀█ ███▀▄▄▀█
██▀█▀█▀▄▄▀  ▄██ ▀█▀▄▀  ▀▄ █ ▀█ ▄ █ █▄ ▄█▄ █▀ █▄▄▀▄▄▀ ▀▀▀▄▄█
█▄▄▄▄█▄▄█    ▀█ ▀▄  ▄▄▀▀▀▀█▀█▄ ▄▀█▀█▄ ▀▄▄█▀ ▄█ ██▄█▀▄▄▄▄█▀█
█ ▀▄█ ▀▄█▀▀▄██▀▀██▀ ▄ ▀ ▀ ▀▀ ▀  ████▀▀ ▄▄█▄█ ▀ ▄█▄▄▀▄█  ▀██
█ ▄ ▄  ▄  ▀█▄ ▀▄██▀ ▄▄▀▄  ████ █ █▄█▄▄█▄██ ▀▀█▄█▀ ▀▀▄▄███▀█
█ ▀ ▀▀▄▄█▀▀█ ▄█▀ ▀█▄█▄▀▄██▄▀ ▀▀▄▀ █▀ ▄ ▄▄ █▀█ █ ▄▄▄██▄▀  ▀█
███████▄▄▀▀ ▀▀ ▀▄█▀▄▀▄▄▀▄▀▄ ▄▄▄  ▀▄█▄▄ █▀▀█▀▄█▄▄▀ ▄▄▄ ▄▄▀ █
█ ▄▄▄▄▄ █▄▄ ▄██ ▄█ ▀█▄██ ▀█ █▄█ ▀▀▀▄▀▀▄▀▀▀▄▀▄▄ ▄  █▄█ ▀▀▀▀█
█ █   █ █ █▀▀▀█ ▄▀▀▄▄██▀▀▄  ▄  ▄▄▀█▄▄▄▄███  ▄███▄  ▄  █ █▄█
█ █▄▄▄█ █  ▄▀▀▄█▄ ▀▄▄█ ▄▀██ █▀▀████▀▀  ▄█ ▄▀▀   ▄  ▄█▀  ███
█▄▄▄▄▄▄▄█▄▄▄█▄▄███▄▄█▄██▄▄▄████▄▄▄▄▄▄▄█▄▄██▄███▄▄▄▄███▄█▄██

❌ Bot disconnected (408), reconnecting in 5s...
❌ Bot disconnected (408), reconnecting in 5s...
Scan this QR code:
▄▄▄▄▄▄▄▄▄▄▄▄▄▄▄▄▄▄▄▄▄▄▄▄▄▄▄▄▄▄▄▄▄▄▄▄▄▄▄▄▄▄▄▄▄▄▄▄▄▄▄▄▄▄▄▄▄▄▄
█ ▄▄▄▄▄ █▀ █▀  ▀███▀ ▀ ▄▄▄▄█▄▄▄▄ ▀▀█▄▄ █▄█  ▀▄▄▄ ██ ▄▄▄▄▄ █
█ █   █ █▀  ▀  ███▀ ██▄▄▀ ▀█▄█ ▄▀▄█ ▀▀█▀█▄▄ ▀█ ▄ ██ █   █ █
█ █▄▄▄█ █▀▀█▄██▀▄█▄█▄ ▄█▀ █ ▄▄▄ ▀▄▀█ ▀▄▀▄█▄▄█ ▀▀▄██ █▄▄▄█ █
█▄▄▄▄▄▄▄█▄█▄█ ▀ ▀▄▀ ▀ ▀ █ █ █▄█ ▀▄█ ▀▄█ █ █▄▀ ▀ ▀▄█▄▄▄▄▄▄▄█
█  ▄ ▄█▄▄ ▄  ▄ ▀ ▄▀▄ █▀▀▄▀ ▄    ▀█▀█▀  █▀█   █▄▄▀▀ █ █▄▀▄▀█
█  ▀██ ▄▀▀██▀▀▄ ▄ ▀ ▀▀▀ █ █▄   █▀▀▄██▀█ ▀▀▄▀▀▀▄█▄███▀ ▀▀ ██
█▀▀▀▀▄▀▄▄▄▀   ▄▄▄█▀ ▄▄▀▄    █▀▀██▀██  ▀█▀█▀▀█▀▄▄▄▀▀▄██▀ ███
█ █▀▀▄▄▄ █ ▄▄▀▀█ ▄█▄▀█▀▄▄ ▀█ █▀▄██▄█▄▀▀█▄▄▄▄▀▀██▄▀▀█ █   ██
█▄ ▄▀  ▄   ▄█▄▄█▀▄▄ ▀█▀▀▄▀█▀▀ ▀▀▄▀▀█▄ ▀▄▀▀  ▄▀▄▄ ▀███▀▀ █▄█
█▀   ▄▄▄██▀▀▀▄▀█ █ ▄▄ ▄▀▀▀ ▄▀ ▀██ ▀ ▀█▀▀ ▀▄▄▄▀▄▀▀  ▄▄▀▀▀ ▀█
█   ▀▄ ▄ ▀▀█▀█▀█▄▀▄▄▄█▀█▀▄▀ ▀▀▀  ▀▄██▄▀██▀▀ ▄█▄█▄▀ ▄▄▀█   █
██▄██▄ ▄█▄█ ▄█  ▄ ▄ ▄█  ▀█▀ █▀█▄▄▄▄ ▄ █ ███▀▄▄▄▀▄▀ ▀ █▀▀▀██
██ ▄ ██▄ █▄▀██ ▀▄█  █▄██  ▀█▀▀█▀▄ ▄ ▄▄▀▄▀██▀▄█▄██▀ ▄███ ▄▄█
██ ▀▀ ▄▄▄ ▀█▄▀▄ █▄▄█ ▀▄█  ▀ ▄▄▄   ▄▀▄▀█▄▀▀▄█▄█ ▄  ▄▄▄ ▀  ▀█
█▀▄▀█ █▄█ █ ▄▄▀█▀▄▄▀ █▄█▀ ▀ █▄█ ▄██▄  ▀▄██▀  ▀██▄ █▄█ ▀█▄ █
█▄███▄ ▄ ▄▄█  █▀▀▄▀██▄██ ▀█▄▄▄▄▄█▄█ █▀ ▀▄ ▀▀▀▀█ █▄ ▄  ▀  ▀█
█▄█ ▀██▄ ▀▄▀█▄ ███ ▄▀█▀▀▄▀▄▀▄▄▀  █▀█ ▄█▄██  ██ ▄██▀ ▄▄▀▀█ █
█▄  ██▄▄▀▄ ▄▄ ▄ ██▀ ▄▀███▄▄▄██▀ █▀▄▄▄▀   ▀▀██ █▄▀▄ █▀▀  ▀██
██▄ █▀▄▄  ▄▄█▄▄ ▀█▄▄▀▀▀█▄ █▄▀█▀█▄▀██ ▄ ▄█▀▀  ▀█▄▀█ ███▀▄▄▀█
██▀█▀█▀▄▄▀██  ▄ ▀█▀▄▀  ▀▄ █ ▀█  ▀█ ██ ▄██▀█▀▀█▄▄▀▄▄▀ ▀▀▀▄▄█
█▄▄▄▄ ▀▄█ ██ ▄▀ ▀▄  ▄▄▀▀▀▀█▀█▄ ▄▀█▀█▄ ▀▄▄█▀ ▄█ ██▄█ ▄▄▄ █▀█
█ ▀▄██▀▄█▀ ▄██▄ ██▀ ▄ ▀ ▀ ▀▀ ▀  ████▀▀ ▄▄█▄█ ▀  █▄ ▀▄█  ▀██
█ ▄  ▄ ▄ ▀ ▀▄   ██▀ ▄▄▀▄  █▄██ █ █▀█▄▄ ▄██  ▀███▀ █▀▄█▀▄█▀█
█ ▀ ▀▀▄▄█▄▀█ ▄█▀ ▀▄ █▄▀▄██▄  ▀▀▄▀ █ ▄▄█▄  ▄▀▀ ███▄▄█▀    ▀█
███████▄█▀▀ ▀▀ ▀██▄▄▄▄▄▀▄▀▄ ▄▄▄  ▀▄██▄▀▄▀▀ ▀████▀ ▄▄▄ █▄█▄█
█ ▄▄▄▄▄ █▄▄ ▄██  ▄ ▀▄███▄ █ █▄█ ▀█▀▄ ▀█▀█▀█▀ ▀▀▄█ █▄█ ▀▀ ██
█ █   █ █ █▀█▀█ ▄▀▀▄▄██▀▀▄   ▄ ▄▄██▄ ▄▄██▀  █████  ▄▄▄█ █▄█
█ █▄▄▄█ █ ▀█▄▀█▀▄ ▀▄▄█ ▄▀██ ██▀████▀▀  ▄█▀▄▀▀▀  ▄  ▄█▀  ███
█▄▄▄▄▄▄▄█▄▄▄███▄██▄▄█▄██▄▄▄█▄▄█▄▄▄▄▄▄▄█▄▄██▄███▄▄▄▄███▄█▄██

Scan this QR code:
▄▄▄▄▄▄▄▄▄▄▄▄▄▄▄▄▄▄▄▄▄▄▄▄▄▄▄▄▄▄▄▄▄▄▄▄▄▄▄▄▄▄▄▄▄▄▄▄▄▄▄▄▄▄▄▄▄▄▄
█ ▄▄▄▄▄ █▀█▄▄ ▄ ▄█▄▀▄▀█▄ ▄ ██▀ ▄▄ ▀▀██▀▀ ▀▄▄▄▄▄▄ ██ ▄▄▄▄▄ █
█ █   █ █▀▄ ▀▄▀████▀██▄▄▀ ▀█▀▄▄ ▀██ ▀▀█▀██▀▄▀▄ ▄ ██ █   █ █
█ █▄▄▄█ █▀ ▀▀▀ ▄▄███▄ ▀▄▀ █ ▄▄▄ ▄▄▄▀  ▄▀▀▀▀▄ █▀▀▄██ █▄▄▄█ █
█▄▄▄▄▄▄▄█▄█▄▀ █▄▀▄▀ ▀ █ █ █ █▄█ ▀▄█ ▀▄█▄█ ▀ ▀ █▄▀▄█▄▄▄▄▄▄▄█
█ ▄   █▄▄ ██   █▄▄█▄ █▀█ ▀▄▄▄▄  ▀█▀█▀  █▀█▄▀██▄▄   █▄█▄▀ ▀█
██▀▀▀▀█▄ ▄█ ▀█▄ ▄▄▀ ▀▀▀ ▀▀ ▄█▀▀█▀▀▄██▄▀█ ▄ ▀▀ ▄▄██▄▄ ▀▀▀▄▀█
█▀▄██▀█▄▀▀▀▀ █▄▄█▄▀ ▀█▀▄  █▄▄▀▀██▀██▀▄▀█▀▀▀ ▀▀██ ▀ ████▄▀▀█
█▀▀▄▄▀ ▄█▄█  ▀██▄▄▀▀▀▄▀▀▄▄▀█ ▄█▄█▀ █ ▄▄▀▄▀▄▄ ▀ ▀▄▄▄▀▄   ███
█ ▀ ▄█▀▄█▀▀▄  ▄▀▄▄▄ ▀███▀▀▀█▀   ██▀▄ ▄ █ ▀▀▀████▀▀▀█▀█ ▀▀██
█████ ▀▄ ▀▀▀██▀█▀▀▀██▄ █▀ ▄▄▀ ▀▀█ ▀▄▀▄▀█▀██▀▀▀█▀  ▀▀  ▀▀▄██
█ █▄█▀▄▄ ▀▀▄▄█▀█▄▀▄ ▄█▀█▀▄  █▀█▀ ▀ ▄▄  █▀▀▀▀▄█ █▄▀▀▄▀██▄ ▀█
█▀▀ ▄▄▄▄▀█▄▀▀▄██▄ ▀█▄██▄▀█▀ ▄  ▀▄▄█ ▀▀ ▄▄ ▀ ██▀  ▀█▄▄ ▀▀▀██
█▄▀█▀█▀▄ █▄█    ▄▄▄ █▄▀█▀ ▀█▀▀ ▀▄ ▄  ▄▀██▀ ▀ ██▄ ▀ ▄█▀█▀▄ █
█▀▄▄  ▄▄▄  ▀▀█▀▀▀▀▄█ ▀▄██ ▄ ▄▄▄   ▄█▄██ ▀ ▄█  ▄ █ ▄▄▄ ▀  ██
██ ▀  █▄█ ▀█▀▄▀ █▄▄▀▀█▄█▀▀▀ █▄█ ▄▀▀█ ▄ █▀█▀ ███▄  █▄█ █  ██
█ ███▄▄▄ ▄█▀ ▀█▄  ▀▀█▀ █▄▄      ▀▄█ █▄ ▀▀█  ▀▄▀▄▀▄ ▄ ▄▀ ▄██
█ ██▄▀ ▄██ ▀▄▄▀██▄▄▄ █▀█▀▀▄▄▄▄▀  █▀█  ▄▄██ ▀▄▀▄▄█▀▀█▄▄▀▄▄▀█
█ ▄▄  █▄    ▀▄▄█▀▄▀ ▀ ▀ ▄▄▀▄ ▀▀ █▀ ▄██▄  ███▀▄██ ▀ █▄▄▀▀▄██
█▄  ▀▀▄▄ ▀ █   █▀█▀▄▀▀▀█▄ █▀▀███▄█▄█ ▄██▀█▀▀▄▀▀▄▀▀ ▀▀▄▄██ █
██▄▄   ▄▀▀█▄█▀█ ▀█  ▀ ▀▄▄ ▄ ▀█   █ ▄█ █▄  ▀▀▄██  █ █▀██▀▄▄█
█▄▀█▀▀█▄ ▄▄ ▄▀█▄▄▄▀▄▄▄██▄▀█▀▄▄▀▀▀█▀█   ▄▀█ ▀ ██▄█▄█ ▄▄▄█▀██
███▄ ▀█▄██▄  █▄█▄█▀  ▀▀ ▀▀█▀▀▀ ▄▀████ ▄▄▀▄  █ ▄██▄ █▀▄█▀▄▀█
█▀▀▀▀  ▄█▄▀█▄   █▄▀  ▄▀▄▀ ▄▀██   ███▄▄ █▀▀▀▀ ▀ ▄▀▄█▀▄█ ██ █
█ ▀ ▀▀▄▄▀▄█▄█▄▀▀▀█  ▄ ▄██▀  ▀▀▄▄▄▀▄ ██▄ ▄█▀██ ▀▄▄█▄█▄▄▀▀▄██
███████▄█ █ ▀█ ▀██▄▄▀█▀▀▀ ▀ ▄▄▄  ▀▄█▄▄ █▀█ ▀▄█▄▄▀ ▄▄▄   ███
█ ▄▄▄▄▄ █▄▄█▀ ▄▄█ █▄ ▀▀ ██▄ █▄█  ▀▀▄▀▀ ▀  █▄▀ ▄▄▀ █▄█   ▄██
█ █   █ █ ▀▄█▄▀▀▄▀  ▄█ ▀▀▄▀  ▄ ▄ ▀██▄  ▄▀▀█▀ ████▄ ▄  █▀███
█ █▄▄▄█ █ ██ ▄▄▀▄ █▄▄█▀█▀███▀▀▀█▄█▄  ▄▀█▀█▄▀█ ▄▄█ ▀▄▀█  ███
█▄▄▄▄▄▄▄█▄▄███▄█▄▄▄▄██████▄█▄██▄▄▄▄▄▄▄█▄██▄▄▄█▄███▄█████▄██

